{
"type": "FeatureCollection",
"name": "ZBS_4258_ES23_all_original",
"crs": { "type": "name", "properties": { "name": "urn:ogc:def:crs:EPSG::4258" } },
"features": [
{ "type": "Feature", "properties": { "codatzbs": "130110", "n_zbs": "NAJERA", "ccaa_cd": "ES23", "area": "La Rioja" }, "geometry": { "type": "MultiPolygon", "coordinates": [ [ [ [ -2.671818156487378, 42.461890800994063 ], [ -2.670578980999531, 42.461617052291956 ], [ -2.670287852162027, 42.461472146504647 ], [ -2.669101519334753, 42.460406011243798 ], [ -2.666720163506555, 42.457643291651429 ], [ -2.665864599014232, 42.456154830709053 ], [ -2.66584083393701, 42.456120863089843 ], [ -2.665043846941488, 42.45498163472498 ], [ -2.664355094058548, 42.454151090828731 ], [ -2.663242693104582, 42.452959041422218 ], [ -2.663087516544776, 42.452807541397021 ], [ -2.66308541754876, 42.452805490879072 ], [ -2.663081595946842, 42.452802638272075 ], [ -2.662370745313607, 42.452272012313195 ], [ -2.660965020334544, 42.451367299564154 ], [ -2.660055433501635, 42.450914249931905 ], [ -2.658977130886121, 42.450172595593742 ], [ -2.655812926496938, 42.448388939854532 ], [ -2.653093956205102, 42.44750713857043 ], [ -2.651738844151119, 42.447278805642185 ], [ -2.651733225300914, 42.447277856455017 ], [ -2.651551934967762, 42.447079196258841 ], [ -2.650889557345077, 42.445924347291488 ], [ -2.648267682524384, 42.445096844586296 ], [ -2.646163988784079, 42.445108336961823 ], [ -2.643873801229796, 42.444625041439537 ], [ -2.643868555711313, 42.444623935422342 ], [ -2.643168156530479, 42.444979292579156 ], [ -2.642051459505559, 42.44554583798022 ], [ -2.641233353494627, 42.44515930715216 ], [ -2.640536277673972, 42.444829947903088 ], [ -2.640535622809271, 42.444829639647139 ], [ -2.642995612110578, 42.439839879231542 ], [ -2.642996011891119, 42.439839065437383 ], [ -2.642886931716138, 42.439775683949975 ], [ -2.636285409245808, 42.436518612071943 ], [ -2.636255076073319, 42.436503651479597 ], [ -2.631366681059866, 42.436650123699486 ], [ -2.629532319441605, 42.435629690890259 ], [ -2.629282349134026, 42.435490632191843 ], [ -2.628784157485054, 42.433390629883199 ], [ -2.620757448979554, 42.433841625708766 ], [ -2.620058455136798, 42.432830690477893 ], [ -2.620058443142789, 42.432830663420248 ], [ -2.619902973126126, 42.432406855811983 ], [ -2.62002702649943, 42.432001951668546 ], [ -2.621091152945673, 42.430933829376322 ], [ -2.621190469565845, 42.430591919916715 ], [ -2.621058675322005, 42.430276298729993 ], [ -2.61893715973398, 42.427297287359487 ], [ -2.618660819681642, 42.426756011620299 ], [ -2.618518164398763, 42.426224159088491 ], [ -2.618546190002943, 42.425611871942799 ], [ -2.618744114715189, 42.425054150668124 ], [ -2.619014440737919, 42.424577754990004 ], [ -2.619820943724808, 42.423886975633081 ], [ -2.621944062690399, 42.422552160715519 ], [ -2.622587581959896, 42.422671330163389 ], [ -2.625160428289409, 42.423355244099561 ], [ -2.625681978368186, 42.423546026228401 ], [ -2.626620523059676, 42.4231168169689 ], [ -2.627543861271531, 42.423200906066171 ], [ -2.628567053551988, 42.422843980285172 ], [ -2.630646813123459, 42.422643581439743 ], [ -2.631381215140606, 42.421781362642896 ], [ -2.63203689234524, 42.421900559588281 ], [ -2.633085119670649, 42.421408662276804 ], [ -2.634277001731401, 42.421295357119426 ], [ -2.636030019515875, 42.420832652989084 ], [ -2.639416107977877, 42.419618554708315 ], [ -2.640172807497807, 42.419080576561505 ], [ -2.640844623586763, 42.418497306497535 ], [ -2.641224486694945, 42.417967161339618 ], [ -2.641248983821253, 42.417931196021762 ], [ -2.641681030494326, 42.416770752459456 ], [ -2.641815572515859, 42.416627087806368 ], [ -2.642223814561182, 42.415367560113758 ], [ -2.643137784118021, 42.412812686248827 ], [ -2.643225879762627, 42.412281659493708 ], [ -2.643073882669862, 42.411218447395328 ], [ -2.643115545593451, 42.410300001581206 ], [ -2.643460693252659, 42.409454527213455 ], [ -2.644574611373426, 42.408044009675507 ], [ -2.644734845474427, 42.407639306185523 ], [ -2.644886810777736, 42.406559018859902 ], [ -2.645351473420265, 42.406056121526134 ], [ -2.646425475761514, 42.405239935978457 ], [ -2.646973840762404, 42.404953438002465 ], [ -2.647473034392528, 42.404801835878338 ], [ -2.648762338538022, 42.404589708410235 ], [ -2.649419560066935, 42.404393561686383 ], [ -2.649992565820479, 42.404071083392239 ], [ -2.650358811661824, 42.40375700844266 ], [ -2.650750744302598, 42.403208864931635 ], [ -2.650947662325339, 42.402759131377046 ], [ -2.651049427089223, 42.401939930436214 ], [ -2.650870320590116, 42.401381001116341 ], [ -2.651483482700733, 42.400365196367339 ], [ -2.647479326633797, 42.395030397201985 ], [ -2.645246365546678, 42.392411756596573 ], [ -2.644445693517683, 42.392202120345544 ], [ -2.643704770424189, 42.392163795055033 ], [ -2.642550346140216, 42.3922052731048 ], [ -2.641798204318949, 42.391995751652225 ], [ -2.641597751573433, 42.390941406522614 ], [ -2.641165749369395, 42.389994451122938 ], [ -2.640915360649689, 42.389174111435764 ], [ -2.641344223304808, 42.388527030805939 ], [ -2.641503601803287, 42.388275361988612 ], [ -2.641958484040115, 42.387340186817383 ], [ -2.643698277729952, 42.384742840670533 ], [ -2.644620822261037, 42.384871830102043 ], [ -2.647387456346467, 42.385429737740438 ], [ -2.648195955911913, 42.386395898846317 ], [ -2.64915595995092, 42.386353808660161 ], [ -2.650541859672147, 42.386168924416161 ], [ -2.652863163999677, 42.385995809711183 ], [ -2.653499272040409, 42.385205243478964 ], [ -2.654024315306552, 42.384720549474345 ], [ -2.654770357583593, 42.383804170792075 ], [ -2.655026850344157, 42.383561792171811 ], [ -2.655222240300498, 42.383373255614721 ], [ -2.656063351259074, 42.382835441549283 ], [ -2.656513734172011, 42.38266563180688 ], [ -2.657863499225245, 42.382417545180168 ], [ -2.658143964152682, 42.382229258349774 ], [ -2.659287813755849, 42.381863416152882 ], [ -2.659555488676305, 42.381783132535901 ], [ -2.660991178541735, 42.381355135900812 ], [ -2.661758936747442, 42.380898071437549 ], [ -2.662963543520475, 42.380523371035757 ], [ -2.663426322551627, 42.380308585248258 ], [ -2.663743466507316, 42.38006640551324 ], [ -2.663951490082904, 42.379778807279479 ], [ -2.664050442422474, 42.379445881339258 ], [ -2.663884676354915, 42.378634845939196 ], [ -2.663825515948525, 42.378346498477484 ], [ -2.664011908622984, 42.377563492619274 ], [ -2.663989506651392, 42.377203214340319 ], [ -2.66383419384093, 42.376725453220715 ], [ -2.66355720453339, 42.37627428549299 ], [ -2.663438269569678, 42.375805655481614 ], [ -2.663513329891133, 42.375400619245859 ], [ -2.663758283162988, 42.375023083284702 ], [ -2.664244985698079, 42.374862386986329 ], [ -2.664682651569141, 42.37479162745359 ], [ -2.66502418050221, 42.374522439409944 ], [ -2.66520804459652, 42.374207780443925 ], [ -2.665245760411854, 42.373964725042917 ], [ -2.665150039493243, 42.373694250982673 ], [ -2.664439705427756, 42.372512401235191 ], [ -2.663959936591607, 42.37136724353438 ], [ -2.662804016535226, 42.369508600359637 ], [ -2.661612773971658, 42.367442715434308 ], [ -2.66137297836657, 42.366865585364451 ], [ -2.660758875194719, 42.365900122592272 ], [ -2.660215559966283, 42.365304162198193 ], [ -2.660083558920121, 42.364997521065227 ], [ -2.660087651467499, 42.364250055711274 ], [ -2.659730125079642, 42.362997142899154 ], [ -2.659732155015062, 42.362636930893167 ], [ -2.660002988648792, 42.361953265798114 ], [ -2.660288631633875, 42.360783340535903 ], [ -2.661210007010149, 42.358804747626493 ], [ -2.661217631307376, 42.357390807019456 ], [ -2.660825320140916, 42.355840634641318 ], [ -2.660878816332112, 42.354922191209027 ], [ -2.662530001121191, 42.354963058527382 ], [ -2.663440464308759, 42.352723256467996 ], [ -2.661352915319426, 42.35256397019603 ], [ -2.661442273844426, 42.351762679646221 ], [ -2.663161078203619, 42.34821941082204 ], [ -2.662432498371831, 42.348244281068546 ], [ -2.660343743829528, 42.348337146460395 ], [ -2.658826303934502, 42.348296629543391 ], [ -2.658305720017792, 42.348024898940629 ], [ -2.657267015716185, 42.347031072366249 ], [ -2.656676101466139, 42.346299896395159 ], [ -2.656398261640401, 42.34604683910581 ], [ -2.655039358519014, 42.345889642449826 ], [ -2.651681446262076, 42.344978880185728 ], [ -2.650895037198859, 42.344490161370977 ], [ -2.64965356031704, 42.342883289858612 ], [ -2.648928665805078, 42.342250639439229 ], [ -2.648071987543045, 42.341311400030591 ], [ -2.647663419932901, 42.340562631508014 ], [ -2.646358097927858, 42.339531913201064 ], [ -2.645197382477372, 42.338717760740465 ], [ -2.644786734473227, 42.338347211490102 ], [ -2.644113721930583, 42.337138321762708 ], [ -2.643570407276208, 42.336623321340042 ], [ -2.641045429493994, 42.334517005674741 ], [ -2.640975575884357, 42.333994402948854 ], [ -2.641002666666753, 42.333499181506156 ], [ -2.640990942969339, 42.333436101921819 ], [ -2.640751314273778, 42.332885984931266 ], [ -2.639166281252588, 42.331998411226159 ], [ -2.637970079191407, 42.331057987204886 ], [ -2.634649702310538, 42.332218212015825 ], [ -2.631595917483061, 42.333442277888899 ], [ -2.629441599039867, 42.334435006881606 ], [ -2.628789544803201, 42.333856451886575 ], [ -2.628743437099284, 42.333442058727186 ], [ -2.626700716439327, 42.331976386712164 ], [ -2.625407238430794, 42.331098630872525 ], [ -2.622890310665665, 42.329811466566042 ], [ -2.621957303707931, 42.329538211366803 ], [ -2.620865418650698, 42.329462519501242 ], [ -2.619299187394639, 42.329547404137585 ], [ -2.617342170495693, 42.32802784388128 ], [ -2.616944594245306, 42.327540207817016 ], [ -2.616898403810203, 42.327152774482173 ], [ -2.617107553771024, 42.326694190863918 ], [ -2.617734807596897, 42.325327341200754 ], [ -2.617994045581205, 42.324616749137164 ], [ -2.618154372504999, 42.324185001138702 ], [ -2.618460237416463, 42.319782035908219 ], [ -2.618459492619758, 42.319769077373991 ], [ -2.618405358788261, 42.318827202763117 ], [ -2.618359991346721, 42.318295647694363 ], [ -2.618127057537988, 42.316682806776278 ], [ -2.618552215935877, 42.316612158215975 ], [ -2.62134578034014, 42.3161981340156 ], [ -2.622717919172989, 42.316049634083505 ], [ -2.62406504843909, 42.316018023842567 ], [ -2.625072025080633, 42.316057311022568 ], [ -2.6266581677616, 42.314603558664139 ], [ -2.6274146672272, 42.313903548077597 ], [ -2.628176469300211, 42.312302904188911 ], [ -2.63190995016428, 42.310882982372014 ], [ -2.632955542906693, 42.308436708151667 ], [ -2.633495525183592, 42.3073937579099 ], [ -2.635814921751609, 42.304960477580508 ], [ -2.637366206576083, 42.303155184676847 ], [ -2.639003829530918, 42.301070967632896 ], [ -2.639528124727862, 42.300613282050378 ], [ -2.641610739702503, 42.299205863834111 ], [ -2.642258131278342, 42.298424366458342 ], [ -2.644619280686319, 42.294919314166194 ], [ -2.645657272655149, 42.293697723319141 ], [ -2.652267118321911, 42.289548153014103 ], [ -2.652902906328225, 42.288622487661122 ], [ -2.653403148217681, 42.288092616030809 ], [ -2.655632742914988, 42.286289124409393 ], [ -2.656460895768438, 42.285661180364741 ], [ -2.658103086070053, 42.284792490678349 ], [ -2.658941926717904, 42.284425770036776 ], [ -2.659598106699588, 42.284211536439784 ], [ -2.663888191932424, 42.280306571349257 ], [ -2.664219639168286, 42.279560025773634 ], [ -2.665375386401628, 42.278887951316278 ], [ -2.668727666790362, 42.275619457587794 ], [ -2.670053691648193, 42.274830796736339 ], [ -2.672398288762002, 42.271703345180626 ], [ -2.673660515087152, 42.269158193928867 ], [ -2.674308277504283, 42.268178379558563 ], [ -2.676419303539514, 42.265590606559996 ], [ -2.676859863669323, 42.264799284595796 ], [ -2.677682167235589, 42.262865281563386 ], [ -2.678039341959197, 42.261776537758358 ], [ -2.678167308985088, 42.258084382631147 ], [ -2.678305747757185, 42.257085064859311 ], [ -2.678503340696077, 42.256374099071017 ], [ -2.679401638265798, 42.256151465393771 ], [ -2.686325278059654, 42.253477830003 ], [ -2.687553380187629, 42.252742701534572 ], [ -2.688574689511614, 42.252133046482811 ], [ -2.689765785868446, 42.251505845325241 ], [ -2.691150562431737, 42.25093319547333 ], [ -2.693373071422343, 42.250092602543326 ], [ -2.701606652193041, 42.246989255485175 ], [ -2.703642657551677, 42.244499827451399 ], [ -2.704007807023202, 42.244185514824949 ], [ -2.70500398118996, 42.243701775870434 ], [ -2.706568451974936, 42.243516652650371 ], [ -2.712144890056305, 42.243350714377257 ], [ -2.713616506681699, 42.24225563722004 ], [ -2.713969959277987, 42.241842235911513 ], [ -2.714528477032016, 42.241618494756558 ], [ -2.717935294623214, 42.241419817584756 ], [ -2.719506041690514, 42.237082650546313 ], [ -2.720746163682594, 42.236203089401009 ], [ -2.721900056544532, 42.235620501404114 ], [ -2.723162586516359, 42.23514621330466 ], [ -2.725069432016105, 42.234196132253217 ], [ -2.728309951439242, 42.233114166444537 ], [ -2.732780072329591, 42.230684071032861 ], [ -2.733254448237425, 42.230288854964286 ], [ -2.735654528501403, 42.227232320379812 ], [ -2.736189358192028, 42.226837268141821 ], [ -2.7387136131783, 42.225942446304082 ], [ -2.742589736331684, 42.226293434324198 ], [ -2.74253088945733, 42.225888029440974 ], [ -2.74309076886886, 42.225276905676331 ], [ -2.744476978532039, 42.22409117605558 ], [ -2.745454476851213, 42.219094880708937 ], [ -2.743523846450867, 42.217127177438115 ], [ -2.743465809925736, 42.216505640589034 ], [ -2.743508647737046, 42.214911618815961 ], [ -2.742788939014682, 42.213135752029174 ], [ -2.74092672357285, 42.209339878349446 ], [ -2.741272440821508, 42.207755562526614 ], [ -2.743827280004261, 42.205077439535486 ], [ -2.746279729508746, 42.203722970924993 ], [ -2.749757743380012, 42.197255021890108 ], [ -2.750836230932169, 42.197140384154203 ], [ -2.751179242053018, 42.196141416652104 ], [ -2.751592714503972, 42.195710041213395 ], [ -2.754071489991957, 42.193688971458144 ], [ -2.754738786127577, 42.193393184029908 ], [ -2.75938300194973, 42.191935049630345 ], [ -2.760874844794939, 42.191379800907306 ], [ -2.761542353405532, 42.190993889895992 ], [ -2.762660129635191, 42.190068621253161 ], [ -2.764705875647913, 42.190315999913039 ], [ -2.76727602892021, 42.18960077242982 ], [ -2.768355541083761, 42.189143631907278 ], [ -2.76823513393028, 42.188945234329061 ], [ -2.767864935579533, 42.187530529039734 ], [ -2.767672677496215, 42.187124825491793 ], [ -2.76353130382368, 42.180577724457571 ], [ -2.763304317673925, 42.179757668023072 ], [ -2.764629814571204, 42.175005065708532 ], [ -2.762024663323422, 42.172315771161522 ], [ -2.759601226635358, 42.169653794764876 ], [ -2.759493455490114, 42.169338381170078 ], [ -2.759284986622311, 42.166861178140373 ], [ -2.759285260962044, 42.166789132043377 ], [ -2.759242917441446, 42.165203912593974 ], [ -2.757437268151524, 42.162525223332111 ], [ -2.757111903111552, 42.162155241803838 ], [ -2.756084288039788, 42.161792799229019 ], [ -2.754222565448494, 42.161149347954002 ], [ -2.751886235463346, 42.158064091758675 ], [ -2.749550859794708, 42.154807690048671 ], [ -2.747160608113338, 42.150200141457532 ], [ -2.746545521093514, 42.140624970218397 ], [ -2.741004206765685, 42.131497996041588 ], [ -2.737972602886056, 42.13018516761371 ], [ -2.737986003692297, 42.129869968745425 ], [ -2.738569338294678, 42.129258870326851 ], [ -2.738549303707785, 42.128250111581991 ], [ -2.738333997892529, 42.12764620080582 ], [ -2.738239619683625, 42.127078537287858 ], [ -2.738430400624868, 42.124818363551007 ], [ -2.740245734795757, 42.124678410110924 ], [ -2.741067364096946, 42.124941462632187 ], [ -2.74232555780938, 42.124944344502346 ], [ -2.742979910615981, 42.124693633839115 ], [ -2.744045033105226, 42.124587899315273 ], [ -2.745485885776698, 42.124293897330297 ], [ -2.746394630502512, 42.123944680752196 ], [ -2.746855617601256, 42.123639497825863 ], [ -2.747244840653992, 42.123126955849287 ], [ -2.748535904126149, 42.120950242846384 ], [ -2.749049446109491, 42.119582421577206 ], [ -2.749523895510246, 42.118907983685766 ], [ -2.750312947628168, 42.118216222104017 ], [ -2.751173635665684, 42.117767777952665 ], [ -2.765421834185935, 42.124849941697718 ], [ -2.766328326500212, 42.125094983818592 ], [ -2.767743319188626, 42.125233018439445 ], [ -2.768723220923176, 42.125262013473595 ], [ -2.769413149249857, 42.125182360945225 ], [ -2.77067215616509, 42.124941714079498 ], [ -2.774851153859013, 42.123536024603339 ], [ -2.775688276520322, 42.122880210964446 ], [ -2.779489055655361, 42.118861724388395 ], [ -2.779951714586433, 42.118006962355963 ], [ -2.780582778616962, 42.117422779601036 ], [ -2.781156537240579, 42.115928820779054 ], [ -2.782142534219069, 42.1141384201024 ], [ -2.783837959667389, 42.113565265629376 ], [ -2.787314443328364, 42.112148725748646 ], [ -2.791607615505201, 42.108752223303568 ], [ -2.79234396704392, 42.105520188489336 ], [ -2.793343879271199, 42.103045204061168 ], [ -2.793336754248383, 42.101532118940767 ], [ -2.793265863080364, 42.101027639735648 ], [ -2.792302887985338, 42.099647893199503 ], [ -2.790698345286678, 42.098465102249612 ], [ -2.790205379240533, 42.097617575094418 ], [ -2.790172368121162, 42.096626796096281 ], [ -2.790018591990397, 42.095608771969665 ], [ -2.790144065459268, 42.094222020255906 ], [ -2.79064360977066, 42.09309717967362 ], [ -2.79188300972939, 42.091298073139669 ], [ -2.792355853311553, 42.090893654374248 ], [ -2.795892512498748, 42.089116733353102 ], [ -2.796498983311081, 42.088532380169077 ], [ -2.797931578129858, 42.086724605715119 ], [ -2.80156943598598, 42.083398600271117 ], [ -2.803343777674304, 42.080483554870753 ], [ -2.803338221916748, 42.078376011154688 ], [ -2.80321815796878, 42.078132635999658 ], [ -2.802856446370407, 42.077816795340468 ], [ -2.800357593283047, 42.076632526887465 ], [ -2.799560602480793, 42.076351960114614 ], [ -2.799017670495869, 42.076017747813552 ], [ -2.798463639616761, 42.075377339609865 ], [ -2.796828654979834, 42.072546326790551 ], [ -2.795972347719915, 42.068185623477788 ], [ -2.795810526540927, 42.065897669510179 ], [ -2.794947842958992, 42.063545432831532 ], [ -2.798381964680869, 42.059309448228255 ], [ -2.798325635375646, 42.050464848919667 ], [ -2.798051129568656, 42.049410583399947 ], [ -2.798139025025944, 42.048383987343868 ], [ -2.798335697587956, 42.047330555243853 ], [ -2.797986834440207, 42.046843548187297 ], [ -2.79898939165964, 42.046953426158147 ], [ -2.799508986116849, 42.046954363784025 ], [ -2.803510032964854, 42.046528969533576 ], [ -2.804211647852453, 42.04627803535287 ], [ -2.804950017026652, 42.045873957241561 ], [ -2.80637971964371, 42.044624520341003 ], [ -2.80669767202053, 42.043382130208052 ], [ -2.806771956242577, 42.042796850964642 ], [ -2.806942658590786, 42.042292758966639 ], [ -2.807683579264436, 42.041015067863086 ], [ -2.80830187461517, 42.040340596492541 ], [ -2.812638388147124, 42.036637104717592 ], [ -2.815151477034939, 42.036596119402738 ], [ -2.817309461403533, 42.03821177999091 ], [ -2.818491254228678, 42.038979207104383 ], [ -2.82083207266029, 42.040090783306169 ], [ -2.822871646598326, 42.040913550374881 ], [ -2.823705023722009, 42.041031933626194 ], [ -2.825252107806675, 42.040845213117812 ], [ -2.826027051490323, 42.040242966181225 ], [ -2.826547332563884, 42.039955509972167 ], [ -2.829328738063753, 42.039050028977648 ], [ -2.833704855373736, 42.038164799835734 ], [ -2.838508679609488, 42.03533466112561 ], [ -2.839669963068475, 42.034750872157055 ], [ -2.840298747923188, 42.03454459312119 ], [ -2.84463610665623, 42.034469541422418 ], [ -2.847297048294284, 42.033239217429589 ], [ -2.854211504617054, 42.030462022607523 ], [ -2.854223790008654, 42.03045429342113 ], [ -2.856778538015941, 42.028847279363518 ], [ -2.857105828167144, 42.028379316028371 ], [ -2.857267589734788, 42.026280972621585 ], [ -2.857874657056128, 42.024939746950608 ], [ -2.857938048900257, 42.023597792127092 ], [ -2.85830246242773, 42.022688632533935 ], [ -2.859634233501705, 42.021303236045803 ], [ -2.862344417704004, 42.019244017217488 ], [ -2.863359692858839, 42.018929982732033 ], [ -2.865776455824708, 42.018392450411966 ], [ -2.867903495031983, 42.017818508454639 ], [ -2.868677857936793, 42.01714386491571 ], [ -2.868956551659703, 42.016729913164951 ], [ -2.869079237874486, 42.015829386495646 ], [ -2.869527908201449, 42.014974276354465 ], [ -2.870434786806565, 42.014434922135599 ], [ -2.872864771017095, 42.01323975829262 ], [ -2.87562048357112, 42.012206997757957 ], [ -2.876720125326527, 42.011865952138258 ], [ -2.878460155698281, 42.011399445795419 ], [ -2.879269635794922, 42.011220204886826 ], [ -2.881674469096636, 42.010421113629441 ], [ -2.883825883547703, 42.009486651939227 ], [ -2.884453730791545, 42.009523336553038 ], [ -2.885528173624538, 42.009740570847036 ], [ -2.886722948849568, 42.010192063368734 ], [ -2.88766462281184, 42.010337114068939 ], [ -2.88951227235636, 42.010401993498157 ], [ -2.891091018757138, 42.012303949091667 ], [ -2.891247462543127, 42.012646322955604 ], [ -2.890929565511048, 42.014870674200672 ], [ -2.89090377606444, 42.015816406531073 ], [ -2.891107921376472, 42.016483036833563 ], [ -2.891179486802643, 42.017005536634805 ], [ -2.89173458745699, 42.017276259803864 ], [ -2.892857208598602, 42.017673616046103 ], [ -2.893823037151949, 42.017935731205561 ], [ -2.895005553302676, 42.018603279464124 ], [ -2.896031781417115, 42.018874470292459 ], [ -2.896647373897971, 42.019100147084764 ], [ -2.89721439116987, 42.019488031622892 ], [ -2.898518616393567, 42.019633236094045 ], [ -2.900100934836882, 42.019598653385678 ], [ -2.902479069023818, 42.020456348554944 ], [ -2.902852746905316, 42.020934026013464 ], [ -2.903432466642868, 42.021015630723461 ], [ -2.904664402618935, 42.021034672878002 ], [ -2.905449929368739, 42.020801186160668 ], [ -2.909096913185937, 42.021308483902729 ], [ -2.910847847421241, 42.021634131972668 ], [ -2.911693047297749, 42.02188696290812 ], [ -2.911952080386974, 42.02236452598715 ], [ -2.91221112339352, 42.022842083946735 ], [ -2.913624362735755, 42.022852187947052 ], [ -2.913538311896807, 42.023896891324057 ], [ -2.913633778266272, 42.024734626466696 ], [ -2.914486087281236, 42.028635192514081 ], [ -2.915483768853763, 42.032310672418866 ], [ -2.915757351239018, 42.035445180392145 ], [ -2.915696158048169, 42.036012526703516 ], [ -2.915016808501392, 42.038083609596036 ], [ -2.91523297183638, 42.039029486485951 ], [ -2.916424956001771, 42.04211966590433 ], [ -2.917353760943773, 42.043300263327666 ], [ -2.917509244998767, 42.044507248452945 ], [ -2.918437154716375, 42.04641734850177 ], [ -2.919124272315296, 42.04764274935193 ], [ -2.920427345010651, 42.049210822220886 ], [ -2.919664696741833, 42.050291056348975 ], [ -2.919808492797432, 42.051209863896304 ], [ -2.920205807882024, 42.052326998815154 ], [ -2.92186975384136, 42.055336393330336 ], [ -2.923124239549859, 42.057246670163025 ], [ -2.923449679027371, 42.057922366490487 ], [ -2.92340080481062, 42.058372647337499 ], [ -2.923000569766551, 42.059489197410279 ], [ -2.923023343263529, 42.060606093403671 ], [ -2.922925895076215, 42.061182415223435 ], [ -2.923927745964706, 42.062344963550409 ], [ -2.925303073243478, 42.064408409509824 ], [ -2.926920188828591, 42.066516970343692 ], [ -2.926398031442498, 42.068579196686073 ], [ -2.9263731783666, 42.069164583630808 ], [ -2.92649332939703, 42.06977709395381 ], [ -2.927337259716275, 42.071614964225525 ], [ -2.927445070604316, 42.072443701108959 ], [ -2.928011403102047, 42.074074261604359 ], [ -2.928312923534773, 42.074650858727736 ], [ -2.92904979216848, 42.075110694776143 ], [ -2.929810634353898, 42.075786644732467 ], [ -2.930413915288963, 42.076822811834816 ], [ -2.931427863647215, 42.078273475887556 ], [ -2.93194658411374, 42.079255497845438 ], [ -2.932464642687758, 42.080895030364672 ], [ -2.93174847187577, 42.083497518572727 ], [ -2.931455674678569, 42.085784989235307 ], [ -2.931176593789537, 42.086775561352951 ], [ -2.934270220877349, 42.088380589379675 ], [ -2.935333173618337, 42.089407958983642 ], [ -2.940641571649659, 42.08925779849082 ], [ -2.941512307896493, 42.089132160497847 ], [ -2.94671271800221, 42.087963881377341 ], [ -2.948115466912784, 42.087775434777249 ], [ -2.948901617966117, 42.087505572719053 ], [ -2.95315903396782, 42.085814221936367 ], [ -2.954005591040272, 42.085580389997752 ], [ -2.955504921705009, 42.085571979982483 ], [ -2.957185450208662, 42.085662711597074 ], [ -2.958648288968746, 42.085906450517015 ], [ -2.960535543896147, 42.084358011092505 ], [ -2.960874087983451, 42.084286082840443 ], [ -2.967112860396024, 42.084225095387936 ], [ -2.977680165623381, 42.08393950815978 ], [ -2.979433282918917, 42.084128991886267 ], [ -2.984946243659999, 42.085309719664245 ], [ -2.989032701076575, 42.086589199708612 ], [ -2.990326220596568, 42.087507992068637 ], [ -2.99108796274193, 42.087580073567359 ], [ -2.993191822939739, 42.087526229822011 ], [ -2.99525950815931, 42.087184097422686 ], [ -2.99785914012371, 42.086535728551695 ], [ -2.999189152551097, 42.086058402170536 ], [ -3.00054342030427, 42.085472935893193 ], [ -3.001232550590303, 42.084905568481126 ], [ -3.002586772019762, 42.083977874667553 ], [ -3.003649911516878, 42.083455493716968 ], [ -3.003904605431668, 42.083329394724906 ], [ -3.00465155799997, 42.083455430469598 ], [ -3.006528182932265, 42.083770629969415 ], [ -3.009587276990909, 42.084986342419448 ], [ -3.011775886829844, 42.086175019073465 ], [ -3.012912575464286, 42.086868424045925 ], [ -3.014678182148467, 42.088426364854058 ], [ -3.01500451260643, 42.087813896696822 ], [ -3.016927099027177, 42.088092840631916 ], [ -3.019176124256518, 42.088281634776131 ], [ -3.020892811152098, 42.088677619626992 ], [ -3.023456784423596, 42.089271584735542 ], [ -3.024145861938748, 42.088740003559465 ], [ -3.02556030788309, 42.088145282578132 ], [ -3.027712221651619, 42.087451263237028 ], [ -3.030093882841963, 42.086766140069692 ], [ -3.034373721628018, 42.085963360248094 ], [ -3.049253706485811, 42.112797588789391 ], [ -3.052535994464586, 42.118713343248999 ], [ -3.056980661835851, 42.124529374039689 ], [ -3.0589548070319, 42.126969110975018 ], [ -3.066172021945131, 42.133323728240775 ], [ -3.073652597048284, 42.135849967087232 ], [ -3.079858514619237, 42.134557874752296 ], [ -3.082047869733747, 42.133988917118238 ], [ -3.08381376021266, 42.133456267998376 ], [ -3.085084791234501, 42.133824603541818 ], [ -3.085678216764806, 42.134220416290766 ], [ -3.08586015131527, 42.134553531741538 ], [ -3.085969789322438, 42.135120840960958 ], [ -3.086188190173381, 42.135553012105618 ], [ -3.086575866774233, 42.13592195689634 ], [ -3.08628698178972, 42.13703898893268 ], [ -3.086517318079758, 42.137345006886093 ], [ -3.086712027441844, 42.138200492441428 ], [ -3.087912824547869, 42.140280060823514 ], [ -3.089176385535158, 42.143935690708958 ], [ -3.089299329881266, 42.145349614990103 ], [ -3.089494131601221, 42.14620505851839 ], [ -3.089809843495656, 42.146952357707796 ], [ -3.090488981309115, 42.147969534075699 ], [ -3.090671407562632, 42.148590841143232 ], [ -3.090611880338335, 42.149293370953494 ], [ -3.090371233471301, 42.150329329095683 ], [ -3.089755809609946, 42.151653726595086 ], [ -3.089551411675988, 42.152626573222314 ], [ -3.089097413382671, 42.156976999176536 ], [ -3.089207070222947, 42.157472279623121 ], [ -3.08944986645854, 42.157976452709384 ], [ -3.089995616511304, 42.158741587598243 ], [ -3.089814837856237, 42.159345143827338 ], [ -3.090505378274913, 42.15973185362202 ], [ -3.091886989309057, 42.160883573732612 ], [ -3.095038499563723, 42.16374507031373 ], [ -3.098931417599525, 42.166797179366746 ], [ -3.099001836638762, 42.166866930859612 ], [ -3.099801645315934, 42.167388582266021 ], [ -3.099862703073488, 42.167721771431033 ], [ -3.099778527799181, 42.168091094537381 ], [ -3.099379512856445, 42.168397682827134 ], [ -3.098726121080849, 42.168632388150421 ], [ -3.097080278104998, 42.169084102740385 ], [ -3.096572340391537, 42.169453799217315 ], [ -3.097226354963383, 42.169606376342593 ], [ -3.100519254238376, 42.169513455616297 ], [ -3.101463943115681, 42.169737782214852 ], [ -3.101924366759784, 42.169980572083801 ], [ -3.101913004258528, 42.170448896871832 ], [ -3.10145461098883, 42.171503010169943 ], [ -3.10173358800868, 42.171836006082486 ], [ -3.1020729250837, 42.172078920584454 ], [ -3.104132175216218, 42.172671479432445 ], [ -3.104931465600784, 42.172787801872396 ], [ -3.105440326142716, 42.173012512289809 ], [ -3.105949370118111, 42.173336266279811 ], [ -3.106871121241917, 42.174308089115478 ], [ -3.107611554582375, 42.175415160533831 ], [ -3.109102335160241, 42.176269381098294 ], [ -3.109538270303487, 42.176341012306544 ], [ -3.110131381935165, 42.176214370352646 ], [ -3.110845055895256, 42.175826380400402 ], [ -3.111401955075215, 42.175771813460507 ], [ -3.112479715235095, 42.175842808473178 ], [ -3.112891658195056, 42.176004535967984 ], [ -3.113352306333558, 42.176337329841914 ], [ -3.114334849208812, 42.177327050264331 ], [ -3.114614280193404, 42.177849093210199 ], [ -3.114967094677155, 42.178803413406186 ], [ -3.11495657206851, 42.179659045705286 ], [ -3.114777554684376, 42.181127257072234 ], [ -3.114357252230652, 42.18313606871267 ], [ -3.114418819058892, 42.183703409079186 ], [ -3.114698398849878, 42.184306539086244 ], [ -3.114263383890536, 42.184829333041343 ], [ -3.115323072396674, 42.18826868882207 ], [ -3.116413521141758, 42.188528750558582 ], [ -3.11760188809058, 42.189410184202941 ], [ -3.118377147245708, 42.189481435090954 ], [ -3.1189108798492, 42.189940200616277 ], [ -3.120765370170572, 42.190766846359594 ], [ -3.121517125357332, 42.191252389924998 ], [ -3.122584531887451, 42.1920978624103 ], [ -3.123009611937841, 42.192745874512532 ], [ -3.123712139603397, 42.19276310206839 ], [ -3.125117984246628, 42.193238937087116 ], [ -3.125652090779166, 42.193850777746285 ], [ -3.126053397603961, 42.19469690286747 ], [ -3.126271901542375, 42.194948880237455 ], [ -3.12741137752007, 42.195460981853188 ], [ -3.128321419144029, 42.196279510869516 ], [ -3.128576471978413, 42.196630475876105 ], [ -3.129063035887659, 42.197647663820817 ], [ -3.129367544585132, 42.198493904545217 ], [ -3.12945322673472, 42.19896212110293 ], [ -3.12939364947416, 42.199457583592192 ], [ -3.128863664838147, 42.200935168443657 ], [ -3.127944435588392, 42.20159364368169 ], [ -3.125160845675, 42.202812589359901 ], [ -3.12365975260447, 42.203318551061599 ], [ -3.122170523424715, 42.203680369924882 ], [ -3.120463069998372, 42.203970370562843 ], [ -3.118756056346989, 42.204503541822817 ], [ -3.1168559857823, 42.205469116854218 ], [ -3.116299399184085, 42.205838965016873 ], [ -3.115259443684014, 42.206857705030572 ], [ -3.114872770006341, 42.207389448019498 ], [ -3.113942699956564, 42.208930515260093 ], [ -3.113664716677526, 42.209290981458885 ], [ -3.11335014995725, 42.209516412395814 ], [ -3.11264784032174, 42.20971525260623 ], [ -3.111533581070422, 42.209878468043698 ], [ -3.110976724554086, 42.21010418000693 ], [ -3.10965649612536, 42.210276577209846 ], [ -3.109172278331644, 42.210475134295798 ], [ -3.108180514315827, 42.211466757985193 ], [ -3.10601240462015, 42.211765993838995 ], [ -3.104415283925999, 42.212983314399857 ], [ -3.103786390822532, 42.213686315834209 ], [ -3.103387722764715, 42.214407218195987 ], [ -3.102456808321885, 42.215623893259327 ], [ -3.101912555191757, 42.216245819992871 ], [ -3.101465693615701, 42.217146833318843 ], [ -3.100856556353329, 42.21500386491882 ], [ -3.100819328005387, 42.214427498047257 ], [ -3.100879151393066, 42.213968149695077 ], [ -3.101735521784434, 42.211544693899434 ], [ -3.102375968800543, 42.210490394753414 ], [ -3.102439063343067, 42.210445294144179 ], [ -3.104021755509818, 42.209372123138543 ], [ -3.10558130419538, 42.207443387951002 ], [ -3.104380618686797, 42.206552858183812 ], [ -3.1034221844227, 42.205653101119879 ], [ -3.102645431820997, 42.204726151745326 ], [ -3.099639694487482, 42.201473077862502 ], [ -3.099502801310353, 42.201324565803439 ], [ -3.099077980556944, 42.200757533465691 ], [ -3.0985247997876, 42.199695255076186 ], [ -3.098373389179538, 42.199407202463057 ], [ -3.098081375202853, 42.198560849016118 ], [ -3.09561922802357, 42.196320382097483 ], [ -3.095255678591391, 42.196149551145666 ], [ -3.091996433025606, 42.195350662373606 ], [ -3.090870020391771, 42.195315495987053 ], [ -3.089223110176586, 42.195577983917609 ], [ -3.087513929377926, 42.195340657222836 ], [ -3.084401739103656, 42.194906132101195 ], [ -3.082438471993292, 42.193988928971088 ], [ -3.079482703275775, 42.193513675973364 ], [ -3.077010091756128, 42.19189420174262 ], [ -3.076391797850671, 42.191390276698108 ], [ -3.074973753468069, 42.190454579837947 ], [ -3.074064960260323, 42.190004854500422 ], [ -3.073155805194495, 42.18926688683753 ], [ -3.072161410241693, 42.188087693898275 ], [ -3.071190859607815, 42.186539207000301 ], [ -3.06986924627734, 42.185009041233869 ], [ -3.06892468849609, 42.184919490309142 ], [ -3.067277463455429, 42.184668325624045 ], [ -3.067080968747916, 42.184600856839559 ], [ -3.066465801536376, 42.184389575851803 ], [ -3.066167809492629, 42.184254639848476 ], [ -3.065375421865143, 42.183894847148672 ], [ -3.064527486662719, 42.183580101291597 ], [ -3.063473930665166, 42.183535683268808 ], [ -3.06130605052142, 42.183275645736089 ], [ -3.059357400557766, 42.18436640348839 ], [ -3.058074298333306, 42.184898473326349 ], [ -3.056077257439723, 42.186142296205134 ], [ -3.054260875424404, 42.186242254216211 ], [ -3.052106028006007, 42.187260979650155 ], [ -3.051369728475856, 42.190305385524169 ], [ -3.048488896579867, 42.192396117154232 ], [ -3.047544616491165, 42.193017956001654 ], [ -3.046732103737677, 42.193666733583292 ], [ -3.04617679468537, 42.194108250377134 ], [ -3.044409593416308, 42.195676032310907 ], [ -3.041877958947875, 42.195217647467501 ], [ -3.038437317160358, 42.194872140327277 ], [ -3.037759766449574, 42.19480481763965 ], [ -3.037323349944785, 42.194940030647622 ], [ -3.036766732099477, 42.195111323132302 ], [ -3.034829119212138, 42.195562232249287 ], [ -3.033169921677476, 42.195868942009568 ], [ -3.030808255360271, 42.196139774212028 ], [ -3.029427499816192, 42.196135671359947 ], [ -3.028615977566101, 42.19613134015821 ], [ -3.02698113923441, 42.196807214977348 ], [ -3.024922412880154, 42.197564209296893 ], [ -3.022850967475078, 42.196898153085748 ], [ -3.020888880496807, 42.196961566238194 ], [ -3.020380126449663, 42.196979696581941 ], [ -3.018236378058138, 42.197142088970594 ], [ -3.017303837722336, 42.197340419210477 ], [ -3.016262243179263, 42.197673785173386 ], [ -3.015390380090349, 42.198790695333905 ], [ -3.01511193892336, 42.199313082881069 ], [ -3.01511193263425, 42.199754374385435 ], [ -3.014106930637283, 42.201123447163368 ], [ -3.013742495470678, 42.201708889769534 ], [ -3.013646763818036, 42.20186199293429 ], [ -3.01069408234045, 42.203659027653316 ], [ -3.009867734891736, 42.204158946739426 ], [ -3.008971397309418, 42.204519275976018 ], [ -3.007675281797249, 42.204519361011435 ], [ -3.002030385317151, 42.205149963809838 ], [ -3.000322392361194, 42.204762741817653 ], [ -2.999365311820448, 42.205627350490381 ], [ -2.998699068108905, 42.206113654093137 ], [ -2.996603141748232, 42.208500238457617 ], [ -2.994095296800405, 42.210265353798981 ], [ -2.992290193028198, 42.210598459507899 ], [ -2.99101827952554, 42.209940912511222 ], [ -2.989407005630837, 42.209922760561376 ], [ -2.987287017719876, 42.209706358887317 ], [ -2.984439935115972, 42.210444535754618 ], [ -2.982780011176172, 42.211281807637278 ], [ -2.983203533911253, 42.212704889182014 ], [ -2.983057908710289, 42.213479397912629 ], [ -2.982972753189542, 42.214641142499595 ], [ -2.983214503522476, 42.216541542180629 ], [ -2.983117448005034, 42.216991801920656 ], [ -2.982523403662424, 42.218162545107745 ], [ -2.981238623524683, 42.219747436970671 ], [ -2.980123097895781, 42.221962784853389 ], [ -2.979226262096325, 42.22254796543546 ], [ -2.974765244039178, 42.227185279892979 ], [ -2.9751648630864, 42.227932894377311 ], [ -2.975406676025881, 42.229220830452249 ], [ -2.97539640377291, 42.22932891563562 ], [ -2.975370134063223, 42.229599051450705 ], [ -2.974035830468389, 42.232615857185372 ], [ -2.973938708434409, 42.233021063762514 ], [ -2.973852870103735, 42.235200578461708 ], [ -2.974688489633042, 42.23667776872356 ], [ -2.974639860580552, 42.237101079941993 ], [ -2.973960567581785, 42.238433789774767 ], [ -2.972250415748985, 42.241063274999611 ], [ -2.972443819605104, 42.242279121730682 ], [ -2.967315793067262, 42.244006932228835 ], [ -2.965314936969401, 42.245564388179275 ], [ -2.962477437594585, 42.247337673511566 ], [ -2.960671096980483, 42.247652308795409 ], [ -2.958646274110074, 42.248399047360842 ], [ -2.956718109387665, 42.249443039594937 ], [ -2.956293595770422, 42.249776135082641 ], [ -2.956050942437404, 42.250118260950096 ], [ -2.955929596589073, 42.250289344390609 ], [ -2.954971432845092, 42.250937404052543 ], [ -2.951636738388207, 42.252223896363319 ], [ -2.950605899899013, 42.252727780250702 ], [ -2.949902417206797, 42.253186797556644 ], [ -2.94922258484709, 42.254330316210286 ], [ -2.948300393806166, 42.255302517919944 ], [ -2.947159968602664, 42.256319689865059 ], [ -2.946091984349499, 42.257535016713341 ], [ -2.945521466920953, 42.258363296138128 ], [ -2.944271528221933, 42.259695583269597 ], [ -2.944331566028724, 42.260299030794457 ], [ -2.944003740597932, 42.260803236006403 ], [ -2.942972564653662, 42.261514201428973 ], [ -2.943177855341585, 42.262387915424583 ], [ -2.942301140748365, 42.26638616752529 ], [ -2.941233364460412, 42.26713314118453 ], [ -2.941136257619266, 42.267196152223768 ], [ -2.938988616596896, 42.268699021475065 ], [ -2.936876907257419, 42.270427078156231 ], [ -2.931549069313097, 42.274485738111544 ], [ -2.931815049674109, 42.275215401516412 ], [ -2.931947602540502, 42.275998988288649 ], [ -2.931897798919707, 42.277160783293354 ], [ -2.932030829922093, 42.277521087102663 ], [ -2.933473108769723, 42.278368513844335 ], [ -2.933836417889045, 42.278846071223562 ], [ -2.934743986633488, 42.280737908665209 ], [ -2.93591884614438, 42.282269594946271 ], [ -2.934911683544883, 42.282692304900365 ], [ -2.934244281472056, 42.283088198831322 ], [ -2.933867720153317, 42.283691378383629 ], [ -2.9330060385737, 42.284150180169071 ], [ -2.931646394491727, 42.28524812663197 ], [ -2.931767116362774, 42.285743551282728 ], [ -2.934106493417586, 42.287185921005545 ], [ -2.93516094462861, 42.287943050302751 ], [ -2.937184252734542, 42.290258730473589 ], [ -2.919580195107362, 42.292985476389639 ], [ -2.918960595155988, 42.293660513690789 ], [ -2.914758633443765, 42.297169813005127 ], [ -2.910884438123403, 42.300183903985527 ], [ -2.908431420331153, 42.301785043186996 ], [ -2.899093071019057, 42.307162813406954 ], [ -2.894571457645182, 42.311940925560677 ], [ -2.893088631183134, 42.313380493666152 ], [ -2.892845194824814, 42.313812570821923 ], [ -2.893668993301042, 42.314614866167702 ], [ -2.895921705902534, 42.317210727431927 ], [ -2.895629666908622, 42.317696788672805 ], [ -2.89435586015121, 42.317470422154997 ], [ -2.893942324616042, 42.318001419520542 ], [ -2.892752888597792, 42.318099369385401 ], [ -2.892388260926223, 42.31843225858983 ], [ -2.891550579440659, 42.318620594378054 ], [ -2.89087035955057, 42.318980201016885 ], [ -2.890263284934048, 42.319150704562318 ], [ -2.889753492255192, 42.31920423904964 ], [ -2.889486227969276, 42.319411128043519 ], [ -2.889836246528956, 42.320465199310121 ], [ -2.889931127999346, 42.321726139352876 ], [ -2.89040144367097, 42.323428758184846 ], [ -2.890412760158728, 42.323906092579456 ], [ -2.890168226498246, 42.324869507315036 ], [ -2.890494506682523, 42.325707383551396 ], [ -2.890917861534727, 42.326527353230112 ], [ -2.891414250455766, 42.327239304898136 ], [ -2.891631786273766, 42.327761861095922 ], [ -2.893241111638996, 42.330645330722625 ], [ -2.896550051508531, 42.333449294932961 ], [ -2.896586437713866, 42.333485334305514 ], [ -2.900428274588556, 42.337262323698766 ], [ -2.901083509669831, 42.337434025385683 ], [ -2.908982526760735, 42.339800165282448 ], [ -2.91020839378339, 42.339945301031811 ], [ -2.911543907652673, 42.339883306954405 ], [ -2.913338608381687, 42.341253639806908 ], [ -2.91479572229209, 42.341047576424948 ], [ -2.914758781230891, 42.341407805844696 ], [ -2.913957332580275, 42.34154228747331 ], [ -2.911746513997667, 42.34254928090057 ], [ -2.909939953467318, 42.349338410883526 ], [ -2.907652385444985, 42.352731897931065 ], [ -2.907260175827267, 42.355181220495595 ], [ -2.905270022341512, 42.362375403636641 ], [ -2.905864043235439, 42.363060367816615 ], [ -2.906344227220982, 42.366753259541966 ], [ -2.904083111248228, 42.36821931859253 ], [ -2.901832924235292, 42.370324846894952 ], [ -2.900749501653689, 42.371899938828847 ], [ -2.899911003468024, 42.37216937881162 ], [ -2.896540406660559, 42.375921884935117 ], [ -2.896719898440092, 42.377552157646676 ], [ -2.895721719900089, 42.37884810395456 ], [ -2.893763454117736, 42.380359313883631 ], [ -2.891914155608708, 42.382059683155489 ], [ -2.888875931702628, 42.382786259870343 ], [ -2.887137838228229, 42.383315855799594 ], [ -2.887002562441735, 42.384216395341923 ], [ -2.887205561351239, 42.386179844992142 ], [ -2.885842304995139, 42.387610425334387 ], [ -2.881949368274246, 42.390434356579902 ], [ -2.881742576320513, 42.39057824657705 ], [ -2.880368685987857, 42.391081114963825 ], [ -2.879530049077506, 42.391269391756879 ], [ -2.877294442078266, 42.391294003823504 ], [ -2.879309037201111, 42.39245795409915 ], [ -2.881905718046625, 42.394225862249961 ], [ -2.883142956505042, 42.39534389479099 ], [ -2.884961620911807, 42.397444107558258 ], [ -2.885542879691446, 42.398525481564434 ], [ -2.885540661433158, 42.399705269323455 ], [ -2.883886096385099, 42.40079331774831 ], [ -2.882522738779069, 42.402097775727242 ], [ -2.88190024389616, 42.403511070455728 ], [ -2.88105948601141, 42.404753045893322 ], [ -2.880423591915784, 42.406814751863259 ], [ -2.85842951893443, 42.416750061694081 ], [ -2.85735877120121, 42.417235101152784 ], [ -2.85645943656499, 42.417179924542118 ], [ -2.855512253256067, 42.4168275093296 ], [ -2.855439484373683, 42.416746317583595 ], [ -2.854202378943737, 42.415610009933424 ], [ -2.8540204311299, 42.415456669907122 ], [ -2.853791346009094, 42.414663861600076 ], [ -2.853573163709266, 42.414402411483003 ], [ -2.85302690113609, 42.414104496027569 ], [ -2.852699539979456, 42.413806861233844 ], [ -2.851899944699364, 42.412734100086645 ], [ -2.851463108229117, 42.412445373959805 ], [ -2.850649724177554, 42.412075036328915 ], [ -2.854204070768575, 42.409684064220528 ], [ -2.857418189308039, 42.407184474206538 ], [ -2.854665019021618, 42.404848451001939 ], [ -2.854202616416416, 42.405081988146549 ], [ -2.851647495953745, 42.406429581580042 ], [ -2.846016331657812, 42.408304338450648 ], [ -2.842808725360546, 42.408002775647603 ], [ -2.842177369837097, 42.407785775399439 ], [ -2.84126872222692, 42.406685746471901 ], [ -2.840434373940585, 42.405045486249136 ], [ -2.839330151160739, 42.404413525733844 ], [ -2.83652719837101, 42.402833468557375 ], [ -2.834208253717103, 42.402064638485363 ], [ -2.833368997643974, 42.402378587750526 ], [ -2.833320518036927, 42.4023334772182 ], [ -2.831490180285581, 42.400637665740881 ], [ -2.831028768325541, 42.400501896105759 ], [ -2.830324031235012, 42.400491810477867 ], [ -2.829183824893764, 42.399760654661449 ], [ -2.827533152989133, 42.399082714508694 ], [ -2.82684092499605, 42.398946578720974 ], [ -2.825880436749555, 42.399134221885632 ], [ -2.825624989846874, 42.399250936401124 ], [ -2.824152068822097, 42.400194311163943 ], [ -2.82333882595557, 42.399886838622407 ], [ -2.823641087940233, 42.404723493419219 ], [ -2.825132168281631, 42.406022671258384 ], [ -2.826707952627553, 42.407493094431004 ], [ -2.826913924177195, 42.407691499346114 ], [ -2.826985307460031, 42.408249993017108 ], [ -2.827093546813058, 42.40867345368617 ], [ -2.827273619041758, 42.409457239821187 ], [ -2.826457893121094, 42.409996380685918 ], [ -2.825605567581725, 42.410571421946671 ], [ -2.826030075126, 42.410878302127685 ], [ -2.82701244606701, 42.411618291017703 ], [ -2.82806655318357, 42.412799636768462 ], [ -2.828999087586347, 42.413998851970653 ], [ -2.830053395692714, 42.415117174138516 ], [ -2.832674303247754, 42.416769203931977 ], [ -2.833583760423608, 42.417544993935657 ], [ -2.834190098571884, 42.418068239795218 ], [ -2.834226497094771, 42.4181133314693 ], [ -2.834250817175631, 42.418095363630371 ], [ -2.834445542303297, 42.418014584655978 ], [ -2.835844442422102, 42.41759331677639 ], [ -2.838324952212251, 42.417200632559513 ], [ -2.838616522777648, 42.417237047610278 ], [ -2.838907911787051, 42.417372546652594 ], [ -2.839150239333486, 42.417652101946572 ], [ -2.839308101704107, 42.417751350681094 ], [ -2.839721035630104, 42.417860035961596 ], [ -2.841932842587244, 42.417980213939074 ], [ -2.843220752074334, 42.418171122166761 ], [ -2.843389706310503, 42.418675658784601 ], [ -2.843911314019211, 42.419072635292679 ], [ -2.844737484870529, 42.419235927441527 ], [ -2.845296668586102, 42.41919161017897 ], [ -2.845563849773993, 42.41930009471519 ], [ -2.846485567253658, 42.420102858027704 ], [ -2.846323002946906, 42.421966836561722 ], [ -2.845931719112713, 42.422893940969153 ], [ -2.846002292209977, 42.423875711151481 ], [ -2.846800196874848, 42.425641978788235 ], [ -2.847440623278881, 42.427218809582605 ], [ -2.848128781503877, 42.429174062826881 ], [ -2.848319677708506, 42.430633289142719 ], [ -2.848827964251871, 42.43164264445862 ], [ -2.84897327260749, 42.431876969976081 ], [ -2.849239219951252, 42.432480745286355 ], [ -2.849238502695584, 42.432777991320791 ], [ -2.849016093702843, 42.434245632200238 ], [ -2.848841987018875, 42.435875466094537 ], [ -2.847740672241123, 42.438773901218994 ], [ -2.847128843717611, 42.440367120571068 ], [ -2.846687384531651, 42.441888558775979 ], [ -2.843878453267248, 42.441947776859401 ], [ -2.839039066250917, 42.441950029215576 ], [ -2.837191799633021, 42.441587129447775 ], [ -2.835974348919059, 42.442170815978749 ], [ -2.83486563656315, 42.443006763741636 ], [ -2.834182646115023, 42.443780243099447 ], [ -2.833206282826514, 42.445138746028512 ], [ -2.832119405991008, 42.446866294959619 ], [ -2.831947968532649, 42.447289300439081 ], [ -2.83145854871459, 42.448414319472647 ], [ -2.831140390517257, 42.449143335545543 ], [ -2.831053754060517, 42.449719625992863 ], [ -2.830952887957676, 42.451025328976201 ], [ -2.831060446101446, 42.451736992051764 ], [ -2.831157363417047, 42.451872166496848 ], [ -2.831653933241634, 42.45261139300009 ], [ -2.832319450897335, 42.453864183837418 ], [ -2.833131073240424, 42.455072222944729 ], [ -2.833275491396662, 42.455630777478035 ], [ -2.833201792583495, 42.455927879986099 ], [ -2.829419815547876, 42.455769180650385 ], [ -2.826793894657103, 42.455377959152585 ], [ -2.823353981408231, 42.454706204653164 ], [ -2.821239374660807, 42.454162597417053 ], [ -2.819828961612344, 42.454070290049877 ], [ -2.818199597723776, 42.453968650146706 ], [ -2.814758357108599, 42.453800974004764 ], [ -2.820541035064096, 42.455962645104023 ], [ -2.823128438177491, 42.457056419425456 ], [ -2.826833116480238, 42.458782246236218 ], [ -2.831203771368672, 42.461679781256663 ], [ -2.83062010598584, 42.461633838327984 ], [ -2.828953686690622, 42.461640362437564 ], [ -2.823893009089281, 42.461947863396041 ], [ -2.8216638856712, 42.46308809675061 ], [ -2.819483222744356, 42.464273478048781 ], [ -2.819105545894222, 42.464489043001066 ], [ -2.814987187528603, 42.466859984442898 ], [ -2.811429884737116, 42.468646289137709 ], [ -2.810406719960139, 42.469103887213947 ], [ -2.809091961337728, 42.469407935143948 ], [ -2.806133135889083, 42.470330525683359 ], [ -2.804111610978454, 42.471029526189056 ], [ -2.803734074869639, 42.47115495872756 ], [ -2.803332212065873, 42.471298351115649 ], [ -2.801433148279977, 42.471700346881995 ], [ -2.80118949847707, 42.471807965834309 ], [ -2.800006669415764, 42.472697462486437 ], [ -2.797521193640536, 42.473854845782263 ], [ -2.796582644772662, 42.474393514552979 ], [ -2.788978897049597, 42.478090149211774 ], [ -2.782759372672116, 42.475349637836246 ], [ -2.78170692991508, 42.477121786580845 ], [ -2.781181324167092, 42.477832257479967 ], [ -2.780851859630598, 42.478101792662542 ], [ -2.779791884600884, 42.47854104155774 ], [ -2.779023174310508, 42.479160968773101 ], [ -2.778383354712494, 42.479751530434037 ], [ -2.777387431404516, 42.480670752297144 ], [ -2.769261074437937, 42.480420447978275 ], [ -2.768000260661352, 42.47918404971108 ], [ -2.766787029884958, 42.47827196213894 ], [ -2.765840129262863, 42.47772066306289 ], [ -2.76582992551692, 42.477716422948312 ], [ -2.763532227583318, 42.476761300278788 ], [ -2.763156108361473, 42.476481349486924 ], [ -2.762659645421284, 42.4758769022081 ], [ -2.762151595240139, 42.475110335768306 ], [ -2.761656645493418, 42.474100630056171 ], [ -2.760218326779734, 42.471657013497492 ], [ -2.759566148737407, 42.470421838277431 ], [ -2.758010170291968, 42.467005313969125 ], [ -2.757422972995338, 42.465769736812909 ], [ -2.757418930936216, 42.465761235669738 ], [ -2.757386782256908, 42.465523004994601 ], [ -2.757336260865392, 42.465148620719823 ], [ -2.7571774883517, 42.465292386513759 ], [ -2.756677374394398, 42.465642550780991 ], [ -2.75203584491596, 42.467442725967381 ], [ -2.748063454460718, 42.469145146246291 ], [ -2.739762316268543, 42.473251222933428 ], [ -2.739579958337387, 42.473223771193602 ], [ -2.737744002403443, 42.472994417403058 ], [ -2.734754780138996, 42.47504082732155 ], [ -2.732001904812999, 42.475853938857504 ], [ -2.731210557697029, 42.476005199748343 ], [ -2.729567674706562, 42.476109396218256 ], [ -2.728168170069756, 42.476205152403836 ], [ -2.726890049476207, 42.476364187929875 ], [ -2.724381880064477, 42.476817447433035 ], [ -2.723468231997396, 42.477094405532497 ], [ -2.723004300752338, 42.477453528729626 ], [ -2.722808298958528, 42.47775926197501 ], [ -2.722707249477696, 42.478587562584714 ], [ -2.719755208075804, 42.477625720705689 ], [ -2.719498784322055, 42.477823161217664 ], [ -2.717980460230943, 42.477288139163612 ], [ -2.717017557975869, 42.477682004968386 ], [ -2.716622516219558, 42.47625810297022 ], [ -2.716613549352932, 42.475555563249024 ], [ -2.713696014182327, 42.475053001132984 ], [ -2.713539663447665, 42.474674361383471 ], [ -2.71339887978818, 42.473548217495264 ], [ -2.712947997654995, 42.473700206778183 ], [ -2.711370101654441, 42.480819907221566 ], [ -2.709794390687934, 42.482166787017434 ], [ -2.707159522862725, 42.483609977758263 ], [ -2.70543881317734, 42.484695295096479 ], [ -2.704857795808973, 42.484063288762954 ], [ -2.704215177452687, 42.48386397258615 ], [ -2.704213871369283, 42.483863568453231 ], [ -2.696291019507736, 42.481762400525355 ], [ -2.696291380931561, 42.481761883643969 ], [ -2.698900436454887, 42.478040888536697 ], [ -2.698899915689854, 42.478040391843926 ], [ -2.69599831065899, 42.475266661462399 ], [ -2.693100079540096, 42.472495842802068 ], [ -2.689857149530455, 42.471586678264224 ], [ -2.68985648746144, 42.471586491851518 ], [ -2.691575794563508, 42.468268384301339 ], [ -2.691576015618045, 42.468267957115067 ], [ -2.691570871271877, 42.468266483412897 ], [ -2.689511021373076, 42.46767692696001 ], [ -2.68875867249819, 42.467305681616523 ], [ -2.687533047969657, 42.466707936445793 ], [ -2.686529924198568, 42.466419569250533 ], [ -2.686014796373632, 42.466271478954042 ], [ -2.684959436838774, 42.46569221313311 ], [ -2.684134794836227, 42.465194657502202 ], [ -2.68380900230416, 42.465113176942154 ], [ -2.683806827730724, 42.465112635090968 ], [ -2.682396610283144, 42.464955658896322 ], [ -2.680172211814308, 42.464135286001707 ], [ -2.678705851665474, 42.463594451748698 ], [ -2.676859464160444, 42.463129953688544 ], [ -2.67186956336039, 42.461903439390198 ], [ -2.671818156487378, 42.461890800994063 ] ], [ [ -2.713231170638475, 42.472980456192687 ], [ -2.712868144643044, 42.472556271252238 ], [ -2.712663422496981, 42.472096442230715 ], [ -2.712763053705809, 42.471592394092148 ], [ -2.713709194225708, 42.469550433613506 ], [ -2.713977968298077, 42.469280939704348 ], [ -2.71565025922905, 42.468024279085412 ], [ -2.716029088703936, 42.467637969087285 ], [ -2.716702449637092, 42.46668501668109 ], [ -2.718471626374604, 42.465482636068792 ], [ -2.719971372578841, 42.464675762239025 ], [ -2.720982922524871, 42.464236927896948 ], [ -2.72114158064721, 42.464120266676439 ], [ -2.721191810761134, 42.463760121168512 ], [ -2.720347523710809, 42.462182101646107 ], [ -2.720179563074135, 42.461641277386818 ], [ -2.720085613895361, 42.460893542200452 ], [ -2.720112833479317, 42.46025417126981 ], [ -2.720236721582119, 42.459750193694589 ], [ -2.720786260064754, 42.4592562045896 ], [ -2.721127723328444, 42.459040893437624 ], [ -2.721397321150925, 42.458591255890354 ], [ -2.722197844328142, 42.456341713636135 ], [ -2.722198187368051, 42.456341147093354 ], [ -2.722302529270291, 42.456167614122279 ], [ -2.723533360580871, 42.454120520257923 ], [ -2.723967708857183, 42.452140267435915 ], [ -2.724267746235919, 42.450294767687751 ], [ -2.724723666135154, 42.448935945267209 ], [ -2.724732918388951, 42.448925277422603 ], [ -2.725799293362618, 42.447695751528897 ], [ -2.72624582608931, 42.446925023014259 ], [ -2.726248962666654, 42.446919608920687 ], [ -2.72625205635001, 42.44691427127519 ], [ -2.726252613827625, 42.446913308969435 ], [ -2.726221813095838, 42.446907498615232 ], [ -2.72398056839744, 42.446484581476419 ], [ -2.722352720914725, 42.446111381620632 ], [ -2.721219232301531, 42.445786688309809 ], [ -2.721211617677235, 42.445784508360916 ], [ -2.721211150123114, 42.445784372134412 ], [ -2.719996661885396, 42.445448166314918 ], [ -2.718952654984133, 42.445067388185564 ], [ -2.717072047386153, 42.44416211296425 ], [ -2.716269368466136, 42.446852896187764 ], [ -2.715328826756608, 42.447787185130558 ], [ -2.712843512562281, 42.448798635929641 ], [ -2.712319621787641, 42.449013446189205 ], [ -2.711710141196193, 42.449318114518285 ], [ -2.70930885669187, 42.450518829055888 ], [ -2.709016263701407, 42.450680167594101 ], [ -2.70674103395403, 42.450926516783902 ], [ -2.705244469226568, 42.451093788451679 ], [ -2.704482400608619, 42.45281195450648 ], [ -2.703696833279768, 42.454340888033435 ], [ -2.702948934568849, 42.455608823108797 ], [ -2.70141804041178, 42.45783828275632 ], [ -2.702875189867699, 42.458328398730863 ], [ -2.703312729935993, 42.458401615587974 ], [ -2.704965325187603, 42.458721073619479 ], [ -2.705913863243917, 42.458750597450823 ], [ -2.707276480253741, 42.458645979076572 ], [ -2.708335302044612, 42.458495548505248 ], [ -2.710234832016496, 42.458023109320976 ], [ -2.709915007612768, 42.461426503353358 ], [ -2.709816289652674, 42.461732480308832 ], [ -2.709144133329901, 42.462415232674644 ], [ -2.708860496039447, 42.463252053969484 ], [ -2.708735343918732, 42.463990200382156 ], [ -2.707890351254762, 42.465230878500783 ], [ -2.707642273130547, 42.46626591276511 ], [ -2.707383033069598, 42.46706675485575 ], [ -2.707232997178606, 42.467930936483732 ], [ -2.706631172889073, 42.469172209071658 ], [ -2.705526852759063, 42.471177701919743 ], [ -2.713231170638475, 42.472980456192687 ] ], [ [ -2.790100830782113, 42.332375223330665 ], [ -2.782685313779328, 42.328623833010617 ], [ -2.782007403066715, 42.328109193339962 ], [ -2.780262545190964, 42.327268245547629 ], [ -2.776427417288257, 42.327233779597108 ], [ -2.773926798355336, 42.327336954173511 ], [ -2.772507329236326, 42.327172011030704 ], [ -2.767971053633905, 42.326370358406159 ], [ -2.766430616879619, 42.326106023073308 ], [ -2.765204211312245, 42.326256614846059 ], [ -2.7639295776912, 42.32633506846409 ], [ -2.762376074309205, 42.326322843682178 ], [ -2.760616228492773, 42.32631916802147 ], [ -2.758081269370265, 42.325881523275207 ], [ -2.757340948382591, 42.325888954366221 ], [ -2.75662486452155, 42.325896378084153 ], [ -2.755315025484748, 42.325650458856522 ], [ -2.753386040091529, 42.325448180471582 ], [ -2.750753162939393, 42.325253335349871 ], [ -2.750052458042942, 42.324432277720206 ], [ -2.749641322262312, 42.324071119566788 ], [ -2.748078780618603, 42.323302166618603 ], [ -2.746211493452635, 42.322874768182004 ], [ -2.74310208394328, 42.320526214970663 ], [ -2.742120171626805, 42.320253828163764 ], [ -2.73915364977565, 42.321571001418683 ], [ -2.734706685183509, 42.322794548528613 ], [ -2.734074395828038, 42.323072289918457 ], [ -2.733526617256483, 42.323476278788455 ], [ -2.73141896937916, 42.325353639179617 ], [ -2.729297675140148, 42.327555141860117 ], [ -2.726798088506197, 42.327414071192138 ], [ -2.726300225153484, 42.327466884764199 ], [ -2.725510108023514, 42.327744182024212 ], [ -2.722820901570199, 42.329295788012459 ], [ -2.720946118925814, 42.330579090688168 ], [ -2.721381579978777, 42.330904366908172 ], [ -2.722759660665968, 42.332168582246695 ], [ -2.724878250636642, 42.333443526387029 ], [ -2.726713837483949, 42.335618397920143 ], [ -2.728471719759017, 42.338936757557889 ], [ -2.729112247442056, 42.339604784244557 ], [ -2.72824821379399, 42.340098003560598 ], [ -2.728026482251426, 42.340836008648111 ], [ -2.727649949666491, 42.340898190194686 ], [ -2.727393719826319, 42.341185773572889 ], [ -2.727294966845429, 42.341563796702019 ], [ -2.727074980372209, 42.341896486214978 ], [ -2.726625154672303, 42.342048518673664 ], [ -2.726018007454502, 42.342083085006806 ], [ -2.725629244255073, 42.342154177352938 ], [ -2.725446002230854, 42.34240591186304 ], [ -2.725662931880498, 42.342775690034323 ], [ -2.726956613936811, 42.343994570410864 ], [ -2.727584697233807, 42.344743639465371 ], [ -2.727994461072833, 42.34542908415402 ], [ -2.735560587537721, 42.347716316307739 ], [ -2.736045194671339, 42.347960626722539 ], [ -2.736481732814048, 42.348087777605876 ], [ -2.735693908464548, 42.350652641206878 ], [ -2.738203980897723, 42.351414932450901 ], [ -2.739235399429918, 42.351579363854427 ], [ -2.739213461907477, 42.353938919293896 ], [ -2.741950354491685, 42.355692299470483 ], [ -2.743343084977263, 42.356587040897963 ], [ -2.745874325010559, 42.358222813058141 ], [ -2.745922817874242, 42.35822292142727 ], [ -2.749346368960825, 42.35843758254569 ], [ -2.751399246525297, 42.358252944684423 ], [ -2.751557196245282, 42.358244305262822 ], [ -2.756209115000653, 42.357957121117558 ], [ -2.757362603697247, 42.357977599920154 ], [ -2.759767890806941, 42.357712511547504 ], [ -2.760339002387206, 42.35761466757468 ], [ -2.760947242077131, 42.357327678265726 ], [ -2.762038539681556, 42.357744308057114 ], [ -2.763676688985579, 42.358062891541095 ], [ -2.765200493877743, 42.359714150179265 ], [ -2.76580789187655, 42.359652356068274 ], [ -2.766062999995765, 42.35962591080564 ], [ -2.766426849034586, 42.359743707499696 ], [ -2.767675234638424, 42.360394627632402 ], [ -2.768427190227365, 42.360639381773353 ], [ -2.769130987999372, 42.360793860516381 ], [ -2.769883582240505, 42.360867442894694 ], [ -2.770757840004357, 42.360887223491765 ], [ -2.772271069166378, 42.362178111893044 ], [ -2.778005030878246, 42.361613025016283 ], [ -2.779016761063958, 42.360525258444987 ], [ -2.780973167939358, 42.360141753080121 ], [ -2.782748007084029, 42.359586799634265 ], [ -2.782185907033203, 42.357109052910374 ], [ -2.781872354188089, 42.356496083498286 ], [ -2.779198600307638, 42.353717051220748 ], [ -2.779918448587061, 42.352727740219898 ], [ -2.780040537687601, 42.352529936531575 ], [ -2.780846734940625, 42.35114450644474 ], [ -2.783423731607584, 42.350275826584422 ], [ -2.783801114735013, 42.349997332257701 ], [ -2.78422761214975, 42.349547876946296 ], [ -2.786431922145169, 42.347597669337972 ], [ -2.78710281479793, 42.346662297229308 ], [ -2.787893723625809, 42.346141464110545 ], [ -2.788431837792948, 42.344998634517019 ], [ -2.788870632378058, 42.344459114908425 ], [ -2.789455073223144, 42.34395585045214 ], [ -2.790063561936817, 42.343515670747323 ], [ -2.79255718359438, 42.342043241190744 ], [ -2.792694679321165, 42.340836672814149 ], [ -2.792818246984401, 42.340188465006904 ], [ -2.793087123355158, 42.339648547789267 ], [ -2.793660275385848, 42.338857082800935 ], [ -2.794098548267257, 42.338479651057689 ], [ -2.795739776533937, 42.337726086847432 ], [ -2.796436432096069, 42.336277358381544 ], [ -2.796572060595851, 42.335629148492416 ], [ -2.797813289105407, 42.334667705455388 ], [ -2.794406342255019, 42.333445793945415 ], [ -2.790100830782113, 42.332375223330665 ] ] ], [ [ [ -2.951649775033653, 42.529564926081477 ], [ -2.951223686947657, 42.529555739687339 ], [ -2.950846092680289, 42.529708637883239 ], [ -2.950298453366931, 42.529303142801282 ], [ -2.94948335082698, 42.528483288830785 ], [ -2.948911150448215, 42.52836597823314 ], [ -2.946695089633405, 42.528427949386106 ], [ -2.945793912855018, 42.528562605181499 ], [ -2.944590211866103, 42.526679755777877 ], [ -2.944152585154921, 42.525887008894649 ], [ -2.943580589126126, 42.525643611600756 ], [ -2.940209967959822, 42.523552441355186 ], [ -2.938287683575622, 42.522191514789441 ], [ -2.937898533051749, 42.52177704562677 ], [ -2.936682750207247, 42.520137269512702 ], [ -2.936256997086308, 42.519821803607137 ], [ -2.935672867486224, 42.51955131528242 ], [ -2.93633127655217, 42.518615100760059 ], [ -2.936514978486544, 42.517507447897557 ], [ -2.936795756753535, 42.516787123203677 ], [ -2.938332872555518, 42.51354584546911 ], [ -2.939076415348431, 42.512582652285701 ], [ -2.939296054755437, 42.512069396995841 ], [ -2.940722463068675, 42.509791642529038 ], [ -2.942038866762171, 42.507919103049829 ], [ -2.94207556827828, 42.507730032619882 ], [ -2.942014953153028, 42.507450790358931 ], [ -2.941504596605388, 42.50659497352126 ], [ -2.941006739466475, 42.505297828927745 ], [ -2.940593405897603, 42.504820313245474 ], [ -2.939536063476797, 42.503234727552474 ], [ -2.938442599068706, 42.501306862831498 ], [ -2.937689118262216, 42.500180630827842 ], [ -2.937640484703275, 42.500108614981372 ], [ -2.937567595260408, 42.500018496693649 ], [ -2.936777500123967, 42.499063454700305 ], [ -2.935416100435437, 42.49745058690246 ], [ -2.934370635271529, 42.496324262887562 ], [ -2.928682160138788, 42.49030483364438 ], [ -2.929266355656222, 42.490269146877417 ], [ -2.940023941595685, 42.489617975040012 ], [ -2.940060477351839, 42.489617994153079 ], [ -2.948615764293359, 42.488631589569437 ], [ -2.94846870286624, 42.489910329308898 ], [ -2.947188252627343, 42.493133917318197 ], [ -2.946236223284352, 42.496366558649065 ], [ -2.945905935191664, 42.498266664500335 ], [ -2.945563574030215, 42.500112704341454 ], [ -2.945551297178215, 42.500184800478998 ], [ -2.945489125785342, 42.50165272363185 ], [ -2.948396680727313, 42.503185118949972 ], [ -2.95118481487342, 42.501988566190398 ], [ -2.952122297886663, 42.501592719294031 ], [ -2.952852348116145, 42.501818160761715 ], [ -2.959630552114731, 42.503333839389491 ], [ -2.967370659594704, 42.504714320080353 ], [ -2.969439653855201, 42.504967044066333 ], [ -2.97815441461661, 42.505176298569729 ], [ -2.978031498039707, 42.508202246217238 ], [ -2.977787323433531, 42.510318611677789 ], [ -2.97781145258208, 42.510994081287222 ], [ -2.975155679296229, 42.516018803528723 ], [ -2.974522263465269, 42.516856204362625 ], [ -2.972914056321558, 42.519710657857424 ], [ -2.972913872741756, 42.520115970519207 ], [ -2.972438843216775, 42.52055712848572 ], [ -2.970782599529911, 42.521619394570855 ], [ -2.970283202017895, 42.522069593547265 ], [ -2.969272004391634, 42.523537285706212 ], [ -2.968699440352333, 42.523996416998529 ], [ -2.968248827790165, 42.524266457479911 ], [ -2.967079795324228, 42.524698407097176 ], [ -2.966750552990733, 42.525598900548005 ], [ -2.962122616958525, 42.527641738195321 ], [ -2.96080726406807, 42.528127600215655 ], [ -2.959479824676786, 42.528541378135273 ], [ -2.958042906124708, 42.528793028025994 ], [ -2.954523051343731, 42.530052450591967 ], [ -2.953111437618763, 42.528971205179609 ], [ -2.951649775033653, 42.529564926081477 ] ] ], [ [ [ -2.172151359807575, 42.20292077169691 ], [ -2.173352111497046, 42.202803359014233 ], [ -2.17451473072452, 42.202820744164661 ], [ -2.175354966915034, 42.202484521242859 ], [ -2.177111914374682, 42.20244317224649 ], [ -2.178664777805085, 42.202256189180993 ], [ -2.183509501690629, 42.202299838266043 ], [ -2.18559438823746, 42.202188539462639 ], [ -2.185948989627899, 42.200047615154247 ], [ -2.187534198784218, 42.200166961463758 ], [ -2.188003524109875, 42.200404460988317 ], [ -2.18813449224037, 42.201531149940458 ], [ -2.188250571826656, 42.201919272155614 ], [ -2.188800251480963, 42.20250851354713 ], [ -2.189144043870857, 42.203096402427143 ], [ -2.189183354759863, 42.203808131424097 ], [ -2.18955985397816, 42.204675430555561 ], [ -2.190195273227511, 42.205193244158409 ], [ -2.191228319057154, 42.205876029591636 ], [ -2.192060497820186, 42.206161083450553 ], [ -2.193227246179361, 42.206817734994743 ], [ -2.193945278940703, 42.207507309487248 ], [ -2.194406821344212, 42.208366134085033 ], [ -2.194422321880975, 42.209050728801394 ], [ -2.194233072206769, 42.209634778752147 ], [ -2.193766804215525, 42.21105448780888 ], [ -2.19375423828572, 42.211090441584531 ], [ -2.193535532590417, 42.212088604632825 ], [ -2.193779940292115, 42.213828519724359 ], [ -2.197699480845467, 42.213333675924204 ], [ -2.198509828493637, 42.213438414242248 ], [ -2.199233064033871, 42.213731637430151 ], [ -2.199662563982244, 42.214257049396849 ], [ -2.200705107421379, 42.216128557876281 ], [ -2.20093394272839, 42.21719295879884 ], [ -2.202984065613542, 42.217954734874262 ], [ -2.201914442723125, 42.228790690841087 ], [ -2.204891551941087, 42.23296333403816 ], [ -2.205111961029137, 42.233748392544456 ], [ -2.204378313394413, 42.236192931541808 ], [ -2.204617543767314, 42.236446807000235 ], [ -2.205705565224296, 42.236661493398906 ], [ -2.206090560951941, 42.236889371824709 ], [ -2.206468845860081, 42.237648445465958 ], [ -2.205653744342915, 42.238858607881184 ], [ -2.206399038452654, 42.23935014554074 ], [ -2.206806812624448, 42.239695174205607 ], [ -2.207029482298223, 42.240300170170727 ], [ -2.207136141008645, 42.241462735727758 ], [ -2.207518748167161, 42.241879650009878 ], [ -2.207823950981122, 42.242674273541162 ], [ -2.210398655096571, 42.242268769703813 ], [ -2.210684202554861, 42.243666702672755 ], [ -2.212039639148528, 42.243838132558444 ], [ -2.212255575899961, 42.244019746182062 ], [ -2.212874887683189, 42.244897616570988 ], [ -2.212770803846193, 42.24547333131369 ], [ -2.212345350110993, 42.246542075658525 ], [ -2.212013085112033, 42.24694507483229 ], [ -2.211646166820651, 42.247203741106709 ], [ -2.211131921667278, 42.247614500050524 ], [ -2.209525274652309, 42.250080088536436 ], [ -2.209512933118943, 42.250098042873503 ], [ -2.203843743178368, 42.252661513157186 ], [ -2.203539272891557, 42.25181282225082 ], [ -2.198510261947406, 42.250705985401261 ], [ -2.195703724405605, 42.251199654688222 ], [ -2.195196838834507, 42.250070346348053 ], [ -2.193981389802265, 42.247467988921258 ], [ -2.192132901407458, 42.244140722411714 ], [ -2.191937350686895, 42.243319755779368 ], [ -2.191714969058388, 42.241751131984635 ], [ -2.188474108839979, 42.239278540432508 ], [ -2.187519631171781, 42.23810094331072 ], [ -2.18650891708588, 42.23564409844294 ], [ -2.183846713016797, 42.229690130136781 ], [ -2.183801887648644, 42.227528300937522 ], [ -2.18424212297191, 42.226279542980528 ], [ -2.184435823469261, 42.22535328678304 ], [ -2.184384624617323, 42.22462346997461 ], [ -2.184235465838312, 42.223973913344444 ], [ -2.183258236787204, 42.222706084686671 ], [ -2.181915792749364, 42.221570732153786 ], [ -2.181213455000699, 42.220602013708238 ], [ -2.180399375618212, 42.219839718596695 ], [ -2.178610673270954, 42.218557018768799 ], [ -2.17849363355708, 42.218240998478066 ], [ -2.178698219539725, 42.2174138549925 ], [ -2.178849043031113, 42.216063993310861 ], [ -2.178581530225182, 42.214269858310807 ], [ -2.178361681176686, 42.213475730165428 ], [ -2.177906813401998, 42.213049177708122 ], [ -2.177441593037498, 42.212487460975602 ], [ -2.177347669269639, 42.212261631367767 ], [ -2.176252262626658, 42.209858118314799 ], [ -2.17602596550381, 42.209559271556699 ], [ -2.174810563090441, 42.208001460047107 ], [ -2.174379550050817, 42.207611086296076 ], [ -2.172739133709719, 42.207067852756772 ], [ -2.172720256208939, 42.204807169454718 ], [ -2.172528657080105, 42.204634671375103 ], [ -2.171625324333381, 42.204240855511074 ], [ -2.171518328489529, 42.204086993593343 ], [ -2.171434651904452, 42.204005305008387 ], [ -2.171500129290875, 42.203627530634122 ], [ -2.171917849216026, 42.203180241464359 ], [ -2.172151359807575, 42.20292077169691 ] ] ], [ [ [ -2.493846081373337, 42.232839794808868 ], [ -2.495386502760506, 42.232675499888046 ], [ -2.500278464695735, 42.230121208666979 ], [ -2.503977544009554, 42.228200901495249 ], [ -2.511236444335493, 42.226601972825378 ], [ -2.511752091378765, 42.227315642327511 ], [ -2.513879891328706, 42.227964154287413 ], [ -2.515462644837065, 42.228565246500246 ], [ -2.516880098109035, 42.228616273936879 ], [ -2.520864844067157, 42.230497359107638 ], [ -2.523136118692861, 42.231425425315308 ], [ -2.524562612055721, 42.231890706470125 ], [ -2.525735898906171, 42.232183752704259 ], [ -2.526846476622753, 42.232764781179455 ], [ -2.529885300307096, 42.234803670753209 ], [ -2.533609002492639, 42.236025722057683 ], [ -2.5416397999852, 42.238309713178928 ], [ -2.543296244367053, 42.238856691073536 ], [ -2.547813612894085, 42.241036138835824 ], [ -2.5504084100878, 42.242595398689943 ], [ -2.555463235428259, 42.242525069996645 ], [ -2.555898557606207, 42.242670886213602 ], [ -2.556340155380757, 42.243654244010351 ], [ -2.555401357405795, 42.244425133403936 ], [ -2.555181366717133, 42.244685459170427 ], [ -2.554864227062811, 42.24668361631327 ], [ -2.555543271954811, 42.250099653505309 ], [ -2.555624891994569, 42.250559277546323 ], [ -2.555585262998533, 42.251018418239532 ], [ -2.553646302259921, 42.254361135611539 ], [ -2.552304477216202, 42.255526749324083 ], [ -2.55255024736547, 42.256770570065513 ], [ -2.552962745401838, 42.260158497299471 ], [ -2.548924172737303, 42.262024958949461 ], [ -2.544643744301955, 42.262089082346449 ], [ -2.543404556549053, 42.262435407573015 ], [ -2.538870665654345, 42.264002338438139 ], [ -2.532072734731733, 42.265073513508071 ], [ -2.52445553536409, 42.260602094859856 ], [ -2.520871919730955, 42.259920677011621 ], [ -2.518824236767148, 42.259749944640944 ], [ -2.516593098247245, 42.256624414162317 ], [ -2.517783260766941, 42.253189090231508 ], [ -2.516615522647881, 42.252112416097383 ], [ -2.516099794739306, 42.251389714282112 ], [ -2.513622202339217, 42.250415596450793 ], [ -2.513964161227709, 42.250083827718555 ], [ -2.514892418767606, 42.249178104524191 ], [ -2.513651679635728, 42.24816417413647 ], [ -2.513107006406239, 42.246486690632295 ], [ -2.514283814154482, 42.244771513649184 ], [ -2.511975391732029, 42.243906069617339 ], [ -2.511597463892218, 42.242616592072181 ], [ -2.509217552716445, 42.243164777771376 ], [ -2.508574582012512, 42.243234101784708 ], [ -2.506188232195292, 42.243043709526951 ], [ -2.502575672096438, 42.243118161881085 ], [ -2.50208896390142, 42.241810100244237 ], [ -2.499258821892409, 42.24104125331278 ], [ -2.499791677856869, 42.239566565981953 ], [ -2.499650701874257, 42.237476487463795 ], [ -2.498930726123853, 42.236563702267617 ], [ -2.497248065735376, 42.236313170141003 ], [ -2.494722417223791, 42.233888377264002 ], [ -2.493492624067877, 42.233090410881495 ], [ -2.493846081373337, 42.232839794808868 ] ] ] ] } },
{ "type": "Feature", "properties": { "codatzbs": "130111", "n_zbs": "SANTO DOMINGO DE LA CALZADA-EZCARAY", "ccaa_cd": "ES23", "area": "La Rioja" }, "geometry": { "type": "MultiPolygon", "coordinates": [ [ [ [ -2.849239219951252, 42.432480745286355 ], [ -2.84897327260749, 42.431876969976081 ], [ -2.848827964251871, 42.43164264445862 ], [ -2.850715626050865, 42.430240207894265 ], [ -2.851786087885253, 42.429980440419833 ], [ -2.852224278879476, 42.429728838483328 ], [ -2.853308181545921, 42.428892690813328 ], [ -2.853993519602758, 42.426966258524786 ], [ -2.854200520149837, 42.426822419806484 ], [ -2.854773534587562, 42.426102701947492 ], [ -2.855870109740565, 42.425041413683772 ], [ -2.855714899818914, 42.423798409849631 ], [ -2.855606072619676, 42.423555064959466 ], [ -2.854210908629009, 42.422373514214542 ], [ -2.853676965396136, 42.421985575931757 ], [ -2.854200270355224, 42.421716072588318 ], [ -2.855380875482158, 42.421060193021873 ], [ -2.855686271646562, 42.420394079690489 ], [ -2.857390427730345, 42.419342542357313 ], [ -2.858706802690486, 42.417714119569034 ], [ -2.857699047273347, 42.417235527649019 ], [ -2.85735877120121, 42.417235101152784 ], [ -2.85842951893443, 42.416750061694081 ], [ -2.880423591915784, 42.406814751863259 ], [ -2.88105948601141, 42.404753045893322 ], [ -2.88190024389616, 42.403511070455728 ], [ -2.882522738779069, 42.402097775727242 ], [ -2.883886096385099, 42.40079331774831 ], [ -2.885540661433158, 42.399705269323455 ], [ -2.885542879691446, 42.398525481564434 ], [ -2.884961620911807, 42.397444107558258 ], [ -2.883142956505042, 42.39534389479099 ], [ -2.881905718046625, 42.394225862249961 ], [ -2.879309037201111, 42.39245795409915 ], [ -2.877294442078266, 42.391294003823504 ], [ -2.879530049077506, 42.391269391756879 ], [ -2.880368685987857, 42.391081114963825 ], [ -2.881742576320513, 42.39057824657705 ], [ -2.881949368274246, 42.390434356579902 ], [ -2.885842304995139, 42.387610425334387 ], [ -2.887205561351239, 42.386179844992142 ], [ -2.887002562441735, 42.384216395341923 ], [ -2.887137838228229, 42.383315855799594 ], [ -2.888875931702628, 42.382786259870343 ], [ -2.891914155608708, 42.382059683155489 ], [ -2.893763454117736, 42.380359313883631 ], [ -2.895721719900089, 42.37884810395456 ], [ -2.896719898440092, 42.377552157646676 ], [ -2.896540406660559, 42.375921884935117 ], [ -2.899911003468024, 42.37216937881162 ], [ -2.900749501653689, 42.371899938828847 ], [ -2.901832924235292, 42.370324846894952 ], [ -2.904083111248228, 42.36821931859253 ], [ -2.906344227220982, 42.366753259541966 ], [ -2.905864043235439, 42.363060367816615 ], [ -2.905270022341512, 42.362375403636641 ], [ -2.907260175827267, 42.355181220495595 ], [ -2.907652385444985, 42.352731897931065 ], [ -2.909939953467318, 42.349338410883526 ], [ -2.911746513997667, 42.34254928090057 ], [ -2.913957332580275, 42.34154228747331 ], [ -2.914758781230891, 42.341407805844696 ], [ -2.91479572229209, 42.341047576424948 ], [ -2.913338608381687, 42.341253639806908 ], [ -2.911543907652673, 42.339883306954405 ], [ -2.91020839378339, 42.339945301031811 ], [ -2.908982526760735, 42.339800165282448 ], [ -2.901083509669831, 42.337434025385683 ], [ -2.900428274588556, 42.337262323698766 ], [ -2.896586437713866, 42.333485334305514 ], [ -2.896550051508531, 42.333449294932961 ], [ -2.893241111638996, 42.330645330722625 ], [ -2.891631786273766, 42.327761861095922 ], [ -2.891414250455766, 42.327239304898136 ], [ -2.890917861534727, 42.326527353230112 ], [ -2.890494506682523, 42.325707383551396 ], [ -2.890168226498246, 42.324869507315036 ], [ -2.890412760158728, 42.323906092579456 ], [ -2.89040144367097, 42.323428758184846 ], [ -2.889931127999346, 42.321726139352876 ], [ -2.889836246528956, 42.320465199310121 ], [ -2.889486227969276, 42.319411128043519 ], [ -2.889753492255192, 42.31920423904964 ], [ -2.890263284934048, 42.319150704562318 ], [ -2.89087035955057, 42.318980201016885 ], [ -2.891550579440659, 42.318620594378054 ], [ -2.892388260926223, 42.31843225858983 ], [ -2.892752888597792, 42.318099369385401 ], [ -2.893942324616042, 42.318001419520542 ], [ -2.89435586015121, 42.317470422154997 ], [ -2.895629666908622, 42.317696788672805 ], [ -2.895921705902534, 42.317210727431927 ], [ -2.893668993301042, 42.314614866167702 ], [ -2.892845194824814, 42.313812570821923 ], [ -2.893088631183134, 42.313380493666152 ], [ -2.894571457645182, 42.311940925560677 ], [ -2.899093071019057, 42.307162813406954 ], [ -2.908431420331153, 42.301785043186996 ], [ -2.910884438123403, 42.300183903985527 ], [ -2.914758633443765, 42.297169813005127 ], [ -2.918960595155988, 42.293660513690789 ], [ -2.919580195107362, 42.292985476389639 ], [ -2.937184252734542, 42.290258730473589 ], [ -2.93516094462861, 42.287943050302751 ], [ -2.934106493417586, 42.287185921005545 ], [ -2.931767116362774, 42.285743551282728 ], [ -2.931646394491727, 42.28524812663197 ], [ -2.9330060385737, 42.284150180169071 ], [ -2.933867720153317, 42.283691378383629 ], [ -2.934244281472056, 42.283088198831322 ], [ -2.934911683544883, 42.282692304900365 ], [ -2.93591884614438, 42.282269594946271 ], [ -2.934743986633488, 42.280737908665209 ], [ -2.933836417889045, 42.278846071223562 ], [ -2.933473108769723, 42.278368513844335 ], [ -2.932030829922093, 42.277521087102663 ], [ -2.931897798919707, 42.277160783293354 ], [ -2.931947602540502, 42.275998988288649 ], [ -2.931815049674109, 42.275215401516412 ], [ -2.931549069313097, 42.274485738111544 ], [ -2.936876907257419, 42.270427078156231 ], [ -2.938988616596896, 42.268699021475065 ], [ -2.941136257619266, 42.267196152223768 ], [ -2.941233364460412, 42.26713314118453 ], [ -2.942301140748365, 42.26638616752529 ], [ -2.943177855341585, 42.262387915424583 ], [ -2.942972564653662, 42.261514201428973 ], [ -2.944003740597932, 42.260803236006403 ], [ -2.944331566028724, 42.260299030794457 ], [ -2.944271528221933, 42.259695583269597 ], [ -2.945521466920953, 42.258363296138128 ], [ -2.946091984349499, 42.257535016713341 ], [ -2.947159968602664, 42.256319689865059 ], [ -2.948300393806166, 42.255302517919944 ], [ -2.94922258484709, 42.254330316210286 ], [ -2.949902417206797, 42.253186797556644 ], [ -2.950605899899013, 42.252727780250702 ], [ -2.951636738388207, 42.252223896363319 ], [ -2.954971432845092, 42.250937404052543 ], [ -2.955929596589073, 42.250289344390609 ], [ -2.956050942437404, 42.250118260950096 ], [ -2.956293595770422, 42.249776135082641 ], [ -2.956718109387665, 42.249443039594937 ], [ -2.958646274110074, 42.248399047360842 ], [ -2.960671096980483, 42.247652308795409 ], [ -2.962477437594585, 42.247337673511566 ], [ -2.965314936969401, 42.245564388179275 ], [ -2.967315793067262, 42.244006932228835 ], [ -2.972443819605104, 42.242279121730682 ], [ -2.972250415748985, 42.241063274999611 ], [ -2.973960567581785, 42.238433789774767 ], [ -2.974639860580552, 42.237101079941993 ], [ -2.974688489633042, 42.23667776872356 ], [ -2.973852870103735, 42.235200578461708 ], [ -2.973938708434409, 42.233021063762514 ], [ -2.974035830468389, 42.232615857185372 ], [ -2.975370134063223, 42.229599051450705 ], [ -2.97539640377291, 42.22932891563562 ], [ -2.975406676025881, 42.229220830452249 ], [ -2.9751648630864, 42.227932894377311 ], [ -2.974765244039178, 42.227185279892979 ], [ -2.979226262096325, 42.22254796543546 ], [ -2.980123097895781, 42.221962784853389 ], [ -2.981238623524683, 42.219747436970671 ], [ -2.982523403662424, 42.218162545107745 ], [ -2.983117448005034, 42.216991801920656 ], [ -2.983214503522476, 42.216541542180629 ], [ -2.982972753189542, 42.214641142499595 ], [ -2.983057908710289, 42.213479397912629 ], [ -2.983203533911253, 42.212704889182014 ], [ -2.982780011176172, 42.211281807637278 ], [ -2.984439935115972, 42.210444535754618 ], [ -2.987287017719876, 42.209706358887317 ], [ -2.989407005630837, 42.209922760561376 ], [ -2.99101827952554, 42.209940912511222 ], [ -2.992290193028198, 42.210598459507899 ], [ -2.994095296800405, 42.210265353798981 ], [ -2.996603141748232, 42.208500238457617 ], [ -2.998699068108905, 42.206113654093137 ], [ -2.999365311820448, 42.205627350490381 ], [ -3.000322392361194, 42.204762741817653 ], [ -3.002030385317151, 42.205149963809838 ], [ -3.007675281797249, 42.204519361011435 ], [ -3.008971397309418, 42.204519275976018 ], [ -3.009867734891736, 42.204158946739426 ], [ -3.01069408234045, 42.203659027653316 ], [ -3.013646763818036, 42.20186199293429 ], [ -3.013742495470678, 42.201708889769534 ], [ -3.014106930637283, 42.201123447163368 ], [ -3.01511193263425, 42.199754374385435 ], [ -3.01511193892336, 42.199313082881069 ], [ -3.015390380090349, 42.198790695333905 ], [ -3.016262243179263, 42.197673785173386 ], [ -3.017303837722336, 42.197340419210477 ], [ -3.018236378058138, 42.197142088970594 ], [ -3.020380126449663, 42.196979696581941 ], [ -3.020888880496807, 42.196961566238194 ], [ -3.022850967475078, 42.196898153085748 ], [ -3.024922412880154, 42.197564209296893 ], [ -3.02698113923441, 42.196807214977348 ], [ -3.028615977566101, 42.19613134015821 ], [ -3.029427499816192, 42.196135671359947 ], [ -3.030808255360271, 42.196139774212028 ], [ -3.033169921677476, 42.195868942009568 ], [ -3.034829119212138, 42.195562232249287 ], [ -3.036766732099477, 42.195111323132302 ], [ -3.037323349944785, 42.194940030647622 ], [ -3.037759766449574, 42.19480481763965 ], [ -3.038437317160358, 42.194872140327277 ], [ -3.041877958947875, 42.195217647467501 ], [ -3.044409593416308, 42.195676032310907 ], [ -3.04617679468537, 42.194108250377134 ], [ -3.046732103737677, 42.193666733583292 ], [ -3.047544616491165, 42.193017956001654 ], [ -3.048488896579867, 42.192396117154232 ], [ -3.051369728475856, 42.190305385524169 ], [ -3.052106028006007, 42.187260979650155 ], [ -3.054260875424404, 42.186242254216211 ], [ -3.056077257439723, 42.186142296205134 ], [ -3.058074298333306, 42.184898473326349 ], [ -3.059357400557766, 42.18436640348839 ], [ -3.06130605052142, 42.183275645736089 ], [ -3.063473930665166, 42.183535683268808 ], [ -3.064527486662719, 42.183580101291597 ], [ -3.065375421865143, 42.183894847148672 ], [ -3.066167809492629, 42.184254639848476 ], [ -3.066465801536376, 42.184389575851803 ], [ -3.067080968747916, 42.184600856839559 ], [ -3.067277463455429, 42.184668325624045 ], [ -3.06892468849609, 42.184919490309142 ], [ -3.06986924627734, 42.185009041233869 ], [ -3.071190859607815, 42.186539207000301 ], [ -3.072161410241693, 42.188087693898275 ], [ -3.073155805194495, 42.18926688683753 ], [ -3.074064960260323, 42.190004854500422 ], [ -3.074973753468069, 42.190454579837947 ], [ -3.076391797850671, 42.191390276698108 ], [ -3.077010091756128, 42.19189420174262 ], [ -3.079482703275775, 42.193513675973364 ], [ -3.082438471993292, 42.193988928971088 ], [ -3.084401739103656, 42.194906132101195 ], [ -3.087513929377926, 42.195340657222836 ], [ -3.089223110176586, 42.195577983917609 ], [ -3.090870020391771, 42.195315495987053 ], [ -3.091996433025606, 42.195350662373606 ], [ -3.095255678591391, 42.196149551145666 ], [ -3.09561922802357, 42.196320382097483 ], [ -3.098081375202853, 42.198560849016118 ], [ -3.098373389179538, 42.199407202463057 ], [ -3.0985247997876, 42.199695255076186 ], [ -3.099077980556944, 42.200757533465691 ], [ -3.099502801310353, 42.201324565803439 ], [ -3.099639694487482, 42.201473077862502 ], [ -3.102645431820997, 42.204726151745326 ], [ -3.1034221844227, 42.205653101119879 ], [ -3.104380618686797, 42.206552858183812 ], [ -3.10558130419538, 42.207443387951002 ], [ -3.104021755509818, 42.209372123138543 ], [ -3.102439063343067, 42.210445294144179 ], [ -3.102375968800543, 42.210490394753414 ], [ -3.101735521784434, 42.211544693899434 ], [ -3.100879151393066, 42.213968149695077 ], [ -3.100819328005387, 42.214427498047257 ], [ -3.100856556353329, 42.21500386491882 ], [ -3.101465693615701, 42.217146833318843 ], [ -3.101139122295575, 42.217507365673811 ], [ -3.101031851705161, 42.218633239752826 ], [ -3.101008962758149, 42.219515856879354 ], [ -3.100827870423446, 42.219930306931793 ], [ -3.099920992741356, 42.221146938234689 ], [ -3.099377565184873, 42.222318202725788 ], [ -3.099161634369936, 42.223714398158016 ], [ -3.099199958674618, 42.224975213719702 ], [ -3.099651842889931, 42.227253375291546 ], [ -3.100101965345413, 42.228405780815933 ], [ -3.100454284699938, 42.228981908827116 ], [ -3.101679904146337, 42.230052547685148 ], [ -3.10219084883295, 42.231258932821142 ], [ -3.102483275556837, 42.232231339853513 ], [ -3.102060853705825, 42.233357503944433 ], [ -3.101067973101356, 42.233934739347248 ], [ -3.100123737123146, 42.234620082971006 ], [ -3.099603377101439, 42.235097807576345 ], [ -3.097812709237948, 42.237098742320967 ], [ -3.0977047641541, 42.237837342190396 ], [ -3.096652979975304, 42.239594475237297 ], [ -3.095162566483551, 42.239838848015346 ], [ -3.093928176489351, 42.24115477989173 ], [ -3.093843881999145, 42.241515091338542 ], [ -3.093917840785971, 42.242370606305805 ], [ -3.093833460929266, 42.242694879092213 ], [ -3.092708589551, 42.244370968737954 ], [ -3.092345428127704, 42.244731520155213 ], [ -3.091873241876641, 42.245056096632773 ], [ -3.090516235753736, 42.245444391568022 ], [ -3.088589314866537, 42.245725120424588 ], [ -3.088904980735943, 42.246103084074257 ], [ -3.089123913264963, 42.246625323357307 ], [ -3.089597108333998, 42.247003167932959 ], [ -3.090131407286921, 42.247687271405816 ], [ -3.090655048158484, 42.24936198447692 ], [ -3.091056179027933, 42.250127235077663 ], [ -3.091226352087348, 42.250487325530081 ], [ -3.092489110233753, 42.251891285283612 ], [ -3.09287926830677, 42.253458069740383 ], [ -3.092928707236296, 42.254097467433752 ], [ -3.092868956419378, 42.254709895073013 ], [ -3.093793390800828, 42.256807613080383 ], [ -3.094146376388898, 42.257770986628287 ], [ -3.095531648171549, 42.259886294878889 ], [ -3.096041651691349, 42.260426265066052 ], [ -3.09690361258111, 42.261182069121105 ], [ -3.097718829781293, 42.263090662673704 ], [ -3.096496381512523, 42.264523652858379 ], [ -3.094219465352536, 42.266263710465161 ], [ -3.09334899190205, 42.268038671578914 ], [ -3.092150678466204, 42.269534637386279 ], [ -3.091290918013294, 42.270372871180207 ], [ -3.089621245017022, 42.273049005799571 ], [ -3.091771194760936, 42.275551044219199 ], [ -3.094052858051715, 42.276729002212434 ], [ -3.096166487355548, 42.279023859349621 ], [ -3.095542733300595, 42.283635490474119 ], [ -3.095520867934479, 42.28522066617959 ], [ -3.095594841350253, 42.286049175565637 ], [ -3.095851714299847, 42.287453915358839 ], [ -3.096959289026631, 42.289956728270504 ], [ -3.099380185989343, 42.29443975741502 ], [ -3.099904315970786, 42.296069406439088 ], [ -3.099954133664159, 42.296897931568154 ], [ -3.099896033995491, 42.298537087604252 ], [ -3.100139616058244, 42.299122251763805 ], [ -3.101030029094069, 42.302156620795607 ], [ -3.103157794374582, 42.305009660230432 ], [ -3.103571771693322, 42.305900941746827 ], [ -3.103548001214769, 42.306198139371524 ], [ -3.102701827369494, 42.308180323476002 ], [ -3.102618126919713, 42.308945848975021 ], [ -3.104658346269166, 42.310015766521524 ], [ -3.105654357264906, 42.310627280458554 ], [ -3.106201054726412, 42.311041064090219 ], [ -3.106456591827965, 42.311473133501835 ], [ -3.106590719916497, 42.31187827418475 ], [ -3.106664737539005, 42.312598652476339 ], [ -3.106641695107217, 42.313319233508317 ], [ -3.106485097859726, 42.31398581505141 ], [ -3.105603163638136, 42.316337199491976 ], [ -3.104986300777948, 42.317571627888007 ], [ -3.104501776275545, 42.318121441155277 ], [ -3.103811123561917, 42.31874347671927 ], [ -3.103060010237692, 42.319545710890978 ], [ -3.103389657597886, 42.320779249331657 ], [ -3.10069806469663, 42.322411729712869 ], [ -3.09806439030328, 42.322314905746097 ], [ -3.095773863722501, 42.324460279137632 ], [ -3.095801370007576, 42.326585676010268 ], [ -3.095862554447236, 42.326909899476867 ], [ -3.096202560981002, 42.327053689737376 ], [ -3.096967427162757, 42.327233161316201 ], [ -3.100306960501745, 42.328383146140816 ], [ -3.100671318238697, 42.328571958668654 ], [ -3.100987484060697, 42.328904865826985 ], [ -3.103564041218129, 42.331001028696114 ], [ -3.103928781286334, 42.331378963071877 ], [ -3.104222385443087, 42.332774655081323 ], [ -3.104417403348161, 42.333242826749149 ], [ -3.104684721781731, 42.333458720494676 ], [ -3.104745529947167, 42.333521707950496 ], [ -3.105646361653807, 42.335033938202628 ], [ -3.106472229712952, 42.33531235920897 ], [ -3.107018965756434, 42.335618038209539 ], [ -3.107737192671248, 42.336860243991744 ], [ -3.108041374646814, 42.337229221939275 ], [ -3.110690047309763, 42.338577640081262 ], [ -3.110885097220971, 42.339054797355843 ], [ -3.110813797433236, 42.339937477054058 ], [ -3.110770925406603, 42.343206747444952 ], [ -3.11000976847786, 42.345296874837366 ], [ -3.109537842845214, 42.34619793068002 ], [ -3.108992620517593, 42.346837881172917 ], [ -3.109855735636274, 42.347494540215813 ], [ -3.110196769640232, 42.348115612610542 ], [ -3.109668330503149, 42.35144838273807 ], [ -3.109256244168128, 42.35188107492727 ], [ -3.102469120942426, 42.351995395698331 ], [ -3.092581028777163, 42.35288568447546 ], [ -3.092574831086003, 42.352886243355343 ], [ -3.087575464642593, 42.352179226539718 ], [ -3.087571335586969, 42.352178644296067 ], [ -3.077336914546309, 42.353185557185292 ], [ -3.070041118116324, 42.354649217718347 ], [ -3.06834145559068, 42.354911367378108 ], [ -3.066945227791959, 42.355038289199847 ], [ -3.066059163146695, 42.355344995460833 ], [ -3.064386800747342, 42.356191293263471 ], [ -3.064384379534946, 42.356192519453494 ], [ -3.06371381193283, 42.356086341893217 ], [ -3.063704229844821, 42.356084825185448 ], [ -3.063462080473367, 42.356697390866309 ], [ -3.063389896713063, 42.357354831409658 ], [ -3.063718732597509, 42.358399383247054 ], [ -3.0634524090071, 42.359219057394171 ], [ -3.063563719604449, 42.361182340786328 ], [ -3.06328601403857, 42.362848616917553 ], [ -3.064379897162961, 42.363757627997643 ], [ -3.065438054322358, 42.365315115440524 ], [ -3.066435007070742, 42.366386284022468 ], [ -3.067930192822293, 42.367709293969618 ], [ -3.070810469786313, 42.369472782053336 ], [ -3.073679454126796, 42.371758522989786 ], [ -3.077633407419929, 42.377213653257918 ], [ -3.079446048957804, 42.379409941470527 ], [ -3.0814166283999, 42.381561028066727 ], [ -3.082583778057007, 42.382334723899042 ], [ -3.08264515595181, 42.382812019980371 ], [ -3.083533345705085, 42.383847061811551 ], [ -3.083691808380383, 42.384288268486848 ], [ -3.08481090056373, 42.385386135952224 ], [ -3.084819572544701, 42.385384720088517 ], [ -3.094903681208601, 42.383739268479616 ], [ -3.09490790407211, 42.383740224129568 ], [ -3.103689942078536, 42.385731091496353 ], [ -3.103693292480973, 42.385729543927113 ], [ -3.104394029833372, 42.385406264148848 ], [ -3.10439699943912, 42.385409535147311 ], [ -3.105270227645419, 42.386369081494031 ], [ -3.104519184388633, 42.387657682462084 ], [ -3.103417993769315, 42.390324415265844 ], [ -3.100533336052337, 42.394631888273878 ], [ -3.097635340472028, 42.39845295460232 ], [ -3.096991552029046, 42.398606619936288 ], [ -3.097163528717271, 42.399786200386195 ], [ -3.096436972653676, 42.401452984429248 ], [ -3.096062435306154, 42.402894247925367 ], [ -3.095737836599243, 42.405182071777396 ], [ -3.096540309963996, 42.405442615057837 ], [ -3.097161611633551, 42.406450713852692 ], [ -3.098378978645156, 42.407809632246575 ], [ -3.098890453136947, 42.408502633469624 ], [ -3.099183921268696, 42.409664142361777 ], [ -3.099028083253415, 42.411042275581543 ], [ -3.100001874533335, 42.412023052008365 ], [ -3.100041426661043, 42.41395935140855 ], [ -3.101346348607753, 42.416777114879181 ], [ -3.101066997737196, 42.416787724716293 ], [ -3.098186426834154, 42.416896912385162 ], [ -3.097697226317468, 42.416787248980732 ], [ -3.097225906643448, 42.416681588605556 ], [ -3.096839143438904, 42.41678508972236 ], [ -3.096314708036114, 42.416925461509933 ], [ -3.094310320240913, 42.417665601837065 ], [ -3.09201529454658, 42.419144469265675 ], [ -3.090545660091141, 42.419911136443481 ], [ -3.090354702384186, 42.422369921459889 ], [ -3.080088434974294, 42.41678467981987 ], [ -3.078178931510076, 42.415750303062531 ], [ -3.078606258516251, 42.407509459916064 ], [ -3.078920263728366, 42.405924170979368 ], [ -3.079936931537364, 42.402627274945623 ], [ -3.08265200799869, 42.397383820140767 ], [ -3.081507072877538, 42.395214175514049 ], [ -3.080752974370168, 42.394611252832533 ], [ -3.079815339249191, 42.392963829956365 ], [ -3.07955930195725, 42.392252529202246 ], [ -3.079510690560189, 42.392261563571253 ], [ -3.078683509887802, 42.391406506417127 ], [ -3.075014598191676, 42.391643116730656 ], [ -3.074746711101632, 42.391129977450014 ], [ -3.075061818815127, 42.390499344385638 ], [ -3.074902149346805, 42.389004449432157 ], [ -3.073381866611014, 42.387564383595375 ], [ -3.073513280090683, 42.385646044196612 ], [ -3.067858275154168, 42.380020681333676 ], [ -3.066555985415598, 42.377598776683065 ], [ -3.065751118691884, 42.374465113578893 ], [ -3.064413877773053, 42.373340140819593 ], [ -3.061946975942872, 42.372053596555702 ], [ -3.060257496401157, 42.370775596348125 ], [ -3.057694244589682, 42.370119462624771 ], [ -3.056880669497332, 42.370272948243148 ], [ -3.055837409131383, 42.371687407963556 ], [ -3.053142537110329, 42.373417833639422 ], [ -3.054530124498558, 42.376920603385081 ], [ -3.054799337974603, 42.379153951994567 ], [ -3.055262641307322, 42.381180113007723 ], [ -3.056007095422308, 42.385142413447852 ], [ -3.056652409384506, 42.386754200804212 ], [ -3.05772299737844, 42.388446800022692 ], [ -3.058429857284155, 42.390824050853979 ], [ -3.059184267223566, 42.392075534627963 ], [ -3.059185231782231, 42.393111224328074 ], [ -3.061033459808472, 42.394605272555673 ], [ -3.062850345785625, 42.401223795348656 ], [ -3.064019925666943, 42.404276189646403 ], [ -3.062588287903819, 42.406519475865643 ], [ -3.060657782144435, 42.408357745426812 ], [ -3.058921339632263, 42.409907707655563 ], [ -3.058924644199044, 42.413420034317504 ], [ -3.057554882261695, 42.416771101315526 ], [ -3.057396594243465, 42.417158290520355 ], [ -3.063299248593495, 42.424909437166505 ], [ -3.061417890848577, 42.427819411512125 ], [ -3.057691388741111, 42.43390937584406 ], [ -3.055152404548221, 42.436153096103951 ], [ -3.051106758458888, 42.439892409400144 ], [ -3.04600384986436, 42.44515400434662 ], [ -3.049753527696408, 42.450943391118201 ], [ -3.050276977224135, 42.451591596978325 ], [ -3.053976800658138, 42.454976220367882 ], [ -3.055266668495167, 42.455804172001557 ], [ -3.060988684852929, 42.461988494408139 ], [ -3.062306361987936, 42.466139515901375 ], [ -3.064208789962447, 42.470947717560527 ], [ -3.073314507085, 42.476480999640074 ], [ -3.082302573000447, 42.474484669503582 ], [ -3.082364969969143, 42.475682412708892 ], [ -3.08277888608875, 42.475943328441851 ], [ -3.089303921764297, 42.478874443869273 ], [ -3.090421811096169, 42.477882941308785 ], [ -3.091431552331509, 42.486266693748512 ], [ -3.093986786610138, 42.486300681987338 ], [ -3.094695194446614, 42.488074290683947 ], [ -3.093252282894464, 42.491524743173557 ], [ -3.091075981195236, 42.492886339544661 ], [ -3.088254275208313, 42.49395119246735 ], [ -3.086795308595276, 42.494979021944644 ], [ -3.083170994491893, 42.496611687275092 ], [ -3.080410388125392, 42.498144675499404 ], [ -3.079291970791267, 42.499091074951657 ], [ -3.078980579539894, 42.500107563855885 ], [ -3.078952524807525, 42.500199028878932 ], [ -3.075369702985812, 42.506487586881086 ], [ -3.07513923845223, 42.507091062047827 ], [ -3.075201466554164, 42.508279843404395 ], [ -3.075384869108053, 42.50901823089896 ], [ -3.075373492699719, 42.509684660635351 ], [ -3.07472066159847, 42.513467576700009 ], [ -3.073980636586076, 42.515665482993938 ], [ -3.074029705301681, 42.516007704385302 ], [ -3.075749887229847, 42.519113666579464 ], [ -3.076092064036724, 42.520194120053858 ], [ -3.074107658333078, 42.520195396132813 ], [ -3.072732134691674, 42.520340387124406 ], [ -3.071149787702669, 42.520620532866168 ], [ -3.067157549030024, 42.521586526862414 ], [ -3.06541706191868, 42.522091850084898 ], [ -3.063530673084791, 42.52280435410259 ], [ -3.061997252610245, 42.523462635748153 ], [ -3.060172826210618, 42.52539981624998 ], [ -3.056230488960562, 42.5282116432058 ], [ -3.055451656324306, 42.528707330097511 ], [ -3.054843083874029, 42.528977824988374 ], [ -3.053625808416973, 42.529374638823768 ], [ -3.052299347852232, 42.530302792249344 ], [ -3.050911787500038, 42.5310239015866 ], [ -3.048489291186057, 42.531862474569586 ], [ -3.047710009707498, 42.531898829471267 ], [ -3.045140648614566, 42.531737717691279 ], [ -3.044446615853516, 42.531864103903331 ], [ -3.041208192568388, 42.532738828198667 ], [ -3.040441073577938, 42.532748090194552 ], [ -3.037409415412796, 42.533325464088932 ], [ -3.034094601032823, 42.528355222784661 ], [ -3.033448902973364, 42.527589898134735 ], [ -3.033107826038548, 42.527256747009943 ], [ -3.032705821435739, 42.526887642040329 ], [ -3.031426753610829, 42.525789249860054 ], [ -3.030330083247511, 42.523727203344635 ], [ -3.029257924480751, 42.522124414919112 ], [ -3.023912544416266, 42.520252333535929 ], [ -3.022049645224187, 42.519694309387638 ], [ -3.020880791782723, 42.519397341605291 ], [ -3.020320753010752, 42.519262297801077 ], [ -3.01883537129621, 42.518974380578229 ], [ -3.01408677541025, 42.515669817536576 ], [ -3.011712687402132, 42.51420206715806 ], [ -3.010897039109515, 42.513823902493911 ], [ -3.009764870176201, 42.513319690893105 ], [ -3.009375359925621, 42.513355760362991 ], [ -3.008827578139307, 42.513725050365004 ], [ -3.00655133687364, 42.514886899232685 ], [ -3.006040033771936, 42.515022046684059 ], [ -3.005553080729497, 42.515040028089999 ], [ -3.005358269646055, 42.515049072939249 ], [ -3.002874901144126, 42.514319630117726 ], [ -3.002010594756179, 42.514013432275888 ], [ -3.000318583637977, 42.513148878060811 ], [ -2.9990404063141, 42.512257285365095 ], [ -2.998346579942378, 42.511653831638611 ], [ -2.996971203204339, 42.510140811421977 ], [ -2.995656639644012, 42.509023998694353 ], [ -2.993368484818887, 42.50753792653056 ], [ -2.992333913327399, 42.507042510423176 ], [ -2.991153612862228, 42.504628807052157 ], [ -2.990703359989669, 42.504169449384079 ], [ -2.991239236881659, 42.501972075227364 ], [ -2.989973375069901, 42.502368210219849 ], [ -2.989815015433821, 42.503088662691482 ], [ -2.985871407622261, 42.503880746909402 ], [ -2.978957699617528, 42.505086375744504 ], [ -2.97815441461661, 42.505176298569729 ], [ -2.969439653855201, 42.504967044066333 ], [ -2.967370659594704, 42.504714320080353 ], [ -2.959630552114731, 42.503333839389491 ], [ -2.952852348116145, 42.501818160761715 ], [ -2.952122297886663, 42.501592719294031 ], [ -2.95118481487342, 42.501988566190398 ], [ -2.948396680727313, 42.503185118949972 ], [ -2.945489125785342, 42.50165272363185 ], [ -2.945551297178215, 42.500184800478998 ], [ -2.945563574030215, 42.500112704341454 ], [ -2.945905935191664, 42.498266664500335 ], [ -2.946236223284352, 42.496366558649065 ], [ -2.947188252627343, 42.493133917318197 ], [ -2.94846870286624, 42.489910329308898 ], [ -2.948615764293359, 42.488631589569437 ], [ -2.940060477351839, 42.489617994153079 ], [ -2.940023941595685, 42.489617975040012 ], [ -2.929266355656222, 42.490269146877417 ], [ -2.928682160138788, 42.49030483364438 ], [ -2.934370635271529, 42.496324262887562 ], [ -2.935416100435437, 42.49745058690246 ], [ -2.936777500123967, 42.499063454700305 ], [ -2.937567595260408, 42.500018496693649 ], [ -2.937640484703275, 42.500108614981372 ], [ -2.937689118262216, 42.500180630827842 ], [ -2.938442599068706, 42.501306862831498 ], [ -2.939536063476797, 42.503234727552474 ], [ -2.940593405897603, 42.504820313245474 ], [ -2.941006739466475, 42.505297828927745 ], [ -2.941504596605388, 42.50659497352126 ], [ -2.942014953153028, 42.507450790358931 ], [ -2.94207556827828, 42.507730032619882 ], [ -2.942038866762171, 42.507919103049829 ], [ -2.940722463068675, 42.509791642529038 ], [ -2.939296054755437, 42.512069396995841 ], [ -2.939076415348431, 42.512582652285701 ], [ -2.938332872555518, 42.51354584546911 ], [ -2.936795756753535, 42.516787123203677 ], [ -2.936514978486544, 42.517507447897557 ], [ -2.93633127655217, 42.518615100760059 ], [ -2.935672867486224, 42.51955131528242 ], [ -2.936256997086308, 42.519821803607137 ], [ -2.936682750207247, 42.520137269512702 ], [ -2.937898533051749, 42.52177704562677 ], [ -2.938287683575622, 42.522191514789441 ], [ -2.940209967959822, 42.523552441355186 ], [ -2.943580589126126, 42.525643611600756 ], [ -2.944152585154921, 42.525887008894649 ], [ -2.944590211866103, 42.526679755777877 ], [ -2.943006219488348, 42.527903797023249 ], [ -2.940374947326076, 42.529253310838591 ], [ -2.937488061414992, 42.53030541341559 ], [ -2.936452921039661, 42.530439956776235 ], [ -2.934589479615209, 42.530889178249161 ], [ -2.933992892604367, 42.530825751235291 ], [ -2.933092134896119, 42.530519045033969 ], [ -2.932495680430784, 42.530383568152523 ], [ -2.931704140558574, 42.530410130167304 ], [ -2.929560602626766, 42.530868100324682 ], [ -2.92708844944962, 42.531118695760348 ], [ -2.924993568009409, 42.531549576776385 ], [ -2.924798698505693, 42.531594467405569 ], [ -2.922447764389766, 42.532286390811485 ], [ -2.921535465929091, 42.531493217245554 ], [ -2.917716382112844, 42.528239352369255 ], [ -2.91675419982667, 42.528391751254958 ], [ -2.916438135588872, 42.528040281978051 ], [ -2.916535926778708, 42.527770168287567 ], [ -2.917426105615244, 42.526744149654832 ], [ -2.917572756152082, 42.526348023612456 ], [ -2.917561098773258, 42.526005767278576 ], [ -2.917281379785661, 42.525735389673862 ], [ -2.916478175390608, 42.525428592384777 ], [ -2.914822756020016, 42.525112143464277 ], [ -2.913923460240524, 42.523922702425558 ], [ -2.913181636669826, 42.523327734783294 ], [ -2.910931181168359, 42.521957113357985 ], [ -2.909228007785527, 42.521100154190172 ], [ -2.90339920263976, 42.519267116728955 ], [ -2.90266974389138, 42.518645109479351 ], [ -2.901650105919892, 42.516761928832828 ], [ -2.901261586676502, 42.51614020353216 ], [ -2.90066648840629, 42.515212053003239 ], [ -2.899670290864764, 42.513977368597573 ], [ -2.8990996446215, 42.513049249904547 ], [ -2.898092843894006, 42.510922936579938 ], [ -2.898557603928662, 42.509554465023875 ], [ -2.898984709988999, 42.508897423211046 ], [ -2.899119171357832, 42.508564310241887 ], [ -2.899010133475203, 42.50825805982074 ], [ -2.89193417620719, 42.50355939526046 ], [ -2.890019524699253, 42.505673925684953 ], [ -2.888583050333658, 42.505798608662673 ], [ -2.887755354062912, 42.505815811856088 ], [ -2.887280710003774, 42.50576133151295 ], [ -2.884605755823843, 42.504263627402196 ], [ -2.8835112645062, 42.50378519185891 ], [ -2.883316861265647, 42.503586882921468 ], [ -2.882854802152959, 42.503334235423004 ], [ -2.881760322283965, 42.50286476105348 ], [ -2.879972595124905, 42.502124415659594 ], [ -2.876713508044434, 42.500770006346833 ], [ -2.875095531356429, 42.50038100173591 ], [ -2.87369645465608, 42.500118242157967 ], [ -2.873611315829289, 42.500091147778384 ], [ -2.87211496801501, 42.499792295699464 ], [ -2.86878158238478, 42.499203087077333 ], [ -2.868075565358218, 42.499247311369302 ], [ -2.86594492612323, 42.499632046777499 ], [ -2.865567622240321, 42.499649603082936 ], [ -2.864728017512119, 42.499558559103129 ], [ -2.862720987986333, 42.499069812887662 ], [ -2.858828094642207, 42.498380610025208 ], [ -2.855299461099314, 42.498042956583433 ], [ -2.854203479280066, 42.49832072377685 ], [ -2.85330291266306, 42.498319563809169 ], [ -2.851416511506192, 42.498344151385723 ], [ -2.849700704866176, 42.498242808014759 ], [ -2.84602645562002, 42.497769552896791 ], [ -2.844495452436616, 42.496812834517989 ], [ -2.843220316761149, 42.495766441036672 ], [ -2.8423092097968, 42.495107720126448 ], [ -2.841312388004218, 42.494674039300151 ], [ -2.839642335390072, 42.495779409749986 ], [ -2.838131630833275, 42.496407684369785 ], [ -2.836547192487359, 42.497315042293458 ], [ -2.835705363859632, 42.498124372325123 ], [ -2.834926382371568, 42.498159225181091 ], [ -2.834061866524338, 42.498302069015097 ], [ -2.833002281266249, 42.498606725368305 ], [ -2.831990928490663, 42.499055529463973 ], [ -2.830168211544214, 42.498026145825548 ], [ -2.831046966554168, 42.497099829959652 ], [ -2.831597180893378, 42.496146017187208 ], [ -2.833832516466279, 42.493051273479544 ], [ -2.834858929144119, 42.491449736747249 ], [ -2.833935481702547, 42.490944054590621 ], [ -2.825801899033075, 42.488329152935648 ], [ -2.823747123792009, 42.487749642338912 ], [ -2.822603897093324, 42.487540736677587 ], [ -2.821229394338708, 42.487367421446223 ], [ -2.820855310208492, 42.486286136059853 ], [ -2.818556603188242, 42.485931260330574 ], [ -2.816160214739211, 42.485702262619959 ], [ -2.815564283593724, 42.485611274137447 ], [ -2.814130546154618, 42.484906437566295 ], [ -2.813913254489496, 42.48433870518754 ], [ -2.813343843972514, 42.483527267120152 ], [ -2.812191825681345, 42.482246525445206 ], [ -2.812010113480845, 42.481966983294079 ], [ -2.811672430466834, 42.480975827155149 ], [ -2.811479351576808, 42.480462169505735 ], [ -2.810983779028823, 42.479389633263416 ], [ -2.810754975964174, 42.4786057290626 ], [ -2.810662906911427, 42.476858452889687 ], [ -2.810828259631414, 42.474490150794189 ], [ -2.811100010804172, 42.47313971778933 ], [ -2.809946334689825, 42.472480354285636 ], [ -2.806133135889083, 42.470330525683359 ], [ -2.809091961337728, 42.469407935143948 ], [ -2.810406719960139, 42.469103887213947 ], [ -2.811429884737116, 42.468646289137709 ], [ -2.814987187528603, 42.466859984442898 ], [ -2.819105545894222, 42.464489043001066 ], [ -2.819483222744356, 42.464273478048781 ], [ -2.8216638856712, 42.46308809675061 ], [ -2.823893009089281, 42.461947863396041 ], [ -2.828953686690622, 42.461640362437564 ], [ -2.83062010598584, 42.461633838327984 ], [ -2.831203771368672, 42.461679781256663 ], [ -2.826833116480238, 42.458782246236218 ], [ -2.823128438177491, 42.457056419425456 ], [ -2.820541035064096, 42.455962645104023 ], [ -2.814758357108599, 42.453800974004764 ], [ -2.818199597723776, 42.453968650146706 ], [ -2.819828961612344, 42.454070290049877 ], [ -2.821239374660807, 42.454162597417053 ], [ -2.823353981408231, 42.454706204653164 ], [ -2.826793894657103, 42.455377959152585 ], [ -2.829419815547876, 42.455769180650385 ], [ -2.833201792583495, 42.455927879986099 ], [ -2.833275491396662, 42.455630777478035 ], [ -2.833131073240424, 42.455072222944729 ], [ -2.832319450897335, 42.453864183837418 ], [ -2.831653933241634, 42.45261139300009 ], [ -2.831157363417047, 42.451872166496848 ], [ -2.831060446101446, 42.451736992051764 ], [ -2.830952887957676, 42.451025328976201 ], [ -2.831053754060517, 42.449719625992863 ], [ -2.831140390517257, 42.449143335545543 ], [ -2.83145854871459, 42.448414319472647 ], [ -2.831947968532649, 42.447289300439081 ], [ -2.832119405991008, 42.446866294959619 ], [ -2.833206282826514, 42.445138746028512 ], [ -2.834182646115023, 42.443780243099447 ], [ -2.83486563656315, 42.443006763741636 ], [ -2.835974348919059, 42.442170815978749 ], [ -2.837191799633021, 42.441587129447775 ], [ -2.839039066250917, 42.441950029215576 ], [ -2.843878453267248, 42.441947776859401 ], [ -2.846687384531651, 42.441888558775979 ], [ -2.847128843717611, 42.440367120571068 ], [ -2.847740672241123, 42.438773901218994 ], [ -2.848841987018875, 42.435875466094537 ], [ -2.849016093702843, 42.434245632200238 ], [ -2.849238502695584, 42.432777991320791 ], [ -2.849239219951252, 42.432480745286355 ] ], [ [ -2.811100010804172, 42.47313971778933 ], [ -2.81817052144082, 42.476456449536023 ], [ -2.818896741775331, 42.477736450509887 ], [ -2.82045338328354, 42.477955047718375 ], [ -2.822520637238931, 42.478327491740096 ], [ -2.825377730262161, 42.479034433048987 ], [ -2.829985314700235, 42.480311227563718 ], [ -2.831468073001557, 42.480889815268192 ], [ -2.835637747699517, 42.482246808619408 ], [ -2.840495885546522, 42.485612944096864 ], [ -2.841396090973951, 42.48568626575603 ], [ -2.841651804943258, 42.485632583033741 ], [ -2.841943947121834, 42.485578949981679 ], [ -2.842540716003731, 42.4853636505118 ], [ -2.843978814664615, 42.484446986500942 ], [ -2.84625766685278, 42.483009182814413 ], [ -2.847098833467209, 42.48235289956007 ], [ -2.84758667567197, 42.481867199825402 ], [ -2.848500725701666, 42.481247005051408 ], [ -2.848756121687103, 42.481274403298372 ], [ -2.851407643609743, 42.481638120374427 ], [ -2.85386602519118, 42.481371172417823 ], [ -2.854194612195885, 42.481362557068259 ], [ -2.857161482359522, 42.482140837747906 ], [ -2.861762118869688, 42.481444065980867 ], [ -2.862248664067932, 42.481489736240469 ], [ -2.863695420957022, 42.4820227837536 ], [ -2.864619622218533, 42.48225805698462 ], [ -2.867247732643365, 42.482261162627246 ], [ -2.868914377910848, 42.482371149054991 ], [ -2.870215909813294, 42.482534787860551 ], [ -2.873037027370476, 42.483330507766908 ], [ -2.878702282466449, 42.485750272920939 ], [ -2.885559221069797, 42.488819426364728 ], [ -2.886106088489193, 42.489225271526308 ], [ -2.886446113558409, 42.489576808195743 ], [ -2.887320591687371, 42.490541334327624 ], [ -2.888159122214671, 42.491109579123609 ], [ -2.892024967165562, 42.493346770579727 ], [ -2.894261618393956, 42.494780810963967 ], [ -2.895124574650878, 42.495448074562844 ], [ -2.895331166213435, 42.495610350446235 ], [ -2.896193745202694, 42.496457674609594 ], [ -2.898867517412381, 42.498693592408031 ], [ -2.900314579679348, 42.499415344084859 ], [ -2.901226918947887, 42.499722351897987 ], [ -2.901361748923629, 42.499119088500613 ], [ -2.902265118913398, 42.497354694357995 ], [ -2.902485939556964, 42.496220130300301 ], [ -2.903097335014, 42.49435643495007 ], [ -2.903574279967876, 42.49288890797137 ], [ -2.903660600871905, 42.492141516871769 ], [ -2.903577388770028, 42.4908895675648 ], [ -2.903469876944969, 42.489592613014587 ], [ -2.901761421885793, 42.484944078027411 ], [ -2.901326738407285, 42.482872346713719 ], [ -2.901315545742029, 42.482232915042175 ], [ -2.901182306038348, 42.4818725477584 ], [ -2.899238982719684, 42.479736437413727 ], [ -2.899032510865517, 42.479556124893932 ], [ -2.896298753697689, 42.477320208778046 ], [ -2.89050269388489, 42.473280049251983 ], [ -2.886073106110764, 42.474041227050378 ], [ -2.883871758094894, 42.473714742600791 ], [ -2.882728334372052, 42.473641522046442 ], [ -2.881657724646284, 42.473667449316594 ], [ -2.880782340605914, 42.473396362752815 ], [ -2.879980449555196, 42.472873140168744 ], [ -2.878254614446674, 42.472015748474419 ], [ -2.872808417549423, 42.470199583323662 ], [ -2.871811510816889, 42.469919232322283 ], [ -2.871410022518741, 42.469936798954436 ], [ -2.867309063869605, 42.47060754209901 ], [ -2.865715696722421, 42.470515622691032 ], [ -2.858002702716094, 42.470722368172844 ], [ -2.856020043623795, 42.470629771606248 ], [ -2.854207581337216, 42.470609515517189 ], [ -2.844818309734404, 42.464914291891652 ], [ -2.842292046249452, 42.468225030359093 ], [ -2.84226769068512, 42.468243035716561 ], [ -2.841877178933383, 42.468755755305239 ], [ -2.838973080556813, 42.467508869065981 ], [ -2.838826764530267, 42.467625747681979 ], [ -2.838328023637238, 42.467643041836624 ], [ -2.837744270796636, 42.467588183200483 ], [ -2.837112128913379, 42.467443156633045 ], [ -2.835885104796577, 42.466865010709753 ], [ -2.83488858387906, 42.466494331955779 ], [ -2.834438618575853, 42.466457658277356 ], [ -2.833854544353047, 42.466528866871968 ], [ -2.833233760616879, 42.466681081451135 ], [ -2.83162643532476, 42.467318133611343 ], [ -2.828850254912554, 42.468322627140886 ], [ -2.828034072832339, 42.46875367193968 ], [ -2.827290105539051, 42.46944602395893 ], [ -2.823661174784218, 42.470818344282229 ], [ -2.822004970314034, 42.47144618436888 ], [ -2.818999624976298, 42.471648571718362 ], [ -2.818621511837726, 42.471981162422281 ], [ -2.817670556938262, 42.472709162817559 ], [ -2.817341773678049, 42.472798717431537 ], [ -2.815627137758602, 42.472597766263654 ], [ -2.813985085592433, 42.472496031809165 ], [ -2.813400607761476, 42.472684198853791 ], [ -2.811100010804172, 42.47313971778933 ] ], [ [ -2.991936616733978, 42.476827462566312 ], [ -2.988176186165776, 42.474003250419493 ], [ -2.985976345253732, 42.472350922711861 ], [ -2.985976698127251, 42.472350540003312 ], [ -2.98641440081619, 42.471873645301926 ], [ -2.986880599642772, 42.471365839317102 ], [ -2.989224731464746, 42.468812355809028 ], [ -2.989225120798816, 42.468811932566972 ], [ -2.98776591302753, 42.466064940189426 ], [ -2.987765864565737, 42.466063945028637 ], [ -2.987560046518142, 42.461850108177757 ], [ -2.987410476060532, 42.450750409593752 ], [ -2.987404467932777, 42.450304404184457 ], [ -2.98739297576293, 42.449996014590027 ], [ -2.987392383058953, 42.449980186552516 ], [ -2.987391990548557, 42.449966649652886 ], [ -2.98713892454254, 42.441217268350016 ], [ -2.987102598935417, 42.440406747402818 ], [ -2.986509247997992, 42.431497137983719 ], [ -2.986508823866243, 42.43149074818546 ], [ -2.991640017623776, 42.42575444893567 ], [ -2.99367029384308, 42.423656188568629 ], [ -2.994205289015374, 42.422188236842175 ], [ -2.994811892670968, 42.421461450832673 ], [ -2.995189954786772, 42.421008481529185 ], [ -2.997293059111573, 42.416856843107837 ], [ -2.997329502963537, 42.416766779349871 ], [ -2.997524490334285, 42.416244508010728 ], [ -2.998119615213364, 42.414650390151294 ], [ -2.998690965087755, 42.413362546003242 ], [ -3.000197351987967, 42.41110305681881 ], [ -3.000198014337715, 42.411102061652464 ], [ -3.000206612083742, 42.410522162180527 ], [ -3.000222321152857, 42.409462948626015 ], [ -3.000948313399378, 42.407896355185891 ], [ -3.001048679699629, 42.407679769312324 ], [ -3.000220075933433, 42.4051278088671 ], [ -2.999019392010976, 42.401429519144422 ], [ -2.999012064681295, 42.401431909283268 ], [ -2.996977952125369, 42.402095935478314 ], [ -2.994802668180284, 42.402897357559603 ], [ -2.994014488859713, 42.403454494428111 ], [ -2.994012811800539, 42.403455677733135 ], [ -2.994011493222813, 42.403456821430332 ], [ -2.993162088246605, 42.404194154445932 ], [ -2.992444990402074, 42.404986604067901 ], [ -2.989248277413476, 42.409210169750772 ], [ -2.989248101177233, 42.409210282309544 ], [ -2.988543376780734, 42.409669434742526 ], [ -2.984518059359314, 42.410895965550445 ], [ -2.984496011756784, 42.410902684664364 ], [ -2.978540768980391, 42.411604140092415 ], [ -2.97766713644854, 42.411790191584565 ], [ -2.977653444612775, 42.41179310686654 ], [ -2.977651511856716, 42.411794137678946 ], [ -2.976960586563054, 42.412162219176309 ], [ -2.976462084969249, 42.412738499442632 ], [ -2.975635819551662, 42.414168980218768 ], [ -2.975635077669782, 42.414170263418235 ], [ -2.974491004960957, 42.4139120444501 ], [ -2.969643846154723, 42.412817877958652 ], [ -2.966258203847916, 42.412057664722312 ], [ -2.965427130832974, 42.411871039349755 ], [ -2.965430767812232, 42.411854311766945 ], [ -2.966657731175615, 42.406206604539314 ], [ -2.966657701633287, 42.406170598432432 ], [ -2.96099566936085, 42.404727758118334 ], [ -2.960987619438682, 42.404726467517001 ], [ -2.959027235870961, 42.404411860452917 ], [ -2.954070490869993, 42.402671759128069 ], [ -2.953651825998584, 42.402223923230764 ], [ -2.953135572526338, 42.401671688494105 ], [ -2.95160628785269, 42.399410532623193 ], [ -2.951279324424339, 42.398041504101037 ], [ -2.950507487887105, 42.397041982059548 ], [ -2.949519294805121, 42.395762219395266 ], [ -2.947162791392961, 42.394950579335649 ], [ -2.945287962680981, 42.391576985508117 ], [ -2.94432429081141, 42.389842789068062 ], [ -2.942089975961696, 42.38862582713616 ], [ -2.940400080859797, 42.389894768771732 ], [ -2.939750724560962, 42.390009227716519 ], [ -2.939075562649434, 42.390128231736661 ], [ -2.939072432010725, 42.390136803835034 ], [ -2.937650214002757, 42.394027076751961 ], [ -2.936811974887422, 42.39525832241047 ], [ -2.936810545129447, 42.395260424533816 ], [ -2.936802649552547, 42.395270484436374 ], [ -2.93352555960583, 42.399446369678387 ], [ -2.927406018917982, 42.405926959161292 ], [ -2.926785485855508, 42.40658396758635 ], [ -2.924363258309655, 42.407402119026194 ], [ -2.918615439914943, 42.409343264015448 ], [ -2.912972877578603, 42.408746597918331 ], [ -2.912782823366231, 42.408726494337394 ], [ -2.909163547768958, 42.407237666355059 ], [ -2.907924708344822, 42.40676384641926 ], [ -2.906685888798943, 42.406290013076209 ], [ -2.906685931225276, 42.406290085158943 ], [ -2.908928186212402, 42.410281529677853 ], [ -2.909339142305322, 42.411830848351713 ], [ -2.909860052029245, 42.413029077374752 ], [ -2.909859875305235, 42.413029423967416 ], [ -2.909274999425427, 42.414172359950122 ], [ -2.909065511832949, 42.41611749448343 ], [ -2.909068734353742, 42.416120559083325 ], [ -2.909757349833332, 42.416775495261398 ], [ -2.909805845241686, 42.416838593508288 ], [ -2.910606414901288, 42.417991996939207 ], [ -2.910606274880585, 42.417992167944163 ], [ -2.908557177953182, 42.420499550298253 ], [ -2.90806152684927, 42.421106014405126 ], [ -2.908201223697073, 42.422740287907679 ], [ -2.908407984901154, 42.425159015133502 ], [ -2.907693995768576, 42.426347626547702 ], [ -2.906726322279733, 42.427958487437266 ], [ -2.906726303998245, 42.42795851894337 ], [ -2.906724486259212, 42.427991546940994 ], [ -2.906513823433372, 42.431812859727906 ], [ -2.906501436148826, 42.43200197533254 ], [ -2.906501387526374, 42.432001970789898 ], [ -2.906501387466138, 42.432002011316776 ], [ -2.907049465218595, 42.43213203156116 ], [ -2.919906918296911, 42.435181274429262 ], [ -2.934248404180743, 42.437538008923667 ], [ -2.934803242019136, 42.437629147515757 ], [ -2.934882805133997, 42.437642216284289 ], [ -2.934885228074038, 42.437644784364238 ], [ -2.940810235861146, 42.443921492641351 ], [ -2.94196267078619, 42.446804017008418 ], [ -2.943037982356833, 42.448063643070292 ], [ -2.944671010076834, 42.449976479356827 ], [ -2.944671623565605, 42.449977195626644 ], [ -2.941263297637358, 42.452943294599955 ], [ -2.941032269616802, 42.453144331157084 ], [ -2.943468905700187, 42.455209424781337 ], [ -2.943657280037416, 42.455369066037768 ], [ -2.944003111424931, 42.45553931646802 ], [ -2.948350005481884, 42.457679105762551 ], [ -2.948357266603369, 42.457678802832042 ], [ -2.950965000433349, 42.457570502397076 ], [ -2.950964754974564, 42.45757178113648 ], [ -2.94967168380454, 42.464355346525373 ], [ -2.948961423386924, 42.46808081205296 ], [ -2.948961337867533, 42.468081266814352 ], [ -2.949021272679258, 42.469187385467357 ], [ -2.949722780640759, 42.469465699312565 ], [ -2.952984608401358, 42.470757233105964 ], [ -2.955646309096682, 42.47181103437515 ], [ -2.958835450505966, 42.473073530638032 ], [ -2.961049018356349, 42.473947920953975 ], [ -2.964422597845912, 42.475296202471625 ], [ -2.964454507280516, 42.475308956647282 ], [ -2.965086018556135, 42.477299471019748 ], [ -2.975815581419966, 42.479598897380178 ], [ -2.984284518184219, 42.47807952310837 ], [ -2.984892206748484, 42.477970472049257 ], [ -2.991935406194209, 42.476827660611299 ], [ -2.991936616733978, 42.476827462566312 ] ] ], [ [ [ -2.720946118925814, 42.330579090688168 ], [ -2.722820901570199, 42.329295788012459 ], [ -2.725510108023514, 42.327744182024212 ], [ -2.726300225153484, 42.327466884764199 ], [ -2.726798088506197, 42.327414071192138 ], [ -2.729297675140148, 42.327555141860117 ], [ -2.73141896937916, 42.325353639179617 ], [ -2.733526617256483, 42.323476278788455 ], [ -2.734074395828038, 42.323072289918457 ], [ -2.734706685183509, 42.322794548528613 ], [ -2.73915364977565, 42.321571001418683 ], [ -2.742120171626805, 42.320253828163764 ], [ -2.74310208394328, 42.320526214970663 ], [ -2.746211493452635, 42.322874768182004 ], [ -2.748078780618603, 42.323302166618603 ], [ -2.749641322262312, 42.324071119566788 ], [ -2.750052458042942, 42.324432277720206 ], [ -2.750753162939393, 42.325253335349871 ], [ -2.753386040091529, 42.325448180471582 ], [ -2.755315025484748, 42.325650458856522 ], [ -2.75662486452155, 42.325896378084153 ], [ -2.757340948382591, 42.325888954366221 ], [ -2.758081269370265, 42.325881523275207 ], [ -2.760616228492773, 42.32631916802147 ], [ -2.762376074309205, 42.326322843682178 ], [ -2.7639295776912, 42.32633506846409 ], [ -2.765204211312245, 42.326256614846059 ], [ -2.766430616879619, 42.326106023073308 ], [ -2.767971053633905, 42.326370358406159 ], [ -2.772507329236326, 42.327172011030704 ], [ -2.773926798355336, 42.327336954173511 ], [ -2.776427417288257, 42.327233779597108 ], [ -2.780262545190964, 42.327268245547629 ], [ -2.782007403066715, 42.328109193339962 ], [ -2.782685313779328, 42.328623833010617 ], [ -2.790100830782113, 42.332375223330665 ], [ -2.794406342255019, 42.333445793945415 ], [ -2.797813289105407, 42.334667705455388 ], [ -2.796572060595851, 42.335629148492416 ], [ -2.796436432096069, 42.336277358381544 ], [ -2.795739776533937, 42.337726086847432 ], [ -2.794098548267257, 42.338479651057689 ], [ -2.793660275385848, 42.338857082800935 ], [ -2.793087123355158, 42.339648547789267 ], [ -2.792818246984401, 42.340188465006904 ], [ -2.792694679321165, 42.340836672814149 ], [ -2.79255718359438, 42.342043241190744 ], [ -2.790063561936817, 42.343515670747323 ], [ -2.789455073223144, 42.34395585045214 ], [ -2.788870632378058, 42.344459114908425 ], [ -2.788431837792948, 42.344998634517019 ], [ -2.787893723625809, 42.346141464110545 ], [ -2.78710281479793, 42.346662297229308 ], [ -2.786431922145169, 42.347597669337972 ], [ -2.78422761214975, 42.349547876946296 ], [ -2.783801114735013, 42.349997332257701 ], [ -2.783423731607584, 42.350275826584422 ], [ -2.780846734940625, 42.35114450644474 ], [ -2.780040537687601, 42.352529936531575 ], [ -2.779918448587061, 42.352727740219898 ], [ -2.779198600307638, 42.353717051220748 ], [ -2.781872354188089, 42.356496083498286 ], [ -2.782185907033203, 42.357109052910374 ], [ -2.782748007084029, 42.359586799634265 ], [ -2.780973167939358, 42.360141753080121 ], [ -2.779016761063958, 42.360525258444987 ], [ -2.778005030878246, 42.361613025016283 ], [ -2.772271069166378, 42.362178111893044 ], [ -2.770757840004357, 42.360887223491765 ], [ -2.769883582240505, 42.360867442894694 ], [ -2.769130987999372, 42.360793860516381 ], [ -2.768427190227365, 42.360639381773353 ], [ -2.767675234638424, 42.360394627632402 ], [ -2.766426849034586, 42.359743707499696 ], [ -2.766062999995765, 42.35962591080564 ], [ -2.76580789187655, 42.359652356068274 ], [ -2.765200493877743, 42.359714150179265 ], [ -2.763676688985579, 42.358062891541095 ], [ -2.762038539681556, 42.357744308057114 ], [ -2.760947242077131, 42.357327678265726 ], [ -2.760339002387206, 42.35761466757468 ], [ -2.759767890806941, 42.357712511547504 ], [ -2.757362603697247, 42.357977599920154 ], [ -2.756209115000653, 42.357957121117558 ], [ -2.751557196245282, 42.358244305262822 ], [ -2.751399246525297, 42.358252944684423 ], [ -2.749346368960825, 42.35843758254569 ], [ -2.745922817874242, 42.35822292142727 ], [ -2.745874325010559, 42.358222813058141 ], [ -2.743343084977263, 42.356587040897963 ], [ -2.741950354491685, 42.355692299470483 ], [ -2.739213461907477, 42.353938919293896 ], [ -2.739235399429918, 42.351579363854427 ], [ -2.738203980897723, 42.351414932450901 ], [ -2.735693908464548, 42.350652641206878 ], [ -2.736481732814048, 42.348087777605876 ], [ -2.736045194671339, 42.347960626722539 ], [ -2.735560587537721, 42.347716316307739 ], [ -2.727994461072833, 42.34542908415402 ], [ -2.727584697233807, 42.344743639465371 ], [ -2.726956613936811, 42.343994570410864 ], [ -2.725662931880498, 42.342775690034323 ], [ -2.725446002230854, 42.34240591186304 ], [ -2.725629244255073, 42.342154177352938 ], [ -2.726018007454502, 42.342083085006806 ], [ -2.726625154672303, 42.342048518673664 ], [ -2.727074980372209, 42.341896486214978 ], [ -2.727294966845429, 42.341563796702019 ], [ -2.727393719826319, 42.341185773572889 ], [ -2.727649949666491, 42.340898190194686 ], [ -2.728026482251426, 42.340836008648111 ], [ -2.72824821379399, 42.340098003560598 ], [ -2.729112247442056, 42.339604784244557 ], [ -2.728471719759017, 42.338936757557889 ], [ -2.726713837483949, 42.335618397920143 ], [ -2.724878250636642, 42.333443526387029 ], [ -2.722759660665968, 42.332168582246695 ], [ -2.721381579978777, 42.330904366908172 ], [ -2.720946118925814, 42.330579090688168 ] ] ], [ [ [ -2.643698277729952, 42.384742840670533 ], [ -2.636342774168968, 42.383666049680052 ], [ -2.63368525865156, 42.383171234955022 ], [ -2.633406507842496, 42.383062257000759 ], [ -2.632947081501483, 42.3826825276523 ], [ -2.632000788278914, 42.382481361088871 ], [ -2.628469132415695, 42.381911566967283 ], [ -2.626903039759632, 42.381762386207932 ], [ -2.6236812199405, 42.382211116082836 ], [ -2.623479861919753, 42.381354898419808 ], [ -2.62318026324376, 42.380669466975881 ], [ -2.622807183594494, 42.380091854746183 ], [ -2.621895442457391, 42.378188586237698 ], [ -2.621209874697827, 42.377060574556722 ], [ -2.619866193097615, 42.374300320622559 ], [ -2.617752781320771, 42.370312597293939 ], [ -2.617009928164557, 42.364645315593783 ], [ -2.617435882640371, 42.362503326675728 ], [ -2.616529536067895, 42.361779802772432 ], [ -2.616109075612643, 42.36103088036176 ], [ -2.614512607031136, 42.359971845840327 ], [ -2.612575624665691, 42.359010627398888 ], [ -2.61238279479029, 42.358775840024371 ], [ -2.611866491633494, 42.357828449206146 ], [ -2.611520044509449, 42.356899670736858 ], [ -2.611231038925944, 42.356511376325088 ], [ -2.610276534009202, 42.355751674134595 ], [ -2.609840649651049, 42.355543040901985 ], [ -2.609404063910847, 42.355460488850589 ], [ -2.60860849895472, 42.354521166996562 ], [ -2.608380026493341, 42.354160130671758 ], [ -2.607757491821483, 42.352735036710612 ], [ -2.607446226103695, 42.35203142238727 ], [ -2.607399601274956, 42.351725142933311 ], [ -2.60758565171091, 42.351095372153139 ], [ -2.60790623100458, 42.35031293137164 ], [ -2.608302522494446, 42.34906243568259 ], [ -2.60827993614106, 42.348792181882125 ], [ -2.608223085271306, 42.348170561422819 ], [ -2.608274173297465, 42.347765477698964 ], [ -2.608863972096078, 42.346632761182192 ], [ -2.608949964541994, 42.34647090953252 ], [ -2.609451873958534, 42.345806207322987 ], [ -2.610524109291719, 42.345179433497705 ], [ -2.611538997510869, 42.344003049516999 ], [ -2.612185637019721, 42.343491915570439 ], [ -2.612637827989785, 42.342998123494837 ], [ -2.613544046054229, 42.33975001151066 ], [ -2.613570857379867, 42.339335841369355 ], [ -2.613878732234432, 42.338616368670301 ], [ -2.61411115213187, 42.33833797863317 ], [ -2.616157869813658, 42.337129043357749 ], [ -2.616416687732627, 42.336490439966532 ], [ -2.616663361387002, 42.335851876372509 ], [ -2.616797950633351, 42.335681163134574 ], [ -2.616823750883183, 42.335429111317744 ], [ -2.616317951173005, 42.334760945428258 ], [ -2.616042460011777, 42.33416567148425 ], [ -2.616046808649595, 42.333445155706983 ], [ -2.615442498139742, 42.333019828393738 ], [ -2.614795188031201, 42.331693800354969 ], [ -2.614521944492509, 42.330720233947964 ], [ -2.614510971784801, 42.330531028756283 ], [ -2.614430314111079, 42.329828319201319 ], [ -2.61459952108543, 42.327964600174148 ], [ -2.61627631835474, 42.327655053172066 ], [ -2.616944594245306, 42.327540207817016 ], [ -2.617342170495693, 42.32802784388128 ], [ -2.619299187394639, 42.329547404137585 ], [ -2.620865418650698, 42.329462519501242 ], [ -2.621957303707931, 42.329538211366803 ], [ -2.622890310665665, 42.329811466566042 ], [ -2.625407238430794, 42.331098630872525 ], [ -2.626700716439327, 42.331976386712164 ], [ -2.628743437099284, 42.333442058727186 ], [ -2.628789544803201, 42.333856451886575 ], [ -2.629441599039867, 42.334435006881606 ], [ -2.631595917483061, 42.333442277888899 ], [ -2.634649702310538, 42.332218212015825 ], [ -2.637970079191407, 42.331057987204886 ], [ -2.639166281252588, 42.331998411226159 ], [ -2.640751314273778, 42.332885984931266 ], [ -2.640990942969339, 42.333436101921819 ], [ -2.641002666666753, 42.333499181506156 ], [ -2.640975575884357, 42.333994402948854 ], [ -2.641045429493994, 42.334517005674741 ], [ -2.643570407276208, 42.336623321340042 ], [ -2.644113721930583, 42.337138321762708 ], [ -2.644786734473227, 42.338347211490102 ], [ -2.645197382477372, 42.338717760740465 ], [ -2.646358097927858, 42.339531913201064 ], [ -2.647663419932901, 42.340562631508014 ], [ -2.648071987543045, 42.341311400030591 ], [ -2.648928665805078, 42.342250639439229 ], [ -2.64965356031704, 42.342883289858612 ], [ -2.650895037198859, 42.344490161370977 ], [ -2.651681446262076, 42.344978880185728 ], [ -2.655039358519014, 42.345889642449826 ], [ -2.656398261640401, 42.34604683910581 ], [ -2.656676101466139, 42.346299896395159 ], [ -2.657267015716185, 42.347031072366249 ], [ -2.658305720017792, 42.348024898940629 ], [ -2.658826303934502, 42.348296629543391 ], [ -2.660343743829528, 42.348337146460395 ], [ -2.662432498371831, 42.348244281068546 ], [ -2.663161078203619, 42.34821941082204 ], [ -2.661442273844426, 42.351762679646221 ], [ -2.661352915319426, 42.35256397019603 ], [ -2.663440464308759, 42.352723256467996 ], [ -2.662530001121191, 42.354963058527382 ], [ -2.660878816332112, 42.354922191209027 ], [ -2.660825320140916, 42.355840634641318 ], [ -2.661217631307376, 42.357390807019456 ], [ -2.661210007010149, 42.358804747626493 ], [ -2.660288631633875, 42.360783340535903 ], [ -2.660002988648792, 42.361953265798114 ], [ -2.659732155015062, 42.362636930893167 ], [ -2.659730125079642, 42.362997142899154 ], [ -2.660087651467499, 42.364250055711274 ], [ -2.660083558920121, 42.364997521065227 ], [ -2.660215559966283, 42.365304162198193 ], [ -2.660758875194719, 42.365900122592272 ], [ -2.66137297836657, 42.366865585364451 ], [ -2.661612773971658, 42.367442715434308 ], [ -2.662804016535226, 42.369508600359637 ], [ -2.663959936591607, 42.37136724353438 ], [ -2.664439705427756, 42.372512401235191 ], [ -2.665150039493243, 42.373694250982673 ], [ -2.665245760411854, 42.373964725042917 ], [ -2.66520804459652, 42.374207780443925 ], [ -2.66502418050221, 42.374522439409944 ], [ -2.664682651569141, 42.37479162745359 ], [ -2.664244985698079, 42.374862386986329 ], [ -2.663758283162988, 42.375023083284702 ], [ -2.663513329891133, 42.375400619245859 ], [ -2.663438269569678, 42.375805655481614 ], [ -2.66355720453339, 42.37627428549299 ], [ -2.66383419384093, 42.376725453220715 ], [ -2.663989506651392, 42.377203214340319 ], [ -2.664011908622984, 42.377563492619274 ], [ -2.663825515948525, 42.378346498477484 ], [ -2.663884676354915, 42.378634845939196 ], [ -2.664050442422474, 42.379445881339258 ], [ -2.663951490082904, 42.379778807279479 ], [ -2.663743466507316, 42.38006640551324 ], [ -2.663426322551627, 42.380308585248258 ], [ -2.662963543520475, 42.380523371035757 ], [ -2.661758936747442, 42.380898071437549 ], [ -2.660991178541735, 42.381355135900812 ], [ -2.659555488676305, 42.381783132535901 ], [ -2.659287813755849, 42.381863416152882 ], [ -2.658143964152682, 42.382229258349774 ], [ -2.657863499225245, 42.382417545180168 ], [ -2.656513734172011, 42.38266563180688 ], [ -2.656063351259074, 42.382835441549283 ], [ -2.655222240300498, 42.383373255614721 ], [ -2.655026850344157, 42.383561792171811 ], [ -2.654770357583593, 42.383804170792075 ], [ -2.654024315306552, 42.384720549474345 ], [ -2.653499272040409, 42.385205243478964 ], [ -2.652863163999677, 42.385995809711183 ], [ -2.650541859672147, 42.386168924416161 ], [ -2.64915595995092, 42.386353808660161 ], [ -2.648195955911913, 42.386395898846317 ], [ -2.647387456346467, 42.385429737740438 ], [ -2.644620822261037, 42.384871830102043 ], [ -2.643698277729952, 42.384742840670533 ] ] ], [ [ [ -2.706320678763997, 42.599828700525364 ], [ -2.707762199259561, 42.596563256929919 ], [ -2.708441052887681, 42.594772822223291 ], [ -2.708542097546474, 42.594016582537499 ], [ -2.70909714728958, 42.592604082048027 ], [ -2.709466429053375, 42.591830536636095 ], [ -2.710042136970025, 42.591210606245298 ], [ -2.713929995178896, 42.588599663530808 ], [ -2.71662379943279, 42.585850652810684 ], [ -2.717115104148592, 42.585014290202579 ], [ -2.717816929286494, 42.583422019640373 ], [ -2.718395823114533, 42.582072572955262 ], [ -2.719146220841476, 42.580525326210704 ], [ -2.722066461291537, 42.576056648167537 ], [ -2.723890978762166, 42.574034780223222 ], [ -2.724686173917859, 42.573325206586418 ], [ -2.725370533980859, 42.572858561288051 ], [ -2.725737737401547, 42.572490194881127 ], [ -2.726142915958654, 42.571779708263733 ], [ -2.726526279873311, 42.570501753894384 ], [ -2.726642467784721, 42.568998099687093 ], [ -2.726522433814013, 42.56859252334263 ], [ -2.726089729488404, 42.567258598952357 ], [ -2.725704949539369, 42.56609591403415 ], [ -2.727159533122866, 42.562217844171805 ], [ -2.727900772844758, 42.559869098621988 ], [ -2.724056961026035, 42.555816189280975 ], [ -2.719617890696923, 42.55423829199303 ], [ -2.718879431089198, 42.550526071186447 ], [ -2.717888748108384, 42.546047718141466 ], [ -2.714697081264383, 42.543536114903475 ], [ -2.713628676634653, 42.540147269454636 ], [ -2.711673970922524, 42.53883648719146 ], [ -2.708298984339847, 42.536603445089028 ], [ -2.707111082673012, 42.535429610891015 ], [ -2.706251896187531, 42.534292689931917 ], [ -2.70592510783277, 42.533868558658384 ], [ -2.704389972339586, 42.531478063672033 ], [ -2.703192104936412, 42.529871908851348 ], [ -2.702610067828644, 42.529366059444264 ], [ -2.701917990960635, 42.528950000718638 ], [ -2.699112392417588, 42.527492709416656 ], [ -2.699112416941737, 42.527492673457743 ], [ -2.70030126287323, 42.525874765071016 ], [ -2.702018594747245, 42.523195515801028 ], [ -2.704376220669531, 42.518968900510707 ], [ -2.705687379075893, 42.517162121950818 ], [ -2.705494506774391, 42.516765345985505 ], [ -2.706651541101492, 42.516633269067377 ], [ -2.709024357860548, 42.516855477339902 ], [ -2.710191792427298, 42.517128617990046 ], [ -2.711224885136209, 42.51749148833968 ], [ -2.712439304442773, 42.518133939640094 ], [ -2.714735532992876, 42.519157413065535 ], [ -2.715987426965741, 42.519601795934022 ], [ -2.717251873307264, 42.519965188553357 ], [ -2.719101005497235, 42.520275969486811 ], [ -2.722070666966399, 42.520472373045671 ], [ -2.723154725163996, 42.520357930960493 ], [ -2.72543444697893, 42.519660987017978 ], [ -2.726947533825185, 42.518863081419845 ], [ -2.729340536476466, 42.517283781103181 ], [ -2.730327950438515, 42.516970874586093 ], [ -2.731497241012603, 42.516829568896391 ], [ -2.734431370896841, 42.5167643841556 ], [ -2.735673452184002, 42.516686264326118 ], [ -2.739690557089324, 42.516740519034236 ], [ -2.74117522246616, 42.51686094776899 ], [ -2.742328685647309, 42.517593063636554 ], [ -2.743068547612102, 42.518252156723499 ], [ -2.743758106962867, 42.519325421032399 ], [ -2.744023638548189, 42.519884356757395 ], [ -2.743801518103151, 42.520604355520874 ], [ -2.743372720715505, 42.521269811977604 ], [ -2.742638985821959, 42.522051695159533 ], [ -2.738679813403291, 42.525518941618216 ], [ -2.737408566976971, 42.526713808491849 ], [ -2.735694514299091, 42.528952271428402 ], [ -2.734482945090507, 42.53038141031859 ], [ -2.73401836675693, 42.530812616985301 ], [ -2.73348124490045, 42.531144534065511 ], [ -2.732859163399187, 42.531386279728004 ], [ -2.728886002673204, 42.532223434884784 ], [ -2.726863244268436, 42.532551887471328 ], [ -2.725741914980405, 42.532792284527829 ], [ -2.724949368284442, 42.533033505224736 ], [ -2.723143546215064, 42.53383974340386 ], [ -2.720173729459611, 42.536245993993383 ], [ -2.719279925235488, 42.537324501849277 ], [ -2.719155374917402, 42.537945576016789 ], [ -2.719311761035105, 42.538369250258768 ], [ -2.719565929817802, 42.538712120311949 ], [ -2.720683394483475, 42.539363283026688 ], [ -2.721461658515598, 42.539617315650105 ], [ -2.724783741470978, 42.540192709927226 ], [ -2.72788714236456, 42.540677553213527 ], [ -2.731075039331807, 42.541342544023458 ], [ -2.731950738737604, 42.541614775297667 ], [ -2.734781561783639, 42.543188439447782 ], [ -2.735718049777208, 42.543505807949302 ], [ -2.736922562406033, 42.543778782416588 ], [ -2.74070825503902, 42.544255798103791 ], [ -2.741890528665049, 42.544042322482554 ], [ -2.743902595253751, 42.543425490396331 ], [ -2.744634880349689, 42.543048849304661 ], [ -2.74541677351971, 42.542456205928758 ], [ -2.746981940456203, 42.540901691333694 ], [ -2.747726550871566, 42.540462075391403 ], [ -2.748348034422398, 42.540364404984622 ], [ -2.748993177846477, 42.540446873085472 ], [ -2.749576841519574, 42.540673287144848 ], [ -2.751276235423644, 42.542081928333118 ], [ -2.752613288571014, 42.542724259070191 ], [ -2.755423124715642, 42.543612862044114 ], [ -2.758965284247491, 42.544097808162697 ], [ -2.759696115295419, 42.544081316130701 ], [ -2.76041509149653, 42.543983767638061 ], [ -2.761122155352982, 42.54380515107529 ], [ -2.762182110775202, 42.543708289163689 ], [ -2.763277929817619, 42.543782617123689 ], [ -2.765568047844186, 42.543652258685071 ], [ -2.767652115592767, 42.543260263131657 ], [ -2.771734137978663, 42.542701191303998 ], [ -2.772451779922959, 42.542945796935264 ], [ -2.773278297554975, 42.543388721427498 ], [ -2.773592902255246, 42.543956704628023 ], [ -2.773639942761942, 42.544416106166501 ], [ -2.773964997839313, 42.548820645292956 ], [ -2.774034585538705, 42.549784373876896 ], [ -2.774216154023319, 42.550081941013296 ], [ -2.776400431324686, 42.552364716579241 ], [ -2.776533868892747, 42.552509135275024 ], [ -2.777339058075376, 42.552159468690469 ], [ -2.778315486566345, 42.551594004117774 ], [ -2.778327773294997, 42.55157602530727 ], [ -2.779011898508343, 42.551009983513694 ], [ -2.779464440700553, 42.550479490082481 ], [ -2.779746294491543, 42.549993742670807 ], [ -2.780129141005498, 42.548499489582738 ], [ -2.78034976905794, 42.548112664287935 ], [ -2.780741939425919, 42.547420001247467 ], [ -2.781169824823611, 42.546988535365074 ], [ -2.781913353733505, 42.546809842216646 ], [ -2.783496833770055, 42.546767826660435 ], [ -2.78432444837089, 42.546931523224941 ], [ -2.785224396667258, 42.547329476782174 ], [ -2.785843784269333, 42.547843943133344 ], [ -2.786231442266311, 42.548475106154982 ], [ -2.786265991366999, 42.549033566062285 ], [ -2.786153784973585, 42.549798816993565 ], [ -2.785785790961262, 42.550545623276797 ], [ -2.784867055419693, 42.552047884038601 ], [ -2.78372537755262, 42.554603380259934 ], [ -2.782951080789322, 42.556583191986263 ], [ -2.78254431730581, 42.557951317949772 ], [ -2.782407309124333, 42.55880660446141 ], [ -2.78234219212122, 42.56000427480577 ], [ -2.782736437395934, 42.56224750036457 ], [ -2.783268697523359, 42.563329211237701 ], [ -2.783766480522196, 42.563825474632239 ], [ -2.784472054644879, 42.564106025219921 ], [ -2.786749715462272, 42.564263403693765 ], [ -2.78756621528135, 42.564201890706642 ], [ -2.788614513445804, 42.564041721828424 ], [ -2.790527859693232, 42.563847175120536 ], [ -2.793831251588822, 42.56329484157866 ], [ -2.795830045646758, 42.563046281224132 ], [ -2.798120326645313, 42.563077392449735 ], [ -2.800775589570857, 42.563271223117432 ], [ -2.80187134380702, 42.563480264808042 ], [ -2.802735067989758, 42.563868979876354 ], [ -2.803196934763512, 42.56422101095702 ], [ -2.803488141261248, 42.564599789244845 ], [ -2.800253494679527, 42.566521386431702 ], [ -2.799831094754257, 42.569060337170718 ], [ -2.798329308570952, 42.5737857831177 ], [ -2.789370545097135, 42.578245458725455 ], [ -2.783823989020442, 42.578838423872192 ], [ -2.783823885410898, 42.57883843268246 ], [ -2.782446239380655, 42.579051928151628 ], [ -2.781226616972805, 42.579346795733777 ], [ -2.780482340662864, 42.579606527269554 ], [ -2.779750056322727, 42.579938323892932 ], [ -2.778381721987107, 42.580908309804997 ], [ -2.777953688210792, 42.581339747927984 ], [ -2.777671557900218, 42.58185253192557 ], [ -2.777620726707168, 42.582428809028848 ], [ -2.77770442203831, 42.58287926581648 ], [ -2.778000231057337, 42.583438216990182 ], [ -2.778370199230477, 42.584141396372587 ], [ -2.778867410557944, 42.584826787924051 ], [ -2.778867428710925, 42.584826823982041 ], [ -2.778987460906252, 42.585340392647666 ], [ -2.77799517990648, 42.586788377496227 ], [ -2.776859670720951, 42.587362527195587 ], [ -2.776578060500841, 42.587722231270931 ], [ -2.776381137023971, 42.588253177381297 ], [ -2.776194431955799, 42.589342520146353 ], [ -2.774787242234112, 42.590879745685221 ], [ -2.773736026055815, 42.591715200284511 ], [ -2.773417604351443, 42.592128836361873 ], [ -2.773012314147914, 42.592965591165488 ], [ -2.771866656691346, 42.596277464714028 ], [ -2.771766512510097, 42.596988703742596 ], [ -2.772046801469794, 42.60033944737642 ], [ -2.772550259243862, 42.602654953241242 ], [ -2.773472378873669, 42.603854582861366 ], [ -2.774311047216497, 42.604531660744456 ], [ -2.774311089802675, 42.604531683342607 ], [ -2.774368268526788, 42.605576483315041 ], [ -2.773802014144042, 42.607070296883521 ], [ -2.770985074760726, 42.610585964581723 ], [ -2.769513789804574, 42.612807450305617 ], [ -2.767798808020183, 42.614956377955664 ], [ -2.765926008602983, 42.620027312792672 ], [ -2.765877149432348, 42.620157779166426 ], [ -2.765877143200522, 42.62015781517642 ], [ -2.763720798539157, 42.622837107628527 ], [ -2.763720749898343, 42.622837071505487 ], [ -2.760439399340176, 42.619975379637445 ], [ -2.759269544646691, 42.619774792586192 ], [ -2.759269495906761, 42.6197747834781 ], [ -2.756614289911814, 42.619003651744038 ], [ -2.74942545179689, 42.623725135640875 ], [ -2.749425360374878, 42.623725126435254 ], [ -2.746488936151168, 42.623142264390097 ], [ -2.746488832517881, 42.623142259657953 ], [ -2.740772197164925, 42.622553029388392 ], [ -2.736882819766471, 42.619527150150056 ], [ -2.736189356326481, 42.619156297224379 ], [ -2.735880344104402, 42.619038865302393 ], [ -2.735617154828696, 42.618938843618501 ], [ -2.733842112221864, 42.618500173458465 ], [ -2.731975148887309, 42.618038749260194 ], [ -2.73057471875167, 42.617621157973154 ], [ -2.728165779206536, 42.61360782905215 ], [ -2.726804591037305, 42.612604912667194 ], [ -2.724216899805488, 42.610518352549583 ], [ -2.72278504288921, 42.608992878283857 ], [ -2.721813146004363, 42.608216006336889 ], [ -2.718981419696572, 42.606254769459447 ], [ -2.717119324101435, 42.605556724525883 ], [ -2.717119269303767, 42.605556710882034 ], [ -2.715998932835377, 42.605301792206731 ], [ -2.715173590270686, 42.604507175643327 ], [ -2.71397138495644, 42.603486516095799 ], [ -2.711139354446163, 42.601678204608596 ], [ -2.709728463839515, 42.600999201595407 ], [ -2.709728366528961, 42.600999156320313 ], [ -2.707940025935225, 42.600247140357865 ], [ -2.707939983334017, 42.60024712674069 ], [ -2.706320751817695, 42.599828718724034 ], [ -2.706320678763997, 42.599828700525364 ] ] ] ] } },
{ "type": "Feature", "properties": { "codatzbs": "130113", "n_zbs": "LOGRONO", "ccaa_cd": "ES23", "area": "La Rioja" }, "geometry": { "type": "MultiPolygon", "coordinates": [ [ [ [ -2.400239568038405, 42.471866321189516 ], [ -2.400238996723719, 42.471865638255998 ], [ -2.400172371236665, 42.471786957354382 ], [ -2.399976815871379, 42.471946060104898 ], [ -2.399715574327474, 42.472158529572965 ], [ -2.399673857860544, 42.472237471855564 ], [ -2.399616577379425, 42.472344665089118 ], [ -2.399582585520493, 42.472405275806494 ], [ -2.399513627095287, 42.472537195588849 ], [ -2.399478183052679, 42.472585407476586 ], [ -2.399412835960389, 42.472660461385608 ], [ -2.399373679317705, 42.472696296819954 ], [ -2.399263617463218, 42.47275765252202 ], [ -2.399158124754519, 42.47281505147231 ], [ -2.399000167846046, 42.472877852537287 ], [ -2.398794791863861, 42.472964567428491 ], [ -2.398638404369482, 42.473018893588595 ], [ -2.398501786903033, 42.473075056921154 ], [ -2.398244643317152, 42.473171643353162 ], [ -2.398008963553185, 42.473248016578516 ], [ -2.397877745820972, 42.473289010107237 ], [ -2.397751986271826, 42.473322156526272 ], [ -2.397605085196491, 42.473343826275503 ], [ -2.397467424060825, 42.47334705084311 ], [ -2.397305305609697, 42.473360323280943 ], [ -2.397097823455222, 42.473355286580762 ], [ -2.396967789539321, 42.473358546166224 ], [ -2.396833662434066, 42.473388238826693 ], [ -2.396686561885987, 42.473427967633903 ], [ -2.396593683380818, 42.473440423743497 ], [ -2.396509859506888, 42.473457431293376 ], [ -2.396378237176278, 42.473465184784274 ], [ -2.396283941389593, 42.473467506070222 ], [ -2.396122902458447, 42.473451442275483 ], [ -2.396018906152506, 42.473444143489125 ], [ -2.395983870523804, 42.473441707387678 ], [ -2.395892697118979, 42.473435601797334 ], [ -2.395832653390675, 42.473435821153238 ], [ -2.395692168962398, 42.47341711290489 ], [ -2.395688729186541, 42.473416802077509 ], [ -2.395514380203038, 42.473401531813003 ], [ -2.395311674590429, 42.473371174534257 ], [ -2.395222138902089, 42.473354949942632 ], [ -2.395179089867058, 42.473323733558644 ], [ -2.39514356925834, 42.473302188673713 ], [ -2.395015467813741, 42.473260418753497 ], [ -2.394816794504571, 42.473207580700489 ], [ -2.394658991009739, 42.473163402076445 ], [ -2.394514259670974, 42.473120440542836 ], [ -2.394358123315598, 42.473066160313984 ], [ -2.39419890937038, 42.473021347694541 ], [ -2.394017010678977, 42.472962472920059 ], [ -2.393847215806096, 42.472909232905515 ], [ -2.393686441598164, 42.472860537894249 ], [ -2.393540373715473, 42.472796129568792 ], [ -2.393376825588997, 42.472725473022656 ], [ -2.393230027591075, 42.472654351057813 ], [ -2.393048453623642, 42.472562199746051 ], [ -2.392974495735083, 42.472507214441229 ], [ -2.392890654823496, 42.472448227661239 ], [ -2.392739933483453, 42.472386049635922 ], [ -2.392579674158112, 42.472295155154853 ], [ -2.392482219308535, 42.47222768893716 ], [ -2.392332623403655, 42.472131762309118 ], [ -2.392173905801938, 42.472036300445758 ], [ -2.39201815736365, 42.47194318213127 ], [ -2.391853582617375, 42.471824669726928 ], [ -2.391673226510042, 42.471684721286906 ], [ -2.39153806054949, 42.471590567810686 ], [ -2.39134541760806, 42.471463975984157 ], [ -2.391191375910737, 42.471354560458963 ], [ -2.391180761127261, 42.471343989711144 ], [ -2.391134130978663, 42.471297411262718 ], [ -2.390946069175639, 42.471170883622918 ], [ -2.39077397526056, 42.471042262027396 ], [ -2.390625936105006, 42.470940658722256 ], [ -2.390575417729646, 42.470899332313955 ], [ -2.390456917763383, 42.47080862536086 ], [ -2.390365378682837, 42.47076368547966 ], [ -2.390207205651487, 42.470689103906203 ], [ -2.390159382220046, 42.470672840606078 ], [ -2.390070787654557, 42.470642784864062 ], [ -2.390032131891063, 42.470631254254847 ], [ -2.389899485655495, 42.470591777936214 ], [ -2.389774427174449, 42.470549999433004 ], [ -2.389649441729377, 42.470501472175457 ], [ -2.389513695095778, 42.470468143424675 ], [ -2.389419771053037, 42.470432155437351 ], [ -2.389271305646329, 42.470374518415284 ], [ -2.389145435680866, 42.470340093605891 ], [ -2.388950385795503, 42.470307514404908 ], [ -2.388796285237689, 42.470280759408844 ], [ -2.388576909768284, 42.470244214245064 ], [ -2.388402359439037, 42.470215098156551 ], [ -2.388302971719027, 42.470193137377514 ], [ -2.388141265866641, 42.470169809075891 ], [ -2.387948351367094, 42.470148523937461 ], [ -2.387793266305429, 42.470145983651221 ], [ -2.387628284126829, 42.470146812511324 ], [ -2.387439662610605, 42.470155358917829 ], [ -2.387306710270416, 42.470146789745939 ], [ -2.387140865121482, 42.470154277642706 ], [ -2.386920230815849, 42.470170581691633 ], [ -2.386634194057449, 42.470189299235983 ], [ -2.386367837707791, 42.470213804144279 ], [ -2.386114347378774, 42.470241701415496 ], [ -2.38577280763143, 42.47026801317201 ], [ -2.385572708287242, 42.470280402645528 ], [ -2.385308626245848, 42.47030661579187 ], [ -2.384903701161286, 42.470351140712836 ], [ -2.384235344931964, 42.470436485005273 ], [ -2.384134509094204, 42.470450550760773 ], [ -2.384066549404625, 42.470460032598588 ], [ -2.383812063879788, 42.470495551008206 ], [ -2.38324803616685, 42.470563449425264 ], [ -2.382700584585051, 42.470635382519575 ], [ -2.382175494516376, 42.470693303313283 ], [ -2.381572258063161, 42.470727786449146 ], [ -2.380957590509868, 42.470764414711923 ], [ -2.380584093516817, 42.47077929004773 ], [ -2.380078273948416, 42.470802961453288 ], [ -2.379301960911672, 42.470884887663907 ], [ -2.378854852215148, 42.470892054926587 ], [ -2.377946063169833, 42.470842673203421 ], [ -2.377107298829107, 42.470781823028169 ], [ -2.376308739238445, 42.470656411625392 ], [ -2.375558311346938, 42.470506022428708 ], [ -2.374905250037469, 42.470351035940176 ], [ -2.374153668585911, 42.470087464286365 ], [ -2.373875923350453, 42.469959860539952 ], [ -2.373628093417877, 42.46980538396172 ], [ -2.373331202958655, 42.469544918596775 ], [ -2.373027273493368, 42.469221262019005 ], [ -2.372636695933168, 42.468823983713079 ], [ -2.372398021742908, 42.468512484805466 ], [ -2.372223919046176, 42.468211560752906 ], [ -2.372053205037562, 42.467877968140378 ], [ -2.371959241117163, 42.467691726801704 ], [ -2.37191047383219, 42.46755131993995 ], [ -2.371905982946394, 42.467467963902131 ], [ -2.371951533162941, 42.467322986450021 ], [ -2.371982053501452, 42.467161072113825 ], [ -2.372004535910188, 42.467040756026464 ], [ -2.372011334092032, 42.466894386434831 ], [ -2.372016331247474, 42.466774010558836 ], [ -2.372027133763196, 42.466610843510992 ], [ -2.372031901155366, 42.466513449384905 ], [ -2.372031103549223, 42.46628997481217 ], [ -2.372027454188519, 42.466122780389775 ], [ -2.372012897633619, 42.465984299102765 ], [ -2.371999588289832, 42.465910522920325 ], [ -2.371989109532394, 42.465852440589778 ], [ -2.371988642715082, 42.465849857845981 ], [ -2.371966135309723, 42.465719484208243 ], [ -2.371933207101959, 42.465589863089654 ], [ -2.371883213099846, 42.465423521500895 ], [ -2.371829761352517, 42.465293787872234 ], [ -2.37176439680594, 42.465139718057927 ], [ -2.371677049923222, 42.464981691191113 ], [ -2.371578795485636, 42.464848321105386 ], [ -2.371470044188739, 42.4646985476871 ], [ -2.37135805938878, 42.46457354873295 ], [ -2.371221100329752, 42.464434873212781 ], [ -2.371076526525728, 42.464295083141899 ], [ -2.370887400346364, 42.464127423695686 ], [ -2.370660068803783, 42.463978695274982 ], [ -2.370430533153509, 42.463826563577243 ], [ -2.370212228287567, 42.463686885229187 ], [ -2.37004676706648, 42.463583575399987 ], [ -2.369909200669952, 42.46350572432678 ], [ -2.36972706038399, 42.463396643228826 ], [ -2.36955244238814, 42.463302242287924 ], [ -2.369371787359711, 42.463199328820167 ], [ -2.369125306338543, 42.463067976008425 ], [ -2.368889891120107, 42.462965940126637 ], [ -2.368702973276168, 42.462881025408706 ], [ -2.368535788311529, 42.46280131193199 ], [ -2.368330704682506, 42.462712387967059 ], [ -2.368127741742244, 42.462635794481393 ], [ -2.367777833968773, 42.46249996088288 ], [ -2.367447659325107, 42.462378805748273 ], [ -2.367171692080169, 42.46230631059202 ], [ -2.366810147965379, 42.462203568573479 ], [ -2.366524290608019, 42.462128842298362 ], [ -2.366210324277416, 42.462056130301477 ], [ -2.366001082175241, 42.461997060710452 ], [ -2.365793260760903, 42.461950317755054 ], [ -2.365580942659038, 42.46190011378625 ], [ -2.365378922804097, 42.461881032261822 ], [ -2.36518609280002, 42.461854067991588 ], [ -2.365014635057758, 42.461822722459331 ], [ -2.364812860640257, 42.461779401944121 ], [ -2.364606385469109, 42.461752324155029 ], [ -2.364418078796138, 42.461732174109287 ], [ -2.364216030192523, 42.461715301322009 ], [ -2.363932060147455, 42.461681631498863 ], [ -2.363705655943571, 42.461669638929344 ], [ -2.363469268737143, 42.461663863074719 ], [ -2.36324807627866, 42.461663777313603 ], [ -2.363040456289247, 42.461671029802247 ], [ -2.36287535249637, 42.461685903086845 ], [ -2.362679821561122, 42.461704510102997 ], [ -2.362523748786679, 42.461728357933261 ], [ -2.362351337660651, 42.461785976802283 ], [ -2.362223125347753, 42.461837604780449 ], [ -2.362047460668408, 42.461916007790364 ], [ -2.361900710386115, 42.461992288512604 ], [ -2.361855237609852, 42.462025231054859 ], [ -2.36173377901428, 42.462113454590181 ], [ -2.36159460033328, 42.462194312445995 ], [ -2.361446134360722, 42.462292566399235 ], [ -2.361325970185044, 42.462370723622207 ], [ -2.361174669026503, 42.462448672055629 ], [ -2.361055933579943, 42.462538053789515 ], [ -2.361046040877234, 42.462545631131654 ], [ -2.360945616988287, 42.462622426433121 ], [ -2.360831376923517, 42.462715223711911 ], [ -2.360703813225256, 42.462849598791713 ], [ -2.360603359419952, 42.4629340261111 ], [ -2.360501069685372, 42.463052178250933 ], [ -2.360431008487621, 42.463136279661391 ], [ -2.36030954688971, 42.4632678785038 ], [ -2.360221814702144, 42.463374882192504 ], [ -2.360090392592158, 42.463510927240129 ], [ -2.359992784172395, 42.463619014853137 ], [ -2.359912772716319, 42.463712003220621 ], [ -2.359795334211627, 42.463970816798039 ], [ -2.359685891720011, 42.464188618882609 ], [ -2.359548769179048, 42.464515969574201 ], [ -2.359444905275248, 42.464782711735474 ], [ -2.359393459480519, 42.464912270150165 ], [ -2.359360621552168, 42.464995047914655 ], [ -2.359307744793809, 42.465113529155531 ], [ -2.35922498701875, 42.465325833225187 ], [ -2.359108746449561, 42.465615565411454 ], [ -2.359069602005266, 42.465728518052252 ], [ -2.359057702446091, 42.465774042891276 ], [ -2.359012373134012, 42.465897070026124 ], [ -2.358949111729459, 42.466058248432056 ], [ -2.358897129621177, 42.466235272697752 ], [ -2.358868284324793, 42.466375803939059 ], [ -2.358826085501954, 42.46648759564841 ], [ -2.358803372345931, 42.466555007295334 ], [ -2.358759638698201, 42.466661148205468 ], [ -2.358695542682979, 42.466765477557452 ], [ -2.358650556712182, 42.466852464911426 ], [ -2.358587367654865, 42.466936548650111 ], [ -2.358548263911636, 42.466970043326555 ], [ -2.358463906675887, 42.467038294163224 ], [ -2.358360765925171, 42.467087811120685 ], [ -2.35825000253465, 42.46714178284148 ], [ -2.35813916083078, 42.467198519721869 ], [ -2.358039076955984, 42.46724583806008 ], [ -2.357941436584289, 42.467278526437056 ], [ -2.357796692489871, 42.467308667822586 ], [ -2.357680917472093, 42.467331622576395 ], [ -2.357570515411886, 42.467347898848857 ], [ -2.357489857564095, 42.467354236260128 ], [ -2.357344825174061, 42.467334276647414 ], [ -2.357224984955234, 42.46730715346456 ], [ -2.357080094694523, 42.467278197439626 ], [ -2.356892010824576, 42.467234903777367 ], [ -2.35672922661815, 42.467168143786736 ], [ -2.35653012809447, 42.467085963360674 ], [ -2.356342548859569, 42.466993743581199 ], [ -2.356310674467607, 42.466977700718431 ], [ -2.356185220367944, 42.466914621362662 ], [ -2.355812356009792, 42.466725095928851 ], [ -2.355667089328736, 42.466660094465723 ], [ -2.355351973625804, 42.466547990606344 ], [ -2.355096631216449, 42.466465510244603 ], [ -2.354940961781475, 42.466419851597081 ], [ -2.3548813511953, 42.466402341877419 ], [ -2.354603116685491, 42.466327646833477 ], [ -2.354414955904299, 42.466291689364731 ], [ -2.354185241318217, 42.466232405475274 ], [ -2.353779058077552, 42.466104622721751 ], [ -2.35304976120311, 42.465904633302657 ], [ -2.352611887718516, 42.465833471229161 ], [ -2.352279334887143, 42.465788764011428 ], [ -2.352164786560149, 42.465765614520336 ], [ -2.351871645267944, 42.465663217452978 ], [ -2.35164582837171, 42.465521245895893 ], [ -2.351470276787487, 42.465370525417377 ], [ -2.351460746432795, 42.464967988691711 ], [ -2.351445241961863, 42.464849160194738 ], [ -2.351432991245765, 42.464757203847697 ], [ -2.351369712101538, 42.464281952008768 ], [ -2.351289715202204, 42.463496858873349 ], [ -2.351231251633786, 42.462903296770165 ], [ -2.351220919642358, 42.462804160931285 ], [ -2.351202357012679, 42.462614893518321 ], [ -2.351166849741053, 42.46236876156825 ], [ -2.35108953060086, 42.462277080704844 ], [ -2.35102412748534, 42.462208634903284 ], [ -2.350956530232089, 42.462126064413688 ], [ -2.350917879125767, 42.4620436938335 ], [ -2.350885686087544, 42.461847639769061 ], [ -2.350871895599999, 42.461712478755189 ], [ -2.350833201806996, 42.461556922450399 ], [ -2.350712665366045, 42.461381687570984 ], [ -2.350519212417169, 42.461122852008302 ], [ -2.350380321414064, 42.460954334721528 ], [ -2.350269750095114, 42.460769083653119 ], [ -2.350226903922125, 42.460707240481533 ], [ -2.350164125048015, 42.460616505965149 ], [ -2.350104466397679, 42.460504102922947 ], [ -2.349991213274333, 42.460286779901843 ], [ -2.3499020541011, 42.460086488471823 ], [ -2.349754918593988, 42.459762550412009 ], [ -2.349664014724493, 42.45951156823039 ], [ -2.349641308031979, 42.459434160740308 ], [ -2.349459838673468, 42.459039569854461 ], [ -2.349391071545125, 42.45893083955292 ], [ -2.349251809076602, 42.458726831016548 ], [ -2.349049822057643, 42.458413319176096 ], [ -2.348911948890299, 42.458147975361193 ], [ -2.348720135404219, 42.457733183685079 ], [ -2.348561864991474, 42.457455921295136 ], [ -2.34833173336569, 42.457147849831578 ], [ -2.348172850863494, 42.456929674678996 ], [ -2.347984138352273, 42.456729331497698 ], [ -2.347893009898585, 42.456577978736817 ], [ -2.347865882802147, 42.456480439147789 ], [ -2.347859758727098, 42.456336320780807 ], [ -2.347839480533192, 42.456098095818902 ], [ -2.347802925723978, 42.455881724698358 ], [ -2.347753971112662, 42.455694053235376 ], [ -2.347714968620202, 42.455497958429731 ], [ -2.347710830350275, 42.455311595661591 ], [ -2.347714344509233, 42.455122511625973 ], [ -2.347742631570479, 42.4548845944867 ], [ -2.34783682420745, 42.454598071958635 ], [ -2.347845058979932, 42.454577427760682 ], [ -2.347951609456334, 42.454312219448973 ], [ -2.34805304712949, 42.45405502421216 ], [ -2.348185245406605, 42.453768716618697 ], [ -2.348278613758576, 42.453560979800443 ], [ -2.348365381130005, 42.453331812754449 ], [ -2.348394066761752, 42.453203643550374 ], [ -2.348406685825831, 42.453087220358327 ], [ -2.348396486202247, 42.452971189785515 ], [ -2.34835636989842, 42.452882023945179 ], [ -2.348259971939274, 42.452725016336224 ], [ -2.348110470548264, 42.452554130239136 ], [ -2.347901203035736, 42.452358240374444 ], [ -2.347651463640692, 42.452184589515305 ], [ -2.347401652495347, 42.452012593885264 ], [ -2.347069094326505, 42.451832250711412 ], [ -2.346808556072447, 42.451743505381039 ], [ -2.346521402760987, 42.451651266532735 ], [ -2.346232765824506, 42.451568578268216 ], [ -2.346093590474969, 42.451549042179707 ], [ -2.345802419795068, 42.45150811135661 ], [ -2.345295813212843, 42.451472031132326 ], [ -2.345016475671451, 42.45146194897891 ], [ -2.343185036535969, 42.45166690716615 ], [ -2.342770180493118, 42.451757004458429 ], [ -2.34251606110189, 42.451816738570223 ], [ -2.342466503827813, 42.451747306975179 ], [ -2.342466053283839, 42.451747362928963 ], [ -2.342465814453379, 42.451746361903751 ], [ -2.342466113511499, 42.451746255548514 ], [ -2.342377694660167, 42.451196374732213 ], [ -2.342353449598494, 42.451043149685425 ], [ -2.342344903303354, 42.450989060728254 ], [ -2.342237148400939, 42.450322028059098 ], [ -2.342157908712487, 42.449835240051847 ], [ -2.34206112750296, 42.449662158434862 ], [ -2.342026559531227, 42.449600359614038 ], [ -2.341752925422152, 42.448157829987622 ], [ -2.341713315629115, 42.447950517968593 ], [ -2.341094422640125, 42.444683591994199 ], [ -2.341093480908317, 42.444678309115801 ], [ -2.341093358996065, 42.444677759054308 ], [ -2.342569415696577, 42.443074211065991 ], [ -2.34256956998635, 42.443073991305987 ], [ -2.343259873463034, 42.442159590890228 ], [ -2.344095333625646, 42.440016205401577 ], [ -2.344097165025271, 42.440012563980375 ], [ -2.344171026330043, 42.437890812177656 ], [ -2.344201006567638, 42.437032745212882 ], [ -2.345133388105751, 42.437432126422792 ], [ -2.349572974982466, 42.438403048788693 ], [ -2.352358919833906, 42.43353035334566 ], [ -2.352359173592053, 42.433529913488741 ], [ -2.353933365408653, 42.434127984694229 ], [ -2.354187478905809, 42.434224551715879 ], [ -2.354187727383718, 42.434224625163253 ], [ -2.356282290949983, 42.435055886238956 ], [ -2.360784826616475, 42.435837573067474 ], [ -2.363163638511329, 42.436196723495158 ], [ -2.363200536643332, 42.436202278008373 ], [ -2.36433204585127, 42.436002689193103 ], [ -2.366269769376568, 42.435660964270554 ], [ -2.366298337175206, 42.435660091029149 ], [ -2.370500569873341, 42.435702849717032 ], [ -2.377785128878193, 42.439537767777502 ], [ -2.377785400785701, 42.439537935863122 ], [ -2.377785890646905, 42.439538195191105 ], [ -2.377793366957891, 42.439542626163302 ], [ -2.377800784362512, 42.439543179763824 ], [ -2.377801081833548, 42.439543221905197 ], [ -2.377801379349122, 42.439543259543846 ], [ -2.377801652370427, 42.439543315061393 ], [ -2.391393788766563, 42.441549789992955 ], [ -2.391394286566111, 42.441549864683466 ], [ -2.391464302157086, 42.441561304695099 ], [ -2.393318335888138, 42.442311001816329 ], [ -2.395097803659584, 42.443030509937941 ], [ -2.395134508668898, 42.443040925357153 ], [ -2.39752307288691, 42.443718716499617 ], [ -2.398305510498758, 42.443993032010155 ], [ -2.399146996901263, 42.444285695985243 ], [ -2.400263578242545, 42.444498674414113 ], [ -2.406948864798066, 42.446037447213648 ], [ -2.409524985373107, 42.446230878780419 ], [ -2.41250693290478, 42.448362588824182 ], [ -2.412554220516455, 42.44839739589812 ], [ -2.412580886243095, 42.448417007855532 ], [ -2.414723563315986, 42.449049394057326 ], [ -2.416247082388099, 42.449497092342504 ], [ -2.41626794756311, 42.449503250579482 ], [ -2.417468198434024, 42.449856991438693 ], [ -2.418605434656812, 42.450649922126026 ], [ -2.418996032534354, 42.450922296279018 ], [ -2.420041670098321, 42.451652076113156 ], [ -2.420629023540124, 42.451864313292674 ], [ -2.420629671969795, 42.45186455072399 ], [ -2.420641756373977, 42.451868912129363 ], [ -2.420716097589167, 42.451895778759926 ], [ -2.421108545704437, 42.452037606199866 ], [ -2.421491656705347, 42.452176034969433 ], [ -2.421498462576985, 42.452178491909947 ], [ -2.421778619511511, 42.452279429883035 ], [ -2.421809570465919, 42.452290582234475 ], [ -2.422247844044746, 42.452448464811013 ], [ -2.422530512582263, 42.45255029258076 ], [ -2.422623809014331, 42.452583080293877 ], [ -2.422729660986316, 42.45243124870526 ], [ -2.42284858920995, 42.452260623573942 ], [ -2.422987418996606, 42.452061456992851 ], [ -2.423027367744866, 42.452004146323475 ], [ -2.423089408854183, 42.451933389333014 ], [ -2.423152104697031, 42.451862698644383 ], [ -2.423310253542622, 42.451684404624707 ], [ -2.42337388396429, 42.451612664821276 ], [ -2.423452941927598, 42.451523532008693 ], [ -2.423485869060319, 42.451486408636484 ], [ -2.423630425555361, 42.451323427898402 ], [ -2.42371420746968, 42.451228972743053 ], [ -2.423836207117746, 42.451091419102312 ], [ -2.423840778237396, 42.451086263678128 ], [ -2.423840815007412, 42.451086232342234 ], [ -2.424035971599361, 42.450943512056462 ], [ -2.424044015073775, 42.450937644592976 ], [ -2.424429527193954, 42.450656416158935 ], [ -2.424465063914411, 42.450648814388238 ], [ -2.424746821849256, 42.450588530155628 ], [ -2.424747114355243, 42.450588459576288 ], [ -2.424758777734172, 42.450585677644405 ], [ -2.424860627777741, 42.450537628839619 ], [ -2.424871971096375, 42.450530617012397 ], [ -2.424892743744586, 42.450517775234033 ], [ -2.424982936398262, 42.450461995688876 ], [ -2.424977337133589, 42.450447949889991 ], [ -2.424989520751343, 42.45041767007698 ], [ -2.425034223034671, 42.450306474017168 ], [ -2.425042209070503, 42.450299687591155 ], [ -2.425338439145685, 42.450065608954745 ], [ -2.425375821923375, 42.450035734615376 ], [ -2.425410854892305, 42.449976890857243 ], [ -2.425495934354537, 42.449834705010495 ], [ -2.425569332316518, 42.449786032042688 ], [ -2.425692831534729, 42.449704945601994 ], [ -2.425920677334266, 42.449629452918927 ], [ -2.425974320314249, 42.449572728520636 ], [ -2.426051398715129, 42.449491278620982 ], [ -2.426118924114446, 42.449419889983126 ], [ -2.426202946331024, 42.44933105837039 ], [ -2.426266246922372, 42.449264186576578 ], [ -2.426392589340767, 42.449130637014839 ], [ -2.426555211743862, 42.449082189234446 ], [ -2.426744603782579, 42.449025775183109 ], [ -2.42685958631543, 42.44910743046951 ], [ -2.426865675915843, 42.449111743233274 ], [ -2.426866294926386, 42.449111872411287 ], [ -2.426893843114796, 42.449117377681326 ], [ -2.427056840231957, 42.44914999243953 ], [ -2.427033975168403, 42.449112584635202 ], [ -2.427083470401863, 42.449116926127417 ], [ -2.427261295848524, 42.449132494457871 ], [ -2.427280731130319, 42.449134199125467 ], [ -2.427281527118353, 42.449134257138176 ], [ -2.427281569678363, 42.449134257350835 ], [ -2.427340260899635, 42.448770926686947 ], [ -2.427769681018132, 42.448268002165037 ], [ -2.429310274638696, 42.444960528652217 ], [ -2.429310324951129, 42.444960344281235 ], [ -2.429620261168045, 42.444108226890535 ], [ -2.42999834853383, 42.443483197813691 ], [ -2.430027623952043, 42.443434874383662 ], [ -2.430031771425837, 42.443411412048562 ], [ -2.430155792094936, 42.44271501029241 ], [ -2.430881515150208, 42.441586858557947 ], [ -2.430883433753968, 42.441583914138349 ], [ -2.430883295838669, 42.441583030872323 ], [ -2.430883249568048, 42.441582769470564 ], [ -2.430748312728248, 42.440394452010537 ], [ -2.431312106296242, 42.439901919660691 ], [ -2.431175019628101, 42.438928572379062 ], [ -2.43117502162372, 42.438928351743535 ], [ -2.431174925977783, 42.438927500207996 ], [ -2.431175231506393, 42.438926655166199 ], [ -2.431214948620652, 42.438550518507242 ], [ -2.431485847610776, 42.438069404476266 ], [ -2.431584093306336, 42.437894971187518 ], [ -2.431795720987762, 42.437517751227851 ], [ -2.431922407184017, 42.436864479565649 ], [ -2.431961532647864, 42.436663045793694 ], [ -2.432072943036079, 42.436447433676257 ], [ -2.432073999279668, 42.436446254628414 ], [ -2.432515087625247, 42.435954328270427 ], [ -2.432540530362034, 42.435828367456814 ], [ -2.43244000429287, 42.435436045588553 ], [ -2.432399595818911, 42.43527833249199 ], [ -2.432414328837887, 42.434999163613931 ], [ -2.432812068082017, 42.434409078093267 ], [ -2.433424773113723, 42.433500160004044 ], [ -2.433537345135283, 42.433149504330629 ], [ -2.433444581264273, 42.432663303914246 ], [ -2.43344448899795, 42.432662749592566 ], [ -2.433596352276429, 42.431997042046895 ], [ -2.433596496700512, 42.431996529421554 ], [ -2.44017887669898, 42.434195720146796 ], [ -2.441778291089304, 42.434730011298555 ], [ -2.444110586464319, 42.436334259014778 ], [ -2.447490813208153, 42.437897850210177 ], [ -2.447801466135291, 42.438101129729901 ], [ -2.447968201969228, 42.438412236064671 ], [ -2.448181386714651, 42.438520569203732 ], [ -2.448689227960808, 42.438784257112637 ], [ -2.449153409975316, 42.439001105621017 ], [ -2.449529892639942, 42.439161536702294 ], [ -2.449717886419224, 42.439269709073059 ], [ -2.450032289694081, 42.439331864866809 ], [ -2.450307019003935, 42.43939703566172 ], [ -2.450767618296804, 42.439506257499019 ], [ -2.450855634165416, 42.439527114565493 ], [ -2.451554426394745, 42.439666546176994 ], [ -2.452364631985177, 42.439828229087716 ], [ -2.452441115203828, 42.439858142945646 ], [ -2.452474517059425, 42.439871212508947 ], [ -2.452480847571555, 42.439873650934736 ], [ -2.452568872526225, 42.439907556331505 ], [ -2.452658949995012, 42.439943695027196 ], [ -2.452714084351187, 42.439965869725242 ], [ -2.452766542619409, 42.439986923890693 ], [ -2.452816813119992, 42.440007049883569 ], [ -2.452903716016583, 42.440041952927842 ], [ -2.453100338789127, 42.440120909644456 ], [ -2.453156473621767, 42.440143422122397 ], [ -2.453327627811432, 42.440207983434398 ], [ -2.453317670049046, 42.440224310537751 ], [ -2.453504442865424, 42.440229665396117 ], [ -2.453335674902569, 42.440607691759595 ], [ -2.453384789516002, 42.440620292933289 ], [ -2.453425961012512, 42.4406296437935 ], [ -2.453849521690629, 42.440725835054458 ], [ -2.45415212043807, 42.440771582027054 ], [ -2.454235678401063, 42.440784556687916 ], [ -2.454411928954296, 42.440675322474689 ], [ -2.454578991513269, 42.440512408514834 ], [ -2.455786197477827, 42.440736751950766 ], [ -2.455786446102353, 42.440736825178647 ], [ -2.455830303821734, 42.440749983930949 ], [ -2.455850189263302, 42.440748637382463 ], [ -2.458372779511554, 42.440581890794981 ], [ -2.459501748098781, 42.439952732587038 ], [ -2.459917072692247, 42.439721271607858 ], [ -2.46151251489907, 42.438832095962702 ], [ -2.471191545042782, 42.434419303435341 ], [ -2.475886896719286, 42.434142541470649 ], [ -2.486239060692275, 42.434876160984786 ], [ -2.494248443881461, 42.433695980891443 ], [ -2.498624272786186, 42.432263079322404 ], [ -2.50272464081208, 42.431822220321664 ], [ -2.504584327151671, 42.431224272701762 ], [ -2.506844297368585, 42.430497560878031 ], [ -2.507716029101914, 42.429431923099258 ], [ -2.508179248063792, 42.429189325780698 ], [ -2.508181440669853, 42.429188763309469 ], [ -2.510451133220796, 42.428991029238581 ], [ -2.510451582126958, 42.428991143730237 ], [ -2.510452525114169, 42.428991035182875 ], [ -2.510769469470905, 42.429047429135956 ], [ -2.510770118991796, 42.429047539979564 ], [ -2.512121088250618, 42.428846253420275 ], [ -2.512121933109929, 42.428846257016062 ], [ -2.512123324721094, 42.428846298962696 ], [ -2.519845641345994, 42.431035607193778 ], [ -2.519852398254075, 42.431037517741949 ], [ -2.519860193901514, 42.431040315224621 ], [ -2.520855931709105, 42.43117960706028 ], [ -2.520890661381895, 42.431195985463887 ], [ -2.521837197887396, 42.4316430056843 ], [ -2.524634936857106, 42.433032576912744 ], [ -2.524283030877431, 42.434533976002697 ], [ -2.524283323420336, 42.434534679681221 ], [ -2.524283120303627, 42.434535012058589 ], [ -2.525633865962427, 42.437584664911363 ], [ -2.524876998543198, 42.440468308442099 ], [ -2.524821614413921, 42.440679312409827 ], [ -2.524757469992295, 42.440922250226173 ], [ -2.524756142364489, 42.44099222001114 ], [ -2.524754248046153, 42.441090516544612 ], [ -2.524752853363884, 42.441090843982167 ], [ -2.524736006759443, 42.441966241025561 ], [ -2.524479220639237, 42.442543470140691 ], [ -2.524476332157528, 42.442549987465988 ], [ -2.523247271076772, 42.442961047620834 ], [ -2.523196291245143, 42.442978099963895 ], [ -2.523157905306865, 42.444824118328071 ], [ -2.522038790745117, 42.446467577139806 ], [ -2.522039034678481, 42.446468280619932 ], [ -2.522038782324434, 42.446468684834798 ], [ -2.522054434309528, 42.446532088844485 ], [ -2.522501083384325, 42.44833158344909 ], [ -2.522510698691411, 42.44837032199711 ], [ -2.522476990589629, 42.448525699621925 ], [ -2.522233429746339, 42.449647447882654 ], [ -2.522256279896153, 42.449935934631924 ], [ -2.522259465109961, 42.449975898214255 ], [ -2.522254071509184, 42.450010183825214 ], [ -2.521733958072147, 42.453334509066039 ], [ -2.521718142314409, 42.453435665165301 ], [ -2.521718187874932, 42.453436070622018 ], [ -2.521718036597853, 42.453436772452939 ], [ -2.522028041809858, 42.45579558295249 ], [ -2.524213911390317, 42.456746738792106 ], [ -2.524213707382321, 42.456747179235364 ], [ -2.524214052864922, 42.456747329267124 ], [ -2.524213551659385, 42.456748470938464 ], [ -2.524213347378685, 42.45674894740425 ], [ -2.524222233110957, 42.456752784786232 ], [ -2.522970732239344, 42.459809176256762 ], [ -2.522970679659655, 42.459809693878057 ], [ -2.522930626355643, 42.460205495627029 ], [ -2.522829093813505, 42.461208783845478 ], [ -2.522819044267465, 42.461261713885726 ], [ -2.522798093447992, 42.461471558083815 ], [ -2.522782998210134, 42.461628008083025 ], [ -2.522768120577001, 42.461775814207208 ], [ -2.522756609931542, 42.461887222543616 ], [ -2.522760284581504, 42.461888638263005 ], [ -2.526547554675559, 42.465375641805373 ], [ -2.532935824478154, 42.467913958007543 ], [ -2.534757984915463, 42.46824503553951 ], [ -2.534757980814038, 42.468245589385909 ], [ -2.534757902114629, 42.4682496462258 ], [ -2.534766515123369, 42.468251194178073 ], [ -2.534748545921971, 42.469032591313606 ], [ -2.534748530882695, 42.46903462208342 ], [ -2.534748828101908, 42.469034731360708 ], [ -2.534748820432215, 42.469035767008286 ], [ -2.540477405927229, 42.471442533687217 ], [ -2.540484458262352, 42.471445479872514 ], [ -2.54191007390448, 42.47549341615894 ], [ -2.542271990596892, 42.476521419369227 ], [ -2.540896154595322, 42.480036423560186 ], [ -2.540326179705643, 42.480392726336909 ], [ -2.539661423466517, 42.480807111805838 ], [ -2.538494479330959, 42.480774967162112 ], [ -2.537362626087232, 42.480742696520018 ], [ -2.537362514546072, 42.480743799290543 ], [ -2.537266722409536, 42.482886785507525 ], [ -2.537245941182058, 42.483358612420595 ], [ -2.537245748877356, 42.483364069207241 ], [ -2.537245789115945, 42.483365213116429 ], [ -2.534263912089621, 42.483310845929331 ], [ -2.532671537646953, 42.483282444730875 ], [ -2.532667800791616, 42.483282650137973 ], [ -2.531405565723881, 42.483358312483951 ], [ -2.530479301100831, 42.483570642973795 ], [ -2.529819490029975, 42.483937183604276 ], [ -2.529415190953843, 42.484304730169733 ], [ -2.529179166457236, 42.484952216384237 ], [ -2.529346007387403, 42.485384637927162 ], [ -2.529346252663798, 42.485385192795746 ], [ -2.529696526662851, 42.485728840417558 ], [ -2.530594987934751, 42.485984692692213 ], [ -2.531597296652462, 42.486151106262561 ], [ -2.532041165856473, 42.486224779114963 ], [ -2.532685204027804, 42.486335457595644 ], [ -2.533893687840554, 42.486932951685766 ], [ -2.53389746264861, 42.486934218853705 ], [ -2.533911231844178, 42.486945527688775 ], [ -2.53739388116559, 42.489659723224847 ], [ -2.53773152920088, 42.490075355587138 ], [ -2.537885593931181, 42.490634347957197 ], [ -2.537944630944653, 42.492525829734454 ], [ -2.538037115028549, 42.493183618982059 ], [ -2.537896801596241, 42.494047630648552 ], [ -2.537896846194471, 42.494048184688943 ], [ -2.537896238694989, 42.494048880193901 ], [ -2.53735255849121, 42.495243162381136 ], [ -2.536334691863031, 42.496292765230152 ], [ -2.53568842982367, 42.496774667662237 ], [ -2.535686114331848, 42.49677757167666 ], [ -2.535639459795568, 42.496803940030574 ], [ -2.534133700703839, 42.497655612829604 ], [ -2.52985782828857, 42.500073874680488 ], [ -2.529856422658631, 42.500074679441013 ], [ -2.529849908666546, 42.500079115118915 ], [ -2.522266779890276, 42.505261015258547 ], [ -2.522258805136175, 42.505267731895145 ], [ -2.520871555191623, 42.506711850619212 ], [ -2.520861615495044, 42.506720810402051 ], [ -2.519511683838123, 42.507957978995755 ], [ -2.51950786685349, 42.507962092169862 ], [ -2.518652476742224, 42.508890953629873 ], [ -2.51704238356285, 42.510901494179038 ], [ -2.51544106566087, 42.513415324848935 ], [ -2.515440412650168, 42.513416339746676 ], [ -2.515440053104415, 42.513417184774497 ], [ -2.514908178824372, 42.514548827998588 ], [ -2.514026110398614, 42.516832573536405 ], [ -2.513908965846658, 42.517821738397757 ], [ -2.513908654355137, 42.517822660173394 ], [ -2.513919090113593, 42.518038907225808 ], [ -2.513926390530803, 42.518190362090564 ], [ -2.513929951626588, 42.518264630200079 ], [ -2.513928897266187, 42.518265584848159 ], [ -2.513608924345386, 42.518821046412505 ], [ -2.513191519425119, 42.5192606007423 ], [ -2.512470381980884, 42.519635774211984 ], [ -2.511749836172527, 42.519920869427196 ], [ -2.510592346585502, 42.520042005490339 ], [ -2.509740123699418, 42.520056359166205 ], [ -2.508852404798647, 42.519917468967769 ], [ -2.507871305338929, 42.51928284184077 ], [ -2.507254592667171, 42.518748888950959 ], [ -2.507014361724374, 42.518342534396012 ], [ -2.506896817848938, 42.517826372445818 ], [ -2.505645900365121, 42.514603506466337 ], [ -2.505644045567652, 42.514598666839106 ], [ -2.505470200042469, 42.513865026143264 ], [ -2.505373177162335, 42.513454958408182 ], [ -2.505373029869046, 42.513454340873196 ], [ -2.505398692357203, 42.51289604158552 ], [ -2.505402416880793, 42.512816121914902 ], [ -2.507206509000532, 42.510932741202367 ], [ -2.50720736974947, 42.510930862684503 ], [ -2.507734371542027, 42.51039353406324 ], [ -2.509355064382802, 42.506571939777054 ], [ -2.510137379439628, 42.504983874031083 ], [ -2.510138237451451, 42.504982324190671 ], [ -2.510140092851205, 42.50498085966602 ], [ -2.51550193923921, 42.502138635542757 ], [ -2.515515746909591, 42.502132349294293 ], [ -2.516518742121426, 42.501497176929838 ], [ -2.517451296657861, 42.500510487183341 ], [ -2.51771034943761, 42.500061286883863 ], [ -2.51802243935545, 42.49970810876971 ], [ -2.518090935476683, 42.499630600657746 ], [ -2.518092097571588, 42.499628246011007 ], [ -2.518832825365144, 42.498111726821989 ], [ -2.519069819542104, 42.497365231100694 ], [ -2.519200017419679, 42.496258070535987 ], [ -2.519167753086549, 42.495708603067037 ], [ -2.519167558227911, 42.495707827745711 ], [ -2.519167268568314, 42.495706718809892 ], [ -2.518991042838135, 42.494951362207608 ], [ -2.518334779698382, 42.493255489793562 ], [ -2.517855076703824, 42.49234388602644 ], [ -2.517167913031102, 42.491648643970038 ], [ -2.51716683613077, 42.491646423990595 ], [ -2.51716187671746, 42.49164334110332 ], [ -2.516380995473103, 42.490977796097873 ], [ -2.515435989181284, 42.490442468389929 ], [ -2.514720597411573, 42.490115227636274 ], [ -2.513165117281249, 42.489847421142294 ], [ -2.512119025338412, 42.489797960609238 ], [ -2.510968712534414, 42.489837832562586 ], [ -2.509806384743561, 42.489878123394078 ], [ -2.508361111419571, 42.489644216733694 ], [ -2.506475209940336, 42.489504151973463 ], [ -2.50513464077257, 42.489760045926964 ], [ -2.489779945099143, 42.488034999861064 ], [ -2.48483033897478, 42.487751444250208 ], [ -2.481262433325325, 42.487546870937237 ], [ -2.481254461179183, 42.487546389063901 ], [ -2.477370827540839, 42.486592103656292 ], [ -2.477368690358784, 42.486591580576203 ], [ -2.477333991783887, 42.486622519603443 ], [ -2.477098590481254, 42.486832329033028 ], [ -2.47704123296868, 42.486872868409947 ], [ -2.476954967410193, 42.486931899066612 ], [ -2.476954392165204, 42.486932301705387 ], [ -2.476953510896533, 42.486932923591311 ], [ -2.476953039524779, 42.486933272668914 ], [ -2.476931930501666, 42.486948336808126 ], [ -2.476917590790409, 42.486958542553651 ], [ -2.476832277075951, 42.487019405652035 ], [ -2.476804246729563, 42.48705157273492 ], [ -2.476717734294406, 42.487151700355284 ], [ -2.476651833361919, 42.4872279754305 ], [ -2.476561623424431, 42.487332381843601 ], [ -2.476484368287416, 42.487421776042325 ], [ -2.476428781388767, 42.487486111289584 ], [ -2.476338593975461, 42.487590499612942 ], [ -2.476231444629289, 42.487714505275711 ], [ -2.476121806752925, 42.487841395746599 ], [ -2.476035439723293, 42.487941334377687 ], [ -2.475941706175137, 42.488049834455808 ], [ -2.475844820801668, 42.488161972819228 ], [ -2.475735180140306, 42.488288862896248 ], [ -2.475657119013912, 42.488379193946301 ], [ -2.475519443781607, 42.488538506344668 ], [ -2.475410958043788, 42.488664054109947 ], [ -2.475316866220488, 42.488772940174293 ], [ -2.47527581988531, 42.488820450913522 ], [ -2.475144863699752, 42.488971995432806 ], [ -2.475040400471374, 42.489092891717462 ], [ -2.474957107785147, 42.489189286276904 ], [ -2.474880653807994, 42.489277782445541 ], [ -2.474739626316526, 42.489440969051863 ], [ -2.474684712913387, 42.48950451399817 ], [ -2.474593518120164, 42.489610076057048 ], [ -2.474520410569035, 42.489694656260156 ], [ -2.474459056802962, 42.489765659940495 ], [ -2.474298520560978, 42.489951428786298 ], [ -2.474181703621613, 42.490086637351538 ], [ -2.474126424831838, 42.490152265202745 ], [ -2.474149759925543, 42.490275652605526 ], [ -2.474194568758589, 42.490512382718343 ], [ -2.474231839378807, 42.490709312846029 ], [ -2.474283568893857, 42.490982687979439 ], [ -2.474322914717389, 42.491190529174219 ], [ -2.474388346421303, 42.491536206685005 ], [ -2.474404799207425, 42.491630312314058 ], [ -2.474333412903293, 42.491664084700055 ], [ -2.474001906020052, 42.491820866013846 ], [ -2.473737857536683, 42.491945625106908 ], [ -2.473502158968854, 42.492056902372923 ], [ -2.473143575613836, 42.492226169504569 ], [ -2.4728345890623, 42.492372041283708 ], [ -2.472658331105984, 42.49245525776869 ], [ -2.472567518050365, 42.492496653176424 ], [ -2.472040758836245, 42.492609368591644 ], [ -2.471777707589828, 42.49266566611368 ], [ -2.471535423377365, 42.492717497323831 ], [ -2.471180389022801, 42.492793469470357 ], [ -2.470823708102251, 42.492869784141028 ], [ -2.470693654231404, 42.492897605159023 ], [ -2.470557479050806, 42.492926744127068 ], [ -2.470284135930184, 42.49298523763197 ], [ -2.470060026257188, 42.493033169129852 ], [ -2.469826533682031, 42.49308314164 ], [ -2.469714802162908, 42.49310704409973 ], [ -2.469486272249588, 42.493155931156963 ], [ -2.469115579645676, 42.49323523313096 ], [ -2.468846927521739, 42.493292713761157 ], [ -2.468707782139418, 42.493322479780389 ], [ -2.468544869762627, 42.493357341707103 ], [ -2.468364750670792, 42.493395865519119 ], [ -2.468191847315782, 42.493432850108057 ], [ -2.467727892935981, 42.493532117558246 ], [ -2.467614843106147, 42.493556308137322 ], [ -2.467404810230187, 42.493601237833097 ], [ -2.467022329423377, 42.493683062924134 ], [ -2.466677939635951, 42.493756729078498 ], [ -2.466573026863817, 42.49377916432811 ], [ -2.466377579350898, 42.493820990862424 ], [ -2.466068098247941, 42.493887180747997 ], [ -2.465798940770483, 42.493944759937321 ], [ -2.465724115311413, 42.493960108347309 ], [ -2.465574390429019, 42.493982185172449 ], [ -2.465332039771259, 42.494017904972388 ], [ -2.464755420793073, 42.494102889979452 ], [ -2.464500219336311, 42.494140502272202 ], [ -2.464131347128582, 42.494194882811307 ], [ -2.463630417194211, 42.494268711946624 ], [ -2.46349603751201, 42.494288516347048 ], [ -2.463250687072387, 42.494324676997259 ], [ -2.462916697558365, 42.494373907134452 ], [ -2.462554634064827, 42.494427260816195 ], [ -2.462458434556219, 42.494441434260253 ], [ -2.462202524855465, 42.494479150682892 ], [ -2.461845432739328, 42.494531772560691 ], [ -2.461589071449072, 42.494569557538526 ], [ -2.461409924885033, 42.49459595309532 ], [ -2.461262470713204, 42.494617688227407 ], [ -2.460810018647303, 42.494684370608326 ], [ -2.460496990467172, 42.494730518638477 ], [ -2.46038521907945, 42.494746981072964 ], [ -2.460168615117164, 42.494778916134109 ], [ -2.459856932575511, 42.494824848109246 ], [ -2.459804924679909, 42.494832846942799 ], [ -2.459580469119297, 42.494876290286058 ], [ -2.459351867584445, 42.494920527760044 ], [ -2.459196058069386, 42.494950685415333 ], [ -2.458787188503951, 42.495029814307017 ], [ -2.45855673908272, 42.49507441070633 ], [ -2.458389677613348, 42.495106743954182 ], [ -2.45831180898348, 42.495121815569711 ], [ -2.458146490461309, 42.495153805472299 ], [ -2.457791764472984, 42.495222451805319 ], [ -2.457573248715361, 42.495264743148589 ], [ -2.457358626175245, 42.495306274402694 ], [ -2.457247155631357, 42.495327841515198 ], [ -2.457086504725615, 42.495358932493751 ], [ -2.456697998110723, 42.495434111257651 ], [ -2.456383015582692, 42.495495066906784 ], [ -2.456223613422564, 42.495525901427477 ], [ -2.456064161011924, 42.49555675890285 ], [ -2.455754370232354, 42.495616706292132 ], [ -2.455452787635235, 42.495675065387026 ], [ -2.455180120561237, 42.495727825323236 ], [ -2.454917082022414, 42.495778716661242 ], [ -2.454550794130968, 42.495849580941218 ], [ -2.45418859395578, 42.495919657492863 ], [ -2.453751546527193, 42.496004221423306 ], [ -2.452797087823464, 42.496188879339158 ], [ -2.451815085692658, 42.49637885419677 ], [ -2.451056625868335, 42.496525592698475 ], [ -2.45018241340776, 42.496694695304257 ], [ -2.449391690132885, 42.4968476495294 ], [ -2.449182373161707, 42.496888140857152 ], [ -2.448304662673519, 42.496181997894496 ], [ -2.447419117654992, 42.495468389547518 ], [ -2.446591644498464, 42.494801556425031 ], [ -2.446161899022867, 42.49445524536354 ], [ -2.445413540563341, 42.493852137598537 ], [ -2.444818470191698, 42.493372554248154 ], [ -2.44459137696969, 42.493268610710274 ], [ -2.443919174841304, 42.492972051232272 ], [ -2.44281654887782, 42.492485563663841 ], [ -2.441891033433558, 42.492077226220523 ], [ -2.440751893724714, 42.491574605064926 ], [ -2.439916911422347, 42.491206184947714 ], [ -2.439790286052979, 42.491150305242151 ], [ -2.439511515915487, 42.490747970961465 ], [ -2.439159354482461, 42.490239702105072 ], [ -2.438832390817069, 42.489767798679352 ], [ -2.438602043067386, 42.489435309962452 ], [ -2.437429391435265, 42.489586010545885 ], [ -2.436178321820233, 42.489748799989705 ], [ -2.43504094751344, 42.48989661108002 ], [ -2.434340868874245, 42.489987583446975 ], [ -2.433459750961313, 42.490102080637136 ], [ -2.432157871235243, 42.489798537243267 ], [ -2.431923542855969, 42.489743902827946 ], [ -2.431078766430226, 42.489550901077138 ], [ -2.430275250145559, 42.489604947837023 ], [ -2.429079665173012, 42.489685360876223 ], [ -2.428472351604657, 42.489725765600717 ], [ -2.427061959336016, 42.489440526443168 ], [ -2.426204066286136, 42.489266695727963 ], [ -2.424491701277012, 42.48891973016228 ], [ -2.424109373310483, 42.488841465224326 ], [ -2.424067133599212, 42.488665594633559 ], [ -2.422863421873442, 42.488798415154911 ], [ -2.421849300500769, 42.488910436738905 ], [ -2.421583124969902, 42.488939594730866 ], [ -2.421556163730789, 42.488942501736858 ], [ -2.42154912717605, 42.488943519907643 ], [ -2.421520030629494, 42.488947722877604 ], [ -2.42151191773, 42.488948681578194 ], [ -2.421496276726797, 42.488950520876791 ], [ -2.42149031366644, 42.488951247269306 ], [ -2.421474465961286, 42.488953729440254 ], [ -2.421461092364894, 42.488955782811225 ], [ -2.421447045327472, 42.488957630149308 ], [ -2.42144133137183, 42.488958393820177 ], [ -2.421425683234971, 42.488961006676149 ], [ -2.421415945595693, 42.488962655121711 ], [ -2.421412728217784, 42.488963192739462 ], [ -2.421391320015487, 42.488966290746177 ], [ -2.421375966256814, 42.488968649315225 ], [ -2.421360293439041, 42.488971298961665 ], [ -2.421346014154235, 42.48897391961841 ], [ -2.421334386781222, 42.488975963779389 ], [ -2.421323256599079, 42.488977533139227 ], [ -2.421315117531232, 42.488978689822588 ], [ -2.421293899012118, 42.488982990150021 ], [ -2.421280791557556, 42.488985211452103 ], [ -2.421272156790217, 42.488986680834351 ], [ -2.421252561336073, 42.488990472413754 ], [ -2.4212373535607, 42.488993493631803 ], [ -2.421219756138965, 42.488997020616779 ], [ -2.421199128065043, 42.489001288785573 ], [ -2.421187370729413, 42.489003570029901 ], [ -2.421177033995088, 42.48900552613155 ], [ -2.421168373185024, 42.489007179994474 ], [ -2.421161679494218, 42.489008623148294 ], [ -2.42114665219151, 42.489011865909248 ], [ -2.421128320295915, 42.489015866480962 ], [ -2.421112140234475, 42.489019418619947 ], [ -2.421093439419881, 42.489023178667466 ], [ -2.421074713229588, 42.489027051156967 ], [ -2.421061525784359, 42.489030027621205 ], [ -2.421046893423954, 42.489033326399202 ], [ -2.421029363659103, 42.48903729948654 ], [ -2.421016249249148, 42.489040272712174 ], [ -2.421006435985451, 42.489042861852809 ], [ -2.420996293528098, 42.48904552137634 ], [ -2.420984103321644, 42.489048557805404 ], [ -2.420970187976259, 42.489051954757507 ], [ -2.420958304825962, 42.4890546820331 ], [ -2.420946263544125, 42.489057403105008 ], [ -2.420935402646475, 42.489060117531359 ], [ -2.42092155997001, 42.489063550868117 ], [ -2.420906427513492, 42.489066977686257 ], [ -2.420895562397744, 42.489069489455751 ], [ -2.420885573897167, 42.489071947115647 ], [ -2.420847652769507, 42.48908169345772 ], [ -2.420822401803187, 42.489087819521011 ], [ -2.420800068234645, 42.48909360999459 ], [ -2.420771144918401, 42.489100785582039 ], [ -2.420737697444238, 42.489109541338408 ], [ -2.420712265245993, 42.489116184298084 ], [ -2.420697973146165, 42.489120187208023 ], [ -2.42067118654886, 42.489127891407101 ], [ -2.420648980921388, 42.48913365998326 ], [ -2.4206352140624, 42.489137444896997 ], [ -2.420630742495012, 42.489138732644548 ], [ -2.420624867897856, 42.489140418562769 ], [ -2.420621597927151, 42.489141379167634 ], [ -2.420618498969526, 42.489142268590065 ], [ -2.42061647368153, 42.489142848235204 ], [ -2.420614924306547, 42.489143281689564 ], [ -2.420613149121974, 42.489143790552149 ], [ -2.420612899018474, 42.489143861334625 ], [ -2.420289237082105, 42.489232375075133 ], [ -2.420092959046586, 42.489285919761528 ], [ -2.419960073420889, 42.489322152395246 ], [ -2.419828933262993, 42.489357916400024 ], [ -2.419591933847741, 42.48942256093148 ], [ -2.419340147342258, 42.489491240326863 ], [ -2.419154081488265, 42.489540481709952 ], [ -2.418988525750133, 42.489583611827946 ], [ -2.418827172015821, 42.489625638183085 ], [ -2.418682786394788, 42.489663251952706 ], [ -2.418603090572797, 42.489684019556982 ], [ -2.418441341088369, 42.489726151430304 ], [ -2.418187340892853, 42.489793934480133 ], [ -2.417969597705822, 42.489851036436669 ], [ -2.417936199504328, 42.489859773611983 ], [ -2.417824702939971, 42.489883738346549 ], [ -2.417777034285844, 42.489893970003912 ], [ -2.417621005374609, 42.489917469648056 ], [ -2.417565215013183, 42.489920008573257 ], [ -2.417504764268136, 42.489921745679382 ], [ -2.417418913706544, 42.489913450806654 ], [ -2.417417393891728, 42.48991331699915 ], [ -2.417352909307724, 42.489888439233184 ], [ -2.417347544038686, 42.489886363125372 ], [ -2.417345931353394, 42.489885747031586 ], [ -2.417345210081384, 42.4898854506745 ], [ -2.417344055620307, 42.489885940127344 ], [ -2.417317786652111, 42.489897316057927 ], [ -2.417310853130127, 42.489900324785722 ], [ -2.417263162020528, 42.489920961478759 ], [ -2.417220425179657, 42.489939444828067 ], [ -2.417211441526363, 42.489943604880132 ], [ -2.417189732759967, 42.489954115992646 ], [ -2.417162572435113, 42.489967257005013 ], [ -2.417141272982453, 42.489977586470417 ], [ -2.417119740070864, 42.489988027317672 ], [ -2.417090226576591, 42.490002321702448 ], [ -2.417074305476278, 42.490010039794761 ], [ -2.417018754606589, 42.490036963921668 ], [ -2.416959500052411, 42.490065673953168 ], [ -2.416945051969808, 42.49007266554387 ], [ -2.41687246512944, 42.489949069148579 ], [ -2.416821689522368, 42.489963769515299 ], [ -2.416690822960533, 42.490001706227844 ], [ -2.416640346102272, 42.490016330584162 ], [ -2.416568033697286, 42.490037283849389 ], [ -2.416469477274876, 42.490065852086978 ], [ -2.416368772217403, 42.490095030701816 ], [ -2.416237357391782, 42.490133112699723 ], [ -2.416151171733865, 42.490158087296415 ], [ -2.416121083131966, 42.490166804778418 ], [ -2.415985499931666, 42.490206102654938 ], [ -2.415857507221262, 42.490243183992746 ], [ -2.415775366075449, 42.490266982042314 ], [ -2.415674240585544, 42.490296288486881 ], [ -2.41560137235692, 42.490317404014341 ], [ -2.415524033373047, 42.49033982505901 ], [ -2.415439446816853, 42.490364329963796 ], [ -2.415438922252775, 42.490364471381916 ], [ -2.415433425897683, 42.490357526852492 ], [ -2.415326119105119, 42.490221491822041 ], [ -2.415267776305082, 42.490147512783807 ], [ -2.415238270568159, 42.490110105026652 ], [ -2.415199920362636, 42.490061511891703 ], [ -2.415158100838309, 42.490008493575154 ], [ -2.415094262361897, 42.489927547391758 ], [ -2.415034049988814, 42.489851199156242 ], [ -2.414994665873158, 42.489801290321886 ], [ -2.414928639027969, 42.489717568976893 ], [ -2.414859455289084, 42.489629863495914 ], [ -2.414826427342931, 42.489588011269682 ], [ -2.414775991974579, 42.489524032822686 ], [ -2.414744268560842, 42.489483880334049 ], [ -2.414709333443257, 42.489441042099493 ], [ -2.414660623635185, 42.489381255631876 ], [ -2.41460841890551, 42.489317191522801 ], [ -2.414547047899746, 42.489241904300293 ], [ -2.41446588802881, 42.489142318113835 ], [ -2.41440653847981, 42.489069513248886 ], [ -2.4143569689166, 42.489008686582714 ], [ -2.414298010783955, 42.48893634295883 ], [ -2.414234914238974, 42.48885892676838 ], [ -2.41419007890445, 42.488803919492469 ], [ -2.414138903782957, 42.488741112240646 ], [ -2.414067977071919, 42.488654081804434 ], [ -2.414043538431553, 42.488624097946847 ], [ -2.414031993571222, 42.488600466094496 ], [ -2.414005987150567, 42.488546294391114 ], [ -2.413959445192431, 42.4884494280846 ], [ -2.413911561543181, 42.488349790999401 ], [ -2.413879933252668, 42.488283931534795 ], [ -2.413818533635498, 42.488156131517187 ], [ -2.413742078234371, 42.48799697711118 ], [ -2.413691773752935, 42.487894611377413 ], [ -2.41364459895428, 42.487799291603615 ], [ -2.413603293114324, 42.487715807615331 ], [ -2.413538779174981, 42.487585447347357 ], [ -2.413468966381066, 42.487448571202684 ], [ -2.413363585292953, 42.487243117974302 ], [ -2.413249847715971, 42.487020636813185 ], [ -2.413185613833039, 42.486894965315074 ], [ -2.413106260165327, 42.48673964561825 ], [ -2.413029444612858, 42.486589322703743 ], [ -2.413012537350909, 42.486556275570578 ], [ -2.412987594515022, 42.486497978979095 ], [ -2.412955997410523, 42.486423779974714 ], [ -2.412935901376496, 42.486376644841599 ], [ -2.412905240796176, 42.486303932082734 ], [ -2.412875183046027, 42.486187711495013 ], [ -2.412862371591214, 42.486140225511917 ], [ -2.412749274662537, 42.485979608346526 ], [ -2.412670481895612, 42.485867712051558 ], [ -2.412585695320743, 42.485746874582745 ], [ -2.412504798715122, 42.485629194630789 ], [ -2.412415463481837, 42.48549923779624 ], [ -2.412381564667551, 42.485449432702801 ], [ -2.412338427701328, 42.485359779731539 ], [ -2.412264441834411, 42.485205981910553 ], [ -2.412224581678037, 42.485123112700613 ], [ -2.412179315009137, 42.485028999847437 ], [ -2.412147613839512, 42.484965444996966 ], [ -2.412105988400549, 42.48491117380604 ], [ -2.41205365361982, 42.484842957021385 ], [ -2.411968038327699, 42.484771123822163 ], [ -2.411810073147944, 42.484638769127606 ], [ -2.411537298059197, 42.484410232065294 ], [ -2.411278242845201, 42.484193197764426 ], [ -2.411139101296926, 42.484076636042531 ], [ -2.411058038110709, 42.483992537945731 ], [ -2.410933836873607, 42.483863345471057 ], [ -2.410801820645653, 42.483726034425068 ], [ -2.410606753128528, 42.483523143414111 ], [ -2.410440580413373, 42.483350299269468 ], [ -2.410316489095769, 42.483221202141543 ], [ -2.410098148667876, 42.483031946063143 ], [ -2.409922485849773, 42.482879950416773 ], [ -2.409884275316072, 42.482849633570773 ], [ -2.409745499105465, 42.482755501121019 ], [ -2.409521853694465, 42.482605819900108 ], [ -2.409364887600669, 42.48250613121391 ], [ -2.409214557982003, 42.482479756339636 ], [ -2.408995281766685, 42.48235086413186 ], [ -2.408976373101327, 42.482334312911163 ], [ -2.408825202776735, 42.482189228688377 ], [ -2.408692250369753, 42.482027639545386 ], [ -2.408499583901619, 42.481793421379201 ], [ -2.40844329133045, 42.481724978957089 ], [ -2.408400883849553, 42.481648512806601 ], [ -2.408289968924645, 42.481446903193635 ], [ -2.408245258257036, 42.481365700614163 ], [ -2.408151076886589, 42.481228159431346 ], [ -2.408055376574602, 42.481088394880103 ], [ -2.407923015913176, 42.480896242863473 ], [ -2.40780246806087, 42.48073008772198 ], [ -2.407644412536854, 42.480512316001011 ], [ -2.407539611030994, 42.480367816411395 ], [ -2.40743399799415, 42.480222209308231 ], [ -2.407292050043885, 42.480103674068495 ], [ -2.407108166378884, 42.479951059659996 ], [ -2.406965630054645, 42.47986249249746 ], [ -2.406823226278884, 42.479700555933512 ], [ -2.406648987166709, 42.479502965854522 ], [ -2.406468054316665, 42.479305211156422 ], [ -2.406225909322571, 42.479040617206778 ], [ -2.406009271346651, 42.478803852483431 ], [ -2.405971770496502, 42.478761992468904 ], [ -2.405849435991228, 42.478606908584595 ], [ -2.405764643041729, 42.478499438724135 ], [ -2.40570135054486, 42.478403279987504 ], [ -2.405595409890499, 42.478159397389433 ], [ -2.405544030606956, 42.478041181925811 ], [ -2.405540227869114, 42.478032399489926 ], [ -2.405532548134956, 42.478023065598599 ], [ -2.405424197905844, 42.477893247699498 ], [ -2.405299590027982, 42.477747169893938 ], [ -2.405131064543837, 42.477549833144671 ], [ -2.405022665031094, 42.477423463850059 ], [ -2.404870815854501, 42.477246426056546 ], [ -2.404696648871808, 42.477043354140328 ], [ -2.404554908840937, 42.476878135498218 ], [ -2.404398503249014, 42.47669575992807 ], [ -2.404178135579557, 42.476438854060561 ], [ -2.403982134886072, 42.476210328603614 ], [ -2.403823620394174, 42.476025542099606 ], [ -2.403545350557175, 42.475700920319298 ], [ -2.403251063351941, 42.475357530865224 ], [ -2.403073581355375, 42.475150422546413 ], [ -2.402866574942379, 42.474908870258879 ], [ -2.40266985132543, 42.474679326480008 ], [ -2.402582228810545, 42.474577058361064 ], [ -2.402425595010351, 42.474394292495852 ], [ -2.40223825839777, 42.47417567599927 ], [ -2.402120913582771, 42.474087085527934 ], [ -2.401241483149275, 42.473049006292264 ], [ -2.400815162924805, 42.472545766031779 ], [ -2.400526248687751, 42.472204739041111 ], [ -2.400272160578837, 42.471904780233835 ], [ -2.400255680274143, 42.471885331357285 ], [ -2.400241468681251, 42.471868564593429 ], [ -2.400239568038405, 42.471866321189516 ] ] ] ] } },
{ "type": "Feature", "properties": { "codatzbs": "130109", "n_zbs": "NAVARRETE-CENICERO", "ccaa_cd": "ES23", "area": "La Rioja" }, "geometry": { "type": "MultiPolygon", "coordinates": [ [ [ [ -2.665796570410678, 42.509847602527685 ], [ -2.665578581500482, 42.50963986178558 ], [ -2.665132138264976, 42.508909075200236 ], [ -2.663824263367879, 42.507653420952984 ], [ -2.662104707860535, 42.506434145159041 ], [ -2.662102364291119, 42.506431981346992 ], [ -2.66209881833707, 42.506430462411409 ], [ -2.660306707103745, 42.505400562899673 ], [ -2.659237470847344, 42.505055172415922 ], [ -2.656540997478313, 42.504047439604619 ], [ -2.65653896989747, 42.504045411712916 ], [ -2.654817294513326, 42.501043263246203 ], [ -2.654822318898956, 42.500134246250049 ], [ -2.654749834620866, 42.499752750201225 ], [ -2.654680000487931, 42.499385224761653 ], [ -2.654328811114409, 42.497538464843466 ], [ -2.653946934125917, 42.49553019656603 ], [ -2.653003302651131, 42.494505493904619 ], [ -2.652023778222993, 42.493441760850814 ], [ -2.651325451298312, 42.492088761542448 ], [ -2.6513249705212, 42.492086589663359 ], [ -2.649854381135004, 42.485459050687318 ], [ -2.649853823303404, 42.485456531837521 ], [ -2.649852813174909, 42.485455479565644 ], [ -2.647748750340806, 42.483263293038 ], [ -2.644695920978516, 42.483118785114506 ], [ -2.643789750881526, 42.483598680912415 ], [ -2.643280021136705, 42.483868623153249 ], [ -2.64326360939064, 42.483871489980778 ], [ -2.639531041553491, 42.484523451847949 ], [ -2.639528629987518, 42.484523872043006 ], [ -2.637839241528607, 42.485643578810404 ], [ -2.630966041467146, 42.49019837878398 ], [ -2.630690373836989, 42.492118759605191 ], [ -2.630458444149707, 42.493734365610635 ], [ -2.628585339395698, 42.49560260820585 ], [ -2.628585296563147, 42.495602648593469 ], [ -2.628585199234942, 42.495602643775122 ], [ -2.625408209488116, 42.495407591867462 ], [ -2.619145046452747, 42.495022798623722 ], [ -2.619100815382895, 42.495026992461533 ], [ -2.616462369291155, 42.495277169716552 ], [ -2.610177697354974, 42.495872824615134 ], [ -2.610170969660255, 42.495873463663138 ], [ -2.61016994238595, 42.495875252336646 ], [ -2.608548488280416, 42.498702047793444 ], [ -2.608546815241337, 42.498705892085525 ], [ -2.607961513330289, 42.500099803646407 ], [ -2.60795377623628, 42.500117779895625 ], [ -2.607063822094742, 42.502294132882341 ], [ -2.606768344470976, 42.502833506874062 ], [ -2.605802659737688, 42.503496605624008 ], [ -2.605425155749766, 42.503522308804882 ], [ -2.604975871559313, 42.503358653000319 ], [ -2.604967939203903, 42.503353312204176 ], [ -2.604357820172754, 42.502942248077133 ], [ -2.603814545182533, 42.502246942870649 ], [ -2.602053419982715, 42.500115417237311 ], [ -2.602039106380557, 42.500097364821279 ], [ -2.601640228122203, 42.49966368515458 ], [ -2.601265157145729, 42.49932016893159 ], [ -2.600854791770027, 42.498778399583323 ], [ -2.600153322030068, 42.498091498956121 ], [ -2.598942038280555, 42.497204680249482 ], [ -2.598936503967655, 42.497201355730439 ], [ -2.597766089334413, 42.4964980800506 ], [ -2.595558005445357, 42.495445647669143 ], [ -2.595553187778665, 42.495441830192185 ], [ -2.59395983687796, 42.494179144666163 ], [ -2.592400905593112, 42.492507541331832 ], [ -2.592283701846498, 42.491822666487295 ], [ -2.592456768230393, 42.491409031697529 ], [ -2.593071987584382, 42.490366557054344 ], [ -2.59376987697002, 42.489711582295257 ], [ -2.595829261849096, 42.489250578276511 ], [ -2.596584449593037, 42.489136162523359 ], [ -2.597694015254155, 42.488788858671711 ], [ -2.598281042002365, 42.488331626963728 ], [ -2.599619092476824, 42.486499114083742 ], [ -2.600909115369737, 42.484558368717835 ], [ -2.600909066815508, 42.484558350536986 ], [ -2.601424686937333, 42.483839688404672 ], [ -2.602140392523559, 42.482266140356494 ], [ -2.602327991111011, 42.481465288917427 ], [ -2.602481340365425, 42.480304070922124 ], [ -2.602437916621333, 42.479484377828712 ], [ -2.602284784809596, 42.478691307238513 ], [ -2.601590006646096, 42.476986804370704 ], [ -2.601145000558053, 42.476183750709943 ], [ -2.600577746600614, 42.47547027691801 ], [ -2.599925051580146, 42.47481057795823 ], [ -2.599053892588675, 42.474069106726319 ], [ -2.599045358061192, 42.474063466194643 ], [ -2.598133202703433, 42.473462425687018 ], [ -2.596993069949124, 42.47293608018321 ], [ -2.594648821337371, 42.472369428655732 ], [ -2.592897758371594, 42.472255165185452 ], [ -2.591826395939608, 42.472386433492787 ], [ -2.590887924510013, 42.472662250727026 ], [ -2.587668933126009, 42.473785452902469 ], [ -2.587253168607391, 42.474108160728107 ], [ -2.586971123828365, 42.474449393192216 ], [ -2.586919820678879, 42.474845457041127 ], [ -2.587087048741143, 42.475314352804574 ], [ -2.587738534133687, 42.476145245018451 ], [ -2.58887515287889, 42.477203002184957 ], [ -2.589831524186993, 42.47791787364708 ], [ -2.591645564743016, 42.479590498928786 ], [ -2.592127824872929, 42.480267640846655 ], [ -2.592426146837404, 42.481160287869159 ], [ -2.592190086395342, 42.481915943708685 ], [ -2.591467745768912, 42.482597749334808 ], [ -2.591241797359919, 42.482741103660587 ], [ -2.590917986357254, 42.482947054924537 ], [ -2.590259153913257, 42.483223847936465 ], [ -2.589539875490194, 42.483437451537419 ], [ -2.588699718985197, 42.483533459337259 ], [ -2.586802039113994, 42.48348165732201 ], [ -2.586801868895275, 42.483481638696595 ], [ -2.57922601549892, 42.482850622444452 ], [ -2.578556611210828, 42.48288420088528 ], [ -2.578044991235837, 42.482972379116944 ], [ -2.577666170859656, 42.483214108499837 ], [ -2.577076606766901, 42.484031491539689 ], [ -2.576829108537736, 42.484642969900648 ], [ -2.576090443861003, 42.487711217222497 ], [ -2.575706844601838, 42.48865541929046 ], [ -2.575067220671341, 42.489661709371887 ], [ -2.574522665392781, 42.491010558290469 ], [ -2.573810741238405, 42.491908489435268 ], [ -2.572819852243245, 42.492670277727406 ], [ -2.571952877341249, 42.493108328765956 ], [ -2.569842708646837, 42.493820893112677 ], [ -2.568258466883996, 42.494148134255738 ], [ -2.567868997464127, 42.494155665995244 ], [ -2.567565184054831, 42.494091477207853 ], [ -2.567031277849066, 42.493873332386094 ], [ -2.567025139697324, 42.49386874322304 ], [ -2.567025030736064, 42.493868661758604 ], [ -2.565844848102603, 42.492986256595003 ], [ -2.562205949634229, 42.489559191283206 ], [ -2.56042983240661, 42.487760202514359 ], [ -2.558651482837837, 42.486294420729543 ], [ -2.558642925597213, 42.48628883115051 ], [ -2.556895332459383, 42.485134910271626 ], [ -2.556894823851273, 42.485134566081904 ], [ -2.556894605794669, 42.485134430150673 ], [ -2.555732076549778, 42.48446396298926 ], [ -2.554348047767911, 42.484035294487434 ], [ -2.553751608674589, 42.484069007207509 ], [ -2.55116969849861, 42.484410122243943 ], [ -2.549031774811238, 42.48444677924617 ], [ -2.548930605609799, 42.484446381128187 ], [ -2.548577701928924, 42.484453991268317 ], [ -2.546609826672652, 42.48400492192377 ], [ -2.545576544599923, 42.483874737528524 ], [ -2.5449812877698, 42.483834197240526 ], [ -2.544981323989089, 42.483829199121018 ], [ -2.544202207753329, 42.483776135108805 ], [ -2.543728837795128, 42.483743890082351 ], [ -2.543556191701615, 42.483732133522963 ], [ -2.542629081896861, 42.483668971737153 ], [ -2.538405076108037, 42.483381183110865 ], [ -2.537245941182058, 42.483358612420595 ], [ -2.537266722409536, 42.482886785507525 ], [ -2.537362514546072, 42.480743799290543 ], [ -2.537362626087232, 42.480742696520018 ], [ -2.538494479330959, 42.480774967162112 ], [ -2.539661423466517, 42.480807111805838 ], [ -2.540326179705643, 42.480392726336909 ], [ -2.540896154595322, 42.480036423560186 ], [ -2.542271990596892, 42.476521419369227 ], [ -2.54191007390448, 42.47549341615894 ], [ -2.540484458262352, 42.471445479872514 ], [ -2.540477405927229, 42.471442533687217 ], [ -2.534748820432215, 42.469035767008286 ], [ -2.534748828101908, 42.469034731360708 ], [ -2.534748530882695, 42.46903462208342 ], [ -2.534748545921971, 42.469032591313606 ], [ -2.534766515123369, 42.468251194178073 ], [ -2.534757902114629, 42.4682496462258 ], [ -2.534757980814038, 42.468245589385909 ], [ -2.534757984915463, 42.46824503553951 ], [ -2.532935824478154, 42.467913958007543 ], [ -2.526547554675559, 42.465375641805373 ], [ -2.522760284581504, 42.461888638263005 ], [ -2.522756609931542, 42.461887222543616 ], [ -2.522768120577001, 42.461775814207208 ], [ -2.522782998210134, 42.461628008083025 ], [ -2.522798093447992, 42.461471558083815 ], [ -2.522819044267465, 42.461261713885726 ], [ -2.522829093813505, 42.461208783845478 ], [ -2.522930626355643, 42.460205495627029 ], [ -2.522970679659655, 42.459809693878057 ], [ -2.522970732239344, 42.459809176256762 ], [ -2.524222233110957, 42.456752784786232 ], [ -2.524213347378685, 42.45674894740425 ], [ -2.524213551659385, 42.456748470938464 ], [ -2.524214052864922, 42.456747329267124 ], [ -2.524213707382321, 42.456747179235364 ], [ -2.524213911390317, 42.456746738792106 ], [ -2.522028041809858, 42.45579558295249 ], [ -2.521718036597853, 42.453436772452939 ], [ -2.521718187874932, 42.453436070622018 ], [ -2.521718142314409, 42.453435665165301 ], [ -2.521733958072147, 42.453334509066039 ], [ -2.522254071509184, 42.450010183825214 ], [ -2.522259465109961, 42.449975898214255 ], [ -2.522256279896153, 42.449935934631924 ], [ -2.522233429746339, 42.449647447882654 ], [ -2.522476990589629, 42.448525699621925 ], [ -2.522510698691411, 42.44837032199711 ], [ -2.522501083384325, 42.44833158344909 ], [ -2.522054434309528, 42.446532088844485 ], [ -2.522038782324434, 42.446468684834798 ], [ -2.522039034678481, 42.446468280619932 ], [ -2.522038790745117, 42.446467577139806 ], [ -2.523157905306865, 42.444824118328071 ], [ -2.523196291245143, 42.442978099963895 ], [ -2.523247271076772, 42.442961047620834 ], [ -2.524476332157528, 42.442549987465988 ], [ -2.524479220639237, 42.442543470140691 ], [ -2.524736006759443, 42.441966241025561 ], [ -2.524752853363884, 42.441090843982167 ], [ -2.524754248046153, 42.441090516544612 ], [ -2.524756142364489, 42.44099222001114 ], [ -2.524757469992295, 42.440922250226173 ], [ -2.524821614413921, 42.440679312409827 ], [ -2.524876998543198, 42.440468308442099 ], [ -2.525633865962427, 42.437584664911363 ], [ -2.524283120303627, 42.434535012058589 ], [ -2.524283323420336, 42.434534679681221 ], [ -2.524283030877431, 42.434533976002697 ], [ -2.524634936857106, 42.433032576912744 ], [ -2.521837197887396, 42.4316430056843 ], [ -2.520890661381895, 42.431195985463887 ], [ -2.520855931709105, 42.43117960706028 ], [ -2.519860193901514, 42.431040315224621 ], [ -2.519852398254075, 42.431037517741949 ], [ -2.519845641345994, 42.431035607193778 ], [ -2.512123324721094, 42.428846298962696 ], [ -2.512121933109929, 42.428846257016062 ], [ -2.512121088250618, 42.428846253420275 ], [ -2.510770118991796, 42.429047539979564 ], [ -2.510769469470905, 42.429047429135956 ], [ -2.510452525114169, 42.428991035182875 ], [ -2.510451582126958, 42.428991143730237 ], [ -2.510451133220796, 42.428991029238581 ], [ -2.508181440669853, 42.429188763309469 ], [ -2.508179248063792, 42.429189325780698 ], [ -2.508178249380825, 42.429189560153823 ], [ -2.508177849947544, 42.429189337794021 ], [ -2.507389863005234, 42.428825831962619 ], [ -2.505537692461971, 42.427971392593399 ], [ -2.505530728996297, 42.42791326509095 ], [ -2.505454951938763, 42.427278386133509 ], [ -2.505201627390468, 42.425156326876618 ], [ -2.505024601576728, 42.423673358587131 ], [ -2.504773817846696, 42.42310489215 ], [ -2.503928619600631, 42.420849744731065 ], [ -2.504021235000749, 42.419904550598417 ], [ -2.503991673538521, 42.419030834939313 ], [ -2.504115731343833, 42.41870715829473 ], [ -2.504497101568008, 42.41813242933366 ], [ -2.503089689167999, 42.417811106371524 ], [ -2.502849077891691, 42.417503886884887 ], [ -2.502849203807053, 42.417503333563275 ], [ -2.503061694902804, 42.416748325421452 ], [ -2.5030739604344, 42.416654496653777 ], [ -2.503113341179749, 42.416352793201732 ], [ -2.503113394025282, 42.41635225757495 ], [ -2.503108588208013, 42.416342870524254 ], [ -2.502850086220967, 42.415837812878138 ], [ -2.502852442198894, 42.415540613096724 ], [ -2.502708200028059, 42.415341861262782 ], [ -2.502590187683365, 42.414900035410952 ], [ -2.502021763023273, 42.414537332764482 ], [ -2.501887304806623, 42.414368980638081 ], [ -2.501881305579046, 42.414361466094995 ], [ -2.501877389372703, 42.414356581344045 ], [ -2.500558876427651, 42.413567290554184 ], [ -2.500487868338285, 42.413339104537172 ], [ -2.500487459414151, 42.413337796887546 ], [ -2.500452240348744, 42.413224649828848 ], [ -2.500282377849392, 42.413187871147066 ], [ -2.500278218737183, 42.413188195244196 ], [ -2.500277422201914, 42.413188254813832 ], [ -2.49983243640279, 42.413221944545697 ], [ -2.498970093418998, 42.413155115317757 ], [ -2.498618498001974, 42.4130455323902 ], [ -2.498462198130191, 42.412919354778346 ], [ -2.498461823750482, 42.412919055942893 ], [ -2.498461455411463, 42.412918761636881 ], [ -2.498414866831148, 42.412675370975414 ], [ -2.498530278443999, 42.411919368543074 ], [ -2.498605367845466, 42.41168899692498 ], [ -2.498607504324631, 42.411682445407699 ], [ -2.498829261318491, 42.411002067094259 ], [ -2.498956428378436, 42.410300178352784 ], [ -2.498935090638923, 42.409939905840432 ], [ -2.498841031969348, 42.409681365892652 ], [ -2.498839890275676, 42.409678226816837 ], [ -2.495671928397997, 42.406161034903896 ], [ -2.495670109864856, 42.406158221536032 ], [ -2.495130794709419, 42.405357122075436 ], [ -2.492994097623912, 42.402186608150309 ], [ -2.491110886629221, 42.399152263931988 ], [ -2.490967887203088, 42.398809380123787 ], [ -2.490965866398775, 42.398797969546798 ], [ -2.4909533535482, 42.398727153793075 ], [ -2.490770465107297, 42.397691777367015 ], [ -2.490796305334016, 42.397493765365454 ], [ -2.490666476919726, 42.397262451089773 ], [ -2.490664542461012, 42.397259006702932 ], [ -2.489855187674797, 42.396679009911992 ], [ -2.488947976044856, 42.396495345361153 ], [ -2.488946114021923, 42.396494967814192 ], [ -2.488945434720242, 42.396494829695826 ], [ -2.488941672527111, 42.396495781070598 ], [ -2.488421846774012, 42.396627577372513 ], [ -2.488263402336006, 42.39669896692827 ], [ -2.488035086517666, 42.39666226483866 ], [ -2.488034322019889, 42.39666214434645 ], [ -2.488033460468602, 42.396662005408821 ], [ -2.488032780947565, 42.396661894302113 ], [ -2.488900799832029, 42.396121896271886 ], [ -2.489657003760429, 42.395651447161057 ], [ -2.489656708352393, 42.395651166659661 ], [ -2.48906620623114, 42.395090452826828 ], [ -2.489043125283453, 42.394961563985376 ], [ -2.488949989340221, 42.394441545147117 ], [ -2.48812845034673, 42.393870495732706 ], [ -2.487777059257915, 42.393540045541762 ], [ -2.487127686578614, 42.392929366914892 ], [ -2.485864579377082, 42.391392703633933 ], [ -2.485838524340923, 42.390122739997665 ], [ -2.486365634702709, 42.389344850940518 ], [ -2.48641652692708, 42.38926974357539 ], [ -2.487554120016781, 42.384485830077793 ], [ -2.487573876775308, 42.384402735103734 ], [ -2.487578266521198, 42.38439324435808 ], [ -2.489057755353375, 42.381194177727657 ], [ -2.489134831339124, 42.380365331112955 ], [ -2.489190861225668, 42.37976281491472 ], [ -2.489779505805993, 42.378696954466321 ], [ -2.490004510385505, 42.378289535361894 ], [ -2.490117593214016, 42.377821974689063 ], [ -2.490117662241168, 42.377821700311856 ], [ -2.490118358416338, 42.377813872656944 ], [ -2.490344817710746, 42.375274006081547 ], [ -2.490455675197937, 42.375085372817473 ], [ -2.490411669350034, 42.373013847203211 ], [ -2.491562478937553, 42.371893157259414 ], [ -2.49224739962534, 42.372805834074498 ], [ -2.492307732603013, 42.372851104473604 ], [ -2.49292279797217, 42.373394211769735 ], [ -2.493632959137558, 42.374189832091659 ], [ -2.494380371753478, 42.374895601301795 ], [ -2.495479380810081, 42.375683996533802 ], [ -2.497966252543006, 42.376997794819417 ], [ -2.500172329801888, 42.37816315553885 ], [ -2.50017240235917, 42.378163196382346 ], [ -2.500458231330564, 42.375822884788356 ], [ -2.50042347705505, 42.372566267748049 ], [ -2.500423439625112, 42.372562561595899 ], [ -2.500423646239113, 42.37256254448409 ], [ -2.503109469899169, 42.37233109338478 ], [ -2.503611268185309, 42.372209482507799 ], [ -2.504168178691025, 42.372074512255104 ], [ -2.507437151200718, 42.371786925545969 ], [ -2.507486119652895, 42.371782615776709 ], [ -2.507486024932136, 42.371781525637672 ], [ -2.507408356242725, 42.370863664440456 ], [ -2.508650593294391, 42.370311037507292 ], [ -2.508651489099757, 42.370310636974558 ], [ -2.507541501248422, 42.369383460207445 ], [ -2.507481038792768, 42.369332951208143 ], [ -2.507480664288617, 42.369331918406075 ], [ -2.50701744749719, 42.368052122304505 ], [ -2.506193300218462, 42.366456881045217 ], [ -2.506192062055249, 42.366454480100771 ], [ -2.504813130611948, 42.365256148469086 ], [ -2.503827897190579, 42.364399911118227 ], [ -2.507136038318434, 42.363774750076736 ], [ -2.507501533670848, 42.363623233786981 ], [ -2.508336285783631, 42.36247403207453 ], [ -2.509250358004658, 42.362054727927593 ], [ -2.509777012013131, 42.361480544923609 ], [ -2.510142697617618, 42.36130200274691 ], [ -2.51185733959201, 42.36099414380935 ], [ -2.511942410369312, 42.360985478283709 ], [ -2.514091707689081, 42.360985606509196 ], [ -2.51455387760718, 42.360897501770566 ], [ -2.516623928877205, 42.360167803965957 ], [ -2.517012887805824, 42.360115364373186 ], [ -2.517890175161508, 42.359740789930626 ], [ -2.518377189834822, 42.3595627639355 ], [ -2.518705465450779, 42.359510085281919 ], [ -2.519205281933725, 42.359251032334782 ], [ -2.519789453321105, 42.359082355225851 ], [ -2.520117161949, 42.359110729301591 ], [ -2.520860377096915, 42.358780627292063 ], [ -2.522916758894189, 42.358221846739944 ], [ -2.525033128602393, 42.357762304034118 ], [ -2.525386891542446, 42.357547661885945 ], [ -2.526915826450417, 42.356077000273821 ], [ -2.527696375583748, 42.355620865914162 ], [ -2.528840214645677, 42.35529241732344 ], [ -2.529131967435895, 42.355248542225326 ], [ -2.529375064155854, 42.355213571825537 ], [ -2.530382258245698, 42.35529875177491 ], [ -2.533071054048222, 42.356219350732395 ], [ -2.534102401396104, 42.356313593435388 ], [ -2.534491425433985, 42.356261135269214 ], [ -2.535391928112896, 42.355994602726632 ], [ -2.535977373918479, 42.355636775410538 ], [ -2.537930721434817, 42.354203674003607 ], [ -2.539542576990101, 42.352958310171601 ], [ -2.542622460703774, 42.350196825701651 ], [ -2.543267285883392, 42.350010268240098 ], [ -2.545373833574731, 42.349172092846601 ], [ -2.546323961700816, 42.348734560410165 ], [ -2.548884193895941, 42.347267630265939 ], [ -2.550477087104217, 42.346922695378446 ], [ -2.553028412354919, 42.346671583599424 ], [ -2.554632431433956, 42.34647059583444 ], [ -2.555653967605215, 42.346222426289799 ], [ -2.557967665476251, 42.345231696917367 ], [ -2.558917044543845, 42.344893177944783 ], [ -2.560606817369929, 42.344566405874829 ], [ -2.562126970782913, 42.344193988381512 ], [ -2.56306469747357, 42.343774272520555 ], [ -2.564062382823478, 42.343453857556788 ], [ -2.565108211991851, 42.34319666371767 ], [ -2.566289946587158, 42.342597754248523 ], [ -2.568030918217953, 42.341874822818767 ], [ -2.570330483163376, 42.341117906138265 ], [ -2.570989158633644, 42.340661166396636 ], [ -2.573170638307233, 42.33940845879404 ], [ -2.574817868999951, 42.338162728458705 ], [ -2.577582273845667, 42.336849063404394 ], [ -2.578301811156114, 42.336347408216739 ], [ -2.579635059568329, 42.334830279118535 ], [ -2.580074012231359, 42.334534676608619 ], [ -2.581229680793867, 42.334160650613512 ], [ -2.581837182040326, 42.334072788470849 ], [ -2.582395567133792, 42.334065865953349 ], [ -2.58300193059754, 42.334149116954272 ], [ -2.583752893841239, 42.334395023301369 ], [ -2.585034608103995, 42.335147192900621 ], [ -2.586754039182541, 42.335792807116349 ], [ -2.587493795689015, 42.335903556784672 ], [ -2.589488129652544, 42.335352378037868 ], [ -2.592459836081352, 42.333822924096935 ], [ -2.592814046250405, 42.333481967906685 ], [ -2.592923614884826, 42.333437354255921 ], [ -2.593069583963993, 42.33338383204304 ], [ -2.593531675848186, 42.333259348385042 ], [ -2.594707859986645, 42.333443685466165 ], [ -2.594912188358133, 42.333656335251156 ], [ -2.594924887333358, 42.3336695513416 ], [ -2.597261194322014, 42.334668479372169 ], [ -2.598000268658848, 42.334878226196345 ], [ -2.599019144008779, 42.334998865148208 ], [ -2.600428305668325, 42.334823649299878 ], [ -2.601460906642152, 42.334701218505913 ], [ -2.602311984259938, 42.334479044735438 ], [ -2.602872336861269, 42.334156735852282 ], [ -2.603141921940491, 42.333761413387684 ], [ -2.603374316600959, 42.333483007887516 ], [ -2.603410995205831, 42.333438127558551 ], [ -2.605959015556832, 42.329727425540213 ], [ -2.606544751714121, 42.3292160938461 ], [ -2.60734795015112, 42.328876598811576 ], [ -2.60879369737398, 42.328656415904021 ], [ -2.610566596440153, 42.328518373359366 ], [ -2.612316087911479, 42.328236100044414 ], [ -2.612318367452433, 42.328235829031193 ], [ -2.61459952108543, 42.327964600174148 ], [ -2.614430314111079, 42.329828319201319 ], [ -2.614510971784801, 42.330531028756283 ], [ -2.614521944492509, 42.330720233947964 ], [ -2.614795188031201, 42.331693800354969 ], [ -2.615442498139742, 42.333019828393738 ], [ -2.616046808649595, 42.333445155706983 ], [ -2.616042460011777, 42.33416567148425 ], [ -2.616317951173005, 42.334760945428258 ], [ -2.616823750883183, 42.335429111317744 ], [ -2.616797950633351, 42.335681163134574 ], [ -2.616663361387002, 42.335851876372509 ], [ -2.616416687732627, 42.336490439966532 ], [ -2.616157869813658, 42.337129043357749 ], [ -2.61411115213187, 42.33833797863317 ], [ -2.613878732234432, 42.338616368670301 ], [ -2.613570857379867, 42.339335841369355 ], [ -2.613544046054229, 42.33975001151066 ], [ -2.612637827989785, 42.342998123494837 ], [ -2.612185637019721, 42.343491915570439 ], [ -2.611538997510869, 42.344003049516999 ], [ -2.610524109291719, 42.345179433497705 ], [ -2.609451873958534, 42.345806207322987 ], [ -2.608949964541994, 42.34647090953252 ], [ -2.608863972096078, 42.346632761182192 ], [ -2.608274173297465, 42.347765477698964 ], [ -2.608223085271306, 42.348170561422819 ], [ -2.60827993614106, 42.348792181882125 ], [ -2.608302522494446, 42.34906243568259 ], [ -2.60790623100458, 42.35031293137164 ], [ -2.60758565171091, 42.351095372153139 ], [ -2.607399601274956, 42.351725142933311 ], [ -2.607446226103695, 42.35203142238727 ], [ -2.607757491821483, 42.352735036710612 ], [ -2.608380026493341, 42.354160130671758 ], [ -2.60860849895472, 42.354521166996562 ], [ -2.609404063910847, 42.355460488850589 ], [ -2.609840649651049, 42.355543040901985 ], [ -2.610276534009202, 42.355751674134595 ], [ -2.611231038925944, 42.356511376325088 ], [ -2.611520044509449, 42.356899670736858 ], [ -2.611866491633494, 42.357828449206146 ], [ -2.61238279479029, 42.358775840024371 ], [ -2.612575624665691, 42.359010627398888 ], [ -2.614512607031136, 42.359971845840327 ], [ -2.616109075612643, 42.36103088036176 ], [ -2.616529536067895, 42.361779802772432 ], [ -2.617435882640371, 42.362503326675728 ], [ -2.617009928164557, 42.364645315593783 ], [ -2.617752781320771, 42.370312597293939 ], [ -2.619866193097615, 42.374300320622559 ], [ -2.621209874697827, 42.377060574556722 ], [ -2.621895442457391, 42.378188586237698 ], [ -2.622807183594494, 42.380091854746183 ], [ -2.62318026324376, 42.380669466975881 ], [ -2.623479861919753, 42.381354898419808 ], [ -2.6236812199405, 42.382211116082836 ], [ -2.626903039759632, 42.381762386207932 ], [ -2.628469132415695, 42.381911566967283 ], [ -2.632000788278914, 42.382481361088871 ], [ -2.632947081501483, 42.3826825276523 ], [ -2.633406507842496, 42.383062257000759 ], [ -2.63368525865156, 42.383171234955022 ], [ -2.636342774168968, 42.383666049680052 ], [ -2.643698277729952, 42.384742840670533 ], [ -2.641958484040115, 42.387340186817383 ], [ -2.641503601803287, 42.388275361988612 ], [ -2.641344223304808, 42.388527030805939 ], [ -2.640915360649689, 42.389174111435764 ], [ -2.641165749369395, 42.389994451122938 ], [ -2.641597751573433, 42.390941406522614 ], [ -2.641798204318949, 42.391995751652225 ], [ -2.642550346140216, 42.3922052731048 ], [ -2.643704770424189, 42.392163795055033 ], [ -2.644445693517683, 42.392202120345544 ], [ -2.645246365546678, 42.392411756596573 ], [ -2.647479326633797, 42.395030397201985 ], [ -2.651483482700733, 42.400365196367339 ], [ -2.650870320590116, 42.401381001116341 ], [ -2.651049427089223, 42.401939930436214 ], [ -2.650947662325339, 42.402759131377046 ], [ -2.650750744302598, 42.403208864931635 ], [ -2.650358811661824, 42.40375700844266 ], [ -2.649992565820479, 42.404071083392239 ], [ -2.649419560066935, 42.404393561686383 ], [ -2.648762338538022, 42.404589708410235 ], [ -2.647473034392528, 42.404801835878338 ], [ -2.646973840762404, 42.404953438002465 ], [ -2.646425475761514, 42.405239935978457 ], [ -2.645351473420265, 42.406056121526134 ], [ -2.644886810777736, 42.406559018859902 ], [ -2.644734845474427, 42.407639306185523 ], [ -2.644574611373426, 42.408044009675507 ], [ -2.643460693252659, 42.409454527213455 ], [ -2.643115545593451, 42.410300001581206 ], [ -2.643073882669862, 42.411218447395328 ], [ -2.643225879762627, 42.412281659493708 ], [ -2.643137784118021, 42.412812686248827 ], [ -2.642223814561182, 42.415367560113758 ], [ -2.641815572515859, 42.416627087806368 ], [ -2.641681030494326, 42.416770752459456 ], [ -2.641248983821253, 42.417931196021762 ], [ -2.641224486694945, 42.417967161339618 ], [ -2.640844623586763, 42.418497306497535 ], [ -2.640172807497807, 42.419080576561505 ], [ -2.639416107977877, 42.419618554708315 ], [ -2.636030019515875, 42.420832652989084 ], [ -2.634277001731401, 42.421295357119426 ], [ -2.633085119670649, 42.421408662276804 ], [ -2.63203689234524, 42.421900559588281 ], [ -2.631381215140606, 42.421781362642896 ], [ -2.630646813123459, 42.422643581439743 ], [ -2.628567053551988, 42.422843980285172 ], [ -2.627543861271531, 42.423200906066171 ], [ -2.626620523059676, 42.4231168169689 ], [ -2.625681978368186, 42.423546026228401 ], [ -2.625160428289409, 42.423355244099561 ], [ -2.622587581959896, 42.422671330163389 ], [ -2.621944062690399, 42.422552160715519 ], [ -2.619820943724808, 42.423886975633081 ], [ -2.619014440737919, 42.424577754990004 ], [ -2.618744114715189, 42.425054150668124 ], [ -2.618546190002943, 42.425611871942799 ], [ -2.618518164398763, 42.426224159088491 ], [ -2.618660819681642, 42.426756011620299 ], [ -2.61893715973398, 42.427297287359487 ], [ -2.621058675322005, 42.430276298729993 ], [ -2.621190469565845, 42.430591919916715 ], [ -2.621091152945673, 42.430933829376322 ], [ -2.62002702649943, 42.432001951668546 ], [ -2.619902973126126, 42.432406855811983 ], [ -2.620058443142789, 42.432830663420248 ], [ -2.620058455136798, 42.432830690477893 ], [ -2.620757448979554, 42.433841625708766 ], [ -2.628784157485054, 42.433390629883199 ], [ -2.629282349134026, 42.435490632191843 ], [ -2.629532319441605, 42.435629690890259 ], [ -2.631366681059866, 42.436650123699486 ], [ -2.636255076073319, 42.436503651479597 ], [ -2.636285409245808, 42.436518612071943 ], [ -2.642886931716138, 42.439775683949975 ], [ -2.642996011891119, 42.439839065437383 ], [ -2.642995612110578, 42.439839879231542 ], [ -2.640535622809271, 42.444829639647139 ], [ -2.640536277673972, 42.444829947903088 ], [ -2.641233353494627, 42.44515930715216 ], [ -2.642051459505559, 42.44554583798022 ], [ -2.643168156530479, 42.444979292579156 ], [ -2.643868555711313, 42.444623935422342 ], [ -2.643873801229796, 42.444625041439537 ], [ -2.646163988784079, 42.445108336961823 ], [ -2.648267682524384, 42.445096844586296 ], [ -2.650889557345077, 42.445924347291488 ], [ -2.651551934967762, 42.447079196258841 ], [ -2.651733225300914, 42.447277856455017 ], [ -2.651738844151119, 42.447278805642185 ], [ -2.653093956205102, 42.44750713857043 ], [ -2.655812926496938, 42.448388939854532 ], [ -2.658977130886121, 42.450172595593742 ], [ -2.660055433501635, 42.450914249931905 ], [ -2.660965020334544, 42.451367299564154 ], [ -2.662370745313607, 42.452272012313195 ], [ -2.663081595946842, 42.452802638272075 ], [ -2.66308541754876, 42.452805490879072 ], [ -2.663087516544776, 42.452807541397021 ], [ -2.663242693104582, 42.452959041422218 ], [ -2.664355094058548, 42.454151090828731 ], [ -2.665043846941488, 42.45498163472498 ], [ -2.66584083393701, 42.456120863089843 ], [ -2.665864599014232, 42.456154830709053 ], [ -2.666720163506555, 42.457643291651429 ], [ -2.669101519334753, 42.460406011243798 ], [ -2.670287852162027, 42.461472146504647 ], [ -2.670578980999531, 42.461617052291956 ], [ -2.671818156487378, 42.461890800994063 ], [ -2.67186956336039, 42.461903439390198 ], [ -2.676859464160444, 42.463129953688544 ], [ -2.678705851665474, 42.463594451748698 ], [ -2.680172211814308, 42.464135286001707 ], [ -2.682396610283144, 42.464955658896322 ], [ -2.683806827730724, 42.465112635090968 ], [ -2.68380900230416, 42.465113176942154 ], [ -2.684134794836227, 42.465194657502202 ], [ -2.684959436838774, 42.46569221313311 ], [ -2.686014796373632, 42.466271478954042 ], [ -2.686529924198568, 42.466419569250533 ], [ -2.687533047969657, 42.466707936445793 ], [ -2.68875867249819, 42.467305681616523 ], [ -2.689511021373076, 42.46767692696001 ], [ -2.691570871271877, 42.468266483412897 ], [ -2.691576015618045, 42.468267957115067 ], [ -2.691575794563508, 42.468268384301339 ], [ -2.68985648746144, 42.471586491851518 ], [ -2.689857149530455, 42.471586678264224 ], [ -2.693100079540096, 42.472495842802068 ], [ -2.69599831065899, 42.475266661462399 ], [ -2.698899915689854, 42.478040391843926 ], [ -2.698900436454887, 42.478040888536697 ], [ -2.696291380931561, 42.481761883643969 ], [ -2.696291019507736, 42.481762400525355 ], [ -2.704213871369283, 42.483863568453231 ], [ -2.704735805842149, 42.484576910299928 ], [ -2.705144732334781, 42.485135791648069 ], [ -2.705144406895442, 42.485136430229211 ], [ -2.704874544184425, 42.48566646639032 ], [ -2.704712820708355, 42.48641350728267 ], [ -2.704712214872112, 42.486414257713655 ], [ -2.703109419220596, 42.488399678224049 ], [ -2.702206425385645, 42.488937659046975 ], [ -2.700456286921027, 42.489102738620353 ], [ -2.700441240061233, 42.489104162750195 ], [ -2.700441191388494, 42.489104162622972 ], [ -2.700430160991533, 42.489116615950458 ], [ -2.699144285495059, 42.490568668963313 ], [ -2.69818864552937, 42.491636608239901 ], [ -2.698018689843218, 42.491826528688314 ], [ -2.696602222195716, 42.492477545936829 ], [ -2.696518580197654, 42.492515985832952 ], [ -2.697434219697256, 42.494409646690322 ], [ -2.697915125749726, 42.495626746398486 ], [ -2.698458470825276, 42.496510711550236 ], [ -2.700285055356587, 42.498821076397988 ], [ -2.700112813088788, 42.49920785844715 ], [ -2.69988952685691, 42.500080834293939 ], [ -2.699864969141597, 42.500134814202582 ], [ -2.698606109735505, 42.501221208875037 ], [ -2.698273363638819, 42.502075911331708 ], [ -2.698355125881824, 42.502796554316646 ], [ -2.698608732606909, 42.503202548444179 ], [ -2.699081010950624, 42.503699092124315 ], [ -2.699650820431352, 42.504168891685651 ], [ -2.700160493328684, 42.504485438620648 ], [ -2.700399563819745, 42.505395657604183 ], [ -2.700701362056999, 42.505909821600788 ], [ -2.700637770918026, 42.506485972856225 ], [ -2.699244348455063, 42.507689123058206 ], [ -2.698413190332115, 42.5084073893359 ], [ -2.696540374056447, 42.510563806416663 ], [ -2.695685165848588, 42.511209964537322 ], [ -2.695914617610247, 42.511588846322233 ], [ -2.696071395311218, 42.511886430935874 ], [ -2.694960654913936, 42.514990550334652 ], [ -2.694472034288612, 42.517826023398534 ], [ -2.694447312356566, 42.517916056416524 ], [ -2.694481202672449, 42.518438491781474 ], [ -2.694481202540834, 42.518438518798639 ], [ -2.693533620925452, 42.518684245477473 ], [ -2.692384519122741, 42.518982217587734 ], [ -2.688389020361711, 42.519484699196731 ], [ -2.688388916859793, 42.519484703418208 ], [ -2.688353857038392, 42.51949165875245 ], [ -2.687536067629309, 42.519653918161779 ], [ -2.68633649524746, 42.519891918395132 ], [ -2.686329506327897, 42.51989330867972 ], [ -2.68632940275761, 42.519893326407917 ], [ -2.685304995471652, 42.52024173297329 ], [ -2.684633400496879, 42.52064513229486 ], [ -2.684034054102712, 42.521124610927686 ], [ -2.683814472146787, 42.521300271099136 ], [ -2.683814411002271, 42.521300324965431 ], [ -2.681561906414215, 42.523725596140949 ], [ -2.679338378633654, 42.525214362757048 ], [ -2.677361427593416, 42.526091388619626 ], [ -2.676801289875498, 42.526116837646512 ], [ -2.67680125339591, 42.526116828537802 ], [ -2.67661789958958, 42.526063296692314 ], [ -2.67630281835792, 42.525971293404773 ], [ -2.675780520160371, 42.525726701050402 ], [ -2.675477386966064, 42.525491711359912 ], [ -2.675381910859949, 42.52511315388498 ], [ -2.675617605582973, 42.524276283767279 ], [ -2.676221382482587, 42.522891079892304 ], [ -2.676771595582599, 42.520091806337938 ], [ -2.677879466509774, 42.51301634270915 ], [ -2.677897767898112, 42.511827606058191 ], [ -2.677720108131341, 42.510872478471896 ], [ -2.677346694011975, 42.510114958851887 ], [ -2.676875122751351, 42.509501214320181 ], [ -2.67643842633901, 42.50921180577177 ], [ -2.675709056354406, 42.509020593416864 ], [ -2.675559848120351, 42.509006985645655 ], [ -2.674893956895561, 42.508946222851606 ], [ -2.674413304073737, 42.50901004001269 ], [ -2.674163064742789, 42.509043261075277 ], [ -2.671445693354782, 42.509611862241215 ], [ -2.669958308761804, 42.509734485438408 ], [ -2.669546082812472, 42.509768471712086 ], [ -2.669545979325416, 42.509768475916637 ], [ -2.668402596450213, 42.509765166154281 ], [ -2.66840205794789, 42.509765718456009 ], [ -2.668386882596081, 42.50976619688597 ], [ -2.665810117505199, 42.509847741096436 ], [ -2.665796570410678, 42.509847602527685 ] ] ], [ [ [ -2.709915007612768, 42.461426503353358 ], [ -2.710234832016496, 42.458023109320976 ], [ -2.708335302044612, 42.458495548505248 ], [ -2.707276480253741, 42.458645979076572 ], [ -2.705913863243917, 42.458750597450823 ], [ -2.704965325187603, 42.458721073619479 ], [ -2.703312729935993, 42.458401615587974 ], [ -2.702875189867699, 42.458328398730863 ], [ -2.70141804041178, 42.45783828275632 ], [ -2.702948934568849, 42.455608823108797 ], [ -2.703696833279768, 42.454340888033435 ], [ -2.704482400608619, 42.45281195450648 ], [ -2.705244469226568, 42.451093788451679 ], [ -2.70674103395403, 42.450926516783902 ], [ -2.709016263701407, 42.450680167594101 ], [ -2.70930885669187, 42.450518829055888 ], [ -2.711710141196193, 42.449318114518285 ], [ -2.712319621787641, 42.449013446189205 ], [ -2.712843512562281, 42.448798635929641 ], [ -2.715328826756608, 42.447787185130558 ], [ -2.716269368466136, 42.446852896187764 ], [ -2.717072047386153, 42.44416211296425 ], [ -2.718952654984133, 42.445067388185564 ], [ -2.719996661885396, 42.445448166314918 ], [ -2.721211150123114, 42.445784372134412 ], [ -2.721211617677235, 42.445784508360916 ], [ -2.721219232301531, 42.445786688309809 ], [ -2.722352720914725, 42.446111381620632 ], [ -2.72398056839744, 42.446484581476419 ], [ -2.726221813095838, 42.446907498615232 ], [ -2.726252613827625, 42.446913308969435 ], [ -2.72625205635001, 42.44691427127519 ], [ -2.726248962666654, 42.446919608920687 ], [ -2.72624582608931, 42.446925023014259 ], [ -2.725799293362618, 42.447695751528897 ], [ -2.724732918388951, 42.448925277422603 ], [ -2.724723666135154, 42.448935945267209 ], [ -2.724267746235919, 42.450294767687751 ], [ -2.723967708857183, 42.452140267435915 ], [ -2.723533360580871, 42.454120520257923 ], [ -2.722302529270291, 42.456167614122279 ], [ -2.722198187368051, 42.456341147093354 ], [ -2.722197844328142, 42.456341713636135 ], [ -2.721397321150925, 42.458591255890354 ], [ -2.721127723328444, 42.459040893437624 ], [ -2.720786260064754, 42.4592562045896 ], [ -2.720236721582119, 42.459750193694589 ], [ -2.720112833479317, 42.46025417126981 ], [ -2.720085613895361, 42.460893542200452 ], [ -2.720179563074135, 42.461641277386818 ], [ -2.720347523710809, 42.462182101646107 ], [ -2.721191810761134, 42.463760121168512 ], [ -2.72114158064721, 42.464120266676439 ], [ -2.720982922524871, 42.464236927896948 ], [ -2.719971372578841, 42.464675762239025 ], [ -2.718471626374604, 42.465482636068792 ], [ -2.716702449637092, 42.46668501668109 ], [ -2.716029088703936, 42.467637969087285 ], [ -2.71565025922905, 42.468024279085412 ], [ -2.713977968298077, 42.469280939704348 ], [ -2.713709194225708, 42.469550433613506 ], [ -2.712763053705809, 42.471592394092148 ], [ -2.712663422496981, 42.472096442230715 ], [ -2.712868144643044, 42.472556271252238 ], [ -2.713231170638475, 42.472980456192687 ], [ -2.705526852759063, 42.471177701919743 ], [ -2.706631172889073, 42.469172209071658 ], [ -2.707232997178606, 42.467930936483732 ], [ -2.707383033069598, 42.46706675485575 ], [ -2.707642273130547, 42.46626591276511 ], [ -2.707890351254762, 42.465230878500783 ], [ -2.708735343918732, 42.463990200382156 ], [ -2.708860496039447, 42.463252053969484 ], [ -2.709144133329901, 42.462415232674644 ], [ -2.709816289652674, 42.461732480308832 ], [ -2.709915007612768, 42.461426503353358 ] ] ] ] } },
{ "type": "Feature", "properties": { "codatzbs": "130108", "n_zbs": "CAMEROS NUEVOS-TORRECILLA EN CAMEROS", "ccaa_cd": "ES23", "area": "La Rioja" }, "geometry": { "type": "MultiPolygon", "coordinates": [ [ [ [ -2.548924172737303, 42.262024958949461 ], [ -2.552962745401838, 42.260158497299471 ], [ -2.55255024736547, 42.256770570065513 ], [ -2.552304477216202, 42.255526749324083 ], [ -2.553646302259921, 42.254361135611539 ], [ -2.555585262998533, 42.251018418239532 ], [ -2.555624891994569, 42.250559277546323 ], [ -2.555543271954811, 42.250099653505309 ], [ -2.554864227062811, 42.24668361631327 ], [ -2.555181366717133, 42.244685459170427 ], [ -2.555401357405795, 42.244425133403936 ], [ -2.556340155380757, 42.243654244010351 ], [ -2.561921378323147, 42.242847155181842 ], [ -2.564953558197995, 42.240805319049038 ], [ -2.565722386190256, 42.240033688510266 ], [ -2.566090045128993, 42.239449681757833 ], [ -2.565268937720566, 42.237249056969965 ], [ -2.564977527907888, 42.235563798572315 ], [ -2.567761064163667, 42.230819054439181 ], [ -2.569776563229875, 42.228485004155097 ], [ -2.571453412361228, 42.224240338487135 ], [ -2.573081658290394, 42.218194211731159 ], [ -2.571669077127618, 42.210299442947672 ], [ -2.569356236838138, 42.206598211776658 ], [ -2.568926109846795, 42.203939718583229 ], [ -2.568760212854746, 42.203398711251729 ], [ -2.566867167235016, 42.200356444297746 ], [ -2.566891797640567, 42.19852823920781 ], [ -2.567020911132253, 42.19735791717175 ], [ -2.566473482055417, 42.194176681427656 ], [ -2.566513810668845, 42.193591351696568 ], [ -2.567102800918927, 42.19247681513032 ], [ -2.568200671556891, 42.191328115166996 ], [ -2.568999393012389, 42.189637990385073 ], [ -2.569305427558664, 42.189161783711839 ], [ -2.572199475172618, 42.187425395758268 ], [ -2.572731527857956, 42.183950971558666 ], [ -2.575749724899213, 42.176306790943748 ], [ -2.579189268703889, 42.172527821823898 ], [ -2.579434344980768, 42.172096385825725 ], [ -2.580050630118077, 42.16861319063306 ], [ -2.580465823348434, 42.168083346860278 ], [ -2.581781617639373, 42.166836258723009 ], [ -2.581878817273155, 42.166782571118226 ], [ -2.585486946140568, 42.164868404471484 ], [ -2.586059004529154, 42.164393081966395 ], [ -2.589013476124428, 42.160567002921773 ], [ -2.588472928475736, 42.159925607866334 ], [ -2.586897295119334, 42.158370876336271 ], [ -2.586046834024132, 42.156998774908168 ], [ -2.584789059038596, 42.15314853243494 ], [ -2.584780057453742, 42.150824858328114 ], [ -2.5838616062569, 42.148777031197156 ], [ -2.587085684879791, 42.142484236134131 ], [ -2.586303486870828, 42.141805949606024 ], [ -2.585169483086842, 42.141270424167161 ], [ -2.58338670703495, 42.140012064855526 ], [ -2.582286810563788, 42.13981891836201 ], [ -2.580034774098918, 42.138171536419897 ], [ -2.579733466736122, 42.136162012557612 ], [ -2.578853517223023, 42.135654397266485 ], [ -2.575760653321124, 42.133130216319941 ], [ -2.573640344397531, 42.131753378300786 ], [ -2.573097463071195, 42.13151715821936 ], [ -2.571731768608521, 42.131277901607106 ], [ -2.570484042948104, 42.131498367969456 ], [ -2.568368241346847, 42.131256238447079 ], [ -2.567544976147653, 42.131325197225216 ], [ -2.567266520690406, 42.131351164900565 ], [ -2.561487068884869, 42.129005540690429 ], [ -2.561077411369065, 42.128760788827798 ], [ -2.559175872998042, 42.127303438132337 ], [ -2.557112968169327, 42.126439883260396 ], [ -2.554879112965944, 42.125827806755325 ], [ -2.553900498638253, 42.125625862735383 ], [ -2.551337373750025, 42.125372670009241 ], [ -2.549557210819482, 42.125608830696457 ], [ -2.54546113539948, 42.124872163336107 ], [ -2.541644673002224, 42.127297713157731 ], [ -2.53999176084127, 42.126669635302228 ], [ -2.536744733879515, 42.125638819046223 ], [ -2.534767121899907, 42.12474818387922 ], [ -2.532984506291383, 42.123669155957074 ], [ -2.531885133640822, 42.123457529782947 ], [ -2.530315670220284, 42.123018751986656 ], [ -2.527327385634865, 42.123024502029395 ], [ -2.524247615329233, 42.122327305033032 ], [ -2.522555358012059, 42.120527948616775 ], [ -2.520865401503296, 42.120043569945267 ], [ -2.520273004780713, 42.119996009403899 ], [ -2.518885448542565, 42.119512849222303 ], [ -2.517357903445668, 42.118353600798251 ], [ -2.514677293546264, 42.114541590806567 ], [ -2.514514636027871, 42.113667280210947 ], [ -2.514519874126113, 42.112982817113902 ], [ -2.516483638319878, 42.110847567968925 ], [ -2.515959215678628, 42.109827601700246 ], [ -2.515674609744608, 42.109078906763706 ], [ -2.515618091649529, 42.108565280881407 ], [ -2.515853355936664, 42.107845784520066 ], [ -2.516383221626924, 42.104983931708382 ], [ -2.516243659133838, 42.102659644150023 ], [ -2.517743356728356, 42.101062869891571 ], [ -2.517548330671731, 42.099675018465092 ], [ -2.519387081877067, 42.098007562491887 ], [ -2.518183468268702, 42.095669790312421 ], [ -2.518111371302867, 42.092418187296893 ], [ -2.5182568650929, 42.090770600486401 ], [ -2.520873430719466, 42.088547973224927 ], [ -2.521558139001602, 42.087542060881695 ], [ -2.521979772135656, 42.086138801486776 ], [ -2.522542731710893, 42.083430202452163 ], [ -2.522657196164326, 42.082881281858342 ], [ -2.520866370803668, 42.081477775432958 ], [ -2.519407282261434, 42.080967349568319 ], [ -2.517206046321792, 42.077904872794463 ], [ -2.514743779744444, 42.074219789376961 ], [ -2.514996548738531, 42.069609534495811 ], [ -2.514881352484279, 42.068861496121407 ], [ -2.517272087953684, 42.067619682365205 ], [ -2.520868306017504, 42.065139667057075 ], [ -2.520879323127128, 42.065130049042018 ], [ -2.523046604271582, 42.063230653983894 ], [ -2.525777347863432, 42.060107709044246 ], [ -2.527589449812149, 42.058584112465617 ], [ -2.532021083164373, 42.055828251154303 ], [ -2.532508935771733, 42.055226785258455 ], [ -2.535393060744989, 42.054148757334588 ], [ -2.539532120907801, 42.05498507120187 ], [ -2.54443315754743, 42.05406796462735 ], [ -2.545293313830251, 42.053774187329957 ], [ -2.546032978772125, 42.05342580485123 ], [ -2.548751202105078, 42.051833393447716 ], [ -2.549067757455453, 42.051510384439567 ], [ -2.552033819291609, 42.045604745707458 ], [ -2.551283973846977, 42.038855844482853 ], [ -2.552713069616929, 42.038366095890851 ], [ -2.554549071276387, 42.036716010056587 ], [ -2.555255232234884, 42.035935169537126 ], [ -2.556023942060744, 42.034848387685578 ], [ -2.558688958417408, 42.030337349873228 ], [ -2.559807711174755, 42.027531583947962 ], [ -2.56041725878654, 42.024985040909847 ], [ -2.561635070084189, 42.02354860959106 ], [ -2.562806856283913, 42.021778790282561 ], [ -2.564268222632656, 42.018271742676028 ], [ -2.56450789200056, 42.016786621490759 ], [ -2.56530024059004, 42.0139525119966 ], [ -2.566777984571006, 42.01331863684976 ], [ -2.56994066079282, 42.011763411726754 ], [ -2.571414125344887, 42.009958605668423 ], [ -2.572654899019264, 42.008621248763973 ], [ -2.5752523378963, 42.006658441010686 ], [ -2.576473580322135, 42.004618451330856 ], [ -2.57735876243807, 42.002243948341572 ], [ -2.578145391181179, 42.000166304439873 ], [ -2.578162147999204, 42.000130361968999 ], [ -2.579909848988904, 41.996263930909841 ], [ -2.585548992934592, 41.998031716480902 ], [ -2.586874088383338, 41.998504877225557 ], [ -2.593116688592257, 42.0001349047091 ], [ -2.593311072675352, 42.000185086841419 ], [ -2.596608441921758, 42.001944064903441 ], [ -2.601813056979089, 42.001899245720274 ], [ -2.607328239206403, 42.002404657577749 ], [ -2.609691902710247, 42.002908074898116 ], [ -2.6109321483769, 42.003479754875002 ], [ -2.615108377124301, 42.005781528746894 ], [ -2.620994791066952, 42.004864491919598 ], [ -2.624472244161225, 42.004920916032347 ], [ -2.626636530113702, 42.006504170875786 ], [ -2.631352597691335, 42.00540267650068 ], [ -2.642507060366983, 42.003888866360512 ], [ -2.645475840904627, 42.004204313785287 ], [ -2.650018458519954, 42.003794976185524 ], [ -2.651475910747165, 42.004474921311676 ], [ -2.65229550427584, 42.00475666044025 ], [ -2.653513762972808, 42.005003543234608 ], [ -2.656264784436724, 42.005417121812243 ], [ -2.657894552228188, 42.005502999793912 ], [ -2.65979124170527, 42.005364571836566 ], [ -2.660057524079372, 42.005248289666987 ], [ -2.660288464289586, 42.004960725638519 ], [ -2.660788523790764, 42.004034575930518 ], [ -2.661432986349217, 42.003207811297642 ], [ -2.661869338560755, 42.00288486087134 ], [ -2.662522799670339, 42.00262561718943 ], [ -2.6635259303873, 42.002466472857314 ], [ -2.664685275758758, 42.00243382960231 ], [ -2.665905884004967, 42.002239237796339 ], [ -2.666498991359846, 42.001988793406731 ], [ -2.667685965469559, 42.001280794189782 ], [ -2.667627699960534, 42.000875265913329 ], [ -2.668524739295653, 42.000220388583294 ], [ -2.66864598875448, 42.000112686738241 ], [ -2.668937292502036, 41.999825265726201 ], [ -2.669808906342354, 41.999395481123386 ], [ -2.671659812208517, 41.998716332160058 ], [ -2.672640321934204, 41.998241718531105 ], [ -2.673583038005748, 41.998064307721357 ], [ -2.676726996828469, 41.999523319022167 ], [ -2.678391711874964, 41.999843205302227 ], [ -2.678946350013748, 41.999997898856819 ], [ -2.680044631753792, 42.000100011408122 ], [ -2.681251520845365, 42.000229471057054 ], [ -2.684654442724625, 42.000662232598444 ], [ -2.687174428073526, 42.001416689482255 ], [ -2.687290339661481, 42.002389758670567 ], [ -2.687554567725571, 42.002678644101564 ], [ -2.687866675522922, 42.00304878740031 ], [ -2.693715989122786, 42.007054534256575 ], [ -2.694353581005791, 42.007560639904568 ], [ -2.696270775854748, 42.010700069079554 ], [ -2.69727405040071, 42.010513592531453 ], [ -2.698828459517301, 42.011238209603313 ], [ -2.699611017352888, 42.011762684660461 ], [ -2.702896093943016, 42.014320115377274 ], [ -2.703703015214625, 42.014790545036327 ], [ -2.704318117771786, 42.014972274557685 ], [ -2.705138704223542, 42.015136529945956 ], [ -2.705815007130754, 42.015147272731625 ], [ -2.707181016788294, 42.014880568331115 ], [ -2.71024189391214, 42.013735509144162 ], [ -2.711580668430861, 42.014117176491986 ], [ -2.718580094467844, 42.015359510541082 ], [ -2.720305270800325, 42.01579608775122 ], [ -2.72388131646693, 42.015552585023528 ], [ -2.727169014625732, 42.014966048228679 ], [ -2.727604494814471, 42.014804929730353 ], [ -2.728937032599787, 42.01386244065214 ], [ -2.731065527585338, 42.013200949789024 ], [ -2.734634421112651, 42.01174117553655 ], [ -2.737609950985516, 42.010622247786884 ], [ -2.739205275531809, 42.01033766539858 ], [ -2.740147184391616, 42.010357813857581 ], [ -2.740775579721372, 42.010260184102513 ], [ -2.746168125275471, 42.008678079921012 ], [ -2.746962800822123, 42.009274236890668 ], [ -2.747575738322129, 42.010023213417234 ], [ -2.748354843562424, 42.011501967305776 ], [ -2.748787245771337, 42.015141641026332 ], [ -2.749689502893309, 42.016044264652841 ], [ -2.751584851320829, 42.019335877093461 ], [ -2.75250007074785, 42.020040381888741 ], [ -2.754329062130452, 42.021827651711611 ], [ -2.754989979848319, 42.022702711368247 ], [ -2.755746289667031, 42.023929213055524 ], [ -2.755756720640831, 42.024370602014393 ], [ -2.755559891530411, 42.025279790399281 ], [ -2.75562989547079, 42.025928415105646 ], [ -2.756046443704149, 42.027541545050219 ], [ -2.755960307701649, 42.027937644923163 ], [ -2.754940752236865, 42.029196371679404 ], [ -2.754902983825457, 42.029601612029275 ], [ -2.755094490399077, 42.030052345996211 ], [ -2.757585321562163, 42.03261553505056 ], [ -2.757378028330525, 42.033101489897973 ], [ -2.754712182652471, 42.03517631463906 ], [ -2.752861090597235, 42.035856839422003 ], [ -2.75234046084461, 42.036143888889136 ], [ -2.752025424267758, 42.036386411271714 ], [ -2.751369175315178, 42.037357692786188 ], [ -2.749002390747873, 42.040081546055411 ], [ -2.746988882797065, 42.042058563291278 ], [ -2.746100510934496, 42.043614725594281 ], [ -2.742186162075615, 42.046452021107328 ], [ -2.740366814555599, 42.048132184455248 ], [ -2.738487199304219, 42.049713032185629 ], [ -2.738441220716668, 42.052072667900987 ], [ -2.73600396761434, 42.054039516681463 ], [ -2.735854437749183, 42.055128950712529 ], [ -2.735317697135036, 42.056325597871542 ], [ -2.735023584537305, 42.057288598605744 ], [ -2.734601259807788, 42.060007622623843 ], [ -2.732330154763668, 42.062623244999095 ], [ -2.731348099768745, 42.063332456800822 ], [ -2.729048005794244, 42.064173713762628 ], [ -2.728587567748622, 42.06444271981627 ], [ -2.72734991832375, 42.065556661202073 ], [ -2.726833860565685, 42.067500833150113 ], [ -2.726702657716941, 42.069896287110019 ], [ -2.725547992246544, 42.071343518877875 ], [ -2.723659374345262, 42.071996475400731 ], [ -2.722568965453351, 42.072552249419729 ], [ -2.72193812828992, 42.073064091109153 ], [ -2.720359245297012, 42.074735436163074 ], [ -2.714179833564384, 42.080529369439027 ], [ -2.71140961215224, 42.083530540914438 ], [ -2.708422607179525, 42.086288054074664 ], [ -2.708445157916595, 42.086639330503544 ], [ -2.709165083806568, 42.087857081371958 ], [ -2.709042912710048, 42.088144979335716 ], [ -2.709111536802288, 42.088973795129583 ], [ -2.708904100528883, 42.089396551036174 ], [ -2.708503983427184, 42.089629678668125 ], [ -2.70821255174623, 42.089890120648029 ], [ -2.70805419716803, 42.090150900500646 ], [ -2.707605295419686, 42.090473970480261 ], [ -2.707748845668725, 42.090807587929419 ], [ -2.708387526951916, 42.091277584627782 ], [ -2.708543222509974, 42.091611159849819 ], [ -2.708310408879071, 42.092277071744292 ], [ -2.708779736827845, 42.09276459724596 ], [ -2.708847908711774, 42.093719520511229 ], [ -2.709244973905951, 42.094143814180917 ], [ -2.709483607615261, 42.094846929696445 ], [ -2.71016875772469, 42.095749319951949 ], [ -2.710432029363784, 42.096353441099282 ], [ -2.710064514604674, 42.097397292744859 ], [ -2.710182572973554, 42.098010012384535 ], [ -2.709144218788827, 42.1002860405099 ], [ -2.708742209506529, 42.100915441462234 ], [ -2.708824756489867, 42.101375014688529 ], [ -2.708049340173571, 42.101679227566066 ], [ -2.706269560925604, 42.102097952282257 ], [ -2.706074144707697, 42.102511772275115 ], [ -2.705948317066937, 42.103556171610684 ], [ -2.70632058460028, 42.10412456004925 ], [ -2.706559892051984, 42.104683590907307 ], [ -2.706724618903114, 42.105674710605115 ], [ -2.707146941706226, 42.105901009938158 ], [ -2.707459116962139, 42.106388137665526 ], [ -2.708424448809116, 42.106885969399897 ], [ -2.708833438182586, 42.107364302161493 ], [ -2.709291419551205, 42.107725781313626 ], [ -2.710256903019904, 42.108187553965521 ], [ -2.711875152302788, 42.108741034987155 ], [ -2.713517113241668, 42.109402626555109 ], [ -2.714820576569052, 42.110036326277125 ], [ -2.716605402134781, 42.111220635061102 ], [ -2.717545324572024, 42.112015517406874 ], [ -2.719916803049273, 42.114597192942163 ], [ -2.721002301672354, 42.115311393950428 ], [ -2.722246668134971, 42.115665640943639 ], [ -2.7226812047276, 42.11589181687318 ], [ -2.723078579253945, 42.116298134526112 ], [ -2.724423716199789, 42.118525972379231 ], [ -2.725424426067959, 42.119302932225381 ], [ -2.725725386603943, 42.119636888644393 ], [ -2.726395276204684, 42.121385751586367 ], [ -2.72711847934137, 42.122008939680001 ], [ -2.728506030126312, 42.122867843408272 ], [ -2.729061312153702, 42.123148348159596 ], [ -2.729774280364756, 42.123348173410967 ], [ -2.73092291782509, 42.123504015003014 ], [ -2.734667269674971, 42.124953765639631 ], [ -2.738430400624868, 42.124818363551007 ], [ -2.738239619683625, 42.127078537287858 ], [ -2.738333997892529, 42.12764620080582 ], [ -2.738549303707785, 42.128250111581991 ], [ -2.738569338294678, 42.129258870326851 ], [ -2.737986003692297, 42.129869968745425 ], [ -2.737972602886056, 42.13018516761371 ], [ -2.741004206765685, 42.131497996041588 ], [ -2.746545521093514, 42.140624970218397 ], [ -2.747160608113338, 42.150200141457532 ], [ -2.749550859794708, 42.154807690048671 ], [ -2.751886235463346, 42.158064091758675 ], [ -2.754222565448494, 42.161149347954002 ], [ -2.756084288039788, 42.161792799229019 ], [ -2.757111903111552, 42.162155241803838 ], [ -2.757437268151524, 42.162525223332111 ], [ -2.759242917441446, 42.165203912593974 ], [ -2.759285260962044, 42.166789132043377 ], [ -2.759284986622311, 42.166861178140373 ], [ -2.759493455490114, 42.169338381170078 ], [ -2.759601226635358, 42.169653794764876 ], [ -2.762024663323422, 42.172315771161522 ], [ -2.764629814571204, 42.175005065708532 ], [ -2.763304317673925, 42.179757668023072 ], [ -2.76353130382368, 42.180577724457571 ], [ -2.767672677496215, 42.187124825491793 ], [ -2.767864935579533, 42.187530529039734 ], [ -2.76823513393028, 42.188945234329061 ], [ -2.768355541083761, 42.189143631907278 ], [ -2.76727602892021, 42.18960077242982 ], [ -2.764705875647913, 42.190315999913039 ], [ -2.762660129635191, 42.190068621253161 ], [ -2.761542353405532, 42.190993889895992 ], [ -2.760874844794939, 42.191379800907306 ], [ -2.75938300194973, 42.191935049630345 ], [ -2.754738786127577, 42.193393184029908 ], [ -2.754071489991957, 42.193688971458144 ], [ -2.751592714503972, 42.195710041213395 ], [ -2.751179242053018, 42.196141416652104 ], [ -2.750836230932169, 42.197140384154203 ], [ -2.749757743380012, 42.197255021890108 ], [ -2.746279729508746, 42.203722970924993 ], [ -2.743827280004261, 42.205077439535486 ], [ -2.741272440821508, 42.207755562526614 ], [ -2.74092672357285, 42.209339878349446 ], [ -2.742788939014682, 42.213135752029174 ], [ -2.743508647737046, 42.214911618815961 ], [ -2.743465809925736, 42.216505640589034 ], [ -2.743523846450867, 42.217127177438115 ], [ -2.745454476851213, 42.219094880708937 ], [ -2.744476978532039, 42.22409117605558 ], [ -2.74309076886886, 42.225276905676331 ], [ -2.74253088945733, 42.225888029440974 ], [ -2.742589736331684, 42.226293434324198 ], [ -2.7387136131783, 42.225942446304082 ], [ -2.736189358192028, 42.226837268141821 ], [ -2.735654528501403, 42.227232320379812 ], [ -2.733254448237425, 42.230288854964286 ], [ -2.732780072329591, 42.230684071032861 ], [ -2.728309951439242, 42.233114166444537 ], [ -2.725069432016105, 42.234196132253217 ], [ -2.723162586516359, 42.23514621330466 ], [ -2.721900056544532, 42.235620501404114 ], [ -2.720746163682594, 42.236203089401009 ], [ -2.719506041690514, 42.237082650546313 ], [ -2.717935294623214, 42.241419817584756 ], [ -2.714528477032016, 42.241618494756558 ], [ -2.713969959277987, 42.241842235911513 ], [ -2.713616506681699, 42.24225563722004 ], [ -2.712144890056305, 42.243350714377257 ], [ -2.706568451974936, 42.243516652650371 ], [ -2.70500398118996, 42.243701775870434 ], [ -2.704007807023202, 42.244185514824949 ], [ -2.703642657551677, 42.244499827451399 ], [ -2.701606652193041, 42.246989255485175 ], [ -2.693373071422343, 42.250092602543326 ], [ -2.691150562431737, 42.25093319547333 ], [ -2.689765785868446, 42.251505845325241 ], [ -2.688574689511614, 42.252133046482811 ], [ -2.687553380187629, 42.252742701534572 ], [ -2.686325278059654, 42.253477830003 ], [ -2.679401638265798, 42.256151465393771 ], [ -2.678503340696077, 42.256374099071017 ], [ -2.678227000994167, 42.255886973107451 ], [ -2.675987494544219, 42.252890611296742 ], [ -2.673648614234955, 42.250380238905187 ], [ -2.673601601261371, 42.250100925500831 ], [ -2.673589579243282, 42.250082887775825 ], [ -2.674267659459976, 42.247887280534179 ], [ -2.67278418898069, 42.246433067502863 ], [ -2.672017699740555, 42.244656672589535 ], [ -2.67121057085032, 42.243699636946303 ], [ -2.667774820499023, 42.24243788055454 ], [ -2.667427175915306, 42.241707401112464 ], [ -2.667225234005013, 42.240932224615406 ], [ -2.666927672286083, 42.239895645709602 ], [ -2.664155923659632, 42.239185056013 ], [ -2.662869588621654, 42.239487457044014 ], [ -2.661356085847074, 42.239185803162918 ], [ -2.659853749227424, 42.236848749117989 ], [ -2.659026577219079, 42.232928558672484 ], [ -2.658001237479688, 42.232042894601747 ], [ -2.656162352542795, 42.23146996676715 ], [ -2.652485337386322, 42.230179969246706 ], [ -2.651839367810962, 42.230853487378596 ], [ -2.651463022836842, 42.230969449595094 ], [ -2.64802200078147, 42.23085082616462 ], [ -2.646836261944625, 42.230513914634287 ], [ -2.641291267654361, 42.235990456862332 ], [ -2.634461633480394, 42.237076599636765 ], [ -2.631804920700976, 42.23750940886972 ], [ -2.631139966260448, 42.237219085105309 ], [ -2.630207701298353, 42.237062983823876 ], [ -2.627748315732364, 42.236910883049973 ], [ -2.627340129283, 42.236243089542384 ], [ -2.626966843813128, 42.235836588272178 ], [ -2.626459854372098, 42.235501712348871 ], [ -2.625564824956377, 42.235183565345856 ], [ -2.625045302585845, 42.234920687954443 ], [ -2.62480403878457, 42.234730761762769 ], [ -2.624648300065104, 42.234424030629242 ], [ -2.624626276683028, 42.234054715498395 ], [ -2.624786612937224, 42.233586944141102 ], [ -2.62510418614472, 42.233164678323071 ], [ -2.625130676768691, 42.232795500144817 ], [ -2.624665865794253, 42.231470045700959 ], [ -2.624959526534973, 42.230993695684575 ], [ -2.625556856861383, 42.230401211641599 ], [ -2.625984308888233, 42.229844212880607 ], [ -2.626302834309797, 42.229268890100478 ], [ -2.626379255464332, 42.228638715986314 ], [ -2.626257020605247, 42.226774009404608 ], [ -2.625866353396701, 42.227259084561211 ], [ -2.623097036270262, 42.228339718240711 ], [ -2.621119770401053, 42.228675450338862 ], [ -2.612760561880414, 42.232249981541045 ], [ -2.608864371006404, 42.235190758187791 ], [ -2.608012903087002, 42.235683197590348 ], [ -2.607479103403255, 42.235771434869463 ], [ -2.606300318015142, 42.236289761535666 ], [ -2.608721990501135, 42.242512363584154 ], [ -2.606759339208033, 42.246252186245577 ], [ -2.604550635267141, 42.248604232665578 ], [ -2.602710693454387, 42.250119902248926 ], [ -2.598128686821183, 42.253886510864724 ], [ -2.595916738342203, 42.254761359368558 ], [ -2.593091900017557, 42.256669637161821 ], [ -2.595456185234935, 42.258524297986447 ], [ -2.595435751195165, 42.25982110880954 ], [ -2.593630522768893, 42.259625615715791 ], [ -2.57871321425091, 42.262156452751441 ], [ -2.576329431388058, 42.265056641299324 ], [ -2.5703903466702, 42.270077963076133 ], [ -2.56937885130824, 42.270812670457033 ], [ -2.565924911258275, 42.266990068773481 ], [ -2.560758158703615, 42.267177480989574 ], [ -2.550501806326076, 42.266930564009918 ], [ -2.550048338301694, 42.265902042429232 ], [ -2.549045633369353, 42.263691600193638 ], [ -2.548924172737303, 42.262024958949461 ] ] ], [ [ [ -2.575478488641085, 42.285200336846941 ], [ -2.574430069749678, 42.284187706821861 ], [ -2.57461823646993, 42.28326975664028 ], [ -2.574584374092536, 42.282891404049735 ], [ -2.574237648787259, 42.282151579351662 ], [ -2.574324429258053, 42.281872779555911 ], [ -2.574556107167431, 42.281684470323178 ], [ -2.574918283216302, 42.281937993214903 ], [ -2.575351974321316, 42.282371870439263 ], [ -2.575811616724895, 42.282553702650311 ], [ -2.576357061678686, 42.282600802054425 ], [ -2.577000360518057, 42.282531100891667 ], [ -2.577450484055227, 42.282325625768102 ], [ -2.577901622790206, 42.281967071525031 ], [ -2.578562091275856, 42.281140952556235 ], [ -2.578988557205987, 42.280845287254394 ], [ -2.5795598552863, 42.280649256552273 ], [ -2.580227553640908, 42.280552620693392 ], [ -2.58205828940188, 42.280649404148448 ], [ -2.584304059419158, 42.280333305220047 ], [ -2.584923741422845, 42.280164500279881 ], [ -2.586103998199363, 42.279574323090337 ], [ -2.586396593056774, 42.279323204051103 ], [ -2.586533671361552, 42.278774381943144 ], [ -2.586465744011587, 42.278035559654782 ], [ -2.586043406487494, 42.275872581954459 ], [ -2.58602325426844, 42.275242090665465 ], [ -2.586220427437398, 42.274765476598972 ], [ -2.586465422431557, 42.274388115545591 ], [ -2.586952392047726, 42.274101658085343 ], [ -2.587669316577163, 42.27387907081593 ], [ -2.588702829058009, 42.273459521368331 ], [ -2.589298026147825, 42.273308566711854 ], [ -2.589662983119812, 42.273129729851078 ], [ -2.589884062232892, 42.272698234899202 ], [ -2.590177147094728, 42.272384063215739 ], [ -2.590639090217519, 42.272214585864468 ], [ -2.591257464920667, 42.27221683552338 ], [ -2.592978504904897, 42.272367058493046 ], [ -2.593560749454286, 42.272342049785351 ], [ -2.594119399849346, 42.27220897998999 ], [ -2.595711311314912, 42.271683258399591 ], [ -2.597082829702115, 42.271489962567657 ], [ -2.599606259832248, 42.271309665808005 ], [ -2.600420542938969, 42.271015293259239 ], [ -2.600714838706113, 42.270512028444294 ], [ -2.601050285192973, 42.269234279941962 ], [ -2.601222091901644, 42.268919698382575 ], [ -2.601661394098203, 42.268479884043124 ], [ -2.602696441864779, 42.267781017622724 ], [ -2.60325588289932, 42.267512758494512 ], [ -2.604110596097318, 42.266570099687435 ], [ -2.604673852617077, 42.265698374539618 ], [ -2.605101389643543, 42.265195558050401 ], [ -2.605490881101246, 42.264953724875689 ], [ -2.605952336970341, 42.264838224858174 ], [ -2.608305475911031, 42.264702193920364 ], [ -2.608888041853075, 42.264605158530209 ], [ -2.609095477264016, 42.264398697204186 ], [ -2.609476718425806, 42.261572040580049 ], [ -2.609686043250468, 42.261050418481389 ], [ -2.610052258226878, 42.260646364624137 ], [ -2.610709361740958, 42.260261370989888 ], [ -2.611341451338471, 42.260002308583225 ], [ -2.611887284592265, 42.259959156380468 ], [ -2.61441762606168, 42.262534470143549 ], [ -2.615276091887866, 42.26292462467979 ], [ -2.615771071876641, 42.263268545176821 ], [ -2.61697619185611, 42.264479364450125 ], [ -2.61773666360998, 42.265049319393256 ], [ -2.618546231376793, 42.265502329943274 ], [ -2.619138889778132, 42.265747480374621 ], [ -2.619988403839916, 42.265633214581705 ], [ -2.620605464185822, 42.265851432203227 ], [ -2.621075825517312, 42.266267257531624 ], [ -2.623447523694694, 42.267085619517715 ], [ -2.624522914869993, 42.26771959016564 ], [ -2.626345955524662, 42.269058480843036 ], [ -2.630111869655325, 42.272024738491808 ], [ -2.631029896476534, 42.272622101659792 ], [ -2.631755874085478, 42.272903653888278 ], [ -2.634249991240265, 42.273578094309762 ], [ -2.635280061657459, 42.273707509474796 ], [ -2.637619647175886, 42.273858998245963 ], [ -2.638588262423944, 42.274123272874007 ], [ -2.639023347879499, 42.274385825255372 ], [ -2.642295337559165, 42.27905229916346 ], [ -2.644691982805359, 42.279870298310946 ], [ -2.645296693216183, 42.280178388516433 ], [ -2.64647638297179, 42.281749096913323 ], [ -2.647115342542559, 42.282444530085172 ], [ -2.647646378379617, 42.282914513482929 ], [ -2.648057671997181, 42.283104926522839 ], [ -2.650069135033814, 42.283435318542914 ], [ -2.655632742914988, 42.286289124409393 ], [ -2.653403148217681, 42.288092616030809 ], [ -2.652902906328225, 42.288622487661122 ], [ -2.652267118321911, 42.289548153014103 ], [ -2.645657272655149, 42.293697723319141 ], [ -2.644619280686319, 42.294919314166194 ], [ -2.642258131278342, 42.298424366458342 ], [ -2.641610739702503, 42.299205863834111 ], [ -2.639528124727862, 42.300613282050378 ], [ -2.639003829530918, 42.301070967632896 ], [ -2.637366206576083, 42.303155184676847 ], [ -2.635814921751609, 42.304960477580508 ], [ -2.633495525183592, 42.3073937579099 ], [ -2.632955542906693, 42.308436708151667 ], [ -2.63190995016428, 42.310882982372014 ], [ -2.628176469300211, 42.312302904188911 ], [ -2.6274146672272, 42.313903548077597 ], [ -2.6266581677616, 42.314603558664139 ], [ -2.625072025080633, 42.316057311022568 ], [ -2.62406504843909, 42.316018023842567 ], [ -2.622717919172989, 42.316049634083505 ], [ -2.62134578034014, 42.3161981340156 ], [ -2.618552215935877, 42.316612158215975 ], [ -2.618127057537988, 42.316682806776278 ], [ -2.61753590798107, 42.31646653559303 ], [ -2.617528664163365, 42.316463885425065 ], [ -2.617497190067863, 42.316496441117302 ], [ -2.615849211813141, 42.316107831878632 ], [ -2.614239267438691, 42.315453982613597 ], [ -2.61187761134044, 42.314707463249469 ], [ -2.608473545946119, 42.313777279012292 ], [ -2.606366343389889, 42.313103577253997 ], [ -2.605047134847908, 42.31255868100849 ], [ -2.604116205149293, 42.312024118609848 ], [ -2.603488552815955, 42.311499596622326 ], [ -2.60291055115502, 42.310795116351272 ], [ -2.602720013366781, 42.310218006464169 ], [ -2.602783561445, 42.307840641751426 ], [ -2.602665998834994, 42.307245839456641 ], [ -2.602211800653629, 42.30615448658439 ], [ -2.600374272218416, 42.303185084263532 ], [ -2.599770593352992, 42.300814401962683 ], [ -2.599531260354615, 42.300300180339327 ], [ -2.598964096215779, 42.299820888226414 ], [ -2.597935186196167, 42.299466016722739 ], [ -2.597545488185355, 42.299689818535875 ], [ -2.597578979743653, 42.300149279756042 ], [ -2.595546924491092, 42.299205432122776 ], [ -2.594121034442036, 42.298326813347522 ], [ -2.594247779457732, 42.297480660539698 ], [ -2.594201667776309, 42.297102253228267 ], [ -2.593936930236638, 42.296777098219522 ], [ -2.593104771921767, 42.296017637707934 ], [ -2.592681646014373, 42.295790961320236 ], [ -2.592124134643007, 42.295707930477541 ], [ -2.591687186670852, 42.295751416372092 ], [ -2.591434963413554, 42.295354251538832 ], [ -2.589885752677855, 42.294817363386983 ], [ -2.588664350407358, 42.294227587139694 ], [ -2.58762497361964, 42.293638417401993 ], [ -2.580915769343332, 42.288318430292257 ], [ -2.580347895198527, 42.287983113835864 ], [ -2.579634243418431, 42.287683297672089 ], [ -2.578835021762634, 42.287491266854779 ], [ -2.574978874845093, 42.287341926908994 ], [ -2.575526548954245, 42.285263522078523 ], [ -2.575478488641085, 42.285200336846941 ] ] ], [ [ [ -2.82333882595557, 42.399886838622407 ], [ -2.824152068822097, 42.400194311163943 ], [ -2.825624989846874, 42.399250936401124 ], [ -2.825880436749555, 42.399134221885632 ], [ -2.82684092499605, 42.398946578720974 ], [ -2.827533152989133, 42.399082714508694 ], [ -2.829183824893764, 42.399760654661449 ], [ -2.830324031235012, 42.400491810477867 ], [ -2.831028768325541, 42.400501896105759 ], [ -2.831490180285581, 42.400637665740881 ], [ -2.833320518036927, 42.4023334772182 ], [ -2.833368997643974, 42.402378587750526 ], [ -2.834208253717103, 42.402064638485363 ], [ -2.83652719837101, 42.402833468557375 ], [ -2.839330151160739, 42.404413525733844 ], [ -2.840434373940585, 42.405045486249136 ], [ -2.84126872222692, 42.406685746471901 ], [ -2.842177369837097, 42.407785775399439 ], [ -2.842808725360546, 42.408002775647603 ], [ -2.846016331657812, 42.408304338450648 ], [ -2.851647495953745, 42.406429581580042 ], [ -2.854202616416416, 42.405081988146549 ], [ -2.854665019021618, 42.404848451001939 ], [ -2.857418189308039, 42.407184474206538 ], [ -2.854204070768575, 42.409684064220528 ], [ -2.850649724177554, 42.412075036328915 ], [ -2.851463108229117, 42.412445373959805 ], [ -2.851899944699364, 42.412734100086645 ], [ -2.852699539979456, 42.413806861233844 ], [ -2.85302690113609, 42.414104496027569 ], [ -2.853573163709266, 42.414402411483003 ], [ -2.853791346009094, 42.414663861600076 ], [ -2.8540204311299, 42.415456669907122 ], [ -2.854202378943737, 42.415610009933424 ], [ -2.855439484373683, 42.416746317583595 ], [ -2.855512253256067, 42.4168275093296 ], [ -2.85645943656499, 42.417179924542118 ], [ -2.85735877120121, 42.417235101152784 ], [ -2.857699047273347, 42.417235527649019 ], [ -2.858706802690486, 42.417714119569034 ], [ -2.857390427730345, 42.419342542357313 ], [ -2.855686271646562, 42.420394079690489 ], [ -2.855380875482158, 42.421060193021873 ], [ -2.854200270355224, 42.421716072588318 ], [ -2.853676965396136, 42.421985575931757 ], [ -2.854210908629009, 42.422373514214542 ], [ -2.855606072619676, 42.423555064959466 ], [ -2.855714899818914, 42.423798409849631 ], [ -2.855870109740565, 42.425041413683772 ], [ -2.854773534587562, 42.426102701947492 ], [ -2.854200520149837, 42.426822419806484 ], [ -2.853993519602758, 42.426966258524786 ], [ -2.853308181545921, 42.428892690813328 ], [ -2.852224278879476, 42.429728838483328 ], [ -2.851786087885253, 42.429980440419833 ], [ -2.850715626050865, 42.430240207894265 ], [ -2.848827964251871, 42.43164264445862 ], [ -2.848319677708506, 42.430633289142719 ], [ -2.848128781503877, 42.429174062826881 ], [ -2.847440623278881, 42.427218809582605 ], [ -2.846800196874848, 42.425641978788235 ], [ -2.846002292209977, 42.423875711151481 ], [ -2.845931719112713, 42.422893940969153 ], [ -2.846323002946906, 42.421966836561722 ], [ -2.846485567253658, 42.420102858027704 ], [ -2.845563849773993, 42.41930009471519 ], [ -2.845296668586102, 42.41919161017897 ], [ -2.844737484870529, 42.419235927441527 ], [ -2.843911314019211, 42.419072635292679 ], [ -2.843389706310503, 42.418675658784601 ], [ -2.843220752074334, 42.418171122166761 ], [ -2.841932842587244, 42.417980213939074 ], [ -2.839721035630104, 42.417860035961596 ], [ -2.839308101704107, 42.417751350681094 ], [ -2.839150239333486, 42.417652101946572 ], [ -2.838907911787051, 42.417372546652594 ], [ -2.838616522777648, 42.417237047610278 ], [ -2.838324952212251, 42.417200632559513 ], [ -2.835844442422102, 42.41759331677639 ], [ -2.834445542303297, 42.418014584655978 ], [ -2.834250817175631, 42.418095363630371 ], [ -2.834226497094771, 42.4181133314693 ], [ -2.834190098571884, 42.418068239795218 ], [ -2.833583760423608, 42.417544993935657 ], [ -2.832674303247754, 42.416769203931977 ], [ -2.830053395692714, 42.415117174138516 ], [ -2.828999087586347, 42.413998851970653 ], [ -2.82806655318357, 42.412799636768462 ], [ -2.82701244606701, 42.411618291017703 ], [ -2.826030075126, 42.410878302127685 ], [ -2.825605567581725, 42.410571421946671 ], [ -2.826457893121094, 42.409996380685918 ], [ -2.827273619041758, 42.409457239821187 ], [ -2.827093546813058, 42.40867345368617 ], [ -2.826985307460031, 42.408249993017108 ], [ -2.826913924177195, 42.407691499346114 ], [ -2.826707952627553, 42.407493094431004 ], [ -2.825132168281631, 42.406022671258384 ], [ -2.823641087940233, 42.404723493419219 ], [ -2.82333882595557, 42.399886838622407 ] ] ] ] } },
{ "type": "Feature", "properties": { "codatzbs": "130107", "n_zbs": "ALBERITE-ALBELDA DE IREGUA", "ccaa_cd": "ES23", "area": "La Rioja" }, "geometry": { "type": "MultiPolygon", "coordinates": [ [ [ [ -2.616947517348061, 42.327544148031343 ], [ -2.614602491040825, 42.327957966547466 ], [ -2.612305095342984, 42.328234235670152 ], [ -2.610568066823146, 42.328516334403361 ], [ -2.60879931508985, 42.32865495711669 ], [ -2.607340953524746, 42.328872202308467 ], [ -2.606542713130148, 42.329214152420981 ], [ -2.605952705107539, 42.329728287541172 ], [ -2.603413685529132, 42.333430049055181 ], [ -2.60338368691582, 42.333473531213052 ], [ -2.603141117402612, 42.333754473721406 ], [ -2.602885213320687, 42.334152461040368 ], [ -2.602313648590461, 42.334473309785189 ], [ -2.601472699103839, 42.334695376417862 ], [ -2.600428415900378, 42.33482041605825 ], [ -2.599011252325433, 42.334994653968494 ], [ -2.597943067550667, 42.334873199463004 ], [ -2.597260735946121, 42.334667230921625 ], [ -2.594918758297457, 42.333669573496159 ], [ -2.594716012306556, 42.333450688600891 ], [ -2.59353865817156, 42.333258592190077 ], [ -2.593055442581588, 42.333384903021141 ], [ -2.59292551828428, 42.333437496315995 ], [ -2.592829593991719, 42.333479512172403 ], [ -2.592466914410879, 42.333822069844331 ], [ -2.589477763039759, 42.335356776364705 ], [ -2.587479133708116, 42.33590271312157 ], [ -2.58676268552535, 42.335794580779876 ], [ -2.585011837476712, 42.335143105994426 ], [ -2.583756651070221, 42.334399932511857 ], [ -2.583002587811517, 42.334144542332638 ], [ -2.582394223886081, 42.334064078145644 ], [ -2.581840427656095, 42.334075021469481 ], [ -2.581240396525784, 42.334166191122996 ], [ -2.580077191989588, 42.334539363541616 ], [ -2.579636731886331, 42.334826419985944 ], [ -2.578290599427683, 42.336356148509417 ], [ -2.577576978412846, 42.336850209527491 ], [ -2.57483376487897, 42.338158834454276 ], [ -2.5731671666362, 42.339415843858035 ], [ -2.570989602788325, 42.340667341674269 ], [ -2.570347550115698, 42.341114319383529 ], [ -2.568033688903137, 42.341869278004239 ], [ -2.566286767203014, 42.342603144479256 ], [ -2.565116641755032, 42.343198618229195 ], [ -2.564055929534703, 42.343462032014713 ], [ -2.563062155440762, 42.343777864989427 ], [ -2.562129216805089, 42.344191909056427 ], [ -2.560607360153828, 42.344564718072398 ], [ -2.558906271453014, 42.344898186640187 ], [ -2.557946340823563, 42.345242115465737 ], [ -2.555651916352036, 42.346216406309644 ], [ -2.554624515746239, 42.346468952319647 ], [ -2.553031299606713, 42.34667809320247 ], [ -2.552853941621144, 42.345784773035305 ], [ -2.55162565466098, 42.343903695751358 ], [ -2.552852587055457, 42.34578824207815 ], [ -2.553028412354919, 42.346671583599424 ], [ -2.550477087104217, 42.346922695378446 ], [ -2.548884193895941, 42.347267630265939 ], [ -2.546323961700816, 42.348734560410165 ], [ -2.545373833574731, 42.349172092846601 ], [ -2.543267285883392, 42.350010268240098 ], [ -2.542622460703774, 42.350196825701651 ], [ -2.539542576990101, 42.352958310171601 ], [ -2.537930721434817, 42.354203674003607 ], [ -2.535977373918479, 42.355636775410538 ], [ -2.535391928112896, 42.355994602726632 ], [ -2.534491425433985, 42.356261135269214 ], [ -2.534102401396104, 42.356313593435388 ], [ -2.533071054048222, 42.356219350732395 ], [ -2.530382258245698, 42.35529875177491 ], [ -2.529375064155854, 42.355213571825537 ], [ -2.529131967435895, 42.355248542225326 ], [ -2.528840214645677, 42.35529241732344 ], [ -2.527696375583748, 42.355620865914162 ], [ -2.526915826450417, 42.356077000273821 ], [ -2.525386891542446, 42.357547661885945 ], [ -2.525033128602393, 42.357762304034118 ], [ -2.522916758894189, 42.358221846739944 ], [ -2.520860377096915, 42.358780627292063 ], [ -2.520117161949, 42.359110729301591 ], [ -2.519789453321105, 42.359082355225851 ], [ -2.519205281933725, 42.359251032334782 ], [ -2.518705465450779, 42.359510085281919 ], [ -2.518377189834822, 42.3595627639355 ], [ -2.517890175161508, 42.359740789930626 ], [ -2.517012887805824, 42.360115364373186 ], [ -2.516623928877205, 42.360167803965957 ], [ -2.51455387760718, 42.360897501770566 ], [ -2.514091707689081, 42.360985606509196 ], [ -2.511942410369312, 42.360985478283709 ], [ -2.51185733959201, 42.36099414380935 ], [ -2.510142697617618, 42.36130200274691 ], [ -2.509777012013131, 42.361480544923609 ], [ -2.509250358004658, 42.362054727927593 ], [ -2.508336285783631, 42.36247403207453 ], [ -2.507501533670848, 42.363623233786981 ], [ -2.507136038318434, 42.363774750076736 ], [ -2.503827897190579, 42.364399911118227 ], [ -2.504813130611948, 42.365256148469086 ], [ -2.506192062055249, 42.366454480100771 ], [ -2.506193300218462, 42.366456881045217 ], [ -2.50701744749719, 42.368052122304505 ], [ -2.507480664288617, 42.369331918406075 ], [ -2.507481038792768, 42.369332951208143 ], [ -2.507541501248422, 42.369383460207445 ], [ -2.508651489099757, 42.370310636974558 ], [ -2.508650593294391, 42.370311037507292 ], [ -2.507408356242725, 42.370863664440456 ], [ -2.507486024932136, 42.371781525637672 ], [ -2.507486119652895, 42.371782615776709 ], [ -2.507437151200718, 42.371786925545969 ], [ -2.504168178691025, 42.372074512255104 ], [ -2.503611268185309, 42.372209482507799 ], [ -2.503109469899169, 42.37233109338478 ], [ -2.500423646239113, 42.37256254448409 ], [ -2.500423439625112, 42.372562561595899 ], [ -2.50042347705505, 42.372566267748049 ], [ -2.500458231330564, 42.375822884788356 ], [ -2.50017240235917, 42.378163196382346 ], [ -2.500172329801888, 42.37816315553885 ], [ -2.497966252543006, 42.376997794819417 ], [ -2.495479380810081, 42.375683996533802 ], [ -2.494380371753478, 42.374895601301795 ], [ -2.493632959137558, 42.374189832091659 ], [ -2.49292279797217, 42.373394211769735 ], [ -2.492307732603013, 42.372851104473604 ], [ -2.49224739962534, 42.372805834074498 ], [ -2.491562478937553, 42.371893157259414 ], [ -2.490411669350034, 42.373013847203211 ], [ -2.490455675197937, 42.375085372817473 ], [ -2.490344817710746, 42.375274006081547 ], [ -2.490118358416338, 42.377813872656944 ], [ -2.490117662241168, 42.377821700311856 ], [ -2.490117593214016, 42.377821974689063 ], [ -2.490004510385505, 42.378289535361894 ], [ -2.489779505805993, 42.378696954466321 ], [ -2.489190861225668, 42.37976281491472 ], [ -2.489134831339124, 42.380365331112955 ], [ -2.489057755353375, 42.381194177727657 ], [ -2.487578266521198, 42.38439324435808 ], [ -2.487573876775308, 42.384402735103734 ], [ -2.487554120016781, 42.384485830077793 ], [ -2.48641652692708, 42.38926974357539 ], [ -2.486365634702709, 42.389344850940518 ], [ -2.485838524340923, 42.390122739997665 ], [ -2.485864579377082, 42.391392703633933 ], [ -2.487127686578614, 42.392929366914892 ], [ -2.487777059257915, 42.393540045541762 ], [ -2.48812845034673, 42.393870495732706 ], [ -2.488949989340221, 42.394441545147117 ], [ -2.489043125283453, 42.394961563985376 ], [ -2.48906620623114, 42.395090452826828 ], [ -2.489656708352393, 42.395651166659661 ], [ -2.489657003760429, 42.395651447161057 ], [ -2.488900799832029, 42.396121896271886 ], [ -2.488032780947565, 42.396661894302113 ], [ -2.488033460468602, 42.396662005408821 ], [ -2.488034322019889, 42.39666214434645 ], [ -2.488035086517666, 42.39666226483866 ], [ -2.488263402336006, 42.39669896692827 ], [ -2.488421846774012, 42.396627577372513 ], [ -2.488941672527111, 42.396495781070598 ], [ -2.488945434720242, 42.396494829695826 ], [ -2.488946114021923, 42.396494967814192 ], [ -2.488947976044856, 42.396495345361153 ], [ -2.489855187674797, 42.396679009911992 ], [ -2.490664542461012, 42.397259006702932 ], [ -2.490666476919726, 42.397262451089773 ], [ -2.490796305334016, 42.397493765365454 ], [ -2.490770465107297, 42.397691777367015 ], [ -2.4909533535482, 42.398727153793075 ], [ -2.490965866398775, 42.398797969546798 ], [ -2.490967887203088, 42.398809380123787 ], [ -2.491110886629221, 42.399152263931988 ], [ -2.492994097623912, 42.402186608150309 ], [ -2.495130794709419, 42.405357122075436 ], [ -2.495670109864856, 42.406158221536032 ], [ -2.495671928397997, 42.406161034903896 ], [ -2.498839890275676, 42.409678226816837 ], [ -2.498841031969348, 42.409681365892652 ], [ -2.498935090638923, 42.409939905840432 ], [ -2.498956428378436, 42.410300178352784 ], [ -2.498829261318491, 42.411002067094259 ], [ -2.498607504324631, 42.411682445407699 ], [ -2.498605367845466, 42.41168899692498 ], [ -2.498530278443999, 42.411919368543074 ], [ -2.498414866831148, 42.412675370975414 ], [ -2.498461455411463, 42.412918761636881 ], [ -2.498461823750482, 42.412919055942893 ], [ -2.498462198130191, 42.412919354778346 ], [ -2.498618498001974, 42.4130455323902 ], [ -2.498970093418998, 42.413155115317757 ], [ -2.49983243640279, 42.413221944545697 ], [ -2.500277422201914, 42.413188254813832 ], [ -2.500278218737183, 42.413188195244196 ], [ -2.500282377849392, 42.413187871147066 ], [ -2.500452240348744, 42.413224649828848 ], [ -2.500487459414151, 42.413337796887546 ], [ -2.500487868338285, 42.413339104537172 ], [ -2.500558876427651, 42.413567290554184 ], [ -2.501877389372703, 42.414356581344045 ], [ -2.501881305579046, 42.414361466094995 ], [ -2.501887304806623, 42.414368980638081 ], [ -2.502021763023273, 42.414537332764482 ], [ -2.502590187683365, 42.414900035410952 ], [ -2.502708200028059, 42.415341861262782 ], [ -2.502852442198894, 42.415540613096724 ], [ -2.502850086220967, 42.415837812878138 ], [ -2.503108588208013, 42.416342870524254 ], [ -2.503113394025282, 42.41635225757495 ], [ -2.503113341179749, 42.416352793201732 ], [ -2.5030739604344, 42.416654496653777 ], [ -2.503061694902804, 42.416748325421452 ], [ -2.502849203807053, 42.417503333563275 ], [ -2.502849077891691, 42.417503886884887 ], [ -2.503089689167999, 42.417811106371524 ], [ -2.504497101568008, 42.41813242933366 ], [ -2.504115731343833, 42.41870715829473 ], [ -2.503991673538521, 42.419030834939313 ], [ -2.504021235000749, 42.419904550598417 ], [ -2.503928619600631, 42.420849744731065 ], [ -2.504773817846696, 42.42310489215 ], [ -2.505024601576728, 42.423673358587131 ], [ -2.505201627390468, 42.425156326876618 ], [ -2.505454951938763, 42.427278386133509 ], [ -2.505530728996297, 42.42791326509095 ], [ -2.505537692461971, 42.427971392593399 ], [ -2.507389863005234, 42.428825831962619 ], [ -2.508177849947544, 42.429189337794021 ], [ -2.508178249380825, 42.429189560153823 ], [ -2.508179248063792, 42.429189325780698 ], [ -2.507716029101914, 42.429431923099258 ], [ -2.506844297368585, 42.430497560878031 ], [ -2.504584327151671, 42.431224272701762 ], [ -2.50272464081208, 42.431822220321664 ], [ -2.498624272786186, 42.432263079322404 ], [ -2.494248443881461, 42.433695980891443 ], [ -2.486239060692275, 42.434876160984786 ], [ -2.475886896719286, 42.434142541470649 ], [ -2.471191545042782, 42.434419303435341 ], [ -2.46151251489907, 42.438832095962702 ], [ -2.459917072692247, 42.439721271607858 ], [ -2.459501748098781, 42.439952732587038 ], [ -2.458372779511554, 42.440581890794981 ], [ -2.455850189263302, 42.440748637382463 ], [ -2.455830303821734, 42.440749983930949 ], [ -2.455786446102353, 42.440736825178647 ], [ -2.455786197477827, 42.440736751950766 ], [ -2.454578991513269, 42.440512408514834 ], [ -2.454411928954296, 42.440675322474689 ], [ -2.454235678401063, 42.440784556687916 ], [ -2.45415212043807, 42.440771582027054 ], [ -2.453849521690629, 42.440725835054458 ], [ -2.453425961012512, 42.4406296437935 ], [ -2.453384789516002, 42.440620292933289 ], [ -2.453335674902569, 42.440607691759595 ], [ -2.453504442865424, 42.440229665396117 ], [ -2.453317670049046, 42.440224310537751 ], [ -2.453327627811432, 42.440207983434398 ], [ -2.453156473621767, 42.440143422122397 ], [ -2.453100338789127, 42.440120909644456 ], [ -2.452903716016583, 42.440041952927842 ], [ -2.452816813119992, 42.440007049883569 ], [ -2.452766542619409, 42.439986923890693 ], [ -2.452714084351187, 42.439965869725242 ], [ -2.452658949995012, 42.439943695027196 ], [ -2.452568872526225, 42.439907556331505 ], [ -2.452480847571555, 42.439873650934736 ], [ -2.452474517059425, 42.439871212508947 ], [ -2.452441115203828, 42.439858142945646 ], [ -2.452364631985177, 42.439828229087716 ], [ -2.451554426394745, 42.439666546176994 ], [ -2.450855634165416, 42.439527114565493 ], [ -2.450767618296804, 42.439506257499019 ], [ -2.450307019003935, 42.43939703566172 ], [ -2.450032289694081, 42.439331864866809 ], [ -2.449717886419224, 42.439269709073059 ], [ -2.449529892639942, 42.439161536702294 ], [ -2.449153409975316, 42.439001105621017 ], [ -2.448689227960808, 42.438784257112637 ], [ -2.448181386714651, 42.438520569203732 ], [ -2.447968201969228, 42.438412236064671 ], [ -2.447801466135291, 42.438101129729901 ], [ -2.447490813208153, 42.437897850210177 ], [ -2.444110586464319, 42.436334259014778 ], [ -2.441778291089304, 42.434730011298555 ], [ -2.44017887669898, 42.434195720146796 ], [ -2.433596496700512, 42.431996529421554 ], [ -2.433596352276429, 42.431997042046895 ], [ -2.43344448899795, 42.432662749592566 ], [ -2.433444581264273, 42.432663303914246 ], [ -2.433537345135283, 42.433149504330629 ], [ -2.433424773113723, 42.433500160004044 ], [ -2.432812068082017, 42.434409078093267 ], [ -2.432414328837887, 42.434999163613931 ], [ -2.432399595818911, 42.43527833249199 ], [ -2.43244000429287, 42.435436045588553 ], [ -2.432540530362034, 42.435828367456814 ], [ -2.432515087625247, 42.435954328270427 ], [ -2.432073999279668, 42.436446254628414 ], [ -2.432072943036079, 42.436447433676257 ], [ -2.431961532647864, 42.436663045793694 ], [ -2.431922407184017, 42.436864479565649 ], [ -2.431795720987762, 42.437517751227851 ], [ -2.431584093306336, 42.437894971187518 ], [ -2.431485847610776, 42.438069404476266 ], [ -2.431214948620652, 42.438550518507242 ], [ -2.431175231506393, 42.438926655166199 ], [ -2.431174925977783, 42.438927500207996 ], [ -2.43117502162372, 42.438928351743535 ], [ -2.431175019628101, 42.438928572379062 ], [ -2.431312106296242, 42.439901919660691 ], [ -2.430748312728248, 42.440394452010537 ], [ -2.430883249568048, 42.441582769470564 ], [ -2.430883295838669, 42.441583030872323 ], [ -2.430883433753968, 42.441583914138349 ], [ -2.430881515150208, 42.441586858557947 ], [ -2.430155792094936, 42.44271501029241 ], [ -2.430031771425837, 42.443411412048562 ], [ -2.430027623952043, 42.443434874383662 ], [ -2.42999834853383, 42.443483197813691 ], [ -2.429620261168045, 42.444108226890535 ], [ -2.429310324951129, 42.444960344281235 ], [ -2.429310274638696, 42.444960528652217 ], [ -2.427769681018132, 42.448268002165037 ], [ -2.427340260899635, 42.448770926686947 ], [ -2.427281569678363, 42.449134257350835 ], [ -2.427281527118353, 42.449134257138176 ], [ -2.427280731130319, 42.449134199125467 ], [ -2.427261295848524, 42.449132494457871 ], [ -2.427083470401863, 42.449116926127417 ], [ -2.427033975168403, 42.449112584635202 ], [ -2.427056840231957, 42.44914999243953 ], [ -2.426893843114796, 42.449117377681326 ], [ -2.426866294926386, 42.449111872411287 ], [ -2.426865675915843, 42.449111743233274 ], [ -2.42685958631543, 42.44910743046951 ], [ -2.426744603782579, 42.449025775183109 ], [ -2.426555211743862, 42.449082189234446 ], [ -2.426392589340767, 42.449130637014839 ], [ -2.426266246922372, 42.449264186576578 ], [ -2.426202946331024, 42.44933105837039 ], [ -2.426118924114446, 42.449419889983126 ], [ -2.426051398715129, 42.449491278620982 ], [ -2.425974320314249, 42.449572728520636 ], [ -2.425920677334266, 42.449629452918927 ], [ -2.425692831534729, 42.449704945601994 ], [ -2.425569332316518, 42.449786032042688 ], [ -2.425495934354537, 42.449834705010495 ], [ -2.425410854892305, 42.449976890857243 ], [ -2.425375821923375, 42.450035734615376 ], [ -2.425338439145685, 42.450065608954745 ], [ -2.425042209070503, 42.450299687591155 ], [ -2.425034223034671, 42.450306474017168 ], [ -2.424989520751343, 42.45041767007698 ], [ -2.424977337133589, 42.450447949889991 ], [ -2.424982936398262, 42.450461995688876 ], [ -2.424892743744586, 42.450517775234033 ], [ -2.424871971096375, 42.450530617012397 ], [ -2.424860627777741, 42.450537628839619 ], [ -2.424758777734172, 42.450585677644405 ], [ -2.424747114355243, 42.450588459576288 ], [ -2.424746821849256, 42.450588530155628 ], [ -2.424465063914411, 42.450648814388238 ], [ -2.424429527193954, 42.450656416158935 ], [ -2.424044015073775, 42.450937644592976 ], [ -2.424035971599361, 42.450943512056462 ], [ -2.423840815007412, 42.451086232342234 ], [ -2.423840778237396, 42.451086263678128 ], [ -2.423836207117746, 42.451091419102312 ], [ -2.42371420746968, 42.451228972743053 ], [ -2.423630425555361, 42.451323427898402 ], [ -2.423485869060319, 42.451486408636484 ], [ -2.423452941927598, 42.451523532008693 ], [ -2.42337388396429, 42.451612664821276 ], [ -2.423310253542622, 42.451684404624707 ], [ -2.423152104697031, 42.451862698644383 ], [ -2.423089408854183, 42.451933389333014 ], [ -2.423027367744866, 42.452004146323475 ], [ -2.422987418996606, 42.452061456992851 ], [ -2.42284858920995, 42.452260623573942 ], [ -2.422729660986316, 42.45243124870526 ], [ -2.422623809014331, 42.452583080293877 ], [ -2.422530512582263, 42.45255029258076 ], [ -2.422247844044746, 42.452448464811013 ], [ -2.421809570465919, 42.452290582234475 ], [ -2.421778619511511, 42.452279429883035 ], [ -2.421498462576985, 42.452178491909947 ], [ -2.421491656705347, 42.452176034969433 ], [ -2.421108545704437, 42.452037606199866 ], [ -2.420716097589167, 42.451895778759926 ], [ -2.420641756373977, 42.451868912129363 ], [ -2.420629671969795, 42.45186455072399 ], [ -2.420629023540124, 42.451864313292674 ], [ -2.420041670098321, 42.451652076113156 ], [ -2.418996032534354, 42.450922296279018 ], [ -2.418605434656812, 42.450649922126026 ], [ -2.417468198434024, 42.449856991438693 ], [ -2.41626794756311, 42.449503250579482 ], [ -2.416247082388099, 42.449497092342504 ], [ -2.414723563315986, 42.449049394057326 ], [ -2.412580886243095, 42.448417007855532 ], [ -2.412554220516455, 42.44839739589812 ], [ -2.41250693290478, 42.448362588824182 ], [ -2.409524985373107, 42.446230878780419 ], [ -2.406948864798066, 42.446037447213648 ], [ -2.400263578242545, 42.444498674414113 ], [ -2.399146996901263, 42.444285695985243 ], [ -2.398305510498758, 42.443993032010155 ], [ -2.39752307288691, 42.443718716499617 ], [ -2.395134508668898, 42.443040925357153 ], [ -2.395097803659584, 42.443030509937941 ], [ -2.393318335888138, 42.442311001816329 ], [ -2.391464302157086, 42.441561304695099 ], [ -2.391394286566111, 42.441549864683466 ], [ -2.391393788766563, 42.441549789992955 ], [ -2.377801652370427, 42.439543315061393 ], [ -2.377801379349122, 42.439543259543846 ], [ -2.377801081833548, 42.439543221905197 ], [ -2.377800784362512, 42.439543179763824 ], [ -2.377793366957891, 42.439542626163302 ], [ -2.377785890646905, 42.439538195191105 ], [ -2.377785400785701, 42.439537935863122 ], [ -2.377785128878193, 42.439537767777502 ], [ -2.370500569873341, 42.435702849717032 ], [ -2.366298337175206, 42.435660091029149 ], [ -2.366269769376568, 42.435660964270554 ], [ -2.36433204585127, 42.436002689193103 ], [ -2.363200536643332, 42.436202278008373 ], [ -2.363163638511329, 42.436196723495158 ], [ -2.360784826616475, 42.435837573067474 ], [ -2.356282290949983, 42.435055886238956 ], [ -2.354187727383718, 42.434224625163253 ], [ -2.354187478905809, 42.434224551715879 ], [ -2.353933365408653, 42.434127984694229 ], [ -2.352359173592053, 42.433529913488741 ], [ -2.352358925536313, 42.433529799513067 ], [ -2.353582464859053, 42.431591414365485 ], [ -2.354196622678499, 42.430973462949233 ], [ -2.354823062586355, 42.430128047683986 ], [ -2.355047252827299, 42.429825500288558 ], [ -2.355047410641304, 42.429824929299421 ], [ -2.355912860294462, 42.427209647681444 ], [ -2.355913063305051, 42.427209410164643 ], [ -2.356057107490254, 42.42698654964888 ], [ -2.357497446546033, 42.4247581783846 ], [ -2.357498687724151, 42.424756267074784 ], [ -2.35811152644871, 42.423808723684978 ], [ -2.360758286682237, 42.42253904584711 ], [ -2.366331910517307, 42.419864894191711 ], [ -2.366342269160433, 42.419861610242663 ], [ -2.369794935998941, 42.418767323720722 ], [ -2.372642501361058, 42.417206903849568 ], [ -2.373302207006542, 42.416850341451138 ], [ -2.373302360047998, 42.41685022971329 ], [ -2.373206265179444, 42.416741659805552 ], [ -2.373382699624062, 42.416501856298495 ], [ -2.373391028187088, 42.416490576827272 ], [ -2.373390830611793, 42.41649027855054 ], [ -2.373180294465651, 42.416261011008686 ], [ -2.373180252376722, 42.416260965748727 ], [ -2.372825961687221, 42.415875009184894 ], [ -2.372359655185307, 42.415106945634776 ], [ -2.372207647611736, 42.414511716917843 ], [ -2.371490213558424, 42.41271995548734 ], [ -2.370772939460403, 42.410928497038007 ], [ -2.370385874724713, 42.410529077024933 ], [ -2.370027148719527, 42.410158892601757 ], [ -2.369667318237187, 42.409103451842221 ], [ -2.369153540362641, 42.407596392050799 ], [ -2.368902443149539, 42.407189718576859 ], [ -2.368493467956617, 42.406773245498947 ], [ -2.368490333764353, 42.406770711063011 ], [ -2.367529093903197, 42.40599338071403 ], [ -2.367196200501176, 42.405262055795852 ], [ -2.366833073374041, 42.40391817601887 ], [ -2.364447266000179, 42.401914614135173 ], [ -2.364113120855039, 42.401537057643424 ], [ -2.364110899431842, 42.401534546160946 ], [ -2.364110869418931, 42.401534509970517 ], [ -2.364072429073894, 42.399327874436516 ], [ -2.364369466102258, 42.396393536782846 ], [ -2.364312021107182, 42.396060006462776 ], [ -2.364463568992119, 42.395493486272869 ], [ -2.364567641753966, 42.395236200871636 ], [ -2.36463803087167, 42.395062177326452 ], [ -2.364591036160142, 42.39490879244984 ], [ -2.3598391580053, 42.392945176578742 ], [ -2.354186180288039, 42.390608786575712 ], [ -2.351963807532965, 42.389693860806631 ], [ -2.351923854497477, 42.389677409748408 ], [ -2.351403013882245, 42.38953033852021 ], [ -2.349527893444965, 42.389313295252975 ], [ -2.343139444249919, 42.388573599307897 ], [ -2.338445639602127, 42.387826087998683 ], [ -2.336651518682003, 42.387455488943267 ], [ -2.334687628557686, 42.387056793860076 ], [ -2.332027496295973, 42.385879528607951 ], [ -2.331498821228889, 42.385327152913099 ], [ -2.331498767138594, 42.385327098561682 ], [ -2.331575625553795, 42.384922612456805 ], [ -2.331961984382299, 42.382889188320583 ], [ -2.33312915576733, 42.381653148042226 ], [ -2.333495720249864, 42.381412410131361 ], [ -2.333496172821432, 42.38141211556411 ], [ -2.333148547955767, 42.380968774357299 ], [ -2.328172547360976, 42.378273917981311 ], [ -2.326395334718611, 42.376354213616963 ], [ -2.325200519526271, 42.375635705636881 ], [ -2.324394748591173, 42.374974229595857 ], [ -2.324393839573282, 42.37497348124257 ], [ -2.323360259103222, 42.373949692125628 ], [ -2.323360732688965, 42.373949136547452 ], [ -2.323975359200852, 42.373223855595398 ], [ -2.325802399929437, 42.371604567370369 ], [ -2.326046997540252, 42.371452865246873 ], [ -2.327022809463301, 42.371062366471193 ], [ -2.327530207925388, 42.370182734297472 ], [ -2.329878707292686, 42.36747673390191 ], [ -2.331751450512629, 42.366109784031188 ], [ -2.332278546377758, 42.36564456198473 ], [ -2.334310486396038, 42.364134375884731 ], [ -2.335328576729838, 42.363176614042736 ], [ -2.336428606704247, 42.362507551045304 ], [ -2.33666342398146, 42.362121671743886 ], [ -2.337890128047231, 42.360949006133367 ], [ -2.338826473914549, 42.359666558901942 ], [ -2.339086476826084, 42.359190705163563 ], [ -2.339175254476839, 42.358830982258532 ], [ -2.339056591472933, 42.35740735362031 ], [ -2.338990206345385, 42.356794596523613 ], [ -2.340161624347542, 42.356251957917728 ], [ -2.340655661425906, 42.355453250711626 ], [ -2.340910027443616, 42.35435598562178 ], [ -2.34120957634004, 42.353574194892623 ], [ -2.341357836822737, 42.352170106492885 ], [ -2.341304368524705, 42.351476325712134 ], [ -2.341348773998691, 42.350711068544747 ], [ -2.341525992775777, 42.350018654987373 ], [ -2.341787300977337, 42.349416731310249 ], [ -2.342378381045722, 42.348618609628893 ], [ -2.342623457482992, 42.348403850599944 ], [ -2.343281876937804, 42.348137440006418 ], [ -2.343761518796779, 42.347545784212791 ], [ -2.343972809256469, 42.347078690573376 ], [ -2.344157388747737, 42.34683659896514 ], [ -2.344841692852326, 42.346417220643552 ], [ -2.344964573080619, 42.346273818451223 ], [ -2.34509517576258, 42.345391982519565 ], [ -2.34562232736342, 42.344899710765617 ], [ -2.346330353234534, 42.344525444081228 ], [ -2.347285877024401, 42.343693358138104 ], [ -2.347508423537626, 42.343307367340806 ], [ -2.347548929501531, 42.342920337649367 ], [ -2.34823376813226, 42.342428898581069 ], [ -2.348383969574786, 42.341997454453285 ], [ -2.348885828461625, 42.34159505192234 ], [ -2.349740407879906, 42.341131604626746 ], [ -2.350603055955899, 42.341064423421905 ], [ -2.353388163273664, 42.333461060518594 ], [ -2.353413065490543, 42.33339819435438 ], [ -2.35420051880363, 42.331178130629702 ], [ -2.354550779286244, 42.330162397247456 ], [ -2.355309744239255, 42.328347478173839 ], [ -2.355827765197782, 42.327539815588416 ], [ -2.356317510379835, 42.327119328799412 ], [ -2.357772656991342, 42.326055709212746 ], [ -2.3583212016665, 42.325824648643646 ], [ -2.362451612500325, 42.325433476206129 ], [ -2.36800151323796, 42.323879127198353 ], [ -2.368207719148982, 42.322682518958885 ], [ -2.370254445859777, 42.323108019083861 ], [ -2.37186381039574, 42.322369380865752 ], [ -2.373840051956547, 42.322560330617854 ], [ -2.375769000199951, 42.322633886940835 ], [ -2.378519091056298, 42.321892348820953 ], [ -2.379408110437101, 42.321581952579749 ], [ -2.381126128508382, 42.320879774816262 ], [ -2.381465831520664, 42.320890594028498 ], [ -2.382700429023573, 42.32122147152878 ], [ -2.384960965215582, 42.320891435858748 ], [ -2.388318882352253, 42.320017815590475 ], [ -2.39023512900459, 42.320145124455316 ], [ -2.394538828226759, 42.318078518258631 ], [ -2.395486375269273, 42.317975455759438 ], [ -2.398987483089117, 42.31732745348863 ], [ -2.404016283450134, 42.315534522323972 ], [ -2.407091858015786, 42.313659190388655 ], [ -2.413281330612033, 42.316167735333565 ], [ -2.416932297738931, 42.317654390163675 ], [ -2.418648933546127, 42.318365596192692 ], [ -2.421133120183999, 42.321395176914564 ], [ -2.426122763991442, 42.321204189501728 ], [ -2.427728679357106, 42.320761884178509 ], [ -2.430290858037719, 42.321936456213024 ], [ -2.433258073682312, 42.322617631614037 ], [ -2.435906501830421, 42.325017304353317 ], [ -2.438224398705844, 42.327766554373945 ], [ -2.438530510654416, 42.327461844125438 ], [ -2.438462764076418, 42.326894124676912 ], [ -2.438961868500928, 42.326725441749694 ], [ -2.439755159966799, 42.32622501594863 ], [ -2.440177453677913, 42.325146328586897 ], [ -2.442726767960403, 42.323699821375534 ], [ -2.448294350246715, 42.319881145834366 ], [ -2.449252519522941, 42.319948800140381 ], [ -2.448724675492831, 42.319243822037834 ], [ -2.448392777103896, 42.318341578253992 ], [ -2.448349779271832, 42.317710940727444 ], [ -2.44843735864693, 42.316018194516786 ], [ -2.448549911587073, 42.315640493677478 ], [ -2.448991546181502, 42.315093288583924 ], [ -2.449029836402004, 42.313481313556174 ], [ -2.448906469623003, 42.312327975094313 ], [ -2.448894463805546, 42.310931967073259 ], [ -2.449104804532047, 42.310464671174095 ], [ -2.44885984478248, 42.30933775186962 ], [ -2.448235635506057, 42.308569227206256 ], [ -2.448189765074236, 42.30826275353256 ], [ -2.448255326058048, 42.307704717879218 ], [ -2.448505736337411, 42.306814315118238 ], [ -2.448653628585451, 42.306553854385008 ], [ -2.446725672364902, 42.305031516341998 ], [ -2.448921473303855, 42.303673128855273 ], [ -2.450898385888614, 42.302358770024398 ], [ -2.452405751972687, 42.302014766754787 ], [ -2.453000522616339, 42.301981548311126 ], [ -2.454989589188834, 42.302054091663607 ], [ -2.455852700595433, 42.301851064261896 ], [ -2.458403261981395, 42.301520935361047 ], [ -2.459200119681728, 42.300561050970423 ], [ -2.460105149744952, 42.299709694536517 ], [ -2.462804633406804, 42.297551926263893 ], [ -2.463719446169942, 42.296970801178873 ], [ -2.464376997559151, 42.296676721367156 ], [ -2.467222193176349, 42.295906430774586 ], [ -2.468813589646896, 42.295643642625869 ], [ -2.470161175556898, 42.29551479684185 ], [ -2.477637278214852, 42.295098830286548 ], [ -2.480070474611475, 42.292768329760797 ], [ -2.483247326250611, 42.291449736681336 ], [ -2.483706809405342, 42.291631958501824 ], [ -2.487524414723082, 42.290559397054452 ], [ -2.489557406681399, 42.289658769910609 ], [ -2.490398296612321, 42.289167222109285 ], [ -2.49230744721555, 42.288572307401964 ], [ -2.492916631392133, 42.288241729880845 ], [ -2.493247040985107, 42.287873990132766 ], [ -2.494009165161104, 42.28661652231628 ], [ -2.494505519986593, 42.285222716769219 ], [ -2.494736310971062, 42.283656648480182 ], [ -2.495043193162041, 42.283207734877735 ], [ -2.49497966907318, 42.282054667512952 ], [ -2.49509240549611, 42.28159583741089 ], [ -2.496034220316215, 42.28060930977631 ], [ -2.495530398805005, 42.279913626865635 ], [ -2.494891993825139, 42.276335383309522 ], [ -2.497802370822239, 42.276357128414517 ], [ -2.504530411157056, 42.272054506181242 ], [ -2.505842553567252, 42.271735952038256 ], [ -2.507320783209991, 42.27188641114148 ], [ -2.512402561438741, 42.270206014170938 ], [ -2.514489674881605, 42.270025733658429 ], [ -2.514800848296277, 42.268982362385898 ], [ -2.516620944382769, 42.268818932684006 ], [ -2.520868295762445, 42.266783371678869 ], [ -2.532072734731733, 42.265073513508071 ], [ -2.538870665654345, 42.264002338438139 ], [ -2.543404556549053, 42.262435407573015 ], [ -2.544643744301955, 42.262089082346449 ], [ -2.548924172737303, 42.262024958949461 ], [ -2.549045633369353, 42.263691600193638 ], [ -2.550048338301694, 42.265902042429232 ], [ -2.550501806326076, 42.266930564009918 ], [ -2.560758158703615, 42.267177480989574 ], [ -2.565924911258275, 42.266990068773481 ], [ -2.56937885130824, 42.270812670457033 ], [ -2.563676250443425, 42.271286466992855 ], [ -2.56428137379915, 42.273216088253527 ], [ -2.565434331933526, 42.274841535701988 ], [ -2.565818509035506, 42.277166606807327 ], [ -2.568470943811486, 42.279446207486473 ], [ -2.569373885504176, 42.280422244272955 ], [ -2.570275116955711, 42.28165047971752 ], [ -2.570937238986006, 42.282373468229842 ], [ -2.571275447669713, 42.282581808975614 ], [ -2.572727171583469, 42.281326438140603 ], [ -2.572970595397734, 42.281201259787736 ], [ -2.573334359382443, 42.281211599179642 ], [ -2.57392776641171, 42.28134891544488 ], [ -2.574556107167431, 42.281684470323178 ], [ -2.574324429258053, 42.281872779555911 ], [ -2.574237648787259, 42.282151579351662 ], [ -2.574584374092536, 42.282891404049735 ], [ -2.57461823646993, 42.28326975664028 ], [ -2.574439543612782, 42.283324713400191 ], [ -2.574624338468607, 42.283273371057 ], [ -2.574433305185815, 42.284177892716521 ], [ -2.575475713168879, 42.285200281533172 ], [ -2.575520938300022, 42.28526812611549 ], [ -2.574969475321902, 42.287351251651934 ], [ -2.578837349012871, 42.287488793233521 ], [ -2.579632124618744, 42.287677970574833 ], [ -2.580355079116533, 42.287982942501444 ], [ -2.580939909431761, 42.288337455596547 ], [ -2.587614059283061, 42.293626639180616 ], [ -2.588671390181673, 42.294233377750629 ], [ -2.589887319065814, 42.294809649641934 ], [ -2.591446480945795, 42.295358208895308 ], [ -2.591687689793944, 42.29575127948452 ], [ -2.592141147211344, 42.295708662863589 ], [ -2.592689575478402, 42.295791581190869 ], [ -2.593114524078457, 42.29601642049186 ], [ -2.593943673440145, 42.296781846607047 ], [ -2.59421006568298, 42.29710970364949 ], [ -2.594249050246587, 42.297496174425106 ], [ -2.594128749614534, 42.298324814151876 ], [ -2.595546555784645, 42.299206468452809 ], [ -2.59758769274453, 42.300147212434794 ], [ -2.597532041658947, 42.299689824171367 ], [ -2.597947504038076, 42.299465452346482 ], [ -2.598969624403661, 42.299826357710785 ], [ -2.599541076654663, 42.300303434098474 ], [ -2.599776265702826, 42.300827000930752 ], [ -2.600366461512345, 42.303173956849655 ], [ -2.600995305698573, 42.304194375497829 ], [ -2.602210438241432, 42.306153239550952 ], [ -2.602676915585693, 42.307252863412337 ], [ -2.602782983229556, 42.307836574033921 ], [ -2.6027148158745, 42.310217111822141 ], [ -2.60292540593085, 42.310807293361201 ], [ -2.603496318606893, 42.311504908156834 ], [ -2.604122602759638, 42.312017855162154 ], [ -2.605050414634881, 42.312560023393523 ], [ -2.606375045928591, 42.313105323075916 ], [ -2.608479364126779, 42.313779978181188 ], [ -2.61187972498115, 42.314707439448171 ], [ -2.614236680591753, 42.31545405381744 ], [ -2.61584497213797, 42.316112753520962 ], [ -2.617483387593099, 42.316497821112577 ], [ -2.617532948174207, 42.31646471365881 ], [ -2.618122274270382, 42.316686173165941 ], [ -2.618130185411596, 42.316702932542206 ], [ -2.618364479273843, 42.318256113397631 ], [ -2.618405294888288, 42.318845506680312 ], [ -2.618457488198386, 42.319806484993521 ], [ -2.618171660557489, 42.324176829189746 ], [ -2.617965536401412, 42.324701971755985 ], [ -2.617756152497404, 42.325355153468038 ], [ -2.617118990317792, 42.326726233206351 ], [ -2.616923379390496, 42.327410587241886 ], [ -2.616947517348061, 42.327544148031343 ] ], [ [ -2.548261656852405, 42.333263482447727 ], [ -2.548396385748607, 42.333310131799472 ], [ -2.549919462302462, 42.333377881705267 ], [ -2.548389450599202, 42.333306353039426 ], [ -2.548261656852405, 42.333263482447727 ] ], [ [ -2.550984720079021, 42.333435637037844 ], [ -2.550995947362187, 42.333437936184616 ], [ -2.556461159609817, 42.334494364847359 ], [ -2.557395658405872, 42.334672356624687 ], [ -2.556465141685579, 42.334490693779465 ], [ -2.550984720079021, 42.333435637037844 ] ], [ [ -2.559241372408246, 42.334983026533273 ], [ -2.55946569690785, 42.335001878279769 ], [ -2.561719935251433, 42.334690395797352 ], [ -2.561998897303202, 42.334553603791448 ], [ -2.561707545959384, 42.334691010418425 ], [ -2.559471922239513, 42.334997589693479 ], [ -2.559241372408246, 42.334983026533273 ] ], [ [ -2.562050329503709, 42.334528383465496 ], [ -2.562061060723556, 42.334523121297828 ], [ -2.562160630729101, 42.334416704582793 ], [ -2.562050329503709, 42.334528383465496 ] ], [ [ -2.562682264928446, 42.331920579528891 ], [ -2.562876322706499, 42.331810076801617 ], [ -2.563380079234082, 42.331597052998355 ], [ -2.562856385320652, 42.331813461680696 ], [ -2.562682264928446, 42.331920579528891 ] ], [ [ -2.563530387862785, 42.331533491904857 ], [ -2.563530658887407, 42.331533377296523 ], [ -2.563536353783956, 42.331529112074456 ], [ -2.563530387862785, 42.331533491904857 ] ], [ [ -2.564371796855834, 42.330395311012246 ], [ -2.564396805408026, 42.330387275138683 ], [ -2.564395615481631, 42.33038733979847 ], [ -2.564371796855834, 42.330395311012246 ] ], [ [ -2.565356374366011, 42.330247715663816 ], [ -2.565428267047952, 42.330227426381342 ], [ -2.565571295511338, 42.330077387522422 ], [ -2.565416272151958, 42.330229126722358 ], [ -2.565356374366011, 42.330247715663816 ] ], [ [ -2.567377766917592, 42.329426646884151 ], [ -2.567378372240501, 42.329426497303743 ], [ -2.56740781730625, 42.329292729045939 ], [ -2.567377766917592, 42.329426646884151 ] ], [ [ -2.567998731602493, 42.328799959093814 ], [ -2.56833043062151, 42.328851384310092 ], [ -2.569139672324038, 42.329179950605592 ], [ -2.568326675424769, 42.328844185316292 ], [ -2.567998731602493, 42.328799959093814 ] ], [ [ -2.569778987226842, 42.329439523646151 ], [ -2.56978335596641, 42.329441297430883 ], [ -2.569747844531222, 42.327723360777121 ], [ -2.569685983934628, 42.327314481347223 ], [ -2.569742242600404, 42.327723775827515 ], [ -2.569778987226842, 42.329439523646151 ] ], [ [ -2.569631617288489, 42.326955134614359 ], [ -2.569631364788207, 42.326953465665511 ], [ -2.569000531445412, 42.325829029730365 ], [ -2.569002635359031, 42.325838702068829 ], [ -2.569631617288489, 42.326955134614359 ] ], [ [ -2.568923981311038, 42.324937161295843 ], [ -2.5689487104682, 42.324803114320538 ], [ -2.568947039468736, 42.32479784977081 ], [ -2.568923981311038, 42.324937161295843 ] ], [ [ -2.568569827646334, 42.323609429045078 ], [ -2.568521897509382, 42.323458423257989 ], [ -2.568521373153644, 42.323459305749296 ], [ -2.568569827646334, 42.323609429045078 ] ], [ [ -2.568556123542613, 42.323400820804693 ], [ -2.568647667769452, 42.323256391440118 ], [ -2.569117325576622, 42.32291857226852 ], [ -2.56910760954301, 42.322921148400809 ], [ -2.568644181297324, 42.323252619502227 ], [ -2.568556123542613, 42.323400820804693 ] ], [ [ -2.571756448998817, 42.320669526453997 ], [ -2.57175938249584, 42.320664287947892 ], [ -2.571761013134063, 42.320297129845024 ], [ -2.571758904937011, 42.320301282204873 ], [ -2.571756448998817, 42.320669526453997 ] ], [ [ -2.571940202425509, 42.319944193947073 ], [ -2.572048644234388, 42.319739128422512 ], [ -2.5716944424935, 42.318690037798447 ], [ -2.572041848398784, 42.319743989389302 ], [ -2.571940202425509, 42.319944193947073 ] ], [ [ -2.57190553104997, 42.317506515672733 ], [ -2.572326797815521, 42.316501249013896 ], [ -2.572121882304193, 42.315151352638026 ], [ -2.572318659844296, 42.316502817105331 ], [ -2.57190553104997, 42.317506515672733 ] ], [ [ -2.572002030747252, 42.314592544753793 ], [ -2.571367127500139, 42.311783046736089 ], [ -2.570997454633847, 42.311834769046968 ], [ -2.570836103393837, 42.311803750259394 ], [ -2.570991381027674, 42.311841685725234 ], [ -2.571367876107764, 42.311789090037976 ], [ -2.572002030747252, 42.314592544753793 ] ], [ [ -2.56987964667651, 42.311224941488497 ], [ -2.569753328448301, 42.31110759836389 ], [ -2.567793553162596, 42.308648627784251 ], [ -2.569746564692417, 42.311107538870267 ], [ -2.56987964667651, 42.311224941488497 ] ], [ [ -2.567945131128371, 42.305779269669841 ], [ -2.567987461890018, 42.305760703782191 ], [ -2.568090756620193, 42.305729778094516 ], [ -2.567987411095205, 42.305760253052739 ], [ -2.567945131128371, 42.305779269669841 ] ], [ [ -2.56874079379531, 42.305535161712655 ], [ -2.568741982571842, 42.305534805801642 ], [ -2.568630079546767, 42.304692436101675 ], [ -2.568533085330517, 42.304032707157681 ], [ -2.568368487338295, 42.303777851906062 ], [ -2.566963535209301, 42.302657286590126 ], [ -2.568364949766644, 42.303780380985089 ], [ -2.568533122337206, 42.304033136926144 ], [ -2.56874079379531, 42.305535161712655 ] ], [ [ -2.566043637810316, 42.301756787284141 ], [ -2.565893641243919, 42.301519097449876 ], [ -2.565893405821056, 42.301519476721154 ], [ -2.566043637810316, 42.301756787284141 ] ], [ [ -2.566029234043201, 42.30130065454393 ], [ -2.566147907324104, 42.301123256391783 ], [ -2.564998225878445, 42.300068668527445 ], [ -2.566138774495458, 42.301124182527445 ], [ -2.566029234043201, 42.30130065454393 ] ], [ [ -2.565992392059983, 42.295498081047221 ], [ -2.566378160895127, 42.295115630056252 ], [ -2.567189974740182, 42.294520323600054 ], [ -2.567603011441945, 42.294346584863789 ], [ -2.567191121845386, 42.294517643693958 ], [ -2.566374154671863, 42.295117945325252 ], [ -2.565992392059983, 42.295498081047221 ] ], [ [ -2.567832636039882, 42.294251221165773 ], [ -2.568390226224717, 42.294189676469294 ], [ -2.568382141449487, 42.294188916479648 ], [ -2.567835861331619, 42.294249881693652 ], [ -2.567832636039882, 42.294251221165773 ] ], [ [ -2.569094452745559, 42.294255875571835 ], [ -2.569671648813531, 42.294310497838083 ], [ -2.569671777885514, 42.294310145618482 ], [ -2.569094452745559, 42.294255875571835 ] ], [ [ -2.573202283041581, 42.290722963073307 ], [ -2.573529808509332, 42.289248440973303 ], [ -2.573522374398403, 42.289246745956 ], [ -2.573202283041581, 42.290722963073307 ] ], [ [ -2.571212396629708, 42.288715473777984 ], [ -2.57035335369831, 42.28834876802086 ], [ -2.570827906985003, 42.287770518881175 ], [ -2.570824420008391, 42.287770326925816 ], [ -2.570350689594511, 42.288351293966592 ], [ -2.571209420377762, 42.288714790622642 ], [ -2.571212396629708, 42.288715473777984 ] ], [ [ -2.570840593272524, 42.287771217251468 ], [ -2.570879132757399, 42.287775179258638 ], [ -2.572865371910796, 42.286030491980966 ], [ -2.57306883970128, 42.285706234180005 ], [ -2.572865122220398, 42.286028129025993 ], [ -2.570880188171464, 42.287773396919953 ], [ -2.570840593272524, 42.287771217251468 ] ], [ [ -2.573569589549046, 42.284096490244167 ], [ -2.573587092329535, 42.283848318625978 ], [ -2.573597365991439, 42.28383836071054 ], [ -2.573583320213698, 42.283851337697286 ], [ -2.573569589549046, 42.284096490244167 ] ], [ [ -2.546450104600181, 42.334697536033197 ], [ -2.546563493713497, 42.33464940661284 ], [ -2.546449495629524, 42.334694634861734 ], [ -2.546450104600181, 42.334697536033197 ] ], [ [ -2.547014592685583, 42.334329202993324 ], [ -2.547019909779491, 42.334324423578572 ], [ -2.547070720473156, 42.334227865451524 ], [ -2.547014592685583, 42.334329202993324 ] ], [ [ -2.547275437429784, 42.333669837474119 ], [ -2.547329250829668, 42.333424217563184 ], [ -2.547320375040728, 42.333437218412861 ], [ -2.547275437429784, 42.333669837474119 ] ] ] ] } },
{ "type": "Feature", "properties": { "codatzbs": "130106", "n_zbs": "CAMEROS VIEJOS-SAN ROMAN DE CAMEROS", "ccaa_cd": "ES23", "area": "La Rioja" }, "geometry": { "type": "MultiPolygon", "coordinates": [ [ [ [ -2.36269071567251, 42.194746163495452 ], [ -2.362231604992881, 42.193428714613717 ], [ -2.360233795767754, 42.193372529813367 ], [ -2.359546044116677, 42.191918662121374 ], [ -2.357651258774885, 42.19125960550268 ], [ -2.356470676465771, 42.188253883223823 ], [ -2.355311095965479, 42.187959180260933 ], [ -2.35420673726428, 42.186998289299112 ], [ -2.354074518312097, 42.186898497041234 ], [ -2.354199959957502, 42.186475891100926 ], [ -2.35442606936364, 42.185675587999746 ], [ -2.354294379643448, 42.180775441971612 ], [ -2.354708552065347, 42.180534600723306 ], [ -2.355877974446938, 42.179847688249339 ], [ -2.356867361512284, 42.179006628081062 ], [ -2.360363814873022, 42.175702909121199 ], [ -2.360843907670972, 42.174922013019057 ], [ -2.360810886517095, 42.172192940134188 ], [ -2.3609812667854, 42.170905993314754 ], [ -2.361379995315481, 42.169782408976339 ], [ -2.362364117150354, 42.168238795161997 ], [ -2.362957809963247, 42.16818811022393 ], [ -2.364182812650208, 42.167969721100008 ], [ -2.365271304006234, 42.166867988363371 ], [ -2.365746556315834, 42.166555417052201 ], [ -2.367479766813769, 42.165142009498318 ], [ -2.36810544164159, 42.164316820631512 ], [ -2.369120725877308, 42.163259691661594 ], [ -2.371490389297397, 42.163569938328713 ], [ -2.373062696444943, 42.163713625729727 ], [ -2.374998830538352, 42.163796250433727 ], [ -2.375936034362904, 42.163279032247267 ], [ -2.377182465436383, 42.162097001445289 ], [ -2.378458823951245, 42.161554510178924 ], [ -2.379622930706292, 42.161353664617693 ], [ -2.381027848541152, 42.161280215561298 ], [ -2.38262419870002, 42.161441923367278 ], [ -2.38403893797568, 42.161602668276586 ], [ -2.385624516583937, 42.161629145972199 ], [ -2.387842259894368, 42.161370872087517 ], [ -2.389088896094667, 42.161395565827497 ], [ -2.390224734897888, 42.161608717834113 ], [ -2.393907132856972, 42.162627976460577 ], [ -2.395947759256001, 42.159369436895588 ], [ -2.398101520477501, 42.156913033064306 ], [ -2.398492202540085, 42.156563801139264 ], [ -2.400824138603447, 42.154450619187514 ], [ -2.401934796978751, 42.145774215519019 ], [ -2.401400376296623, 42.139575047183023 ], [ -2.403083327045952, 42.139475772577562 ], [ -2.405546008571691, 42.138822081173814 ], [ -2.409118886745587, 42.138489293494388 ], [ -2.412738113423306, 42.13838182599175 ], [ -2.414649459336368, 42.138445629633061 ], [ -2.415978740060266, 42.138641586597934 ], [ -2.417633141654673, 42.139019277151462 ], [ -2.423734878436417, 42.13737492232454 ], [ -2.426967876174837, 42.135806018407457 ], [ -2.428159844353482, 42.136469394274989 ], [ -2.430604435760542, 42.13643655763498 ], [ -2.433857499035859, 42.136659854782131 ], [ -2.437772549905392, 42.137282540546671 ], [ -2.438462469794949, 42.1372678478157 ], [ -2.44049963657876, 42.136782523972101 ], [ -2.441264574647163, 42.136489031031012 ], [ -2.443126688323242, 42.135264232617253 ], [ -2.44429618876991, 42.134369234504717 ], [ -2.446492902065268, 42.132227358204666 ], [ -2.448066187178543, 42.12941594135394 ], [ -2.448734361449238, 42.127707930501039 ], [ -2.449151380179535, 42.125665457536186 ], [ -2.448535876806579, 42.124095416675765 ], [ -2.453544729528456, 42.121264357489203 ], [ -2.454127882238427, 42.11957394751866 ], [ -2.457588060962677, 42.116708319844129 ], [ -2.458616044693774, 42.11531717491949 ], [ -2.467866557597529, 42.114270764118025 ], [ -2.469521646065336, 42.114521580083284 ], [ -2.471773348829664, 42.114306802010809 ], [ -2.472442751921855, 42.11381455843339 ], [ -2.472882886583307, 42.113258175850319 ], [ -2.473863672838962, 42.111677539841153 ], [ -2.474413018568447, 42.111067641048201 ], [ -2.478205281095969, 42.110301401146913 ], [ -2.482128897077179, 42.108247708643418 ], [ -2.483760613956491, 42.106904105503304 ], [ -2.484369876336827, 42.106348398260337 ], [ -2.485068372295009, 42.106720849337037 ], [ -2.486418979884485, 42.107213277221248 ], [ -2.489102632723108, 42.108891469337387 ], [ -2.489534322768967, 42.109361716510932 ], [ -2.48997202692131, 42.110570535389591 ], [ -2.490344024315793, 42.110950465710843 ], [ -2.491464571936152, 42.111495852463285 ], [ -2.492128652492362, 42.111642851848153 ], [ -2.493542264274665, 42.111847249884093 ], [ -2.495904284519342, 42.112947481311593 ], [ -2.499401017091185, 42.11282767736683 ], [ -2.501109718216303, 42.112420850925375 ], [ -2.502966669027836, 42.113167449540022 ], [ -2.50665500312998, 42.114849599147675 ], [ -2.508513277164111, 42.11544299841961 ], [ -2.514677293546264, 42.114541590806567 ], [ -2.517357903445668, 42.118353600798251 ], [ -2.518885448542565, 42.119512849222303 ], [ -2.520273004780713, 42.119996009403899 ], [ -2.520865401503296, 42.120043569945267 ], [ -2.522555358012059, 42.120527948616775 ], [ -2.524247615329233, 42.122327305033032 ], [ -2.527327385634865, 42.123024502029395 ], [ -2.530315670220284, 42.123018751986656 ], [ -2.531885133640822, 42.123457529782947 ], [ -2.532984506291383, 42.123669155957074 ], [ -2.534767121899907, 42.12474818387922 ], [ -2.536744733879515, 42.125638819046223 ], [ -2.53999176084127, 42.126669635302228 ], [ -2.541644673002224, 42.127297713157731 ], [ -2.54546113539948, 42.124872163336107 ], [ -2.549557210819482, 42.125608830696457 ], [ -2.551337373750025, 42.125372670009241 ], [ -2.553900498638253, 42.125625862735383 ], [ -2.554879112965944, 42.125827806755325 ], [ -2.557112968169327, 42.126439883260396 ], [ -2.559175872998042, 42.127303438132337 ], [ -2.561077411369065, 42.128760788827798 ], [ -2.561487068884869, 42.129005540690429 ], [ -2.567266520690406, 42.131351164900565 ], [ -2.567544976147653, 42.131325197225216 ], [ -2.568368241346847, 42.131256238447079 ], [ -2.570484042948104, 42.131498367969456 ], [ -2.571731768608521, 42.131277901607106 ], [ -2.573097463071195, 42.13151715821936 ], [ -2.573640344397531, 42.131753378300786 ], [ -2.575760653321124, 42.133130216319941 ], [ -2.578853517223023, 42.135654397266485 ], [ -2.579733466736122, 42.136162012557612 ], [ -2.580034774098918, 42.138171536419897 ], [ -2.582286810563788, 42.13981891836201 ], [ -2.58338670703495, 42.140012064855526 ], [ -2.585169483086842, 42.141270424167161 ], [ -2.586303486870828, 42.141805949606024 ], [ -2.587085684879791, 42.142484236134131 ], [ -2.5838616062569, 42.148777031197156 ], [ -2.584780057453742, 42.150824858328114 ], [ -2.584789059038596, 42.15314853243494 ], [ -2.586046834024132, 42.156998774908168 ], [ -2.586897295119334, 42.158370876336271 ], [ -2.588472928475736, 42.159925607866334 ], [ -2.589013476124428, 42.160567002921773 ], [ -2.586059004529154, 42.164393081966395 ], [ -2.585486946140568, 42.164868404471484 ], [ -2.581878817273155, 42.166782571118226 ], [ -2.581781617639373, 42.166836258723009 ], [ -2.580465823348434, 42.168083346860278 ], [ -2.580050630118077, 42.16861319063306 ], [ -2.579434344980768, 42.172096385825725 ], [ -2.579189268703889, 42.172527821823898 ], [ -2.575749724899213, 42.176306790943748 ], [ -2.572731527857956, 42.183950971558666 ], [ -2.572199475172618, 42.187425395758268 ], [ -2.569305427558664, 42.189161783711839 ], [ -2.568999393012389, 42.189637990385073 ], [ -2.568200671556891, 42.191328115166996 ], [ -2.567102800918927, 42.19247681513032 ], [ -2.566513810668845, 42.193591351696568 ], [ -2.566473482055417, 42.194176681427656 ], [ -2.567020911132253, 42.19735791717175 ], [ -2.566891797640567, 42.19852823920781 ], [ -2.566867167235016, 42.200356444297746 ], [ -2.568760212854746, 42.203398711251729 ], [ -2.568926109846795, 42.203939718583229 ], [ -2.569356236838138, 42.206598211776658 ], [ -2.571669077127618, 42.210299442947672 ], [ -2.573081658290394, 42.218194211731159 ], [ -2.571453412361228, 42.224240338487135 ], [ -2.569776563229875, 42.228485004155097 ], [ -2.567761064163667, 42.230819054439181 ], [ -2.564977527907888, 42.235563798572315 ], [ -2.565268937720566, 42.237249056969965 ], [ -2.566090045128993, 42.239449681757833 ], [ -2.565722386190256, 42.240033688510266 ], [ -2.564953558197995, 42.240805319049038 ], [ -2.561921378323147, 42.242847155181842 ], [ -2.556340155380757, 42.243654244010351 ], [ -2.555898557606207, 42.242670886213602 ], [ -2.555463235428259, 42.242525069996645 ], [ -2.5504084100878, 42.242595398689943 ], [ -2.547813612894085, 42.241036138835824 ], [ -2.543296244367053, 42.238856691073536 ], [ -2.5416397999852, 42.238309713178928 ], [ -2.533609002492639, 42.236025722057683 ], [ -2.529885300307096, 42.234803670753209 ], [ -2.526846476622753, 42.232764781179455 ], [ -2.525735898906171, 42.232183752704259 ], [ -2.524562612055721, 42.231890706470125 ], [ -2.523136118692861, 42.231425425315308 ], [ -2.520864844067157, 42.230497359107638 ], [ -2.516880098109035, 42.228616273936879 ], [ -2.515462644837065, 42.228565246500246 ], [ -2.513879891328706, 42.227964154287413 ], [ -2.511752091378765, 42.227315642327511 ], [ -2.511236444335493, 42.226601972825378 ], [ -2.503977544009554, 42.228200901495249 ], [ -2.500278464695735, 42.230121208666979 ], [ -2.495386502760506, 42.232675499888046 ], [ -2.493846081373337, 42.232839794808868 ], [ -2.493492624067877, 42.233090410881495 ], [ -2.494722417223791, 42.233888377264002 ], [ -2.497248065735376, 42.236313170141003 ], [ -2.498930726123853, 42.236563702267617 ], [ -2.499650701874257, 42.237476487463795 ], [ -2.499791677856869, 42.239566565981953 ], [ -2.499258821892409, 42.24104125331278 ], [ -2.50208896390142, 42.241810100244237 ], [ -2.502575672096438, 42.243118161881085 ], [ -2.506188232195292, 42.243043709526951 ], [ -2.508574582012512, 42.243234101784708 ], [ -2.509217552716445, 42.243164777771376 ], [ -2.511597463892218, 42.242616592072181 ], [ -2.511975391732029, 42.243906069617339 ], [ -2.514283814154482, 42.244771513649184 ], [ -2.513107006406239, 42.246486690632295 ], [ -2.513651679635728, 42.24816417413647 ], [ -2.514892418767606, 42.249178104524191 ], [ -2.513964161227709, 42.250083827718555 ], [ -2.513622202339217, 42.250415596450793 ], [ -2.516099794739306, 42.251389714282112 ], [ -2.516615522647881, 42.252112416097383 ], [ -2.517783260766941, 42.253189090231508 ], [ -2.516593098247245, 42.256624414162317 ], [ -2.518824236767148, 42.259749944640944 ], [ -2.520871919730955, 42.259920677011621 ], [ -2.52445553536409, 42.260602094859856 ], [ -2.532072734731733, 42.265073513508071 ], [ -2.520868295762445, 42.266783371678869 ], [ -2.516620944382769, 42.268818932684006 ], [ -2.514800848296277, 42.268982362385898 ], [ -2.514489674881605, 42.270025733658429 ], [ -2.512402561438741, 42.270206014170938 ], [ -2.507320783209991, 42.27188641114148 ], [ -2.505842553567252, 42.271735952038256 ], [ -2.504530411157056, 42.272054506181242 ], [ -2.497802370822239, 42.276357128414517 ], [ -2.494891993825139, 42.276335383309522 ], [ -2.495530398805005, 42.279913626865635 ], [ -2.496034220316215, 42.28060930977631 ], [ -2.49509240549611, 42.28159583741089 ], [ -2.49497966907318, 42.282054667512952 ], [ -2.495043193162041, 42.283207734877735 ], [ -2.494736310971062, 42.283656648480182 ], [ -2.494505519986593, 42.285222716769219 ], [ -2.494009165161104, 42.28661652231628 ], [ -2.493247040985107, 42.287873990132766 ], [ -2.492916631392133, 42.288241729880845 ], [ -2.49230744721555, 42.288572307401964 ], [ -2.490398296612321, 42.289167222109285 ], [ -2.489557406681399, 42.289658769910609 ], [ -2.487524414723082, 42.290559397054452 ], [ -2.483706809405342, 42.291631958501824 ], [ -2.483247326250611, 42.291449736681336 ], [ -2.480070474611475, 42.292768329760797 ], [ -2.477637278214852, 42.295098830286548 ], [ -2.470161175556898, 42.29551479684185 ], [ -2.468813589646896, 42.295643642625869 ], [ -2.467222193176349, 42.295906430774586 ], [ -2.464376997559151, 42.296676721367156 ], [ -2.463719446169942, 42.296970801178873 ], [ -2.462804633406804, 42.297551926263893 ], [ -2.460105149744952, 42.299709694536517 ], [ -2.459200119681728, 42.300561050970423 ], [ -2.458403261981395, 42.301520935361047 ], [ -2.455852700595433, 42.301851064261896 ], [ -2.454989589188834, 42.302054091663607 ], [ -2.453000522616339, 42.301981548311126 ], [ -2.452405751972687, 42.302014766754787 ], [ -2.450898385888614, 42.302358770024398 ], [ -2.448921473303855, 42.303673128855273 ], [ -2.446725672364902, 42.305031516341998 ], [ -2.448653628585451, 42.306553854385008 ], [ -2.448505736337411, 42.306814315118238 ], [ -2.448255326058048, 42.307704717879218 ], [ -2.448189765074236, 42.30826275353256 ], [ -2.448235635506057, 42.308569227206256 ], [ -2.44885984478248, 42.30933775186962 ], [ -2.449104804532047, 42.310464671174095 ], [ -2.448894463805546, 42.310931967073259 ], [ -2.448906469623003, 42.312327975094313 ], [ -2.449029836402004, 42.313481313556174 ], [ -2.448991546181502, 42.315093288583924 ], [ -2.448549911587073, 42.315640493677478 ], [ -2.44843735864693, 42.316018194516786 ], [ -2.448349779271832, 42.317710940727444 ], [ -2.448392777103896, 42.318341578253992 ], [ -2.448724675492831, 42.319243822037834 ], [ -2.449252519522941, 42.319948800140381 ], [ -2.448294350246715, 42.319881145834366 ], [ -2.442726767960403, 42.323699821375534 ], [ -2.440177453677913, 42.325146328586897 ], [ -2.439755159966799, 42.32622501594863 ], [ -2.438961868500928, 42.326725441749694 ], [ -2.438462764076418, 42.326894124676912 ], [ -2.438530510654416, 42.327461844125438 ], [ -2.438224398705844, 42.327766554373945 ], [ -2.435906501830421, 42.325017304353317 ], [ -2.433258073682312, 42.322617631614037 ], [ -2.430290858037719, 42.321936456213024 ], [ -2.427728679357106, 42.320761884178509 ], [ -2.426122763991442, 42.321204189501728 ], [ -2.421133120183999, 42.321395176914564 ], [ -2.418648933546127, 42.318365596192692 ], [ -2.416932297738931, 42.317654390163675 ], [ -2.413281330612033, 42.316167735333565 ], [ -2.407091858015786, 42.313659190388655 ], [ -2.407396733680723, 42.307041260630115 ], [ -2.405295081978314, 42.307309577076786 ], [ -2.393430820802255, 42.303311689375448 ], [ -2.392694087389408, 42.302974543900135 ], [ -2.390908371402472, 42.301947386090987 ], [ -2.389099460057495, 42.302072796524818 ], [ -2.386994098125306, 42.301494173489701 ], [ -2.386044302438405, 42.300606499231954 ], [ -2.385264808640303, 42.299674664205128 ], [ -2.384215690340428, 42.29902063164181 ], [ -2.382826179414723, 42.298445702525775 ], [ -2.378397411583733, 42.297296022351389 ], [ -2.377821797291875, 42.295383570908641 ], [ -2.37925155381988, 42.29431965094912 ], [ -2.381153242179706, 42.290898590750821 ], [ -2.3817997808476, 42.290523821001905 ], [ -2.382056619427146, 42.290309073637431 ], [ -2.382282307122554, 42.287077070909085 ], [ -2.383441336137504, 42.286389839655712 ], [ -2.383918065502383, 42.28601417965023 ], [ -2.384139205195272, 42.285718153114082 ], [ -2.38415374684595, 42.285475061078493 ], [ -2.385006776734315, 42.285065340619504 ], [ -2.385723907062391, 42.284907100984967 ], [ -2.386451898703334, 42.284883999398119 ], [ -2.387633307900253, 42.283125101775553 ], [ -2.387049744473852, 42.282023220340719 ], [ -2.386974067953679, 42.281068159559204 ], [ -2.386833502789588, 42.280554020064919 ], [ -2.386825059217052, 42.280175765955832 ], [ -2.387476047086744, 42.279332645187573 ], [ -2.388111530463401, 42.278831729399826 ], [ -2.389476312775563, 42.278163535080985 ], [ -2.389744946793566, 42.276714962481314 ], [ -2.390768995751676, 42.274910192035485 ], [ -2.393433781862892, 42.271447969753574 ], [ -2.394094619477155, 42.27082103226293 ], [ -2.393425115969498, 42.269826804787769 ], [ -2.393331317461358, 42.269493107395306 ], [ -2.393348280685291, 42.268988775480096 ], [ -2.393523999952512, 42.268368343097173 ], [ -2.392472328239014, 42.26802954497218 ], [ -2.391591259651321, 42.266340727113096 ], [ -2.389689143575534, 42.263664746668482 ], [ -2.389357278231542, 42.262879466619005 ], [ -2.386450723527636, 42.258784154440434 ], [ -2.384123668529224, 42.254979996350002 ], [ -2.383994860784382, 42.254511008407654 ], [ -2.384119483373287, 42.252917543008991 ], [ -2.381710371309721, 42.250094642226919 ], [ -2.38083547121329, 42.249072251687913 ], [ -2.380353419813532, 42.248781463603386 ], [ -2.383122714872718, 42.244500438807336 ], [ -2.383239733370507, 42.243681518111295 ], [ -2.383499059116841, 42.243196561304764 ], [ -2.383744231955005, 42.242909664075519 ], [ -2.384147113788565, 42.242614653817789 ], [ -2.385837859599065, 42.242002291249676 ], [ -2.387245734863483, 42.240559855866252 ], [ -2.38857510541171, 42.239711348426461 ], [ -2.387783453684744, 42.238851542663333 ], [ -2.385999373028571, 42.237851289705716 ], [ -2.387734707624965, 42.236374559358488 ], [ -2.388187891587776, 42.235881576442168 ], [ -2.390089486318055, 42.232235252455105 ], [ -2.390336361989218, 42.230507371549798 ], [ -2.390733701948158, 42.229518819060985 ], [ -2.390922658297866, 42.228772293389838 ], [ -2.391289955154176, 42.228386942588685 ], [ -2.392303891500306, 42.227536766713378 ], [ -2.392258913353294, 42.225915401497112 ], [ -2.392221154438187, 42.22479844105969 ], [ -2.393170068106562, 42.224407207549064 ], [ -2.392045729799378, 42.222879217466136 ], [ -2.393047959939617, 42.220713989208861 ], [ -2.393731078408648, 42.220231256933708 ], [ -2.391317908232651, 42.216660989821598 ], [ -2.392177146137751, 42.215503769669681 ], [ -2.391469560477255, 42.214752443778771 ], [ -2.390592370319113, 42.212739438519648 ], [ -2.388208922585612, 42.209898754623076 ], [ -2.385837016281939, 42.208391052269704 ], [ -2.38255342215944, 42.205977710196201 ], [ -2.38027438983109, 42.206136493866175 ], [ -2.37731854720696, 42.206138502894518 ], [ -2.375842031176843, 42.206004378630055 ], [ -2.372568075064451, 42.206328751299196 ], [ -2.3711668446112, 42.205924728709014 ], [ -2.36738051137097, 42.205399560257916 ], [ -2.366834846158352, 42.205450569371614 ], [ -2.366388466543529, 42.20284533233243 ], [ -2.364453111985179, 42.201366548683353 ], [ -2.364752789936925, 42.200476590709592 ], [ -2.364468210276377, 42.199862604219533 ], [ -2.363601797311404, 42.198092551806617 ], [ -2.363880488943131, 42.19687825320257 ], [ -2.36269071567251, 42.194746163495452 ] ] ], [ [ [ -2.56937885130824, 42.270812670457033 ], [ -2.5703903466702, 42.270077963076133 ], [ -2.576329431388058, 42.265056641299324 ], [ -2.57871321425091, 42.262156452751441 ], [ -2.593630522768893, 42.259625615715791 ], [ -2.595435751195165, 42.25982110880954 ], [ -2.595456185234935, 42.258524297986447 ], [ -2.593091900017557, 42.256669637161821 ], [ -2.595916738342203, 42.254761359368558 ], [ -2.598128686821183, 42.253886510864724 ], [ -2.602710693454387, 42.250119902248926 ], [ -2.604550635267141, 42.248604232665578 ], [ -2.606759339208033, 42.246252186245577 ], [ -2.608721990501135, 42.242512363584154 ], [ -2.606300318015142, 42.236289761535666 ], [ -2.607479103403255, 42.235771434869463 ], [ -2.608012903087002, 42.235683197590348 ], [ -2.608864371006404, 42.235190758187791 ], [ -2.612760561880414, 42.232249981541045 ], [ -2.621119770401053, 42.228675450338862 ], [ -2.623097036270262, 42.228339718240711 ], [ -2.625866353396701, 42.227259084561211 ], [ -2.626257020605247, 42.226774009404608 ], [ -2.626379255464332, 42.228638715986314 ], [ -2.626302834309797, 42.229268890100478 ], [ -2.625984308888233, 42.229844212880607 ], [ -2.625556856861383, 42.230401211641599 ], [ -2.624959526534973, 42.230993695684575 ], [ -2.624665865794253, 42.231470045700959 ], [ -2.625130676768691, 42.232795500144817 ], [ -2.62510418614472, 42.233164678323071 ], [ -2.624786612937224, 42.233586944141102 ], [ -2.624626276683028, 42.234054715498395 ], [ -2.624648300065104, 42.234424030629242 ], [ -2.62480403878457, 42.234730761762769 ], [ -2.625045302585845, 42.234920687954443 ], [ -2.625564824956377, 42.235183565345856 ], [ -2.626459854372098, 42.235501712348871 ], [ -2.626966843813128, 42.235836588272178 ], [ -2.627340129283, 42.236243089542384 ], [ -2.627748315732364, 42.236910883049973 ], [ -2.630207701298353, 42.237062983823876 ], [ -2.631139966260448, 42.237219085105309 ], [ -2.631804920700976, 42.23750940886972 ], [ -2.634461633480394, 42.237076599636765 ], [ -2.641291267654361, 42.235990456862332 ], [ -2.646836261944625, 42.230513914634287 ], [ -2.64802200078147, 42.23085082616462 ], [ -2.651463022836842, 42.230969449595094 ], [ -2.651839367810962, 42.230853487378596 ], [ -2.652485337386322, 42.230179969246706 ], [ -2.656162352542795, 42.23146996676715 ], [ -2.658001237479688, 42.232042894601747 ], [ -2.659026577219079, 42.232928558672484 ], [ -2.659853749227424, 42.236848749117989 ], [ -2.661356085847074, 42.239185803162918 ], [ -2.662869588621654, 42.239487457044014 ], [ -2.664155923659632, 42.239185056013 ], [ -2.666927672286083, 42.239895645709602 ], [ -2.667225234005013, 42.240932224615406 ], [ -2.667427175915306, 42.241707401112464 ], [ -2.667774820499023, 42.24243788055454 ], [ -2.67121057085032, 42.243699636946303 ], [ -2.672017699740555, 42.244656672589535 ], [ -2.67278418898069, 42.246433067502863 ], [ -2.674267659459976, 42.247887280534179 ], [ -2.673589579243282, 42.250082887775825 ], [ -2.673601601261371, 42.250100925500831 ], [ -2.673648614234955, 42.250380238905187 ], [ -2.675987494544219, 42.252890611296742 ], [ -2.678227000994167, 42.255886973107451 ], [ -2.678503340696077, 42.256374099071017 ], [ -2.678305747757185, 42.257085064859311 ], [ -2.678167308985088, 42.258084382631147 ], [ -2.678039341959197, 42.261776537758358 ], [ -2.677682167235589, 42.262865281563386 ], [ -2.676859863669323, 42.264799284595796 ], [ -2.676419303539514, 42.265590606559996 ], [ -2.674308277504283, 42.268178379558563 ], [ -2.673660515087152, 42.269158193928867 ], [ -2.672398288762002, 42.271703345180626 ], [ -2.670053691648193, 42.274830796736339 ], [ -2.668727666790362, 42.275619457587794 ], [ -2.665375386401628, 42.278887951316278 ], [ -2.664219639168286, 42.279560025773634 ], [ -2.663888191932424, 42.280306571349257 ], [ -2.659598106699588, 42.284211536439784 ], [ -2.658941926717904, 42.284425770036776 ], [ -2.658103086070053, 42.284792490678349 ], [ -2.656460895768438, 42.285661180364741 ], [ -2.655632742914988, 42.286289124409393 ], [ -2.650069135033814, 42.283435318542914 ], [ -2.648057671997181, 42.283104926522839 ], [ -2.647646378379617, 42.282914513482929 ], [ -2.647115342542559, 42.282444530085172 ], [ -2.64647638297179, 42.281749096913323 ], [ -2.645296693216183, 42.280178388516433 ], [ -2.644691982805359, 42.279870298310946 ], [ -2.642295337559165, 42.27905229916346 ], [ -2.639023347879499, 42.274385825255372 ], [ -2.638588262423944, 42.274123272874007 ], [ -2.637619647175886, 42.273858998245963 ], [ -2.635280061657459, 42.273707509474796 ], [ -2.634249991240265, 42.273578094309762 ], [ -2.631755874085478, 42.272903653888278 ], [ -2.631029896476534, 42.272622101659792 ], [ -2.630111869655325, 42.272024738491808 ], [ -2.626345955524662, 42.269058480843036 ], [ -2.624522914869993, 42.26771959016564 ], [ -2.623447523694694, 42.267085619517715 ], [ -2.621075825517312, 42.266267257531624 ], [ -2.620605464185822, 42.265851432203227 ], [ -2.619988403839916, 42.265633214581705 ], [ -2.619138889778132, 42.265747480374621 ], [ -2.618546231376793, 42.265502329943274 ], [ -2.61773666360998, 42.265049319393256 ], [ -2.61697619185611, 42.264479364450125 ], [ -2.615771071876641, 42.263268545176821 ], [ -2.615276091887866, 42.26292462467979 ], [ -2.61441762606168, 42.262534470143549 ], [ -2.611887284592265, 42.259959156380468 ], [ -2.611341451338471, 42.260002308583225 ], [ -2.610709361740958, 42.260261370989888 ], [ -2.610052258226878, 42.260646364624137 ], [ -2.609686043250468, 42.261050418481389 ], [ -2.609476718425806, 42.261572040580049 ], [ -2.609095477264016, 42.264398697204186 ], [ -2.608888041853075, 42.264605158530209 ], [ -2.608305475911031, 42.264702193920364 ], [ -2.605952336970341, 42.264838224858174 ], [ -2.605490881101246, 42.264953724875689 ], [ -2.605101389643543, 42.265195558050401 ], [ -2.604673852617077, 42.265698374539618 ], [ -2.604110596097318, 42.266570099687435 ], [ -2.60325588289932, 42.267512758494512 ], [ -2.602696441864779, 42.267781017622724 ], [ -2.601661394098203, 42.268479884043124 ], [ -2.601222091901644, 42.268919698382575 ], [ -2.601050285192973, 42.269234279941962 ], [ -2.600714838706113, 42.270512028444294 ], [ -2.600420542938969, 42.271015293259239 ], [ -2.599606259832248, 42.271309665808005 ], [ -2.597082829702115, 42.271489962567657 ], [ -2.595711311314912, 42.271683258399591 ], [ -2.594119399849346, 42.27220897998999 ], [ -2.593560749454286, 42.272342049785351 ], [ -2.592978504904897, 42.272367058493046 ], [ -2.591257464920667, 42.27221683552338 ], [ -2.590639090217519, 42.272214585864468 ], [ -2.590177147094728, 42.272384063215739 ], [ -2.589884062232892, 42.272698234899202 ], [ -2.589662983119812, 42.273129729851078 ], [ -2.589298026147825, 42.273308566711854 ], [ -2.588702829058009, 42.273459521368331 ], [ -2.587669316577163, 42.27387907081593 ], [ -2.586952392047726, 42.274101658085343 ], [ -2.586465422431557, 42.274388115545591 ], [ -2.586220427437398, 42.274765476598972 ], [ -2.58602325426844, 42.275242090665465 ], [ -2.586043406487494, 42.275872581954459 ], [ -2.586465744011587, 42.278035559654782 ], [ -2.586533671361552, 42.278774381943144 ], [ -2.586396593056774, 42.279323204051103 ], [ -2.586103998199363, 42.279574323090337 ], [ -2.584923741422845, 42.280164500279881 ], [ -2.584304059419158, 42.280333305220047 ], [ -2.58205828940188, 42.280649404148448 ], [ -2.580227553640908, 42.280552620693392 ], [ -2.5795598552863, 42.280649256552273 ], [ -2.578988557205987, 42.280845287254394 ], [ -2.578562091275856, 42.281140952556235 ], [ -2.577901622790206, 42.281967071525031 ], [ -2.577450484055227, 42.282325625768102 ], [ -2.577000360518057, 42.282531100891667 ], [ -2.576357061678686, 42.282600802054425 ], [ -2.575811616724895, 42.282553702650311 ], [ -2.575351974321316, 42.282371870439263 ], [ -2.574918283216302, 42.281937993214903 ], [ -2.574556107167431, 42.281684470323178 ], [ -2.57392776641171, 42.28134891544488 ], [ -2.573334359382443, 42.281211599179642 ], [ -2.572970595397734, 42.281201259787736 ], [ -2.572727171583469, 42.281326438140603 ], [ -2.571275447669713, 42.282581808975614 ], [ -2.570937238986006, 42.282373468229842 ], [ -2.570275116955711, 42.28165047971752 ], [ -2.569373885504176, 42.280422244272955 ], [ -2.568470943811486, 42.279446207486473 ], [ -2.565818509035506, 42.277166606807327 ], [ -2.565434331933526, 42.274841535701988 ], [ -2.56428137379915, 42.273216088253527 ], [ -2.563676250443425, 42.271286466992855 ], [ -2.56937885130824, 42.270812670457033 ] ] ] ] } },
{ "type": "Feature", "properties": { "codatzbs": "130105", "n_zbs": "MURILLO DE RIO LEZA-AUSEJO", "ccaa_cd": "ES23", "area": "La Rioja" }, "geometry": { "type": "MultiPolygon", "coordinates": [ [ [ [ -2.313763537624573, 42.461466363340726 ], [ -2.313479329493668, 42.461463767089121 ], [ -2.313185866348592, 42.461470988723768 ], [ -2.312921851680032, 42.46148858530259 ], [ -2.312671513018287, 42.461510726600359 ], [ -2.312503987104158, 42.461536724203363 ], [ -2.312181942292969, 42.461578128362483 ], [ -2.311822643726318, 42.461623257023732 ], [ -2.311493046051639, 42.461663439529595 ], [ -2.311197870434079, 42.461685307359978 ], [ -2.310919392869597, 42.461706756982132 ], [ -2.310615817305789, 42.461731378143625 ], [ -2.310338935317869, 42.461748266367472 ], [ -2.310065037846494, 42.461765166483922 ], [ -2.309650642317223, 42.461773401791497 ], [ -2.309373920460515, 42.461775680208341 ], [ -2.309095728651076, 42.461770605700949 ], [ -2.30883197092979, 42.461771812705805 ], [ -2.308536527050714, 42.461741330783376 ], [ -2.308309423579517, 42.461729848679191 ], [ -2.308222234811485, 42.461721427923322 ], [ -2.308010228288766, 42.461700986334456 ], [ -2.307747749424361, 42.461649285413444 ], [ -2.307461847591475, 42.461589638771656 ], [ -2.307209308967093, 42.461531228758595 ], [ -2.306862442124961, 42.461415955624815 ], [ -2.306492412876875, 42.461260628130248 ], [ -2.306188079824817, 42.461146795476694 ], [ -2.30601036642739, 42.461062386363373 ], [ -2.305775131148628, 42.460958004767591 ], [ -2.305512096671341, 42.460821879629222 ], [ -2.305250349255811, 42.460704867665207 ], [ -2.305021409293469, 42.460581376172691 ], [ -2.304791580973201, 42.460465704944575 ], [ -2.304596796677107, 42.460357617192628 ], [ -2.304553616472271, 42.46033367423496 ], [ -2.304364742295903, 42.460227283532284 ], [ -2.304136611985014, 42.460098098959456 ], [ -2.303978785015182, 42.460004275593697 ], [ -2.303780206940123, 42.459883182331083 ], [ -2.303576986996617, 42.459767701803685 ], [ -2.303300857045053, 42.459578591446245 ], [ -2.30298386344678, 42.459376802905261 ], [ -2.302737149835702, 42.459208161221582 ], [ -2.30248374012668, 42.459028192980782 ], [ -2.302293074688642, 42.458881802722978 ], [ -2.302235380577914, 42.458837700023714 ], [ -2.302206431182505, 42.458815612466822 ], [ -2.302100028236851, 42.458734252999626 ], [ -2.301879825131612, 42.458583219776571 ], [ -2.301649827600392, 42.458417405432868 ], [ -2.301593295044829, 42.458376003145247 ], [ -2.30123976142889, 42.458173469257041 ], [ -2.300906444162425, 42.458003150054338 ], [ -2.30056774461384, 42.457837299978053 ], [ -2.300125857191578, 42.457655580005664 ], [ -2.299710850509268, 42.457516223245506 ], [ -2.29934344780743, 42.457405376837016 ], [ -2.298972100466172, 42.457304610628739 ], [ -2.298654248220923, 42.457248622717771 ], [ -2.29833087675072, 42.45720554609921 ], [ -2.297955538577647, 42.457194241854928 ], [ -2.297582775947822, 42.457219547582959 ], [ -2.297178264419644, 42.457295265998042 ], [ -2.296773827020703, 42.457435792491864 ], [ -2.296399208419881, 42.457559571341122 ], [ -2.296059947206326, 42.457715621665244 ], [ -2.295703611158547, 42.457905950527092 ], [ -2.295378939184258, 42.458115537489753 ], [ -2.295171381403181, 42.458254470331788 ], [ -2.295050830822431, 42.458360108257331 ], [ -2.295019939319579, 42.458404925160607 ], [ -2.29445748650591, 42.45887033489246 ], [ -2.294165956847134, 42.459175297445221 ], [ -2.294084850196784, 42.459246541507341 ], [ -2.293550181272362, 42.459716310954029 ], [ -2.293702655736916, 42.459948040752593 ], [ -2.293755657158485, 42.460036751062994 ], [ -2.293871332421122, 42.460227141126524 ], [ -2.294077018326786, 42.460525062725637 ], [ -2.294542851441256, 42.461146474469437 ], [ -2.29477827103854, 42.461436685022868 ], [ -2.2948988462531, 42.461599546170284 ], [ -2.295132431046158, 42.461920143131572 ], [ -2.295301920231573, 42.462123809480623 ], [ -2.295537930588785, 42.462499527468367 ], [ -2.295815744201003, 42.462874988454537 ], [ -2.296062495259019, 42.463241841982928 ], [ -2.296164656617915, 42.463418646834789 ], [ -2.296315123526675, 42.463693132309714 ], [ -2.296475942629184, 42.463994681633565 ], [ -2.296703457161991, 42.464311841905527 ], [ -2.296875959710977, 42.464589857933973 ], [ -2.296975427963794, 42.46480489795632 ], [ -2.297088395282171, 42.464967710054985 ], [ -2.297203153790295, 42.465108001226461 ], [ -2.297265508298854, 42.465238927292731 ], [ -2.297333647758707, 42.465538249082726 ], [ -2.297427154237793, 42.465942968040856 ], [ -2.29751124869568, 42.466374628812339 ], [ -2.297604540550067, 42.46680353962681 ], [ -2.297638088114515, 42.466993461987727 ], [ -2.297670120162345, 42.467260429273409 ], [ -2.297678681498102, 42.467310022126796 ], [ -2.297707386625261, 42.467460478974225 ], [ -2.297701699252637, 42.467491986284323 ], [ -2.29766446871495, 42.467697738602766 ], [ -2.297592661576635, 42.467862775108856 ], [ -2.297479130066658, 42.468021358887434 ], [ -2.297274421826325, 42.468174331268237 ], [ -2.297062021294434, 42.468267604829528 ], [ -2.296771806935545, 42.468381172622166 ], [ -2.29648823398695, 42.468449809638869 ], [ -2.29633985140711, 42.468462986638464 ], [ -2.29602577453362, 42.468470609596331 ], [ -2.29559248888168, 42.468461746046046 ], [ -2.295212744604223, 42.46841111758043 ], [ -2.295185580009311, 42.468407483277225 ], [ -2.295121088451158, 42.468395801418389 ], [ -2.293153633856041, 42.468047057027512 ], [ -2.290915129784711, 42.467670184470606 ], [ -2.290894635944332, 42.467667251451012 ], [ -2.290837720509785, 42.467659559525394 ], [ -2.290514287087686, 42.467617603330972 ], [ -2.288745183281893, 42.467277871249479 ], [ -2.288087078635427, 42.467192183234559 ], [ -2.287999807834463, 42.467180378391213 ], [ -2.287932124036038, 42.466912029706478 ], [ -2.287907700539646, 42.466803160014557 ], [ -2.287861941832446, 42.466599189959588 ], [ -2.28777144261077, 42.466197327859298 ], [ -2.287677244187315, 42.465792578804056 ], [ -2.287578557880428, 42.465375444792791 ], [ -2.287495948911514, 42.464955034312247 ], [ -2.28740469476229, 42.464554824201848 ], [ -2.287290541574004, 42.464030123005038 ], [ -2.28726444288088, 42.463920183617105 ], [ -2.287282964650865, 42.463829092706646 ], [ -2.28732812325818, 42.463751374534802 ], [ -2.287356596276224, 42.46370238040263 ], [ -2.287493959925864, 42.463522557653015 ], [ -2.28756198038552, 42.463424439102255 ], [ -2.287685958326644, 42.463286787571818 ], [ -2.287734501645371, 42.463228547459366 ], [ -2.28778481413148, 42.463150069509851 ], [ -2.288066443327331, 42.462782575596123 ], [ -2.287328680910394, 42.462481918871511 ], [ -2.287055333555492, 42.462314872817771 ], [ -2.286816848408909, 42.46216913029884 ], [ -2.286540412845598, 42.461808858020355 ], [ -2.286427275353686, 42.461462567585933 ], [ -2.286516385566578, 42.461184492182497 ], [ -2.286666422040738, 42.460958603110186 ], [ -2.286730817094434, 42.460776632125409 ], [ -2.286681563639885, 42.460560752789732 ], [ -2.286396026753304, 42.460138503506606 ], [ -2.286178216219762, 42.459904694654881 ], [ -2.286074725623336, 42.459716070349792 ], [ -2.286051206787576, 42.459604738158319 ], [ -2.286039366166849, 42.459548674845145 ], [ -2.285958405593918, 42.45938324131518 ], [ -2.285761034691959, 42.459225514576779 ], [ -2.285282636880251, 42.458914639380552 ], [ -2.284680509438298, 42.458585543861858 ], [ -2.284495637985863, 42.458476475165924 ], [ -2.284343031163739, 42.458386434427105 ], [ -2.284042684603449, 42.458194320261143 ], [ -2.283597765828894, 42.457814982667429 ], [ -2.283131629120619, 42.457497411660619 ], [ -2.282837927183677, 42.45733643319042 ], [ -2.282616413230241, 42.457215013854288 ], [ -2.281978802477088, 42.456938005273258 ], [ -2.281244550634213, 42.456669423659285 ], [ -2.280511139823808, 42.456462739156962 ], [ -2.279812462129505, 42.45620787148404 ], [ -2.279173215678957, 42.455875136499841 ], [ -2.278790244005553, 42.455589020388196 ], [ -2.278622339643514, 42.455463572678298 ], [ -2.278499100529598, 42.455303743135502 ], [ -2.278475566446276, 42.455273227144581 ], [ -2.278208898656326, 42.454927381928734 ], [ -2.277939913381746, 42.45438981496703 ], [ -2.277748781507014, 42.453764945840568 ], [ -2.277598713910515, 42.453064915336981 ], [ -2.277458398979921, 42.452182610084513 ], [ -2.277414573940857, 42.451300306765809 ], [ -2.277510071010554, 42.450465623061845 ], [ -2.277578658133898, 42.449398297699503 ], [ -2.277552939047679, 42.449150744568982 ], [ -2.277507501167769, 42.448713431790956 ], [ -2.277235730158179, 42.448027256796287 ], [ -2.277129806259486, 42.44784855125198 ], [ -2.276996394317569, 42.447623462061195 ], [ -2.276768255366353, 42.447238551673223 ], [ -2.276044557783608, 42.446399788293711 ], [ -2.27484993807634, 42.445665565185834 ], [ -2.274693024025901, 42.445598390711545 ], [ -2.27357412700065, 42.44511938328862 ], [ -2.272722911893557, 42.444856046585002 ], [ -2.272582094708001, 42.444812481254104 ], [ -2.271587178490564, 42.444626040449243 ], [ -2.270877518533115, 42.444546104008246 ], [ -2.270080471304582, 42.444528622809678 ], [ -2.269435967180292, 42.444729957560504 ], [ -2.268838749432795, 42.44504075623427 ], [ -2.268269405253934, 42.445638295618316 ], [ -2.26812499397636, 42.446096646518313 ], [ -2.267837984921686, 42.446528778948434 ], [ -2.267801002824501, 42.446701359574256 ], [ -2.267874083719085, 42.446788536066421 ], [ -2.267904407977019, 42.446824712814688 ], [ -2.268072248982885, 42.44690291751035 ], [ -2.268047998120265, 42.447090191568378 ], [ -2.267742693351716, 42.447463682031149 ], [ -2.26706194356411, 42.448223124594584 ], [ -2.266369823025008, 42.449048314288618 ], [ -2.266269731060643, 42.449127608109315 ], [ -2.265712803811212, 42.44956880485018 ], [ -2.265667834837194, 42.449604431355425 ], [ -2.265440058547509, 42.449713871299146 ], [ -2.265199825939614, 42.449829290998018 ], [ -2.265119800769154, 42.449867741038709 ], [ -2.264500295894422, 42.450002178089221 ], [ -2.264027983584487, 42.450028426312819 ], [ -2.26348520855906, 42.449972018568012 ], [ -2.262957409392724, 42.449870680501704 ], [ -2.262451256557397, 42.44973742732838 ], [ -2.261922190324641, 42.449549390134365 ], [ -2.26149942851245, 42.449373284725986 ], [ -2.261179521042145, 42.449236135634528 ], [ -2.260609492189994, 42.448978573020483 ], [ -2.259990124962979, 42.448652072244165 ], [ -2.259466610221936, 42.448316030582276 ], [ -2.258981111360892, 42.448046665166871 ], [ -2.258397470085919, 42.447783373934719 ], [ -2.258059804944577, 42.447664284121451 ], [ -2.257870698057326, 42.447597584327966 ], [ -2.257637296484002, 42.447524216672356 ], [ -2.25753434727923, 42.44749185631531 ], [ -2.257433807873842, 42.447460255364369 ], [ -2.256909722223254, 42.447367306092588 ], [ -2.256440419010466, 42.447271428970957 ], [ -2.255836630754124, 42.447104270599134 ], [ -2.255250699960407, 42.446909636419285 ], [ -2.254067812189813, 42.446552911165021 ], [ -2.25259285835891, 42.446087955912681 ], [ -2.251206552436622, 42.445577334457276 ], [ -2.251121091162545, 42.445545853484582 ], [ -2.250724672150033, 42.445373636749373 ], [ -2.250175281668405, 42.445134961388504 ], [ -2.24979124508163, 42.444979060052198 ], [ -2.249494587227891, 42.444858628337755 ], [ -2.248899321389183, 42.44461945193769 ], [ -2.248735932304704, 42.444532944913796 ], [ -2.248286851577515, 42.444295166463078 ], [ -2.247598573996773, 42.443892695241132 ], [ -2.2468544873338, 42.44351854867174 ], [ -2.246124615649617, 42.44323006930167 ], [ -2.245298947803875, 42.442939224539039 ], [ -2.244330451981369, 42.442586117429734 ], [ -2.243569276842125, 42.442309775987866 ], [ -2.242982387626977, 42.442135357596257 ], [ -2.242408640070813, 42.442007728553811 ], [ -2.241778125192659, 42.441862248794678 ], [ -2.24109100590124, 42.441682676320241 ], [ -2.240366625268457, 42.441507854668281 ], [ -2.240054079006501, 42.441421979416816 ], [ -2.239955303739616, 42.441394836343022 ], [ -2.239659174633049, 42.44131347275794 ], [ -2.239171080478818, 42.441141943428931 ], [ -2.238729504599617, 42.440958329763276 ], [ -2.238346833177374, 42.440742950252904 ], [ -2.23813848747228, 42.440625684908454 ], [ -2.237703075076736, 42.440312612394727 ], [ -2.237379174497941, 42.440011602410337 ], [ -2.237076813696132, 42.439631317221121 ], [ -2.236775277079416, 42.439179012895423 ], [ -2.236490136325603, 42.438693603189364 ], [ -2.236287946269622, 42.438136164167055 ], [ -2.236280416110345, 42.438105966730227 ], [ -2.236166372542813, 42.437648517391345 ], [ -2.236143024527129, 42.437554857991771 ], [ -2.23609316967616, 42.437280981276466 ], [ -2.235962543497028, 42.436712181103381 ], [ -2.235814681600241, 42.436000823886992 ], [ -2.23569542642019, 42.435246366644932 ], [ -2.235588268526941, 42.434435681308877 ], [ -2.235539197371744, 42.433598956225431 ], [ -2.235554957421177, 42.432803162972561 ], [ -2.235639654829059, 42.432087767615144 ], [ -2.235677646838378, 42.43121274515039 ], [ -2.235687379080732, 42.430351619364295 ], [ -2.235673672221063, 42.429669336975202 ], [ -2.235608632116487, 42.429203434217591 ], [ -2.235571340601549, 42.429094565153754 ], [ -2.235453846063825, 42.428751516112918 ], [ -2.235315683154524, 42.428304247645663 ], [ -2.235267013436403, 42.427875021434609 ], [ -2.235287400847624, 42.427568399591884 ], [ -2.235384107356465, 42.427363023465901 ], [ -2.235476458268611, 42.427204911894343 ], [ -2.235461274454329, 42.427077620898245 ], [ -2.235323276594723, 42.426805387110271 ], [ -2.235096199166468, 42.426611385791055 ], [ -2.234768148303853, 42.426475751908207 ], [ -2.23438435741646, 42.426420300975451 ], [ -2.233956816189902, 42.426401686904221 ], [ -2.233774417915013, 42.42640662516218 ], [ -2.23357458029356, 42.426408681709901 ], [ -2.233385246990827, 42.42642259150935 ], [ -2.233207381829651, 42.426427613217079 ], [ -2.233041811586021, 42.426424238738164 ], [ -2.23287855915405, 42.426414714077502 ], [ -2.232739764682709, 42.426396334366181 ], [ -2.2325782496255, 42.426371051537856 ], [ -2.232409250252313, 42.426335002217982 ], [ -2.232259349604302, 42.426292371156038 ], [ -2.232093561835049, 42.42624171636318 ], [ -2.231977914032266, 42.426191399087436 ], [ -2.231826809113219, 42.4261250918276 ], [ -2.231666702779019, 42.426045759107865 ], [ -2.231489837544676, 42.42596859770876 ], [ -2.231346300184677, 42.425902340549968 ], [ -2.231254786924042, 42.425869633353017 ], [ -2.231121600574927, 42.425824289537765 ], [ -2.230952740803926, 42.42577700772047 ], [ -2.230777887359431, 42.425726826953536 ], [ -2.230650612654323, 42.425695040150949 ], [ -2.23053991922128, 42.425675148762608 ], [ -2.23038607634588, 42.425645970652702 ], [ -2.23019881088364, 42.425613207777047 ], [ -2.230031214002863, 42.425588983741967 ], [ -2.229884882416714, 42.425563804510467 ], [ -2.229783300818979, 42.425543973608072 ], [ -2.229573980457776, 42.425515559975011 ], [ -2.229385303620721, 42.425472051224773 ], [ -2.229154981231027, 42.425422655928472 ], [ -2.228699099194898, 42.42530025004416 ], [ -2.22836774787155, 42.425197432839944 ], [ -2.228246921547325, 42.425176759558354 ], [ -2.226643319017212, 42.425093885514514 ], [ -2.225045292707826, 42.425328529625084 ], [ -2.224765206679067, 42.425412133449584 ], [ -2.224415617109805, 42.425545436527919 ], [ -2.2241441510178, 42.425626319726099 ], [ -2.223749373409222, 42.42572774014122 ], [ -2.223322708594621, 42.42582222832629 ], [ -2.222936803029376, 42.425876447480327 ], [ -2.22252406773565, 42.425893343844876 ], [ -2.222194517660792, 42.425879318507576 ], [ -2.221718495219476, 42.425850738506739 ], [ -2.221342505002113, 42.425841407193211 ], [ -2.220747008725628, 42.425828372574401 ], [ -2.220187463319799, 42.425799216584842 ], [ -2.21971743455547, 42.425775207132638 ], [ -2.219120213908238, 42.425720482832389 ], [ -2.218696953036281, 42.425662962448506 ], [ -2.218471105374122, 42.425617998100677 ], [ -2.218272540231514, 42.425578465318537 ], [ -2.217907441330973, 42.425492673708966 ], [ -2.217526683616895, 42.425380828891029 ], [ -2.217129460186248, 42.425248133320892 ], [ -2.216704245571735, 42.425103942671846 ], [ -2.216293704282101, 42.424945756500044 ], [ -2.215864375494812, 42.424768870128879 ], [ -2.215457731603395, 42.424597261779894 ], [ -2.215092245898374, 42.424419684612509 ], [ -2.214671593164505, 42.424218673176128 ], [ -2.214330374396589, 42.424043542827462 ], [ -2.213998317030649, 42.423865084450959 ], [ -2.21370707127384, 42.42370376415068 ], [ -2.213342772138499, 42.4234918814686 ], [ -2.213013328565243, 42.423288095500233 ], [ -2.21269465259802, 42.423075421643219 ], [ -2.212375345443327, 42.422849738005105 ], [ -2.212080442504452, 42.42261920041858 ], [ -2.211733114641422, 42.422325777941552 ], [ -2.211656644519124, 42.422237177719126 ], [ -2.211513695992501, 42.422071565325432 ], [ -2.211331986510518, 42.42178044518198 ], [ -2.211184740724473, 42.421469276057508 ], [ -2.211106095743162, 42.421134381749098 ], [ -2.211093617622611, 42.420799960776073 ], [ -2.211110674345735, 42.42052764168286 ], [ -2.211167156707469, 42.420264042352308 ], [ -2.211211759269222, 42.419919887868232 ], [ -2.211204168937464, 42.419556799478187 ], [ -2.211162587818203, 42.419236195881169 ], [ -2.211083182085536, 42.41890693841205 ], [ -2.211004036236735, 42.41861654234507 ], [ -2.210888501208145, 42.41831968162154 ], [ -2.210696690359234, 42.417864672886843 ], [ -2.210584884744365, 42.417574587447589 ], [ -2.210485002120902, 42.417298083897656 ], [ -2.210388539816744, 42.416995193913522 ], [ -2.210299670671802, 42.416694571603294 ], [ -2.210288022648578, 42.416714187332701 ], [ -2.210250951728677, 42.416582206666305 ], [ -2.210223076234601, 42.416439037327223 ], [ -2.210190008913121, 42.416293615846151 ], [ -2.210165079646362, 42.416161696283957 ], [ -2.210130831536182, 42.415983031146389 ], [ -2.210107783439337, 42.415824714626631 ], [ -2.210087022365078, 42.415662465656347 ], [ -2.210063257098623, 42.415497394229583 ], [ -2.210048260609995, 42.415359955790549 ], [ -2.210028082825078, 42.415214587037674 ], [ -2.210014539039477, 42.415083913050125 ], [ -2.209993034075059, 42.4149807729736 ], [ -2.209947919988181, 42.414883076371567 ], [ -2.209883741393852, 42.414792551259438 ], [ -2.209838018685138, 42.414752362319888 ], [ -2.209815346752617, 42.414732429004296 ], [ -2.209735469336824, 42.414685177181205 ], [ -2.209621066067442, 42.41466129541223 ], [ -2.209480765192766, 42.414640630174922 ], [ -2.209336613779549, 42.41462947008921 ], [ -2.209188543112167, 42.414620607216364 ], [ -2.208997893940812, 42.41461928911766 ], [ -2.208766080417112, 42.414628938591122 ], [ -2.208562994657246, 42.414650589120058 ], [ -2.208438516063562, 42.41467737154499 ], [ -2.208362670173445, 42.414693687080259 ], [ -2.208160942055327, 42.414729989922286 ], [ -2.207962217193148, 42.414765209031941 ], [ -2.207770410254161, 42.414795973540414 ], [ -2.207543620343083, 42.414829849702414 ], [ -2.207348787930471, 42.414856076112727 ], [ -2.207131247818445, 42.414878767005533 ], [ -2.206960907406467, 42.414893337364738 ], [ -2.206765376599244, 42.414919589471573 ], [ -2.206591997791233, 42.41493413825674 ], [ -2.206378309357958, 42.41495350056838 ], [ -2.206182946407527, 42.41496448238064 ], [ -2.206137887967549, 42.414967588095656 ], [ -2.204994779978738, 42.415381201298615 ], [ -2.204077278122092, 42.415852155183927 ], [ -2.202862806910513, 42.416735280955109 ], [ -2.202175697086664, 42.417243826176225 ], [ -2.20100682668946, 42.418361421511904 ], [ -2.198905501765258, 42.419202270024677 ], [ -2.1984522978442, 42.419251563211184 ], [ -2.19842778367678, 42.419258569516217 ], [ -2.19795470030513, 42.419364480667646 ], [ -2.197493484579713, 42.419430447010896 ], [ -2.197000077361036, 42.419459630941816 ], [ -2.196496161672423, 42.419476932320187 ], [ -2.196409507500539, 42.419473725768221 ], [ -2.195326952197877, 42.419591440923725 ], [ -2.194999247534087, 42.419553093825606 ], [ -2.194551875912357, 42.419369822816101 ], [ -2.194343369856769, 42.4192153396762 ], [ -2.194276933012095, 42.419196760898757 ], [ -2.194049441416649, 42.41910681081972 ], [ -2.193636926989034, 42.418929405506411 ], [ -2.193233042887087, 42.418729005177539 ], [ -2.192837497213339, 42.418534840202646 ], [ -2.192454191245169, 42.418330061046362 ], [ -2.192254950254425, 42.418229017488329 ], [ -2.192069024773076, 42.418153945963844 ], [ -2.19182002693556, 42.418081860730808 ], [ -2.191630795514473, 42.418030986626505 ], [ -2.191387666184485, 42.417975223653407 ], [ -2.191348228739814, 42.417969249201668 ], [ -2.191157905485949, 42.417940399613968 ], [ -2.190868183915704, 42.417903456971715 ], [ -2.190494009501532, 42.417879393698563 ], [ -2.190061611167956, 42.417888157801421 ], [ -2.189606846004832, 42.41793052987024 ], [ -2.189223708163647, 42.418004950032149 ], [ -2.188915046120194, 42.418085499390202 ], [ -2.188518787106624, 42.418236918675582 ], [ -2.188173435042633, 42.418390356018669 ], [ -2.187800066437349, 42.418598208439853 ], [ -2.187486711091013, 42.41874290950998 ], [ -2.187366828789511, 42.418788938240688 ], [ -2.187285175042867, 42.41882028895543 ], [ -2.187093070950725, 42.418868464778043 ], [ -2.18686409986601, 42.418896070404628 ], [ -2.186689191316387, 42.418908344729672 ], [ -2.186487951174543, 42.418900753973944 ], [ -2.18627318685932, 42.41888628089702 ], [ -2.186084452894713, 42.418853399516244 ], [ -2.185877499272877, 42.418818172969019 ], [ -2.185627664417527, 42.418753353244981 ], [ -2.18534985376168, 42.418677081258579 ], [ -2.185122851554789, 42.418606227523782 ], [ -2.184917801842114, 42.418543382602401 ], [ -2.184704696737681, 42.418456875492716 ], [ -2.184522852078632, 42.418364961675152 ], [ -2.184296361437497, 42.418253016807824 ], [ -2.184085335605894, 42.418125429305618 ], [ -2.183894502153533, 42.418018235897726 ], [ -2.183670027641175, 42.417872013182368 ], [ -2.183497826837537, 42.417737398172676 ], [ -2.183254691510404, 42.417563987917553 ], [ -2.183032987910103, 42.417381134975891 ], [ -2.182827372789339, 42.417186040163372 ], [ -2.182709883684395, 42.417064409662643 ], [ -2.18268043480369, 42.417033916366151 ], [ -2.182575520941515, 42.416925303394386 ], [ -2.182386739475724, 42.416722475551907 ], [ -2.182235370209463, 42.416559841172358 ], [ -2.182090202264796, 42.416391073671868 ], [ -2.181959704508347, 42.416204961691662 ], [ -2.18184806511432, 42.415969443449505 ], [ -2.181793917937432, 42.415750073330507 ], [ -2.181767722483177, 42.415487076250535 ], [ -2.181741667015523, 42.415213327073126 ], [ -2.181729705290349, 42.414965575934154 ], [ -2.181729018125495, 42.414958226693578 ], [ -2.181711696199513, 42.414773517512259 ], [ -2.181685968715481, 42.41459320715412 ], [ -2.18164984221836, 42.414389181980042 ], [ -2.181604910776926, 42.414165977938083 ], [ -2.181532284597519, 42.413909345148461 ], [ -2.18148951407086, 42.413753115571396 ], [ -2.181436209192076, 42.413587804819379 ], [ -2.181336992293947, 42.413332106840215 ], [ -2.181260795553504, 42.413116541512551 ], [ -2.181150888879052, 42.412867552973076 ], [ -2.1810463524162, 42.412611280861583 ], [ -2.180915870668323, 42.412363215888391 ], [ -2.180770927903963, 42.412121279517088 ], [ -2.180661338866537, 42.411962356582094 ], [ -2.180530479659349, 42.411802689796616 ], [ -2.180416011409323, 42.411669033011329 ], [ -2.180280243619749, 42.411536889898578 ], [ -2.180162296118724, 42.411435300622998 ], [ -2.180088916632879, 42.411387124495775 ], [ -2.180007162428456, 42.41133344883054 ], [ -2.179874992650872, 42.411276745766436 ], [ -2.179720577340324, 42.411234545029771 ], [ -2.179554234548085, 42.411175417620193 ], [ -2.179400015445214, 42.41111857420595 ], [ -2.179231151049735, 42.411019959766534 ], [ -2.179105788057413, 42.410907085001618 ], [ -2.179057229429081, 42.410844249576499 ], [ -2.178992836153942, 42.410773996908496 ], [ -2.178883313137663, 42.410610532827398 ], [ -2.178805116574188, 42.410434937813363 ], [ -2.178704379044958, 42.410235499237054 ], [ -2.178620291410836, 42.41004576758943 ], [ -2.178558423379531, 42.409896739825953 ], [ -2.178462135357583, 42.409707456478742 ], [ -2.178381430338891, 42.409609513977152 ], [ -2.178279277715069, 42.409461335660495 ], [ -2.178126638885167, 42.409284043838525 ], [ -2.177997285731423, 42.40913001001131 ], [ -2.177822118687742, 42.408931769624559 ], [ -2.177668951929856, 42.408794995612467 ], [ -2.177533241115969, 42.408658935625944 ], [ -2.177375536934884, 42.408522696036208 ], [ -2.177280049059817, 42.408455621683515 ], [ -2.1772249987358, 42.408416946832816 ], [ -2.177028286824599, 42.408302394964082 ], [ -2.176793629579719, 42.40818307270262 ], [ -2.176542791500062, 42.408081076429461 ], [ -2.176256180159723, 42.40798330750615 ], [ -2.175999666577141, 42.407908292480172 ], [ -2.175789802476148, 42.407870761797291 ], [ -2.175527422225879, 42.407836796732468 ], [ -2.175246058120006, 42.407804369589755 ], [ -2.175191050932775, 42.407799550998121 ], [ -2.175035942997504, 42.407785963434918 ], [ -2.174822492783544, 42.407788369028125 ], [ -2.174583925591578, 42.407792825943858 ], [ -2.174359646504346, 42.40780642363363 ], [ -2.174032619735451, 42.407840068108754 ], [ -2.173794588656338, 42.40786254902784 ], [ -2.173462885149053, 42.407902939640657 ], [ -2.17319578749885, 42.407940388341792 ], [ -2.172981953025296, 42.407973758256176 ], [ -2.172647454386428, 42.407996128874366 ], [ -2.172378244479506, 42.408019470633228 ], [ -2.172074907443028, 42.408042082566361 ], [ -2.17181410734069, 42.408062142535101 ], [ -2.171582410780866, 42.408064413869532 ], [ -2.171269453694673, 42.408064930127594 ], [ -2.170969318802225, 42.408074580224032 ], [ -2.170585793353085, 42.408073498123713 ], [ -2.170253137123409, 42.408069388619914 ], [ -2.16992649511235, 42.408073215404926 ], [ -2.169628003300923, 42.408071602955644 ], [ -2.169329485670925, 42.408075632662282 ], [ -2.169017255172705, 42.408079561285923 ], [ -2.1687073241539, 42.408082366483221 ], [ -2.168345010296097, 42.408081430704627 ], [ -2.16803272851982, 42.408090980481788 ], [ -2.167670408806881, 42.408090025416847 ], [ -2.167343099555102, 42.408088233798516 ], [ -2.166862903210214, 42.40809879135692 ], [ -2.166562827033235, 42.408103945383274 ], [ -2.166271746894161, 42.408117576498164 ], [ -2.165994263362779, 42.408134110244596 ], [ -2.165686608044882, 42.408140315465324 ], [ -2.165430971077545, 42.408172240389298 ], [ -2.165140982009694, 42.408216271609895 ], [ -2.164951711392043, 42.408228926064176 ], [ -2.16466719308139, 42.408261764633714 ], [ -2.164307303858711, 42.408306426309252 ], [ -2.164024984831773, 42.408346011253315 ], [ -2.163700056139755, 42.408393173850925 ], [ -2.163340032177454, 42.408451889768514 ], [ -2.162986756159471, 42.408511775064241 ], [ -2.162682083484194, 42.408577639403333 ], [ -2.162346746120891, 42.408662442588295 ], [ -2.162016832768417, 42.408739945503832 ], [ -2.161994820416553, 42.408745254792471 ], [ -2.161749358615785, 42.408804440199269 ], [ -2.161675200703217, 42.408827780733127 ], [ -2.16143128932391, 42.408904547373538 ], [ -2.161092325019369, 42.409033183748804 ], [ -2.160787875975714, 42.409137908884084 ], [ -2.160557248982879, 42.409231350833942 ], [ -2.160230411270583, 42.409361230711554 ], [ -2.159997474752465, 42.409456316204611 ], [ -2.159785795391079, 42.409554398403145 ], [ -2.159518264563526, 42.409679051593514 ], [ -2.15931706569248, 42.409786224701335 ], [ -2.159075028765071, 42.409936425418522 ], [ -2.158847421015435, 42.410086176733685 ], [ -2.158613266263573, 42.410216130429404 ], [ -2.15836686011239, 42.410409637710032 ], [ -2.158173905217718, 42.410581059093388 ], [ -2.157957797541398, 42.410779290944021 ], [ -2.157767283514675, 42.410939422612557 ], [ -2.15760397044629, 42.411109304643169 ], [ -2.157538071592369, 42.411182560007113 ], [ -2.157404263740381, 42.411331306424287 ], [ -2.157251274254465, 42.411581236474483 ], [ -2.157148865758385, 42.411742016589784 ], [ -2.157055399465703, 42.411970383416239 ], [ -2.157003612623486, 42.412153541612511 ], [ -2.156973705440532, 42.412341854476971 ], [ -2.156971432875182, 42.412511265387749 ], [ -2.156969101262752, 42.412685174320174 ], [ -2.156966504586282, 42.4128787817641 ], [ -2.156990045332579, 42.413105777269436 ], [ -2.156998304487125, 42.413284303057246 ], [ -2.157043698235992, 42.413466425107359 ], [ -2.157099086300085, 42.413642456968816 ], [ -2.15716490435907, 42.413831511505414 ], [ -2.157209136871899, 42.413988868547023 ], [ -2.157255869794675, 42.41418678772596 ], [ -2.15729702573292, 42.414347481316348 ], [ -2.15731994034665, 42.414505806422248 ], [ -2.157352025075627, 42.414663681989317 ], [ -2.157364857219291, 42.414841061544777 ], [ -2.157365795572115, 42.414992299525608 ], [ -2.157365811451124, 42.414994744750743 ], [ -2.157373856560378, 42.41512988734668 ], [ -2.15736820019851, 42.415269414171988 ], [ -2.157328494839208, 42.415397473819141 ], [ -2.157262054529357, 42.415592857911591 ], [ -2.157175130876766, 42.415845489703756 ], [ -2.157052305976955, 42.416053998576174 ], [ -2.156904709117216, 42.41629832989058 ], [ -2.156698981160047, 42.416514638317629 ], [ -2.156580399897513, 42.416633097047125 ], [ -2.156451992745168, 42.416749194938909 ], [ -2.156140233821938, 42.416938860618281 ], [ -2.155950524321252, 42.41709334827371 ], [ -2.155760636495239, 42.417205065180369 ], [ -2.155508979233733, 42.417334383591644 ], [ -2.15521867524512, 42.417512933887657 ], [ -2.154744698404953, 42.417792550836488 ], [ -2.154356763532016, 42.418000187665271 ], [ -2.153887495560376, 42.418265759522406 ], [ -2.153632639280791, 42.418406851520217 ], [ -2.153437541316917, 42.418511240283792 ], [ -2.153207553243302, 42.418607477288852 ], [ -2.153005840176976, 42.418694921343082 ], [ -2.152801268377023, 42.418764895847531 ], [ -2.152550320879755, 42.418842936865083 ], [ -2.152361360091764, 42.418883180382906 ], [ -2.152181410648154, 42.418933068031457 ], [ -2.151912245025684, 42.418949093246113 ], [ -2.151652350579599, 42.418957293657641 ], [ -2.151413685257507, 42.418963971936108 ], [ -2.151172777234065, 42.418971199582444 ], [ -2.150977576948299, 42.418970305117575 ], [ -2.15083703800781, 42.418969815261399 ], [ -2.150705636929929, 42.418967164872726 ], [ -2.150600403153575, 42.418940505735954 ], [ -2.15039202232183, 42.41890180933526 ], [ -2.150136374967283, 42.418820527982099 ], [ -2.149955990131251, 42.418733092092033 ], [ -2.149821119379177, 42.418593062118987 ], [ -2.149657287376303, 42.418408322512711 ], [ -2.149571200789992, 42.418257992015448 ], [ -2.149452111156458, 42.418074143308615 ], [ -2.149350391721998, 42.41784320624928 ], [ -2.149286732293402, 42.417665393784013 ], [ -2.149218385368281, 42.417412320950021 ], [ -2.149214386287465, 42.417397508053078 ], [ -2.149118349222162, 42.417084978784843 ], [ -2.149048708412969, 42.416841847763209 ], [ -2.14902588591212, 42.416733026420808 ], [ -2.148908413421573, 42.416599338578017 ], [ -2.148775945504102, 42.41645199885857 ], [ -2.148590704847072, 42.416275014897039 ], [ -2.1483794912827, 42.416111909425069 ], [ -2.148090857875956, 42.415942030340936 ], [ -2.147843711085157, 42.416165440397975 ], [ -2.147790110505353, 42.416213889129949 ], [ -2.147398383069722, 42.416590342445751 ], [ -2.147326326342553, 42.416635956407006 ], [ -2.147244212864003, 42.416699528961288 ], [ -2.146987039581291, 42.416896880466773 ], [ -2.14611933753187, 42.41774763139896 ], [ -2.146089207287467, 42.417785122834303 ], [ -2.146050755270769, 42.417819180451744 ], [ -2.145883963913819, 42.417963163607723 ], [ -2.145595105438285, 42.418201328408614 ], [ -2.145505669517985, 42.418239506968945 ], [ -2.144841861551839, 42.418419469804817 ], [ -2.143861007186921, 42.418685376878003 ], [ -2.143657336024833, 42.418747465198997 ], [ -2.143542008080013, 42.418792752586363 ], [ -2.143401608554861, 42.418895282325245 ], [ -2.143248506236878, 42.419034825820269 ], [ -2.143002279067928, 42.419209158919671 ], [ -2.142723147744405, 42.419346100512172 ], [ -2.142451305659165, 42.419449323773932 ], [ -2.142152250261548, 42.419539374217777 ], [ -2.141928565872627, 42.419619348520627 ], [ -2.14172144350866, 42.419711230632068 ], [ -2.141510053627851, 42.419779989244148 ], [ -2.141371568750017, 42.419854924083545 ], [ -2.141175426290163, 42.419919315844247 ], [ -2.141002536971318, 42.419952357226222 ], [ -2.140928637582828, 42.419966450634064 ], [ -2.14082099574557, 42.420061329893841 ], [ -2.140816145058036, 42.420066291817704 ], [ -2.14072545805808, 42.42015909972443 ], [ -2.140608898569168, 42.420239840193858 ], [ -2.14043938897885, 42.420355057993547 ], [ -2.140240398994988, 42.420463897985883 ], [ -2.140005125038976, 42.420556691560684 ], [ -2.139845585791453, 42.420612927008897 ], [ -2.139657576266674, 42.420639066938413 ], [ -2.139498398106287, 42.420668858752592 ], [ -2.139297115957693, 42.42066844809073 ], [ -2.139125402087314, 42.420668299668485 ], [ -2.138995651220319, 42.420657732047445 ], [ -2.138880463264897, 42.42063997078786 ], [ -2.138646597141297, 42.420515523441189 ], [ -2.138604825818536, 42.420489388700304 ], [ -2.138428955163256, 42.42037935478772 ], [ -2.138141029107323, 42.420434031117225 ], [ -2.138053833392497, 42.42045096762898 ], [ -2.137909447264073, 42.420479004241038 ], [ -2.137722711624722, 42.420508482764326 ], [ -2.137715305393133, 42.420509651855404 ], [ -2.137625670180322, 42.420511228119672 ], [ -2.137546992849499, 42.420595623167671 ], [ -2.137465818614215, 42.420698556051661 ], [ -2.137386115260866, 42.420803233582703 ], [ -2.137303519757763, 42.420901098832864 ], [ -2.13725968701361, 42.420946792742313 ], [ -2.137217198353317, 42.420991082823271 ], [ -2.137085237142541, 42.421083528521656 ], [ -2.136966504079182, 42.421155224078881 ], [ -2.136781430191075, 42.421246714761168 ], [ -2.136595328463448, 42.421355051060189 ], [ -2.136474551743555, 42.421408715287512 ], [ -2.136248821129309, 42.421415458506765 ], [ -2.135968563706863, 42.421408308439261 ], [ -2.135928091336363, 42.421408002461803 ], [ -2.1356996873764, 42.42140627780482 ], [ -2.135419318610615, 42.421352920735565 ], [ -2.135151599616734, 42.421321092486998 ], [ -2.134921050914721, 42.421290611338833 ], [ -2.134639095059724, 42.421244030839922 ], [ -2.134481312961944, 42.421226478547084 ], [ -2.134229967877468, 42.421216737193333 ], [ -2.133778843098628, 42.421209378115641 ], [ -2.13302542193247, 42.421194219655099 ], [ -2.13301704937866, 42.421194052761827 ], [ -2.1330168095306, 42.421193375504551 ], [ -2.132953438812649, 42.421012282669089 ], [ -2.132868141713656, 42.420973401957824 ], [ -2.132769300126435, 42.420924219518398 ], [ -2.132687821271659, 42.420882508183716 ], [ -2.132630561584699, 42.420850571350051 ], [ -2.132554514221928, 42.420801597226529 ], [ -2.132483844325385, 42.420745306821928 ], [ -2.132427821230124, 42.42067791397163 ], [ -2.132267153136646, 42.420537662784227 ], [ -2.132181816448379, 42.420447525023086 ], [ -2.132055578876029, 42.420344683575522 ], [ -2.131964086562667, 42.420260694206434 ], [ -2.131919052953792, 42.42021925920416 ], [ -2.131869390884887, 42.420185132550138 ], [ -2.131843272179735, 42.42015114456111 ], [ -2.131798799186382, 42.420127144697233 ], [ -2.131738416237008, 42.420097453249078 ], [ -2.131693268685376, 42.420067818639787 ], [ -2.131599690084236, 42.420023214033691 ], [ -2.131520972848794, 42.420001808601754 ], [ -2.13145593599479, 42.419977669911816 ], [ -2.131378862292534, 42.419949477372668 ], [ -2.131295666144954, 42.419924111268664 ], [ -2.131211001914984, 42.419893627625861 ], [ -2.131207183255476, 42.419892454932693 ], [ -2.131106802725906, 42.419846668128294 ], [ -2.131003936803078, 42.419814955744265 ], [ -2.130888167235217, 42.419779737596215 ], [ -2.130804221038005, 42.419751505171106 ], [ -2.130702166157938, 42.419714688712155 ], [ -2.130617441266312, 42.419688725138016 ], [ -2.130528220428326, 42.419660471418126 ], [ -2.130454217134011, 42.419629514216794 ], [ -2.130361140405502, 42.419602355955021 ], [ -2.130237905468517, 42.419560326079427 ], [ -2.130159197627846, 42.419538316387289 ], [ -2.130039025106169, 42.41949072046792 ], [ -2.129952135077751, 42.419459111275074 ], [ -2.129879582019738, 42.419431519411987 ], [ -2.129830622741244, 42.419400751909336 ], [ -2.12974990413625, 42.41935849038876 ], [ -2.129680476991485, 42.419328121292686 ], [ -2.129588326302957, 42.419288024336815 ], [ -2.129533734435479, 42.419279162243711 ], [ -2.129472425543997, 42.419262944418442 ], [ -2.129395081300956, 42.419253907666167 ], [ -2.129322294604639, 42.419244906380015 ], [ -2.129232826428772, 42.419232419123851 ], [ -2.12915098480322, 42.419217688727848 ], [ -2.12907734933278, 42.419214341053326 ], [ -2.128901411456341, 42.41919219871977 ], [ -2.128789102793479, 42.419180644368979 ], [ -2.12873296977715, 42.419175128485776 ], [ -2.128683645127956, 42.419170804475712 ], [ -2.128568477456761, 42.419150231271125 ], [ -2.12851463575705, 42.419146462735775 ], [ -2.128449296174718, 42.419142574332753 ], [ -2.128347642943516, 42.419134496694525 ], [ -2.128238271677303, 42.419130267934804 ], [ -2.128157952212908, 42.419118957143702 ], [ -2.128054807727138, 42.419105261723693 ], [ -2.128008766934627, 42.419099916816307 ], [ -2.127956191391888, 42.41909381161053 ], [ -2.12784170153161, 42.419078295148786 ], [ -2.127811410321771, 42.419074475815869 ], [ -2.127770435665794, 42.419069304448811 ], [ -2.127698351832653, 42.419061452131267 ], [ -2.12761804635937, 42.419047304206295 ], [ -2.127559684582046, 42.419037303854466 ], [ -2.127503635668692, 42.419026177326643 ], [ -2.127409529563741, 42.419015909326674 ], [ -2.127331408557421, 42.41900911314476 ], [ -2.127250968203705, 42.419001196026578 ], [ -2.12717961862925, 42.418997815004857 ], [ -2.127130294249207, 42.418993489427983 ], [ -2.127050565653986, 42.418991219792609 ], [ -2.126943629043076, 42.41898026381179 ], [ -2.126851198351769, 42.418960948167246 ], [ -2.126760164572799, 42.418951860296453 ], [ -2.126691157181568, 42.418941742379936 ], [ -2.12662308647349, 42.418920973062441 ], [ -2.126573715315312, 42.41892002500709 ], [ -2.126509111492137, 42.418922350680518 ], [ -2.1264977039551, 42.418922817615709 ], [ -2.126455174430486, 42.418923636369982 ], [ -2.126402696617342, 42.418927148609392 ], [ -2.126348703420133, 42.418932915162415 ], [ -2.126322094142454, 42.418934427079414 ], [ -2.126237760378857, 42.41893433723299 ], [ -2.126188334862973, 42.418936778422307 ], [ -2.126124634863348, 42.418927845274283 ], [ -2.126054085348054, 42.41892112845823 ], [ -2.125985835097133, 42.418913303391236 ], [ -2.125924449647864, 42.418902689265011 ], [ -2.125859207716465, 42.418897138539805 ], [ -2.12577037704676, 42.418890817989613 ], [ -2.125696096955955, 42.418880105397463 ], [ -2.125637671869613, 42.418874607440699 ], [ -2.125566328430998, 42.418871238970574 ], [ -2.125498811303674, 42.418864544945151 ], [ -2.125438141697289, 42.418857880608904 ], [ -2.125387329616471, 42.41885129595677 ], [ -2.125318222109417, 42.418847967807743 ], [ -2.125251451563765, 42.418841256818737 ], [ -2.125155938474195, 42.418828724754214 ], [ -2.125069501959177, 42.418815094723726 ], [ -2.124975388998088, 42.418809305114323 ], [ -2.124876766217723, 42.418801801395297 ], [ -2.124810603342223, 42.418805239947801 ], [ -2.124720940717608, 42.41880850352792 ], [ -2.12460369985675, 42.418826140603493 ], [ -2.124513138115492, 42.41883898844992 ], [ -2.124461959574399, 42.418858315098007 ], [ -2.124386484189575, 42.41887796946569 ], [ -2.124280578593761, 42.418898571085741 ], [ -2.124214218751361, 42.418916066015932 ], [ -2.124081634830939, 42.418944874240317 ], [ -2.124000104670952, 42.418965075575393 ], [ -2.123871990872846, 42.418998435082592 ], [ -2.123702271036981, 42.419023013533796 ], [ -2.123627330725228, 42.419057891479724 ], [ -2.123623502892046, 42.419059573337535 ], [ -2.123583793712112, 42.419072219337401 ], [ -2.123518945686087, 42.419091972397517 ], [ -2.123440525811886, 42.419106569322125 ], [ -2.123321520353834, 42.419140001465614 ], [ -2.123247602884764, 42.419158581784046 ], [ -2.123137100756676, 42.419183632131009 ], [ -2.123042627186338, 42.419203693243503 ], [ -2.122956363939601, 42.419231175826368 ], [ -2.122855025988271, 42.419254062551687 ], [ -2.122743718786442, 42.419281910798347 ], [ -2.122649930489524, 42.419305980858383 ], [ -2.122526335003132, 42.419347230195591 ], [ -2.122400536111453, 42.419378339886926 ], [ -2.122289252170094, 42.419404490255062 ], [ -2.122227576367547, 42.419414180253106 ], [ -2.122165790263576, 42.419432298904688 ], [ -2.122070364050248, 42.419467014439832 ], [ -2.122004010739443, 42.419483954273289 ], [ -2.121917338108211, 42.419437143187707 ], [ -2.121826443866276, 42.419361007973073 ], [ -2.121753815408444, 42.419285607924884 ], [ -2.12165648984404, 42.419181829190975 ], [ -2.121583861794858, 42.419106429036532 ], [ -2.12153436451764, 42.4190627033732 ], [ -2.121482827866013, 42.418997551407472 ], [ -2.12139333759387, 42.418934985003467 ], [ -2.121291217194596, 42.41884694395587 ], [ -2.121199082970279, 42.418863112917371 ], [ -2.121141728376172, 42.418891959511733 ], [ -2.120981453625211, 42.418942521755632 ], [ -2.120933830004108, 42.418980408249759 ], [ -2.120827603617466, 42.419025184184427 ], [ -2.120730570415926, 42.419064425259585 ], [ -2.120654101553288, 42.419103234122034 ], [ -2.120605816232374, 42.419131564634881 ], [ -2.120565988963006, 42.419156006423833 ], [ -2.120527159588899, 42.419163051934504 ], [ -2.120476188808804, 42.419166015556002 ], [ -2.120422252677952, 42.419167298412802 ], [ -2.120350233179828, 42.419154902089538 ], [ -2.120285596195425, 42.419159479979868 ], [ -2.120174226470127, 42.419138352013938 ], [ -2.120086121012084, 42.419137120963896 ], [ -2.119945716111172, 42.419127044389292 ], [ -2.119794929007983, 42.419101132081444 ], [ -2.119670074325188, 42.419064684592399 ], [ -2.119522962830682, 42.419046693834893 ], [ -2.119359987803803, 42.419021795063813 ], [ -2.119246964293242, 42.41901022677385 ], [ -2.119156326283579, 42.418972938402518 ], [ -2.119047808031735, 42.418964798863584 ], [ -2.118848657731337, 42.418919313015323 ], [ -2.118759096869401, 42.418911891703765 ], [ -2.118627141032845, 42.418895677900267 ], [ -2.118498978771948, 42.418878940155089 ], [ -2.118361087560064, 42.418853125131406 ], [ -2.118262489378693, 42.418843918297043 ], [ -2.11811606245464, 42.41883039793143 ], [ -2.118003670979311, 42.418825028443671 ], [ -2.117846577346822, 42.418815924111165 ], [ -2.117687279830296, 42.418796697969043 ], [ -2.117579470036644, 42.418794759459864 ], [ -2.117449449548803, 42.418800488589433 ], [ -2.116879216659628, 42.418891795399198 ], [ -2.116703964654609, 42.418927588155277 ], [ -2.116452425357852, 42.418989241203192 ], [ -2.116367861012936, 42.419005483538633 ], [ -2.116289367220734, 42.41902177261192 ], [ -2.116224589187745, 42.419036469766063 ], [ -2.116150772431811, 42.419046008851439 ], [ -2.11611345457564, 42.419055311495164 ], [ -2.116073758844481, 42.419066806740936 ], [ -2.115982654135224, 42.419063302434267 ], [ -2.115932869765976, 42.419038129719375 ], [ -2.11588674281068, 42.41902255757271 ], [ -2.115777417556893, 42.418965476007656 ], [ -2.11558259079671, 42.41893467945863 ], [ -2.115392971926477, 42.418859478607835 ], [ -2.115224230622208, 42.418810879941169 ], [ -2.115117897943996, 42.418757144025577 ], [ -2.115065765289055, 42.418736508895236 ], [ -2.115018058748187, 42.418726549295222 ], [ -2.114885117659358, 42.41872776802434 ], [ -2.114777164500161, 42.418732580204193 ], [ -2.114652047049049, 42.418768203115484 ], [ -2.114550618266754, 42.418797817313944 ], [ -2.114452292840141, 42.418822394976836 ], [ -2.114319592731607, 42.41885907117446 ], [ -2.114209953641724, 42.418873973522118 ], [ -2.11410952050757, 42.418885588609044 ], [ -2.113932889379004, 42.418913471887393 ], [ -2.113747319861745, 42.418981812374312 ], [ -2.113622592017195, 42.419046134497947 ], [ -2.113515245047493, 42.419117363345578 ], [ -2.113388646139839, 42.419205320256992 ], [ -2.113302571003476, 42.419275570582066 ], [ -2.113164446239494, 42.419371902736998 ], [ -2.113089031088283, 42.419441667998903 ], [ -2.113011468866353, 42.419501284049488 ], [ -2.112899348298378, 42.419585975229438 ], [ -2.112833207903966, 42.419646256828656 ], [ -2.112767146181524, 42.419696983730304 ], [ -2.112713234418043, 42.419692616442831 ], [ -2.112646591827815, 42.419680829677162 ], [ -2.112597309497016, 42.419673125460093 ], [ -2.112478765583579, 42.419673349627281 ], [ -2.112293485889418, 42.41966796853454 ], [ -2.112127313862956, 42.419656534579296 ], [ -2.111991452097818, 42.419645371221208 ], [ -2.111855677291532, 42.419631925378425 ], [ -2.111704406098415, 42.419636929468602 ], [ -2.111574590326106, 42.419631442061608 ], [ -2.111528147882073, 42.419637831125335 ], [ -2.111420164958613, 42.419658395743028 ], [ -2.111224229213153, 42.419695707474091 ], [ -2.111056952654006, 42.419544091865014 ], [ -2.110885302156947, 42.419381224324489 ], [ -2.110848431227685, 42.419355041841371 ], [ -2.110799649657591, 42.419315802949107 ], [ -2.110760376235847, 42.419276344204377 ], [ -2.110673789084431, 42.419189350837996 ], [ -2.110201107271056, 42.418959692876044 ], [ -2.109846115275877, 42.418787216766106 ], [ -2.107430530499065, 42.417601011376185 ], [ -2.107350607313558, 42.417557024661555 ], [ -2.107285703706383, 42.417527838998176 ], [ -2.107244387181326, 42.417495978527199 ], [ -2.107171216093361, 42.417403665429106 ], [ -2.10710895968256, 42.417296797296245 ], [ -2.107057514984438, 42.417172007835035 ], [ -2.107036782911391, 42.417082354606322 ], [ -2.10703666447922, 42.417076567386594 ], [ -2.107034562704265, 42.416972595794178 ], [ -2.107035714203438, 42.41689152545581 ], [ -2.107050197154877, 42.41683199303489 ], [ -2.106857580960938, 42.416755051694423 ], [ -2.106689066651248, 42.41669517673801 ], [ -2.106417802829541, 42.416592891492854 ], [ -2.106247497683674, 42.416545865969155 ], [ -2.106113626669376, 42.416508900231392 ], [ -2.105975804286136, 42.416478537273157 ], [ -2.105819305186944, 42.416477313879945 ], [ -2.105616845653414, 42.416452105573008 ], [ -2.105420448487418, 42.416427516095652 ], [ -2.105025719106362, 42.41640923201038 ], [ -2.104766642922544, 42.416409453228418 ], [ -2.104551596106351, 42.416415074633598 ], [ -2.104345939251865, 42.416401073978918 ], [ -2.104488350385198, 42.416374612327047 ], [ -2.104785239266962, 42.4162784282749 ], [ -2.105058249256407, 42.416149424105178 ], [ -2.105249346482628, 42.416027975307784 ], [ -2.105287484170153, 42.416003736385292 ], [ -2.105466788151795, 42.415840250137897 ], [ -2.10564651417873, 42.415649135858779 ], [ -2.105793292574363, 42.415422317904451 ], [ -2.105938629293863, 42.41513922767038 ], [ -2.106008911557704, 42.414948937827496 ], [ -2.106067704713538, 42.414770432634519 ], [ -2.106100365775818, 42.414609118547709 ], [ -2.106219235367512, 42.414368581594616 ], [ -2.106367547536623, 42.414034829572863 ], [ -2.106496503974433, 42.413672787485694 ], [ -2.106677350592988, 42.413124687543252 ], [ -2.106677490209707, 42.413124269856212 ], [ -2.106880934581499, 42.412494335059314 ], [ -2.106956335619705, 42.412264152184832 ], [ -2.107165541784635, 42.412083393104226 ], [ -2.107735648599908, 42.411623015097852 ], [ -2.10777718373561, 42.411589471636425 ], [ -2.108527630809465, 42.410998712248691 ], [ -2.109061689090411, 42.410564937955932 ], [ -2.109399091111017, 42.410287823324119 ], [ -2.109685543565812, 42.410064351108765 ], [ -2.109893064110742, 42.40989257078143 ], [ -2.110083162622628, 42.409717335237382 ], [ -2.110333921017277, 42.409441223829567 ], [ -2.110536680994616, 42.409176559704477 ], [ -2.110600227370812, 42.4090864405714 ], [ -2.110693023204282, 42.408811329800365 ], [ -2.1107733697091, 42.408502962555964 ], [ -2.110792412280598, 42.408333682722791 ], [ -2.110847534798282, 42.408251370171293 ], [ -2.110928155730657, 42.408136612483808 ], [ -2.110998022759801, 42.408029071540369 ], [ -2.111110962034636, 42.407884755641348 ], [ -2.11118991173026, 42.407778987124573 ], [ -2.111434357924143, 42.407519124980858 ], [ -2.111544406592383, 42.40741752385378 ], [ -2.111649556212371, 42.407285525676606 ], [ -2.111796572632842, 42.407040694139752 ], [ -2.111931465680542, 42.40679407446693 ], [ -2.112053354593439, 42.406498956040018 ], [ -2.112165331086598, 42.406207710694886 ], [ -2.112242454582868, 42.405909975820606 ], [ -2.112286157480727, 42.405772407382891 ], [ -2.112315026287207, 42.405663443961274 ], [ -2.112401797434065, 42.405489636797391 ], [ -2.112626549812073, 42.405171116979133 ], [ -2.113020902237275, 42.404565151071274 ], [ -2.113423232387891, 42.403932741876062 ], [ -2.113782457285451, 42.403395742725095 ], [ -2.114167683203643, 42.40284601079501 ], [ -2.114691024976849, 42.402140293360475 ], [ -2.115101349706618, 42.401585091752494 ], [ -2.115483182300503, 42.401058956976122 ], [ -2.115727841122588, 42.40072594072825 ], [ -2.115769847127777, 42.400384591193756 ], [ -2.115807079860569, 42.40000550144633 ], [ -2.115831732270065, 42.399763667804322 ], [ -2.115833270958595, 42.399707388052825 ], [ -2.115916706622138, 42.399500351902518 ], [ -2.115928002479461, 42.399450902750495 ], [ -2.115927833343547, 42.399409807345982 ], [ -2.115890586478252, 42.399358280798545 ], [ -2.115622937632621, 42.399165981114713 ], [ -2.115519309342035, 42.399101094438116 ], [ -2.115483662530872, 42.39907877285502 ], [ -2.115432539417543, 42.399044070254035 ], [ -2.115147565441893, 42.398841454550514 ], [ -2.114580332112844, 42.39845656477754 ], [ -2.11441419417837, 42.398337090180512 ], [ -2.114224380434101, 42.398205585988634 ], [ -2.114032159605319, 42.398072413889636 ], [ -2.113622358909767, 42.397782731876546 ], [ -2.113337433723729, 42.397577897463066 ], [ -2.113001829498726, 42.397356328034839 ], [ -2.112650911252711, 42.397148178613492 ], [ -2.11259160296551, 42.397113397871344 ], [ -2.112357166188776, 42.396975919118418 ], [ -2.112228470003971, 42.396891040284601 ], [ -2.112089213255929, 42.396806664895479 ], [ -2.111949701380536, 42.396680607858684 ], [ -2.111683745289628, 42.396370118945896 ], [ -2.111678649006758, 42.396363604181616 ], [ -2.111332407052909, 42.395921010002269 ], [ -2.110780600832313, 42.395410093555846 ], [ -2.110618824622332, 42.395260298120725 ], [ -2.110599142109358, 42.39525509308158 ], [ -2.110569161985272, 42.395228409118793 ], [ -2.110297795478377, 42.394977489806536 ], [ -2.110237240248346, 42.394910029096266 ], [ -2.110214339107656, 42.394864848637972 ], [ -2.110199636839448, 42.394780276769488 ], [ -2.110211694087896, 42.394624464838671 ], [ -2.110280930808776, 42.39429124008074 ], [ -2.110285082613866, 42.394212439657785 ], [ -2.110285630726786, 42.39417363729094 ], [ -2.110278031214093, 42.394119520118913 ], [ -2.110213739768399, 42.393996310601239 ], [ -2.110073579800758, 42.393758253659492 ], [ -2.109977338178915, 42.393638190310099 ], [ -2.109900779352231, 42.39351994220484 ], [ -2.109881574399662, 42.393480986461029 ], [ -2.109713263400448, 42.393410989297585 ], [ -2.109373454372304, 42.393274351201271 ], [ -2.108772467290808, 42.392977017826531 ], [ -2.108680026545463, 42.392925522690511 ], [ -2.108493692911027, 42.392821724775409 ], [ -2.10839832579087, 42.3927881681157 ], [ -2.107968555261594, 42.392636956969717 ], [ -2.107348660071123, 42.392389545658439 ], [ -2.10720792245508, 42.392354662067476 ], [ -2.107187864082343, 42.392346486054755 ], [ -2.106875725112968, 42.392219234003328 ], [ -2.10665629278157, 42.392108333405133 ], [ -2.10643883412217, 42.391970980188333 ], [ -2.106280616690307, 42.391880825691473 ], [ -2.10580378646112, 42.391666579744268 ], [ -2.105386612025322, 42.391474195505886 ], [ -2.105137512508976, 42.391336619906149 ], [ -2.105039248409487, 42.391282352070874 ], [ -2.104839307932872, 42.391141759842988 ], [ -2.104767681446633, 42.391104603940846 ], [ -2.10443348612989, 42.390949457173853 ], [ -2.103892923941816, 42.390783695928114 ], [ -2.103248870284172, 42.390582202048897 ], [ -2.102708127961388, 42.390373660946871 ], [ -2.101995776678848, 42.390117012443298 ], [ -2.101472586434491, 42.389904671902329 ], [ -2.101094970524389, 42.38976322794062 ], [ -2.101053363091852, 42.389749401758664 ], [ -2.100834952746205, 42.389680146031921 ], [ -2.100387288073931, 42.389495357611722 ], [ -2.099965932929102, 42.389333298787122 ], [ -2.099604173248026, 42.389196531409823 ], [ -2.099311243991456, 42.389078837945213 ], [ -2.099026155310179, 42.388944846942842 ], [ -2.098710451399531, 42.388772402283877 ], [ -2.098497788090728, 42.388669983241535 ], [ -2.098315448547969, 42.388573948880854 ], [ -2.098107984025874, 42.38847719872463 ], [ -2.097926762146312, 42.388407123187939 ], [ -2.097776420844334, 42.388355842665312 ], [ -2.097626624356341, 42.388318620022098 ], [ -2.097355662364001, 42.388256837708283 ], [ -2.097185223579214, 42.388229597157341 ], [ -2.097029414184918, 42.388240175003375 ], [ -2.096696310910553, 42.388224596607834 ], [ -2.096334132206914, 42.388168287387245 ], [ -2.09605426798548, 42.388096286619003 ], [ -2.095817305841666, 42.388047674289595 ], [ -2.09564707995233, 42.38800188087032 ], [ -2.095249259097361, 42.387841115197411 ], [ -2.0948515459648, 42.387673077587166 ], [ -2.094662288692701, 42.387580949913833 ], [ -2.09441437854642, 42.387446152218111 ], [ -2.094255399500524, 42.387362706130432 ], [ -2.09409608904077, 42.38729895772456 ], [ -2.09386807040329, 42.387158101922928 ], [ -2.093551722119329, 42.386980031740052 ], [ -2.093260838882415, 42.386826851922024 ], [ -2.093042870655473, 42.386724385292759 ], [ -2.092721940715588, 42.386605291679487 ], [ -2.092293040675378, 42.386440933956806 ], [ -2.091800836961021, 42.386242848372781 ], [ -2.091302140892611, 42.386022172711762 ], [ -2.091006775188015, 42.38586334542682 ], [ -2.090844020756556, 42.385776510845467 ], [ -2.090569781752998, 42.385680896161261 ], [ -2.09037956194401, 42.385604535803665 ], [ -2.090180270573863, 42.385525803014353 ], [ -2.090077857530302, 42.385467607839615 ], [ -2.090018713421089, 42.385408023294971 ], [ -2.089928104421983, 42.385282507607926 ], [ -2.089914515341683, 42.385263680851921 ], [ -2.08981734270528, 42.385156526543867 ], [ -2.089713135415966, 42.385064508439825 ], [ -2.089549337248637, 42.384998466582843 ], [ -2.089318542907198, 42.384892495749902 ], [ -2.089123503160125, 42.384781756207055 ], [ -2.088892467909734, 42.384640884522433 ], [ -2.088601503927868, 42.384439888598855 ], [ -2.088427629549121, 42.384338317585986 ], [ -2.088277308992575, 42.384231819150713 ], [ -2.088210795298739, 42.384198079787552 ], [ -2.088045147557333, 42.38411405058163 ], [ -2.088042540364158, 42.384052127400651 ], [ -2.087548756269606, 42.383623797988072 ], [ -2.088382243016648, 42.382270520232666 ], [ -2.088811392353068, 42.381663224377647 ], [ -2.089938849514816, 42.38006767347445 ], [ -2.090660858955212, 42.379045850202104 ], [ -2.091457692098044, 42.377918089897527 ], [ -2.091870070504833, 42.377119840592755 ], [ -2.092678477875686, 42.376005383802998 ], [ -2.092811890407508, 42.375821464179708 ], [ -2.092811757331711, 42.375821427102778 ], [ -2.091529633664436, 42.375460081947367 ], [ -2.08977683725479, 42.374878721568159 ], [ -2.082822643758447, 42.370985533254476 ], [ -2.08255303973797, 42.370809513894422 ], [ -2.082160718850951, 42.370591933270425 ], [ -2.081776743446046, 42.370374922476607 ], [ -2.081416901843913, 42.370171675772376 ], [ -2.081151811377449, 42.370027714520596 ], [ -2.080750605876881, 42.369795418633878 ], [ -2.080624820919318, 42.369725720504761 ], [ -2.08024842855217, 42.369511620281969 ], [ -2.079954275390243, 42.369331384772735 ], [ -2.079725450349327, 42.369197851974413 ], [ -2.079588029930563, 42.369148312846043 ], [ -2.079485482107439, 42.369113468527182 ], [ -2.079401460836342, 42.369084914962968 ], [ -2.079268881948705, 42.369017412281053 ], [ -2.079162040594809, 42.368951849825322 ], [ -2.0791206874195, 42.368925625479939 ], [ -2.079058960453513, 42.368887389194803 ], [ -2.078971033675363, 42.368829836214843 ], [ -2.078895520065648, 42.368749864353639 ], [ -2.078816405268506, 42.368655790765068 ], [ -2.07879077890515, 42.368591417259147 ], [ -2.078791297579934, 42.368505307165599 ], [ -2.078793234417255, 42.368494105782965 ], [ -2.078813683609761, 42.368376027006313 ], [ -2.078824407888707, 42.368265209956469 ], [ -2.078817666485884, 42.368154819042715 ], [ -2.078820813746551, 42.368095770514593 ], [ -2.078836529941714, 42.368058729119603 ], [ -2.07889957616624, 42.36800635796893 ], [ -2.078974150141022, 42.367943345167753 ], [ -2.079019627878829, 42.367893025764133 ], [ -2.079051054666483, 42.367768339172272 ], [ -2.07906248479306, 42.36760916564802 ], [ -2.079088163042832, 42.367411246667736 ], [ -2.079127004588461, 42.367244930922681 ], [ -2.07913135131177, 42.367104239290782 ], [ -2.079137525169576, 42.366995101275116 ], [ -2.079158211794229, 42.366876483953213 ], [ -2.079200884831573, 42.366710222357412 ], [ -2.079258488498569, 42.366611624610506 ], [ -2.079344400815236, 42.366444584460069 ], [ -2.079385072158668, 42.36636611412753 ], [ -2.079429620831729, 42.366277517066443 ], [ -2.079501111252728, 42.366164422992007 ], [ -2.079617827269884, 42.366020132289464 ], [ -2.079768819323716, 42.365866007377846 ], [ -2.079885165588914, 42.365747055360373 ], [ -2.079982871796304, 42.365657763442456 ], [ -2.080119478641604, 42.365554725232087 ], [ -2.08030385878021, 42.365403119885507 ], [ -2.080422006712753, 42.365317382321457 ], [ -2.080567490355234, 42.365229612366548 ], [ -2.08076760865689, 42.36509333007475 ], [ -2.081010152652434, 42.364960746747791 ], [ -2.081063822519125, 42.36492343827021 ], [ -2.081151096771843, 42.364819449512794 ], [ -2.081241447186969, 42.364716021194603 ], [ -2.081264383827279, 42.36465093503066 ], [ -2.08130084599463, 42.364596056557829 ], [ -2.081384695211753, 42.364467863602925 ], [ -2.081449795378268, 42.364376643037609 ], [ -2.081555007877381, 42.364290800645307 ], [ -2.081753914609999, 42.364185990919786 ], [ -2.082063709432532, 42.364022441912716 ], [ -2.082307152266795, 42.36387861002293 ], [ -2.08254174500456, 42.363717812458631 ], [ -2.082758661063334, 42.363571537433465 ], [ -2.082953938415502, 42.363452625614606 ], [ -2.08318655196428, 42.363324492708941 ], [ -2.083384560398893, 42.363226445445875 ], [ -2.083519365406769, 42.363144192548056 ], [ -2.083601941795139, 42.363100959246864 ], [ -2.08371056107599, 42.362990920476086 ], [ -2.083848866137257, 42.362876661760843 ], [ -2.083998103870123, 42.362738821588003 ], [ -2.08409344635859, 42.362654023720665 ], [ -2.084172103631214, 42.362567430883423 ], [ -2.084219522494617, 42.362491264167183 ], [ -2.084265287446248, 42.362403461991235 ], [ -2.084510516954961, 42.362221522686283 ], [ -2.084547777424045, 42.362206217338873 ], [ -2.08460353498964, 42.36217912763496 ], [ -2.084804165758812, 42.362110345779165 ], [ -2.085024684999285, 42.362030515244513 ], [ -2.085197494862708, 42.361942404454155 ], [ -2.085472159126466, 42.361792064896619 ], [ -2.085690204742611, 42.361669970745297 ], [ -2.085908910241279, 42.361505647844119 ], [ -2.08603561851134, 42.361404775054638 ], [ -2.086118433009626, 42.361346929599215 ], [ -2.086355524743239, 42.361272816805837 ], [ -2.086593126671002, 42.361218438810987 ], [ -2.086655793058104, 42.361187931334591 ], [ -2.086696506352394, 42.361155078499813 ], [ -2.086767482149871, 42.361025058809552 ], [ -2.086904672191477, 42.360722782888736 ], [ -2.086966622845149, 42.360583653671235 ], [ -2.087003312641966, 42.360513047082144 ], [ -2.087129578645065, 42.360392469830131 ], [ -2.087508680988322, 42.360048191455647 ], [ -2.087581249460245, 42.359966009335217 ], [ -2.087676035216034, 42.359812552214542 ], [ -2.08781809305265, 42.359595861798979 ], [ -2.088003105988628, 42.359398084162699 ], [ -2.08820052607356, 42.359180704280696 ], [ -2.08835295951463, 42.358979288803823 ], [ -2.088459269132131, 42.358819707600055 ], [ -2.088622610162088, 42.358702818686275 ], [ -2.088783628738162, 42.358588122049753 ], [ -2.088968393809239, 42.358406664209348 ], [ -2.089150485969261, 42.358200431847415 ], [ -2.089339096974886, 42.357962711965982 ], [ -2.089415365610073, 42.35783384032915 ], [ -2.089487997322031, 42.357744907469701 ], [ -2.089624024424434, 42.357626674426982 ], [ -2.089770422375326, 42.357421854338718 ], [ -2.089826054955322, 42.35729956857282 ], [ -2.089850563562983, 42.357179858181624 ], [ -2.089840509570373, 42.357035713916694 ], [ -2.089857339576963, 42.356921012937732 ], [ -2.089926212298775, 42.356722291134865 ], [ -2.090043164410582, 42.356507073650178 ], [ -2.090167917943611, 42.356223801069596 ], [ -2.090242162446889, 42.355969991450394 ], [ -2.090369416999639, 42.355567977237783 ], [ -2.090469520301526, 42.355257526721402 ], [ -2.090472649623789, 42.355145522294258 ], [ -2.090475581073332, 42.354891127806596 ], [ -2.090469911830311, 42.354653005568316 ], [ -2.090465051387088, 42.35451448711715 ], [ -2.090433009065925, 42.35426375887522 ], [ -2.090370236008054, 42.353985196911637 ], [ -2.09034381661482, 42.353872421264491 ], [ -2.090276699951795, 42.353736213288698 ], [ -2.090268063084213, 42.353704069875448 ], [ -2.090238558658713, 42.35364643599533 ], [ -2.090217448107452, 42.353582654572506 ], [ -2.090113705262763, 42.353461961388078 ], [ -2.089957498232936, 42.353296347614304 ], [ -2.089944718592766, 42.353283318055972 ], [ -2.089816220593592, 42.352683922860876 ], [ -2.089841149517674, 42.352629530862956 ], [ -2.089875380826648, 42.352518382109082 ], [ -2.089819083854425, 42.352425582215041 ], [ -2.089794113257982, 42.352260475911486 ], [ -2.089799521420062, 42.351834438399592 ], [ -2.089779584884051, 42.351586039462106 ], [ -2.089759622728423, 42.351288099163078 ], [ -2.089727788362693, 42.351023336381552 ], [ -2.089687201326094, 42.350837838008637 ], [ -2.089624975679424, 42.350615512445906 ], [ -2.089592592195477, 42.350368582538231 ], [ -2.08959567612936, 42.350293370831054 ], [ -2.089598918069672, 42.350174063356135 ], [ -2.089623214881203, 42.350013828644769 ], [ -2.089614204315326, 42.349745821116954 ], [ -2.089595495405051, 42.349464267177737 ], [ -2.08960382906951, 42.349200859824414 ], [ -2.089607367167872, 42.348904285769088 ], [ -2.089608872967811, 42.348748368554084 ], [ -2.089633167976919, 42.34864332262304 ], [ -2.089638349142566, 42.348597766327934 ], [ -2.089658391085896, 42.34841892828517 ], [ -2.089713443324938, 42.348126117937113 ], [ -2.089759191082802, 42.347954251969 ], [ -2.089785091566004, 42.347844675203383 ], [ -2.089822589334103, 42.347768985558339 ], [ -2.089873238264747, 42.347677626264961 ], [ -2.089903099267275, 42.347606982378529 ], [ -2.089904555886519, 42.347451051224475 ], [ -2.089907115751414, 42.347273766560015 ], [ -2.089929009191342, 42.347124802562462 ], [ -2.089947822561211, 42.347030957030555 ], [ -2.089950305632988, 42.347009474882029 ], [ -2.089961420702552, 42.346970828241332 ], [ -2.091458581861776, 42.346244915702513 ], [ -2.091458630742908, 42.346244893574813 ], [ -2.092504457403453, 42.345738060913583 ], [ -2.094609132754916, 42.343667782548032 ], [ -2.094610311322921, 42.343666445454858 ], [ -2.094414170903186, 42.342106874581219 ], [ -2.094414349818473, 42.342106673358835 ], [ -2.095993862699047, 42.340309168578621 ], [ -2.095995195550852, 42.340308071346413 ], [ -2.097534082632117, 42.339591850058703 ], [ -2.098338864706181, 42.339319573990643 ], [ -2.098338524822458, 42.339319148034477 ], [ -2.098338494992291, 42.339319111775772 ], [ -2.098338873133569, 42.339318984162098 ], [ -2.09895607080605, 42.338603374640471 ], [ -2.101799286730591, 42.335860886521949 ], [ -2.102206588603276, 42.334531191476252 ], [ -2.102416251193857, 42.333452094175122 ], [ -2.102204863434839, 42.332955116986426 ], [ -2.103769491316977, 42.331328286308057 ], [ -2.105822870278491, 42.331182276049461 ], [ -2.108460791048009, 42.330896636615826 ], [ -2.109043733881466, 42.33087413440564 ], [ -2.109203548996089, 42.330731291151807 ], [ -2.110293187968302, 42.329208745486156 ], [ -2.109547193798857, 42.327023493719722 ], [ -2.109601863333117, 42.326591657618387 ], [ -2.111003340698035, 42.326188215193554 ], [ -2.112901880959002, 42.325815724909816 ], [ -2.113959728464049, 42.325679793940814 ], [ -2.115202205312647, 42.325356167167577 ], [ -2.115844599561192, 42.325415193926965 ], [ -2.117038942984484, 42.325928752490434 ], [ -2.118011786154659, 42.325792164628368 ], [ -2.120105616236685, 42.325339973654344 ], [ -2.120580302761137, 42.325244505521759 ], [ -2.122663345170584, 42.324693140896258 ], [ -2.124006880888901, 42.324082001537647 ], [ -2.125763944145671, 42.323401965939254 ], [ -2.128655731501444, 42.322280281112405 ], [ -2.132113334508442, 42.320604393252573 ], [ -2.134990913687088, 42.31961747441985 ], [ -2.135954834463537, 42.319237536135198 ], [ -2.136893372406313, 42.31893838570732 ], [ -2.1386011103835, 42.318293818805451 ], [ -2.140854071372434, 42.317716362522887 ], [ -2.145872572811987, 42.316330941225033 ], [ -2.146845577797593, 42.316167105516946 ], [ -2.151058432388163, 42.316018303256435 ], [ -2.15177382083724, 42.316059649729866 ], [ -2.153267712589584, 42.315962588294255 ], [ -2.154189889773252, 42.315969442021412 ], [ -2.159547608267296, 42.3164141646564 ], [ -2.164811081163413, 42.316650860329545 ], [ -2.166009602114289, 42.316866693806318 ], [ -2.169923969240915, 42.318192025450308 ], [ -2.171453550424298, 42.319076683775464 ], [ -2.176837165074156, 42.322213630724676 ], [ -2.178490972227949, 42.321964301779424 ], [ -2.179923688820272, 42.321911569967064 ], [ -2.181172398326038, 42.322010593405629 ], [ -2.182325610298891, 42.321991779396683 ], [ -2.182676701458655, 42.322057347538767 ], [ -2.182954161317027, 42.322185417163936 ], [ -2.183242284267953, 42.322430641015515 ], [ -2.184942310183761, 42.324234923545141 ], [ -2.186057541675757, 42.325278584936932 ], [ -2.187524680362527, 42.325388057817591 ], [ -2.188031712272441, 42.325598822324267 ], [ -2.189134868768062, 42.325696685965056 ], [ -2.192548175955157, 42.326423275413426 ], [ -2.194759859527924, 42.327159349332611 ], [ -2.195338331256221, 42.327478628988295 ], [ -2.195949737679536, 42.328077350857541 ], [ -2.196351818280105, 42.328908697136299 ], [ -2.196972831359012, 42.328750965894777 ], [ -2.198951293202503, 42.328746810770355 ], [ -2.199943797197907, 42.328006239451923 ], [ -2.20047513079969, 42.327262443757448 ], [ -2.201631165904381, 42.327027360164664 ], [ -2.201862176329537, 42.326992952235443 ], [ -2.203552060013535, 42.326770572770286 ], [ -2.203870798162579, 42.326520617219501 ], [ -2.20427909339347, 42.325902049585608 ], [ -2.204614468822187, 42.324328311926195 ], [ -2.209463091590822, 42.326748497299143 ], [ -2.20982431518079, 42.326976178582527 ], [ -2.21144933240408, 42.32805907807419 ], [ -2.211614265719002, 42.32748386426077 ], [ -2.212049550094138, 42.32664926556599 ], [ -2.212689922787755, 42.326878841374352 ], [ -2.215170539957537, 42.327481268045801 ], [ -2.217083068413905, 42.328872273398957 ], [ -2.217673626494393, 42.329209490082626 ], [ -2.221555211337666, 42.330388809183468 ], [ -2.222547500310623, 42.330638685639123 ], [ -2.223529794433094, 42.330699396220595 ], [ -2.224767952047221, 42.330689791741705 ], [ -2.226165827304261, 42.330528125327852 ], [ -2.227371016204992, 42.330239091978996 ], [ -2.229074926638177, 42.330853974707402 ], [ -2.229947942182867, 42.330931931977638 ], [ -2.231957929628454, 42.331332659753976 ], [ -2.232490183047532, 42.330480670541093 ], [ -2.232687991585344, 42.331184431859803 ], [ -2.232454447864202, 42.333416383391558 ], [ -2.232442097608521, 42.333434321854966 ], [ -2.232404551555276, 42.333533154342391 ], [ -2.231426274840958, 42.336111303451311 ], [ -2.232905586792569, 42.335247667757955 ], [ -2.233834615379221, 42.335713140825845 ], [ -2.234673451590822, 42.336610332249826 ], [ -2.23599156125743, 42.3370244567583 ], [ -2.238190695672782, 42.337867690847403 ], [ -2.239074624912057, 42.338053648255581 ], [ -2.239437649381601, 42.338146198517116 ], [ -2.241965701181961, 42.338901389923294 ], [ -2.24324117298512, 42.338828839971868 ], [ -2.244263834336345, 42.338583429804096 ], [ -2.245715102806595, 42.338025584529966 ], [ -2.246925720764582, 42.337286043540054 ], [ -2.247470957482685, 42.337370711202674 ], [ -2.248152206875216, 42.336231455286352 ], [ -2.25032180044253, 42.333444768064155 ], [ -2.250346383507552, 42.333417924993014 ], [ -2.250802838281142, 42.332799488669167 ], [ -2.251282370849529, 42.332280281439452 ], [ -2.251809719165999, 42.331824426669115 ], [ -2.253120076763078, 42.331878029621421 ], [ -2.254100133766987, 42.332136555015381 ], [ -2.254275368197781, 42.332714083404369 ], [ -2.2544488434178, 42.333444724840845 ], [ -2.256134682190631, 42.335617152243188 ], [ -2.257793786371605, 42.335952142010441 ], [ -2.260404902942284, 42.335842958170396 ], [ -2.258541012440991, 42.33846969559275 ], [ -2.25803495313487, 42.339177833359543 ], [ -2.256630420717657, 42.341960617062625 ], [ -2.255988961866657, 42.343847730846939 ], [ -2.25344266331523, 42.34665899516223 ], [ -2.249562522610315, 42.348281795840805 ], [ -2.248529098009154, 42.348401026349016 ], [ -2.246859542197355, 42.348921395879259 ], [ -2.245407708686783, 42.34950624976468 ], [ -2.244027618122932, 42.350181610541036 ], [ -2.242485945605202, 42.351171059828332 ], [ -2.241976326570864, 42.351140679859029 ], [ -2.241345186152201, 42.351118498735566 ], [ -2.241038329213657, 42.351395601085812 ], [ -2.240580880357958, 42.352077067046672 ], [ -2.239878008191046, 42.353972643517523 ], [ -2.239406327128007, 42.354825101321872 ], [ -2.239125454372665, 42.354958301192248 ], [ -2.238846205633693, 42.354956425150945 ], [ -2.237975179727866, 42.354689494049694 ], [ -2.237719338617781, 42.354759779481888 ], [ -2.236180000791723, 42.355533044270111 ], [ -2.235419770083975, 42.356140387218019 ], [ -2.235149048907146, 42.356435788670446 ], [ -2.235078426104856, 42.357254870753124 ], [ -2.234664594798076, 42.358332791042621 ], [ -2.23457379892414, 42.358809554792487 ], [ -2.23364702687963, 42.359127530330198 ], [ -2.233204427446955, 42.359574859730216 ], [ -2.232766039634019, 42.359679988417859 ], [ -2.230214764632548, 42.360761595041083 ], [ -2.229481935725491, 42.361107895527638 ], [ -2.224583900669118, 42.367360989928564 ], [ -2.228632296999534, 42.373962721765039 ], [ -2.232127937821176, 42.376156643327818 ], [ -2.234086855780271, 42.376881276829408 ], [ -2.235838812715055, 42.377649448258644 ], [ -2.241454293844297, 42.380370617647145 ], [ -2.241827940877912, 42.38061622412512 ], [ -2.242042800075782, 42.380932896976127 ], [ -2.242596972183094, 42.381314780618204 ], [ -2.243232597432728, 42.381994451971252 ], [ -2.245224750913733, 42.383016287622667 ], [ -2.245670380915091, 42.383334439349348 ], [ -2.245776694133654, 42.383587307465781 ], [ -2.246656567323211, 42.384169485069677 ], [ -2.248022046938813, 42.384772852341037 ], [ -2.248648533595741, 42.385209263645059 ], [ -2.249710663089192, 42.385792560717142 ], [ -2.250733108741268, 42.386591303566121 ], [ -2.250733764782362, 42.386591812189089 ], [ -2.250736658402616, 42.386591619460198 ], [ -2.251353823850518, 42.386550887137844 ], [ -2.257357580617363, 42.387382527990738 ], [ -2.26146944095227, 42.386904844450662 ], [ -2.267879483302436, 42.385198900415077 ], [ -2.270743474331727, 42.384075772565119 ], [ -2.273822638967326, 42.382868140335816 ], [ -2.275435796117604, 42.381639611625296 ], [ -2.277364315523223, 42.380170819094026 ], [ -2.278963734010147, 42.379460405672404 ], [ -2.280067206803697, 42.379141190707287 ], [ -2.280609054570154, 42.37898444187919 ], [ -2.281134265856011, 42.378735558307028 ], [ -2.281147583214438, 42.378731026233261 ], [ -2.283707232779911, 42.377860137590261 ], [ -2.284729042294981, 42.377731427083589 ], [ -2.286265077463705, 42.377245665146141 ], [ -2.287261037547393, 42.377166115026768 ], [ -2.287833426071213, 42.377120390285477 ], [ -2.288162491754579, 42.377023354324741 ], [ -2.288398919205622, 42.376874794560059 ], [ -2.288517267082433, 42.376800429768345 ], [ -2.288957767205572, 42.37673171525141 ], [ -2.289405523377274, 42.376661864226804 ], [ -2.293351011266055, 42.375776672794139 ], [ -2.294647645805208, 42.375274756953459 ], [ -2.294656349865602, 42.375271388219183 ], [ -2.295096912877308, 42.374976874214013 ], [ -2.288845157769252, 42.367130003059614 ], [ -2.285136850623682, 42.36107288128629 ], [ -2.28546486026521, 42.35892248188933 ], [ -2.286631986727132, 42.356651249916204 ], [ -2.286868705073962, 42.35397794869278 ], [ -2.28806471271057, 42.352364286894833 ], [ -2.291659234754716, 42.351242846090713 ], [ -2.291993147856713, 42.350704551831534 ], [ -2.292219369832185, 42.350021515697343 ], [ -2.292429329949134, 42.349698601852928 ], [ -2.293029683598151, 42.349215974785174 ], [ -2.293579624464975, 42.348895190625242 ], [ -2.297259133491288, 42.347747035383627 ], [ -2.297687253264254, 42.347461488189069 ], [ -2.297886254727107, 42.347039412395944 ], [ -2.301234225876545, 42.341827386543379 ], [ -2.30166518023124, 42.341280630350113 ], [ -2.301976756389132, 42.340553059553898 ], [ -2.302803638917249, 42.33932428063347 ], [ -2.303178635784075, 42.33834487868473 ], [ -2.303802116808368, 42.335754913235014 ], [ -2.304525637935182, 42.335083915844002 ], [ -2.30472306333443, 42.334796904274349 ], [ -2.304901876204092, 42.333996469982594 ], [ -2.305024967066363, 42.333835090485273 ], [ -2.305611648670794, 42.333469393864114 ], [ -2.306504959292647, 42.332817376201469 ], [ -2.306594323182499, 42.332412659216274 ], [ -2.306545457092815, 42.331340633604945 ], [ -2.306600095129749, 42.330791576726867 ], [ -2.306978995, 42.330550703148276 ], [ -2.308124968563979, 42.330089329770956 ], [ -2.30995012262925, 42.32967708538488 ], [ -2.310815573351001, 42.329340082572777 ], [ -2.31299037957406, 42.328029216123873 ], [ -2.313684952049841, 42.327772247589245 ], [ -2.314645290031788, 42.327633841940575 ], [ -2.315226382181721, 42.327772441973885 ], [ -2.316439899410576, 42.326671958674851 ], [ -2.317989484010763, 42.325915667991659 ], [ -2.321509956437566, 42.324711788258192 ], [ -2.325589042517244, 42.322331295945126 ], [ -2.325742001322224, 42.321647703877055 ], [ -2.326413083109638, 42.321309455742799 ], [ -2.327483197536035, 42.321108581266607 ], [ -2.330695723581516, 42.319155106449323 ], [ -2.331801426711711, 42.319017478928245 ], [ -2.333660362125331, 42.317668370465086 ], [ -2.335177926978876, 42.316452371458489 ], [ -2.336001522050864, 42.315448443645785 ], [ -2.33895678956463, 42.312511573535453 ], [ -2.340587593244712, 42.312052671958156 ], [ -2.341279576973992, 42.31202060124199 ], [ -2.341726248798543, 42.312239321234948 ], [ -2.342671704988103, 42.31350559865146 ], [ -2.344797721274574, 42.314436414277473 ], [ -2.345983364801736, 42.313605615655135 ], [ -2.346306952194655, 42.31399476164561 ], [ -2.347901235438168, 42.313544495526173 ], [ -2.347823279749854, 42.312868652736597 ], [ -2.349251065367757, 42.312084256344278 ], [ -2.349448679076255, 42.311752123235699 ], [ -2.349441727249034, 42.311247737392996 ], [ -2.349651705586179, 42.310888709698972 ], [ -2.349489950265877, 42.308924446374462 ], [ -2.350370836210528, 42.308217972343179 ], [ -2.350326784832155, 42.307785402562679 ], [ -2.350838537578016, 42.307572190618671 ], [ -2.35123884088526, 42.306403639497447 ], [ -2.352002581912659, 42.306462009924722 ], [ -2.352772792639715, 42.305899012211313 ], [ -2.353516887983069, 42.305506915484351 ], [ -2.354402155438175, 42.30554793371568 ], [ -2.355824415299959, 42.3040969628874 ], [ -2.357994331024927, 42.303082452234925 ], [ -2.359101255825852, 42.3028004747162 ], [ -2.360218964458088, 42.302644597447184 ], [ -2.360694810607193, 42.302377062647871 ], [ -2.361049501300942, 42.30209984832085 ], [ -2.361322128639959, 42.301534015441852 ], [ -2.361907454480079, 42.301240063216518 ], [ -2.363900030511743, 42.299747091609198 ], [ -2.364147054992619, 42.299307212833916 ], [ -2.365158022531057, 42.298907560075072 ], [ -2.365552300884585, 42.298306313346281 ], [ -2.366053969615798, 42.297876788286956 ], [ -2.366621133409167, 42.296970299687494 ], [ -2.367699207825934, 42.295922536939386 ], [ -2.367851685534144, 42.29522990226716 ], [ -2.368897219749641, 42.295001532562992 ], [ -2.368901500525217, 42.294578255328894 ], [ -2.369014169141891, 42.294227619206005 ], [ -2.369931531887867, 42.293467185208456 ], [ -2.370055419037245, 42.293206671157797 ], [ -2.370395510013893, 42.291947692527771 ], [ -2.370739627353883, 42.291499241972232 ], [ -2.371055400078209, 42.290240140154424 ], [ -2.371373737777243, 42.289944713000502 ], [ -2.371522258638014, 42.289648312088119 ], [ -2.372702834064083, 42.289249464549179 ], [ -2.372935582154709, 42.289016602503992 ], [ -2.373135624274776, 42.288414323006336 ], [ -2.373431509542031, 42.287938599020734 ], [ -2.374016986599822, 42.287608578264006 ], [ -2.37555132397271, 42.286995523367139 ], [ -2.3761700830342, 42.28575606177349 ], [ -2.376862470647105, 42.285651749391079 ], [ -2.376963515273383, 42.285247031701736 ], [ -2.376605821313944, 42.284614650742718 ], [ -2.3767681219188, 42.284147205826706 ], [ -2.376847116325743, 42.283517219466773 ], [ -2.377276398700697, 42.283033209104673 ], [ -2.379922967927741, 42.285245097135068 ], [ -2.380821154846043, 42.285177853938784 ], [ -2.381730805127212, 42.285182827426503 ], [ -2.383314366682255, 42.285731716692148 ], [ -2.38415374684595, 42.285475061078493 ], [ -2.384139205195272, 42.285718153114082 ], [ -2.383918065502383, 42.28601417965023 ], [ -2.383441336137504, 42.286389839655712 ], [ -2.382282307122554, 42.287077070909085 ], [ -2.382056619427146, 42.290309073637431 ], [ -2.3817997808476, 42.290523821001905 ], [ -2.381153242179706, 42.290898590750821 ], [ -2.37925155381988, 42.29431965094912 ], [ -2.377821797291875, 42.295383570908641 ], [ -2.378397411583733, 42.297296022351389 ], [ -2.382826179414723, 42.298445702525775 ], [ -2.384215690340428, 42.29902063164181 ], [ -2.385264808640303, 42.299674664205128 ], [ -2.386044302438405, 42.300606499231954 ], [ -2.386994098125306, 42.301494173489701 ], [ -2.389099460057495, 42.302072796524818 ], [ -2.390908371402472, 42.301947386090987 ], [ -2.392694087389408, 42.302974543900135 ], [ -2.393430820802255, 42.303311689375448 ], [ -2.405295081978314, 42.307309577076786 ], [ -2.407396733680723, 42.307041260630115 ], [ -2.407091858015786, 42.313659190388655 ], [ -2.404016283450134, 42.315534522323972 ], [ -2.398987483089117, 42.31732745348863 ], [ -2.395486375269273, 42.317975455759438 ], [ -2.394538828226759, 42.318078518258631 ], [ -2.39023512900459, 42.320145124455316 ], [ -2.388318882352253, 42.320017815590475 ], [ -2.384960965215582, 42.320891435858748 ], [ -2.382700429023573, 42.32122147152878 ], [ -2.381465831520664, 42.320890594028498 ], [ -2.381126128508382, 42.320879774816262 ], [ -2.379408110437101, 42.321581952579749 ], [ -2.378519091056298, 42.321892348820953 ], [ -2.375769000199951, 42.322633886940835 ], [ -2.373840051956547, 42.322560330617854 ], [ -2.37186381039574, 42.322369380865752 ], [ -2.370254445859777, 42.323108019083861 ], [ -2.368207719148982, 42.322682518958885 ], [ -2.36800151323796, 42.323879127198353 ], [ -2.362451612500325, 42.325433476206129 ], [ -2.3583212016665, 42.325824648643646 ], [ -2.357772656991342, 42.326055709212746 ], [ -2.356317510379835, 42.327119328799412 ], [ -2.355827765197782, 42.327539815588416 ], [ -2.355309744239255, 42.328347478173839 ], [ -2.354550779286244, 42.330162397247456 ], [ -2.35420051880363, 42.331178130629702 ], [ -2.353413065490543, 42.33339819435438 ], [ -2.353388163273664, 42.333461060518594 ], [ -2.350603055955899, 42.341064423421905 ], [ -2.349740407879906, 42.341131604626746 ], [ -2.348885828461625, 42.34159505192234 ], [ -2.348383969574786, 42.341997454453285 ], [ -2.34823376813226, 42.342428898581069 ], [ -2.347548929501531, 42.342920337649367 ], [ -2.347508423537626, 42.343307367340806 ], [ -2.347285877024401, 42.343693358138104 ], [ -2.346330353234534, 42.344525444081228 ], [ -2.34562232736342, 42.344899710765617 ], [ -2.34509517576258, 42.345391982519565 ], [ -2.344964573080619, 42.346273818451223 ], [ -2.344841692852326, 42.346417220643552 ], [ -2.344157388747737, 42.34683659896514 ], [ -2.343972809256469, 42.347078690573376 ], [ -2.343761518796779, 42.347545784212791 ], [ -2.343281876937804, 42.348137440006418 ], [ -2.342623457482992, 42.348403850599944 ], [ -2.342378381045722, 42.348618609628893 ], [ -2.341787300977337, 42.349416731310249 ], [ -2.341525992775777, 42.350018654987373 ], [ -2.341348773998691, 42.350711068544747 ], [ -2.341304368524705, 42.351476325712134 ], [ -2.341357836822737, 42.352170106492885 ], [ -2.34120957634004, 42.353574194892623 ], [ -2.340910027443616, 42.35435598562178 ], [ -2.340655661425906, 42.355453250711626 ], [ -2.340161624347542, 42.356251957917728 ], [ -2.338990206345385, 42.356794596523613 ], [ -2.339056591472933, 42.35740735362031 ], [ -2.339175254476839, 42.358830982258532 ], [ -2.339086476826084, 42.359190705163563 ], [ -2.338826473914549, 42.359666558901942 ], [ -2.337890128047231, 42.360949006133367 ], [ -2.33666342398146, 42.362121671743886 ], [ -2.336428606704247, 42.362507551045304 ], [ -2.335328576729838, 42.363176614042736 ], [ -2.334310486396038, 42.364134375884731 ], [ -2.332278546377758, 42.36564456198473 ], [ -2.331751450512629, 42.366109784031188 ], [ -2.329878707292686, 42.36747673390191 ], [ -2.327530207925388, 42.370182734297472 ], [ -2.327022809463301, 42.371062366471193 ], [ -2.326046997540252, 42.371452865246873 ], [ -2.325802399929437, 42.371604567370369 ], [ -2.323975359200852, 42.373223855595398 ], [ -2.323360732688965, 42.373949136547452 ], [ -2.323360259103222, 42.373949692125628 ], [ -2.324393839573282, 42.37497348124257 ], [ -2.324394748591173, 42.374974229595857 ], [ -2.325200519526271, 42.375635705636881 ], [ -2.326395334718611, 42.376354213616963 ], [ -2.328172547360976, 42.378273917981311 ], [ -2.333148547955767, 42.380968774357299 ], [ -2.333496172821432, 42.38141211556411 ], [ -2.333495720249864, 42.381412410131361 ], [ -2.33312915576733, 42.381653148042226 ], [ -2.331961984382299, 42.382889188320583 ], [ -2.331575625553795, 42.384922612456805 ], [ -2.331498767138594, 42.385327098561682 ], [ -2.331498821228889, 42.385327152913099 ], [ -2.332027496295973, 42.385879528607951 ], [ -2.334687628557686, 42.387056793860076 ], [ -2.336651518682003, 42.387455488943267 ], [ -2.338445639602127, 42.387826087998683 ], [ -2.343139444249919, 42.388573599307897 ], [ -2.349527893444965, 42.389313295252975 ], [ -2.351403013882245, 42.38953033852021 ], [ -2.351923854497477, 42.389677409748408 ], [ -2.351963807532965, 42.389693860806631 ], [ -2.354186180288039, 42.390608786575712 ], [ -2.3598391580053, 42.392945176578742 ], [ -2.364591036160142, 42.39490879244984 ], [ -2.36463803087167, 42.395062177326452 ], [ -2.364567641753966, 42.395236200871636 ], [ -2.364463568992119, 42.395493486272869 ], [ -2.364312021107182, 42.396060006462776 ], [ -2.364369466102258, 42.396393536782846 ], [ -2.364072429073894, 42.399327874436516 ], [ -2.364110869418931, 42.401534509970517 ], [ -2.364110899431842, 42.401534546160946 ], [ -2.364113120855039, 42.401537057643424 ], [ -2.364447266000179, 42.401914614135173 ], [ -2.366833073374041, 42.40391817601887 ], [ -2.367196200501176, 42.405262055795852 ], [ -2.367529093903197, 42.40599338071403 ], [ -2.368490333764353, 42.406770711063011 ], [ -2.368493467956617, 42.406773245498947 ], [ -2.368902443149539, 42.407189718576859 ], [ -2.369153540362641, 42.407596392050799 ], [ -2.369667318237187, 42.409103451842221 ], [ -2.370027148719527, 42.410158892601757 ], [ -2.370385874724713, 42.410529077024933 ], [ -2.370772939460403, 42.410928497038007 ], [ -2.371490213558424, 42.41271995548734 ], [ -2.372207647611736, 42.414511716917843 ], [ -2.372359655185307, 42.415106945634776 ], [ -2.372825961687221, 42.415875009184894 ], [ -2.373180252376722, 42.416260965748727 ], [ -2.373180294465651, 42.416261011008686 ], [ -2.373390830611793, 42.41649027855054 ], [ -2.373391028187088, 42.416490576827272 ], [ -2.373382699624062, 42.416501856298495 ], [ -2.373206265179444, 42.416741659805552 ], [ -2.373302360047998, 42.41685022971329 ], [ -2.373302207006542, 42.416850341451138 ], [ -2.372642501361058, 42.417206903849568 ], [ -2.369794935998941, 42.418767323720722 ], [ -2.366342269160433, 42.419861610242663 ], [ -2.366331910517307, 42.419864894191711 ], [ -2.360758286682237, 42.42253904584711 ], [ -2.35811152644871, 42.423808723684978 ], [ -2.357498687724151, 42.424756267074784 ], [ -2.357497446546033, 42.4247581783846 ], [ -2.356057107490254, 42.42698654964888 ], [ -2.355913063305051, 42.427209410164643 ], [ -2.355912860294462, 42.427209647681444 ], [ -2.355047410641304, 42.429824929299421 ], [ -2.355047252827299, 42.429825500288558 ], [ -2.354823062586355, 42.430128047683986 ], [ -2.354196622678499, 42.430973462949233 ], [ -2.353582464859053, 42.431591414365485 ], [ -2.352358925536313, 42.433529799513067 ], [ -2.352359173592053, 42.433529913488741 ], [ -2.352358919833906, 42.43353035334566 ], [ -2.349572974982466, 42.438403048788693 ], [ -2.345133388105751, 42.437432126422792 ], [ -2.344201006567638, 42.437032745212882 ], [ -2.344171026330043, 42.437890812177656 ], [ -2.344097165025271, 42.440012563980375 ], [ -2.344095333625646, 42.440016205401577 ], [ -2.343259873463034, 42.442159590890228 ], [ -2.34256956998635, 42.443073991305987 ], [ -2.342569415696577, 42.443074211065991 ], [ -2.341093358996065, 42.444677759054308 ], [ -2.341093480908317, 42.444678309115801 ], [ -2.341094422640125, 42.444683591994199 ], [ -2.341713315629115, 42.447950517968593 ], [ -2.341752925422152, 42.448157829987622 ], [ -2.342026559531227, 42.449600359614038 ], [ -2.34206112750296, 42.449662158434862 ], [ -2.342157908712487, 42.449835240051847 ], [ -2.342237148400939, 42.450322028059098 ], [ -2.342344903303354, 42.450989060728254 ], [ -2.342353449598494, 42.451043149685425 ], [ -2.342377694660167, 42.451196374732213 ], [ -2.342466113511499, 42.451746255548514 ], [ -2.342465814453379, 42.451746361903751 ], [ -2.342466053283839, 42.451747362928963 ], [ -2.342466503827813, 42.451747306975179 ], [ -2.34251606110189, 42.451816738570223 ], [ -2.342391496618827, 42.451846029843502 ], [ -2.341874207940453, 42.451958424657903 ], [ -2.341853483486783, 42.451963838886883 ], [ -2.340769449456399, 42.452348899481343 ], [ -2.340135689381483, 42.452471291189923 ], [ -2.339061168371783, 42.452482167271363 ], [ -2.339028942511119, 42.452486555538812 ], [ -2.338911764981145, 42.452502476735845 ], [ -2.338348425859935, 42.452517257833556 ], [ -2.337973017191136, 42.452512284817523 ], [ -2.337753197780541, 42.452495410446261 ], [ -2.336973892764259, 42.452503269376805 ], [ -2.336974438135657, 42.452451795707745 ], [ -2.336819834159165, 42.452450422177947 ], [ -2.336346046988856, 42.452475853979841 ], [ -2.335924067196514, 42.452486908876836 ], [ -2.335529275803808, 42.452517887788041 ], [ -2.33551022794802, 42.452519362401674 ], [ -2.335202912044017, 42.452545130332012 ], [ -2.334963040469839, 42.452584829145344 ], [ -2.334620391086851, 42.45264481014631 ], [ -2.334262844518825, 42.452742361764024 ], [ -2.33423442107635, 42.452749499555175 ], [ -2.333991536663266, 42.452810577748821 ], [ -2.333632247304291, 42.452933422942515 ], [ -2.333357272940463, 42.453057902071059 ], [ -2.333038562920548, 42.453222039291781 ], [ -2.333010369197948, 42.453240616506314 ], [ -2.33277830758486, 42.453393362192209 ], [ -2.332575390592075, 42.453536280567434 ], [ -2.332422491174364, 42.453687919425491 ], [ -2.332198902435419, 42.453984374438747 ], [ -2.332106935749229, 42.45420049434005 ], [ -2.331938938530747, 42.45455753118641 ], [ -2.331811486515644, 42.454886638194907 ], [ -2.331750380289284, 42.455132802122627 ], [ -2.331705830363763, 42.455385848481917 ], [ -2.331650303760218, 42.455818366907813 ], [ -2.331602527375324, 42.456234052524508 ], [ -2.331567029116341, 42.456568200096562 ], [ -2.331555529838754, 42.456791539509652 ], [ -2.331543992894876, 42.45701829732981 ], [ -2.331560651792594, 42.457240203295619 ], [ -2.331587599813962, 42.457417640524 ], [ -2.331654250668532, 42.457656103524435 ], [ -2.331729509598153, 42.457867653028849 ], [ -2.331817147605268, 42.458065148903614 ], [ -2.331861025433456, 42.458152090884568 ], [ -2.331923033192185, 42.458256587435301 ], [ -2.332026131146722, 42.458422113181392 ], [ -2.332164384981451, 42.45864520578909 ], [ -2.332316290913856, 42.458872989666631 ], [ -2.332468533057663, 42.459138955759286 ], [ -2.33253650112547, 42.459320067348806 ], [ -2.332604074133539, 42.459542193910821 ], [ -2.332677213239612, 42.459742441506378 ], [ -2.332758823418733, 42.45992923403449 ], [ -2.332854300587654, 42.460099771435004 ], [ -2.332998079581791, 42.460304951810159 ], [ -2.333152616323227, 42.460497172075584 ], [ -2.333326790125651, 42.460701952483319 ], [ -2.333501000843823, 42.460903932004442 ], [ -2.333613720029093, 42.46102731602469 ], [ -2.333758975826172, 42.461160402881312 ], [ -2.334030506343655, 42.461365200510826 ], [ -2.334307322066061, 42.461569437402098 ], [ -2.334561815744479, 42.461731856683876 ], [ -2.334828848804849, 42.461926521693464 ], [ -2.335031737840109, 42.462076837317376 ], [ -2.335218126004318, 42.462207397029047 ], [ -2.335343211689529, 42.462311627992136 ], [ -2.335497643504031, 42.462444288522136 ], [ -2.335631761951036, 42.462556505718901 ], [ -2.335758973334506, 42.46267713024784 ], [ -2.335934849031238, 42.462863918236089 ], [ -2.336130400031589, 42.463060929916921 ], [ -2.336260266084074, 42.463217605398228 ], [ -2.336422469288388, 42.463406492870241 ], [ -2.336505726284642, 42.463514500597562 ], [ -2.336614231175563, 42.463674451730462 ], [ -2.336703140330288, 42.463822406094451 ], [ -2.3367407213105, 42.463933507597254 ], [ -2.336782063730516, 42.464052524506563 ], [ -2.33681590376811, 42.464159106796529 ], [ -2.336849608597465, 42.464236675844646 ], [ -2.336843860224136, 42.464779128954021 ], [ -2.336831001329831, 42.46481262397392 ], [ -2.336774195869455, 42.464935611006503 ], [ -2.336730777894354, 42.46501304358511 ], [ -2.336650113128279, 42.465098121816261 ], [ -2.336515593508484, 42.465234121800577 ], [ -2.336405064478368, 42.465334809779002 ], [ -2.336299252309689, 42.465418557885023 ], [ -2.336133062018707, 42.465534159415832 ], [ -2.335880784022584, 42.465667778004594 ], [ -2.335656858829876, 42.46577791544189 ], [ -2.335318306062796, 42.465942569467344 ], [ -2.335035605584657, 42.466078815082831 ], [ -2.334777833730973, 42.466223097434899 ], [ -2.33454447111013, 42.466357966588262 ], [ -2.334391558522205, 42.466447116745101 ], [ -2.334162641302282, 42.466594961381524 ], [ -2.334053112607722, 42.466671382032523 ], [ -2.333978899122779, 42.466716028826916 ], [ -2.333611503128729, 42.466949746445067 ], [ -2.333303041806694, 42.467146071978355 ], [ -2.333024584963817, 42.467379167558619 ], [ -2.332732135872043, 42.467638625844657 ], [ -2.332453626888354, 42.467876221746366 ], [ -2.332272804880778, 42.468007997005301 ], [ -2.332014882106678, 42.468169132097252 ], [ -2.331802049697505, 42.468307505967488 ], [ -2.331554451300563, 42.468425944814065 ], [ -2.331316095760305, 42.468532598825647 ], [ -2.331039026412077, 42.46863400471274 ], [ -2.330771212801219, 42.468727571223575 ], [ -2.330490557855663, 42.468805828660535 ], [ -2.330188061667815, 42.46887159720832 ], [ -2.329867330717562, 42.46893220964953 ], [ -2.329575626722302, 42.468981108636129 ], [ -2.32935192504652, 42.468998425849001 ], [ -2.329028917888476, 42.468988084261369 ], [ -2.328723463456814, 42.4689716494278 ], [ -2.328397336631183, 42.468964129141845 ], [ -2.328092359517005, 42.468903206411035 ], [ -2.327839856181585, 42.46884207277656 ], [ -2.327525032078846, 42.468779433707113 ], [ -2.327234815176002, 42.468689934104184 ], [ -2.326999116872843, 42.468618167660544 ], [ -2.326713656996033, 42.468512389535853 ], [ -2.326470861229017, 42.468396681181737 ], [ -2.326318734482962, 42.468332745099133 ], [ -2.326199762726653, 42.468271660464026 ], [ -2.325888483289042, 42.46811183283787 ], [ -2.325498733717468, 42.467877623285204 ], [ -2.325230683936554, 42.467706066845885 ], [ -2.325050128228097, 42.467599170290192 ], [ -2.324836462545941, 42.467462272569819 ], [ -2.324523398856315, 42.467232973801998 ], [ -2.324152062510705, 42.466983742794191 ], [ -2.324007307112931, 42.466869697883382 ], [ -2.323709646397337, 42.466626506999091 ], [ -2.323429401130415, 42.466390153632972 ], [ -2.323018556331276, 42.466067422898334 ], [ -2.322618420013528, 42.465741403779475 ], [ -2.322230157571062, 42.465436882951032 ], [ -2.321854074864613, 42.465135161640859 ], [ -2.321486320349866, 42.464837509511938 ], [ -2.321235413527543, 42.464631147369964 ], [ -2.320928879512352, 42.464362464043717 ], [ -2.320668891458357, 42.464153295548485 ], [ -2.32036819228445, 42.463912257315407 ], [ -2.319995664261417, 42.463633163790014 ], [ -2.319632048993113, 42.463373742161522 ], [ -2.319419121098307, 42.46324019874536 ], [ -2.319177424123159, 42.463095230298443 ], [ -2.318841450903297, 42.462882745979933 ], [ -2.318462150884504, 42.462668827780597 ], [ -2.318126419960394, 42.462503043694554 ], [ -2.317729959846696, 42.462332950763319 ], [ -2.317365691022523, 42.462203535028834 ], [ -2.316852147358755, 42.462034456391372 ], [ -2.316523331581031, 42.461933963635104 ], [ -2.316120183298157, 42.461816207957796 ], [ -2.315704751058547, 42.46170958984694 ], [ -2.315218449767106, 42.461619435573816 ], [ -2.314574818464509, 42.461529413792725 ], [ -2.314168595293113, 42.461483674515421 ], [ -2.313850276156881, 42.461467153707169 ], [ -2.313763537624573, 42.461466363340726 ] ] ], [ [ [ -2.972913872741756, 42.520115970519207 ], [ -2.972914056321558, 42.519710657857424 ], [ -2.974522263465269, 42.516856204362625 ], [ -2.975155679296229, 42.516018803528723 ], [ -2.97781145258208, 42.510994081287222 ], [ -2.977787323433531, 42.510318611677789 ], [ -2.978031498039707, 42.508202246217238 ], [ -2.97815441461661, 42.505176298569729 ], [ -2.978957699617528, 42.505086375744504 ], [ -2.985871407622261, 42.503880746909402 ], [ -2.989815015433821, 42.503088662691482 ], [ -2.989973375069901, 42.502368210219849 ], [ -2.991239236881659, 42.501972075227364 ], [ -2.990703359989669, 42.504169449384079 ], [ -2.991153612862228, 42.504628807052157 ], [ -2.992333913327399, 42.507042510423176 ], [ -2.993368484818887, 42.50753792653056 ], [ -2.995656639644012, 42.509023998694353 ], [ -2.996971203204339, 42.510140811421977 ], [ -2.998346579942378, 42.511653831638611 ], [ -2.9990404063141, 42.512257285365095 ], [ -3.000318583637977, 42.513148878060811 ], [ -3.002010594756179, 42.514013432275888 ], [ -3.002874901144126, 42.514319630117726 ], [ -3.005358269646055, 42.515049072939249 ], [ -3.005553080729497, 42.515040028089999 ], [ -3.006040033771936, 42.515022046684059 ], [ -3.00655133687364, 42.514886899232685 ], [ -3.008827578139307, 42.513725050365004 ], [ -3.009375359925621, 42.513355760362991 ], [ -3.009764870176201, 42.513319690893105 ], [ -3.010897039109515, 42.513823902493911 ], [ -3.011712687402132, 42.51420206715806 ], [ -3.01408677541025, 42.515669817536576 ], [ -3.01883537129621, 42.518974380578229 ], [ -3.020320753010752, 42.519262297801077 ], [ -3.020880791782723, 42.519397341605291 ], [ -3.022049645224187, 42.519694309387638 ], [ -3.023912544416266, 42.520252333535929 ], [ -3.029257924480751, 42.522124414919112 ], [ -3.030330083247511, 42.523727203344635 ], [ -3.031426753610829, 42.525789249860054 ], [ -3.032705821435739, 42.526887642040329 ], [ -3.033107826038548, 42.527256747009943 ], [ -3.033448902973364, 42.527589898134735 ], [ -3.034094601032823, 42.528355222784661 ], [ -3.037409415412796, 42.533325464088932 ], [ -3.036410915087526, 42.533433840302862 ], [ -3.036252617832613, 42.533451909347214 ], [ -3.034803692035096, 42.533731530168978 ], [ -3.031467623776022, 42.534606025659571 ], [ -3.029994262002512, 42.534894575636571 ], [ -3.028301217425895, 42.533895353331708 ], [ -3.026255436442774, 42.533886815560223 ], [ -3.026280398077561, 42.535309734712399 ], [ -3.026122412581292, 42.536129275543814 ], [ -3.025819313938877, 42.539596645267707 ], [ -3.024272640612879, 42.539371804548914 ], [ -3.023602516970689, 42.538498386456723 ], [ -3.022055396008307, 42.536967669201722 ], [ -3.020886465695405, 42.537454207952507 ], [ -3.020302042431991, 42.53769743861173 ], [ -3.019376569489232, 42.537904714683165 ], [ -3.018390265707148, 42.53822007729525 ], [ -3.016965497273563, 42.538517484614346 ], [ -3.015833036678876, 42.538913925211332 ], [ -3.014968475543842, 42.539292283959107 ], [ -3.014298824028729, 42.539814717686589 ], [ -3.01300817304489, 42.541111679237325 ], [ -3.012143509197923, 42.54148099271351 ], [ -3.011790220477712, 42.540796622798005 ], [ -3.008416888813081, 42.541634371830128 ], [ -3.006906716816376, 42.541166127218588 ], [ -3.006748320317238, 42.540364645194657 ], [ -3.006492607272809, 42.540184512122288 ], [ -3.004069039659546, 42.539581219665209 ], [ -3.00305824744827, 42.539959509823902 ], [ -3.002230149062887, 42.539959519925681 ], [ -2.996884001103132, 42.539148929766867 ], [ -2.994984255504659, 42.538743548304332 ], [ -2.994679871170588, 42.537113481164937 ], [ -2.992451653357705, 42.53519503656004 ], [ -2.990820093855151, 42.533925039378389 ], [ -2.990126079068199, 42.533474696655702 ], [ -2.98946862272865, 42.533222501078576 ], [ -2.988859718825116, 42.533132354609513 ], [ -2.988336092982257, 42.533249382770123 ], [ -2.987775915326536, 42.533501483942864 ], [ -2.987069589516719, 42.533924635243721 ], [ -2.986375258833172, 42.534609027270733 ], [ -2.985352484862241, 42.534302679628013 ], [ -2.984525077755397, 42.53183494260211 ], [ -2.984074905370591, 42.53052901388142 ], [ -2.983953534834637, 42.529016024245983 ], [ -2.98212846106821, 42.524782919663359 ], [ -2.981556809598813, 42.523008682709062 ], [ -2.981021894120099, 42.520450901039581 ], [ -2.980693445269933, 42.519469209618357 ], [ -2.980425839526226, 42.518946785330265 ], [ -2.980133762570197, 42.518550439839501 ], [ -2.979622638138332, 42.51812710572905 ], [ -2.97886792655888, 42.517874794405877 ], [ -2.977504504915034, 42.517802494381542 ], [ -2.976554781132649, 42.518072462456907 ], [ -2.975483326488573, 42.518459481736791 ], [ -2.974387388078164, 42.519044610597149 ], [ -2.9741800479813, 42.519963135446986 ], [ -2.973790290618572, 42.520422394744735 ], [ -2.97330332984108, 42.520341196392188 ], [ -2.972913872741756, 42.520115970519207 ] ] ], [ [ [ -2.253099731793312, 42.27206847823529 ], [ -2.250331166039401, 42.27033920731607 ], [ -2.248504650640593, 42.269958008413411 ], [ -2.245969813442386, 42.269995346004926 ], [ -2.245291980861389, 42.269891794300975 ], [ -2.244495939054979, 42.26953532237652 ], [ -2.243906760418905, 42.269117132420952 ], [ -2.242785769148881, 42.266533978300465 ], [ -2.242660763963055, 42.264822011591981 ], [ -2.241877656900571, 42.263393809712177 ], [ -2.240307054686787, 42.259898057107286 ], [ -2.240147831577599, 42.259023390056306 ], [ -2.241750511517575, 42.257818257901704 ], [ -2.244036522840315, 42.256248247425162 ], [ -2.245829034859999, 42.255377456546547 ], [ -2.248272780447711, 42.253772410860705 ], [ -2.249364024605512, 42.252734851438809 ], [ -2.251568557209868, 42.251866670458043 ], [ -2.25231503584377, 42.250250429181676 ], [ -2.252438060103568, 42.250098145560081 ], [ -2.2533241349254, 42.248978193055017 ], [ -2.254397199701298, 42.247409093117447 ], [ -2.255376906735838, 42.246559896419711 ], [ -2.258856877499013, 42.244402927381479 ], [ -2.259582337532826, 42.243525024225953 ], [ -2.262425178581259, 42.242967018436765 ], [ -2.263373538353851, 42.241676184323218 ], [ -2.265385565383872, 42.241671130515471 ], [ -2.267032745730022, 42.24073602878056 ], [ -2.268121523632901, 42.239869380266818 ], [ -2.269556948713065, 42.238365476081029 ], [ -2.271631213456543, 42.237162872398109 ], [ -2.272104173207993, 42.236085168605648 ], [ -2.272527433953909, 42.23615992175111 ], [ -2.272714226959629, 42.235728820166472 ], [ -2.27547414802328, 42.234962734019803 ], [ -2.277014601096423, 42.233792691742622 ], [ -2.276582004286754, 42.231349282779945 ], [ -2.275751555523804, 42.228732243047311 ], [ -2.276842690983883, 42.226559624217927 ], [ -2.276512628771344, 42.225755968456106 ], [ -2.276422701681832, 42.225142995671888 ], [ -2.276706931339419, 42.224658460248854 ], [ -2.280391374974661, 42.221394401680449 ], [ -2.281032171453396, 42.221515512090001 ], [ -2.281499357458529, 42.220924043267132 ], [ -2.281795347634531, 42.218332056823172 ], [ -2.282179333597761, 42.217595937690604 ], [ -2.282633662691779, 42.217067467654388 ], [ -2.284344678127313, 42.218969456564743 ], [ -2.285414388257187, 42.219732668938647 ], [ -2.288254115265178, 42.221488586363371 ], [ -2.290859190885613, 42.221495712669281 ], [ -2.293217266177045, 42.221915559134061 ], [ -2.294438547475157, 42.22214824687849 ], [ -2.295361396608243, 42.223054606042133 ], [ -2.297587506625975, 42.223365430071723 ], [ -2.300128441039164, 42.224794959295245 ], [ -2.302341385008702, 42.22520474610117 ], [ -2.306538999870643, 42.225860705639533 ], [ -2.308826563422703, 42.227216462566794 ], [ -2.31008964703225, 42.228070601567197 ], [ -2.310943601025006, 42.22866119650368 ], [ -2.313908717146115, 42.230138053418685 ], [ -2.313702271892181, 42.230172822607628 ], [ -2.3128522660604, 42.23032979632324 ], [ -2.311273687519146, 42.23061753079304 ], [ -2.311646234077749, 42.230907969571554 ], [ -2.311994659700775, 42.231189242698058 ], [ -2.313309586223321, 42.2317375131001 ], [ -2.31404787559244, 42.231832022881477 ], [ -2.314625797727078, 42.232177742649 ], [ -2.315162303432691, 42.23187467837235 ], [ -2.315976368750053, 42.232798218308105 ], [ -2.316348412428865, 42.234259418880839 ], [ -2.316648772284917, 42.234504406840379 ], [ -2.317924120836494, 42.233116021453014 ], [ -2.318547220975207, 42.233777229987801 ], [ -2.319258513922623, 42.234123665524685 ], [ -2.323725624133817, 42.23458240753628 ], [ -2.324133819789803, 42.234945097251845 ], [ -2.327148970695203, 42.235188028210445 ], [ -2.329244440647336, 42.235299373868017 ], [ -2.332126538503727, 42.235523355430743 ], [ -2.33409773559591, 42.23593113687204 ], [ -2.335026964908341, 42.236305800726441 ], [ -2.336904753962293, 42.236379716582128 ], [ -2.338174915498093, 42.241241401174236 ], [ -2.339798713107554, 42.24476319845855 ], [ -2.339137061832207, 42.250082071708292 ], [ -2.339084980696701, 42.250423956434879 ], [ -2.337130705496414, 42.255294005679119 ], [ -2.334590706347792, 42.254738914121198 ], [ -2.332954813475916, 42.254666386870333 ], [ -2.330582936798745, 42.25425624483065 ], [ -2.329816024413005, 42.254557972563077 ], [ -2.328491445903469, 42.254856430494904 ], [ -2.327019545826241, 42.255325138343181 ], [ -2.325635460384214, 42.255515125160471 ], [ -2.32491971076795, 42.255555875193672 ], [ -2.323407058075881, 42.257564329294262 ], [ -2.322724506630531, 42.259037301169997 ], [ -2.321772555433288, 42.259617120833781 ], [ -2.321350638347989, 42.260524216620084 ], [ -2.318214254492922, 42.260172341392106 ], [ -2.317166631534967, 42.260625425701186 ], [ -2.316157581546859, 42.260880600421103 ], [ -2.314639061622915, 42.261150734340923 ], [ -2.313584217343329, 42.263386913575061 ], [ -2.312657851512215, 42.264948445850088 ], [ -2.31216045943042, 42.26608924495963 ], [ -2.311458491336067, 42.268192416650734 ], [ -2.311162472832692, 42.269766726092826 ], [ -2.309752841097097, 42.272261940990816 ], [ -2.308866000573173, 42.273517483265266 ], [ -2.308711502910521, 42.275443860241431 ], [ -2.310022250184317, 42.276460464522337 ], [ -2.311490834075364, 42.277469000632827 ], [ -2.311861155717242, 42.277984541519835 ], [ -2.312002431376656, 42.278372691234082 ], [ -2.311960478982984, 42.278885747774517 ], [ -2.311722840824393, 42.279550796925626 ], [ -2.310267085572838, 42.281802566918351 ], [ -2.309406777361066, 42.282842114807572 ], [ -2.309084443289284, 42.283479587118265 ], [ -2.309385461047504, 42.28479629827789 ], [ -2.30902121580099, 42.285937865130045 ], [ -2.308854345493942, 42.286774446232855 ], [ -2.308491730284438, 42.287762912641398 ], [ -2.307913716700658, 42.288488974396422 ], [ -2.307346653473302, 42.288215333829022 ], [ -2.305885698874928, 42.288701795395518 ], [ -2.304537555211019, 42.289963480884403 ], [ -2.304399304477539, 42.290403945363401 ], [ -2.30462937919, 42.292638865450506 ], [ -2.302892403231356, 42.293952154953971 ], [ -2.30242566709507, 42.294471680072618 ], [ -2.301811771177047, 42.294044672637462 ], [ -2.300282391908084, 42.294125401627987 ], [ -2.298209474995189, 42.293995646671569 ], [ -2.296416804502167, 42.293750470785291 ], [ -2.295132186769638, 42.29364348289424 ], [ -2.294732209286244, 42.293614013382872 ], [ -2.293905685081719, 42.292672268829826 ], [ -2.293702018183689, 42.292445823266874 ], [ -2.293658186850526, 42.29203130681897 ], [ -2.29266586813662, 42.290728289676004 ], [ -2.289410624731357, 42.290041709445859 ], [ -2.287762792681665, 42.289878341063549 ], [ -2.286804293802937, 42.289899408754984 ], [ -2.284490862298345, 42.288534057263654 ], [ -2.283464326834796, 42.288131357587119 ], [ -2.280895152091833, 42.285800659216683 ], [ -2.278057119135044, 42.283657354869888 ], [ -2.276297820581067, 42.282655553272555 ], [ -2.274444727432102, 42.281373990853822 ], [ -2.272491281383996, 42.279335236455118 ], [ -2.270160443347086, 42.278482774569497 ], [ -2.267634074543354, 42.276719481973707 ], [ -2.266245463101286, 42.275152502038452 ], [ -2.26341167751725, 42.271693951369777 ], [ -2.259419850688046, 42.271884366921434 ], [ -2.254880140973126, 42.272251210180968 ], [ -2.253099731793312, 42.27206847823529 ] ] ], [ [ [ -2.960987619438682, 42.404726467517001 ], [ -2.96099566936085, 42.404727758118334 ], [ -2.966657701633287, 42.406170598432432 ], [ -2.966657731175615, 42.406206604539314 ], [ -2.965430767812232, 42.411854311766945 ], [ -2.965427130832974, 42.411871039349755 ], [ -2.966258203847916, 42.412057664722312 ], [ -2.969643846154723, 42.412817877958652 ], [ -2.974491004960957, 42.4139120444501 ], [ -2.975635077669782, 42.414170263418235 ], [ -2.975635819551662, 42.414168980218768 ], [ -2.976462084969249, 42.412738499442632 ], [ -2.976960586563054, 42.412162219176309 ], [ -2.977651511856716, 42.411794137678946 ], [ -2.977653444612775, 42.41179310686654 ], [ -2.97766713644854, 42.411790191584565 ], [ -2.978540768980391, 42.411604140092415 ], [ -2.984496011756784, 42.410902684664364 ], [ -2.984518059359314, 42.410895965550445 ], [ -2.988543376780734, 42.409669434742526 ], [ -2.989248101177233, 42.409210282309544 ], [ -2.989248277413476, 42.409210169750772 ], [ -2.992444990402074, 42.404986604067901 ], [ -2.993162088246605, 42.404194154445932 ], [ -2.994011493222813, 42.403456821430332 ], [ -2.994012811800539, 42.403455677733135 ], [ -2.994014488859713, 42.403454494428111 ], [ -2.994802668180284, 42.402897357559603 ], [ -2.996977952125369, 42.402095935478314 ], [ -2.999012064681295, 42.401431909283268 ], [ -2.999019392010976, 42.401429519144422 ], [ -3.000220075933433, 42.4051278088671 ], [ -3.001048679699629, 42.407679769312324 ], [ -3.000948313399378, 42.407896355185891 ], [ -3.000222321152857, 42.409462948626015 ], [ -3.000206612083742, 42.410522162180527 ], [ -3.000198014337715, 42.411102061652464 ], [ -3.000197351987967, 42.41110305681881 ], [ -2.998690965087755, 42.413362546003242 ], [ -2.998119615213364, 42.414650390151294 ], [ -2.997524490334285, 42.416244508010728 ], [ -2.997329502963537, 42.416766779349871 ], [ -2.997293059111573, 42.416856843107837 ], [ -2.995189954786772, 42.421008481529185 ], [ -2.994811892670968, 42.421461450832673 ], [ -2.994205289015374, 42.422188236842175 ], [ -2.99367029384308, 42.423656188568629 ], [ -2.991640017623776, 42.42575444893567 ], [ -2.986508823866243, 42.43149074818546 ], [ -2.986509247997992, 42.431497137983719 ], [ -2.987102598935417, 42.440406747402818 ], [ -2.98713892454254, 42.441217268350016 ], [ -2.987391990548557, 42.449966649652886 ], [ -2.987392383058953, 42.449980186552516 ], [ -2.98739297576293, 42.449996014590027 ], [ -2.987404467932777, 42.450304404184457 ], [ -2.987410476060532, 42.450750409593752 ], [ -2.987560046518142, 42.461850108177757 ], [ -2.987765864565737, 42.466063945028637 ], [ -2.98776591302753, 42.466064940189426 ], [ -2.989225120798816, 42.468811932566972 ], [ -2.989224731464746, 42.468812355809028 ], [ -2.986880599642772, 42.471365839317102 ], [ -2.98641440081619, 42.471873645301926 ], [ -2.985976698127251, 42.472350540003312 ], [ -2.985976345253732, 42.472350922711861 ], [ -2.988176186165776, 42.474003250419493 ], [ -2.991936616733978, 42.476827462566312 ], [ -2.991935406194209, 42.476827660611299 ], [ -2.984892206748484, 42.477970472049257 ], [ -2.984284518184219, 42.47807952310837 ], [ -2.975815581419966, 42.479598897380178 ], [ -2.965086018556135, 42.477299471019748 ], [ -2.964454507280516, 42.475308956647282 ], [ -2.964422597845912, 42.475296202471625 ], [ -2.961049018356349, 42.473947920953975 ], [ -2.958835450505966, 42.473073530638032 ], [ -2.955646309096682, 42.47181103437515 ], [ -2.952984608401358, 42.470757233105964 ], [ -2.949722780640759, 42.469465699312565 ], [ -2.949021272679258, 42.469187385467357 ], [ -2.948961337867533, 42.468081266814352 ], [ -2.948961423386924, 42.46808081205296 ], [ -2.94967168380454, 42.464355346525373 ], [ -2.950964754974564, 42.45757178113648 ], [ -2.950965000433349, 42.457570502397076 ], [ -2.948357266603369, 42.457678802832042 ], [ -2.948350005481884, 42.457679105762551 ], [ -2.944003111424931, 42.45553931646802 ], [ -2.943657280037416, 42.455369066037768 ], [ -2.943468905700187, 42.455209424781337 ], [ -2.941032269616802, 42.453144331157084 ], [ -2.941263297637358, 42.452943294599955 ], [ -2.944671623565605, 42.449977195626644 ], [ -2.944671010076834, 42.449976479356827 ], [ -2.943037982356833, 42.448063643070292 ], [ -2.94196267078619, 42.446804017008418 ], [ -2.940810235861146, 42.443921492641351 ], [ -2.934885228074038, 42.437644784364238 ], [ -2.934882805133997, 42.437642216284289 ], [ -2.934803242019136, 42.437629147515757 ], [ -2.934248404180743, 42.437538008923667 ], [ -2.919906918296911, 42.435181274429262 ], [ -2.907049465218595, 42.43213203156116 ], [ -2.906501387466138, 42.432002011316776 ], [ -2.906501387526374, 42.432001970789898 ], [ -2.906501436148826, 42.43200197533254 ], [ -2.906513823433372, 42.431812859727906 ], [ -2.906724486259212, 42.427991546940994 ], [ -2.906726303998245, 42.42795851894337 ], [ -2.906726322279733, 42.427958487437266 ], [ -2.907693995768576, 42.426347626547702 ], [ -2.908407984901154, 42.425159015133502 ], [ -2.908201223697073, 42.422740287907679 ], [ -2.90806152684927, 42.421106014405126 ], [ -2.908557177953182, 42.420499550298253 ], [ -2.910606274880585, 42.417992167944163 ], [ -2.910606414901288, 42.417991996939207 ], [ -2.909805845241686, 42.416838593508288 ], [ -2.909757349833332, 42.416775495261398 ], [ -2.909068734353742, 42.416120559083325 ], [ -2.909065511832949, 42.41611749448343 ], [ -2.909274999425427, 42.414172359950122 ], [ -2.909859875305235, 42.413029423967416 ], [ -2.909860052029245, 42.413029077374752 ], [ -2.909339142305322, 42.411830848351713 ], [ -2.908928186212402, 42.410281529677853 ], [ -2.906685931225276, 42.406290085158943 ], [ -2.906685888798943, 42.406290013076209 ], [ -2.907924708344822, 42.40676384641926 ], [ -2.909163547768958, 42.407237666355059 ], [ -2.912782823366231, 42.408726494337394 ], [ -2.912972877578603, 42.408746597918331 ], [ -2.918615439914943, 42.409343264015448 ], [ -2.924363258309655, 42.407402119026194 ], [ -2.926785485855508, 42.40658396758635 ], [ -2.927406018917982, 42.405926959161292 ], [ -2.93352555960583, 42.399446369678387 ], [ -2.936802649552547, 42.395270484436374 ], [ -2.936810545129447, 42.395260424533816 ], [ -2.936811974887422, 42.39525832241047 ], [ -2.937650214002757, 42.394027076751961 ], [ -2.939072432010725, 42.390136803835034 ], [ -2.939075562649434, 42.390128231736661 ], [ -2.939750724560962, 42.390009227716519 ], [ -2.940400080859797, 42.389894768771732 ], [ -2.942089975961696, 42.38862582713616 ], [ -2.94432429081141, 42.389842789068062 ], [ -2.945287962680981, 42.391576985508117 ], [ -2.947162791392961, 42.394950579335649 ], [ -2.949519294805121, 42.395762219395266 ], [ -2.950507487887105, 42.397041982059548 ], [ -2.951279324424339, 42.398041504101037 ], [ -2.95160628785269, 42.399410532623193 ], [ -2.953135572526338, 42.401671688494105 ], [ -2.953651825998584, 42.402223923230764 ], [ -2.954070490869993, 42.402671759128069 ], [ -2.959027235870961, 42.404411860452917 ], [ -2.960987619438682, 42.404726467517001 ] ] ] ] } },
{ "type": "Feature", "properties": { "codatzbs": "130104", "n_zbs": "ARNEDO", "ccaa_cd": "ES23", "area": "La Rioja" }, "geometry": { "type": "MultiPolygon", "coordinates": [ [ [ [ -2.22722851293374, 42.258621687453534 ], [ -2.22595872749879, 42.258360932589362 ], [ -2.224890777381158, 42.258443790711674 ], [ -2.22441557632589, 42.258638706870812 ], [ -2.22189341475588, 42.260638967926539 ], [ -2.221418472074366, 42.260806845773836 ], [ -2.22016867871761, 42.260888423379363 ], [ -2.219538770136277, 42.260848087666751 ], [ -2.218006514201047, 42.260234238235547 ], [ -2.216465963421185, 42.260295784756963 ], [ -2.216606940825948, 42.260656973218694 ], [ -2.216603142852231, 42.261944820264446 ], [ -2.216523362091783, 42.262511665049452 ], [ -2.21633655138068, 42.262906611631649 ], [ -2.214848654130637, 42.264580572567851 ], [ -2.21361174514144, 42.265571722119475 ], [ -2.212764494650615, 42.266421503320906 ], [ -2.210955539953805, 42.268543509957006 ], [ -2.210416226269329, 42.269008114900146 ], [ -2.209609661128197, 42.269506931852732 ], [ -2.207038730162774, 42.27048880942651 ], [ -2.206646515102205, 42.270819295844092 ], [ -2.206168115897258, 42.272220952032164 ], [ -2.206135054687495, 42.272923204126492 ], [ -2.205923633433938, 42.273336018969381 ], [ -2.205236258597647, 42.274006703548658 ], [ -2.204497944223446, 42.274848180758141 ], [ -2.204069790302896, 42.275142325614425 ], [ -2.20317105037615, 42.275253215789064 ], [ -2.199999752971087, 42.277644747623448 ], [ -2.198543480635533, 42.278679220219921 ], [ -2.197525455617099, 42.279572711737679 ], [ -2.196803459627075, 42.280081013625789 ], [ -2.195570848295295, 42.28068475548428 ], [ -2.193925525144682, 42.281312614820209 ], [ -2.191684831952915, 42.282026295245693 ], [ -2.19115933738914, 42.282328795112541 ], [ -2.190534480748589, 42.282828723513767 ], [ -2.189525678011674, 42.283938363505406 ], [ -2.18886659384304, 42.284257915376884 ], [ -2.187820254531939, 42.284511667699682 ], [ -2.187518820021911, 42.284374442275031 ], [ -2.185724482457414, 42.284316648816443 ], [ -2.183155015726659, 42.284172257996659 ], [ -2.182513619146162, 42.284059650899302 ], [ -2.181053407242544, 42.283490786473273 ], [ -2.180423837045928, 42.283405217404393 ], [ -2.180070857622469, 42.283501775159088 ], [ -2.179752529681333, 42.283733630225321 ], [ -2.179445220323502, 42.284046640932075 ], [ -2.178849145685647, 42.285114140679312 ], [ -2.17846652153592, 42.285624741477157 ], [ -2.178159665141296, 42.285901696725929 ], [ -2.177756544737216, 42.286123989934424 ], [ -2.173672195121295, 42.287733609920991 ], [ -2.172697286485888, 42.28807784125717 ], [ -2.171455949682215, 42.288393078009356 ], [ -2.168313764027424, 42.289360965146585 ], [ -2.165881374341013, 42.289847612245296 ], [ -2.162042501017054, 42.291197505064254 ], [ -2.161665683002326, 42.291257788344502 ], [ -2.160125525082535, 42.291228496456306 ], [ -2.158102285439607, 42.291042541534644 ], [ -2.155228292547005, 42.290976329227618 ], [ -2.154281270517536, 42.291041345580688 ], [ -2.152165658146672, 42.291412934187107 ], [ -2.151944016433146, 42.290753917402192 ], [ -2.150456173454049, 42.290445672260027 ], [ -2.147049252858279, 42.285836230503421 ], [ -2.14709291521648, 42.285296190663168 ], [ -2.147271702760864, 42.284631050983954 ], [ -2.147043322314156, 42.283584676403883 ], [ -2.146859675791476, 42.28280882498143 ], [ -2.146535366056943, 42.280780026002553 ], [ -2.146564033046078, 42.279555417414578 ], [ -2.146791923685665, 42.278845599058279 ], [ -2.146700609206611, 42.278421636838964 ], [ -2.147195048634468, 42.277731865951303 ], [ -2.147054547031689, 42.277361560539518 ], [ -2.147999803392596, 42.27561242939943 ], [ -2.148198907052322, 42.275235650671036 ], [ -2.148296903683803, 42.274263671429004 ], [ -2.149623928078303, 42.272976684527833 ], [ -2.150430906964334, 42.272487331341836 ], [ -2.151003480605457, 42.272293485084823 ], [ -2.151877419621641, 42.272227881748755 ], [ -2.152920362185215, 42.272226601926434 ], [ -2.153273155090528, 42.272139164722297 ], [ -2.15468960503903, 42.271411112899742 ], [ -2.155143530391034, 42.271018203663495 ], [ -2.155526084507448, 42.270525717467606 ], [ -2.155601777346733, 42.270301104934667 ], [ -2.155438047792988, 42.269849591922785 ], [ -2.155081653849801, 42.269297558406514 ], [ -2.154672225201293, 42.26908740431606 ], [ -2.153836998977475, 42.268973165616558 ], [ -2.149811873211356, 42.268024718791914 ], [ -2.148999864206553, 42.267991663324793 ], [ -2.147878457496255, 42.268424626047143 ], [ -2.147004884173776, 42.268463200411652 ], [ -2.144704119143783, 42.269121471501926 ], [ -2.143481536676415, 42.26896824237555 ], [ -2.1404539026739, 42.270467556534498 ], [ -2.14011408551688, 42.270491968972365 ], [ -2.138311511817373, 42.270181278682912 ], [ -2.137814502084633, 42.27016849923907 ], [ -2.136926696598103, 42.270359958164128 ], [ -2.134391959611484, 42.271268449825193 ], [ -2.133856614383502, 42.271399528747139 ], [ -2.129852492240067, 42.271576298112379 ], [ -2.128735490526837, 42.271675849616067 ], [ -2.130065455900191, 42.274603897405612 ], [ -2.130077196765848, 42.274631081423919 ], [ -2.1301451275721, 42.274982762987591 ], [ -2.126326223783621, 42.274899662623248 ], [ -2.125198288299226, 42.274909089817761 ], [ -2.123330332606759, 42.274939842597576 ], [ -2.100574947222717, 42.275294707971923 ], [ -2.096596303694066, 42.275362448813958 ], [ -2.096595903612306, 42.275362441159167 ], [ -2.095844674791673, 42.275347496625635 ], [ -2.095508342639483, 42.275341526557625 ], [ -2.094936568952881, 42.275331374926644 ], [ -2.09493540508597, 42.275331352232051 ], [ -2.094948451993186, 42.275347576163412 ], [ -2.095686075279132, 42.276264891499451 ], [ -2.095946499609196, 42.276708232259701 ], [ -2.095946479167739, 42.276708389705696 ], [ -2.095945853115933, 42.276714009094256 ], [ -2.095807245920687, 42.277958990779766 ], [ -2.095037168707026, 42.28177147630398 ], [ -2.09502691707233, 42.281780179968251 ], [ -2.09205351938981, 42.284305546240191 ], [ -2.090328166769245, 42.286201177712364 ], [ -2.090154030893273, 42.286435901230973 ], [ -2.089610796696052, 42.287168125424415 ], [ -2.088522234325992, 42.287994772875017 ], [ -2.088519297204373, 42.287997001055544 ], [ -2.088519454830828, 42.287997425595329 ], [ -2.08899811542078, 42.289279670766199 ], [ -2.089070651927984, 42.289488612172278 ], [ -2.089079287792753, 42.28951347907396 ], [ -2.089079637109768, 42.289514490532206 ], [ -2.089068750760038, 42.289516169251009 ], [ -2.086745512927181, 42.289874155584151 ], [ -2.085771133728208, 42.290145554526184 ], [ -2.084587151761428, 42.290658423306994 ], [ -2.082325430202105, 42.291874156283839 ], [ -2.080089709277616, 42.293387014365322 ], [ -2.077682182368345, 42.295015995844935 ], [ -2.075824299384692, 42.295973640317889 ], [ -2.074177109132432, 42.296617765172137 ], [ -2.072323288530763, 42.297212550796765 ], [ -2.072287923286992, 42.297223900551977 ], [ -2.071406185563563, 42.296136043205458 ], [ -2.068367728101195, 42.297345217149307 ], [ -2.067609808736774, 42.29774427493367 ], [ -2.067609735426361, 42.297744310361914 ], [ -2.067595449116902, 42.297723047912875 ], [ -2.066885630341311, 42.296666680946885 ], [ -2.065190364808018, 42.294167602310928 ], [ -2.064950515107226, 42.293814007641153 ], [ -2.063773077519002, 42.291408775891583 ], [ -2.063100846862668, 42.288485323455262 ], [ -2.056707261883603, 42.290198017593752 ], [ -2.053032597244879, 42.290960225700843 ], [ -2.049198973208863, 42.291850273973104 ], [ -2.049137385620047, 42.291864572915806 ], [ -2.047369533823988, 42.291175395519645 ], [ -2.046918628223133, 42.290999606349267 ], [ -2.046918489560383, 42.29099955116024 ], [ -2.046917599362489, 42.29099986347768 ], [ -2.046162431459039, 42.291263446565203 ], [ -2.04543174478858, 42.291455503962609 ], [ -2.04450139113325, 42.291599875641431 ], [ -2.044495524600144, 42.291600785907015 ], [ -2.044494795273503, 42.291602090215662 ], [ -2.044096480145229, 42.292317930025234 ], [ -2.043626468404939, 42.292917396283727 ], [ -2.042742277100557, 42.293630518898276 ], [ -2.042656549298286, 42.293683806405369 ], [ -2.041995057005432, 42.294110573973434 ], [ -2.04199500821628, 42.294110591577997 ], [ -2.040688957365485, 42.294649021409462 ], [ -2.039932913899144, 42.29490384246823 ], [ -2.03884543476173, 42.29496647135386 ], [ -2.038840177546337, 42.294966774022534 ], [ -2.031595186381877, 42.295157906432763 ], [ -2.029651493625256, 42.295339550424956 ], [ -2.02965109458628, 42.295339862260981 ], [ -2.028522151372994, 42.293853575812136 ], [ -2.021616702155889, 42.283888135863343 ], [ -2.020154904257919, 42.281947772236975 ], [ -2.014790243195311, 42.27364430576155 ], [ -2.015110566366124, 42.271755822071619 ], [ -2.016276021285452, 42.26779187133846 ], [ -2.017114502296619, 42.266898466083731 ], [ -2.01677629419591, 42.265257587017999 ], [ -2.018071255398252, 42.260712175626367 ], [ -2.016895675734049, 42.245895516816844 ], [ -2.015237771080181, 42.24183698744941 ], [ -2.01868262866456, 42.23384263975808 ], [ -2.026946786179377, 42.220688618390014 ], [ -2.027766607144954, 42.219383395211352 ], [ -2.031551810442466, 42.21335621331955 ], [ -2.035419274777631, 42.196465654441873 ], [ -2.031745547649575, 42.177718628196637 ], [ -2.031247690929703, 42.169915604056158 ], [ -2.029974572151654, 42.166859595457701 ], [ -2.028443752800985, 42.164054653875098 ], [ -2.023296213268733, 42.154013932328347 ], [ -1.996697000202966, 42.133106786422509 ], [ -1.996696366749209, 42.133106290038732 ], [ -1.996712819805608, 42.133105308127533 ], [ -2.002588090729543, 42.132754554389358 ], [ -2.002618961844259, 42.132752710780849 ], [ -2.003449746576674, 42.132451106850596 ], [ -2.004602615390756, 42.132032564363435 ], [ -2.00805319943834, 42.132647884625904 ], [ -2.008058117009679, 42.132647170611335 ], [ -2.012867548403597, 42.131949252737613 ], [ -2.014156900851517, 42.132312172723296 ], [ -2.014902868135472, 42.131786615272382 ], [ -2.014908601395622, 42.131787520099408 ], [ -2.019429959799693, 42.132501046915486 ], [ -2.026369621196146, 42.133595842922958 ], [ -2.027552548071176, 42.133786023480049 ], [ -2.027554386320078, 42.133786480370716 ], [ -2.029206205288236, 42.133251787496548 ], [ -2.029713163134589, 42.131751975158316 ], [ -2.029774781881936, 42.130095367575876 ], [ -2.029883540458278, 42.129312730060661 ], [ -2.030670439642794, 42.12849082259487 ], [ -2.033683986332495, 42.126048532118297 ], [ -2.036761639203298, 42.124147093289004 ], [ -2.040662509681586, 42.121396883794759 ], [ -2.041872020325196, 42.12060542272463 ], [ -2.042362362521471, 42.120186246763396 ], [ -2.043183435821528, 42.119481574419254 ], [ -2.04421725277628, 42.118310368748389 ], [ -2.044719547448125, 42.117891336088292 ], [ -2.044989052847275, 42.117668370324679 ], [ -2.04554958765907, 42.117393821316398 ], [ -2.047860040772135, 42.116593498653025 ], [ -2.053228865210956, 42.115106902947112 ], [ -2.053813237588815, 42.114859548020071 ], [ -2.054336657828628, 42.113828130652614 ], [ -2.055251974582866, 42.110845579256015 ], [ -2.056878195085911, 42.11129128940906 ], [ -2.058302039095643, 42.112338707179646 ], [ -2.060068451653119, 42.113127751889991 ], [ -2.061979632034417, 42.113125427965528 ], [ -2.062598706975571, 42.112977345800793 ], [ -2.063311245756867, 42.11305523652085 ], [ -2.064122040623166, 42.113025859597542 ], [ -2.064560552365065, 42.11446145390213 ], [ -2.064682467480611, 42.115218967930993 ], [ -2.064638112236433, 42.116587557197128 ], [ -2.066352899889635, 42.118429847955547 ], [ -2.066641434023917, 42.120197440625915 ], [ -2.068092680280646, 42.121046801941027 ], [ -2.071012308479571, 42.121592928029493 ], [ -2.07280781115997, 42.121247240586953 ], [ -2.076583005019244, 42.119530475769757 ], [ -2.078129515307739, 42.118831434483162 ], [ -2.082715066241721, 42.118778140129628 ], [ -2.08670162791081, 42.117477084504706 ], [ -2.087994183467654, 42.115920313686495 ], [ -2.088786249320058, 42.114674715933241 ], [ -2.09055364223692, 42.113743084472254 ], [ -2.092135893087146, 42.11305309865979 ], [ -2.094080186539954, 42.113275632463001 ], [ -2.094866252476606, 42.113290883857161 ], [ -2.095412553982027, 42.113151106290537 ], [ -2.096313304163402, 42.112752937891955 ], [ -2.099123864138864, 42.112450850122464 ], [ -2.099743282170517, 42.112275584206586 ], [ -2.100426915320407, 42.111830582044064 ], [ -2.101878031427281, 42.110148808858163 ], [ -2.102024276637914, 42.110068924866383 ], [ -2.102389937535293, 42.109873637471928 ], [ -2.10309095474465, 42.109906129418981 ], [ -2.104559935913196, 42.110376976737996 ], [ -2.111096215373027, 42.111769833920683 ], [ -2.113192727601731, 42.11062420888603 ], [ -2.119000019054357, 42.111389559005346 ], [ -2.121622902642847, 42.112400418548987 ], [ -2.122896043462433, 42.113049589221021 ], [ -2.123842947092871, 42.113678301750809 ], [ -2.125501014174964, 42.114492483424598 ], [ -2.126027109774212, 42.114937850400828 ], [ -2.126333294097068, 42.115543597859919 ], [ -2.127072554161475, 42.116323812557638 ], [ -2.128463598395683, 42.117208034401976 ], [ -2.129948054168294, 42.117462459934039 ], [ -2.136146870364015, 42.114411209436994 ], [ -2.143055695075497, 42.114273969314382 ], [ -2.144074184859663, 42.112300220448518 ], [ -2.148060976028494, 42.104557376835309 ], [ -2.148110768654835, 42.10444969762689 ], [ -2.149256330559226, 42.10380075467198 ], [ -2.152905772964783, 42.104025920339652 ], [ -2.154655895073649, 42.104291052266859 ], [ -2.156646289372319, 42.104683961109458 ], [ -2.157164075835746, 42.104858939448114 ], [ -2.158880512974091, 42.104925545722509 ], [ -2.160071620234624, 42.104483971292922 ], [ -2.161890289503644, 42.104146080887972 ], [ -2.164283797868958, 42.104235598522507 ], [ -2.164971521753746, 42.104357684061824 ], [ -2.165991025347533, 42.104085945147638 ], [ -2.167437490698497, 42.104456702036366 ], [ -2.171334709711405, 42.105169477298233 ], [ -2.172772615062813, 42.105269958003419 ], [ -2.173560371075028, 42.105149519528865 ], [ -2.175300601142991, 42.104324473112918 ], [ -2.175609314756696, 42.104767990120941 ], [ -2.176533628146231, 42.104369347811222 ], [ -2.181221137749266, 42.103826562570944 ], [ -2.182553615031404, 42.103664927521798 ], [ -2.186159774769428, 42.104447190400954 ], [ -2.187521192095629, 42.10377036601551 ], [ -2.187535200568538, 42.103763476228842 ], [ -2.18876442743277, 42.103159700296658 ], [ -2.191333108797012, 42.102790607196361 ], [ -2.19305077826436, 42.102766682811932 ], [ -2.194587970488067, 42.102669448082843 ], [ -2.196876824851469, 42.102424339895514 ], [ -2.19852089708404, 42.102480842875089 ], [ -2.202202705119802, 42.103028969723852 ], [ -2.2062526967325, 42.104119841493926 ], [ -2.207601767989054, 42.104561499660633 ], [ -2.208882602697293, 42.104660440388436 ], [ -2.212038033522301, 42.102808852549117 ], [ -2.213716893817003, 42.102009818210121 ], [ -2.215416936341318, 42.10145406922905 ], [ -2.216618736483959, 42.100111303349998 ], [ -2.217095073600024, 42.099727320405357 ], [ -2.224080182753681, 42.098153698124101 ], [ -2.225762851925744, 42.099002659770321 ], [ -2.229587937666365, 42.100703642434055 ], [ -2.230739701128819, 42.101467967754012 ], [ -2.231316902829442, 42.101742008726447 ], [ -2.232546446654982, 42.102074480791046 ], [ -2.235007902196203, 42.102550288802504 ], [ -2.236483931180635, 42.102506078363092 ], [ -2.237841913713553, 42.102217952704748 ], [ -2.242200019740135, 42.099833120170132 ], [ -2.244187095417926, 42.098504310642326 ], [ -2.247347504254144, 42.096120388157608 ], [ -2.250258367575734, 42.093347472868771 ], [ -2.252770129985882, 42.091580608470821 ], [ -2.254060540232234, 42.091877224586952 ], [ -2.256662044103968, 42.089660591068515 ], [ -2.258890523950374, 42.087279243142554 ], [ -2.261163843013711, 42.087266940556759 ], [ -2.262743078767269, 42.087673430950318 ], [ -2.269588688100586, 42.088554880678444 ], [ -2.270002415718599, 42.090430847967312 ], [ -2.271051351049932, 42.092806219004196 ], [ -2.271619410706391, 42.093881611164214 ], [ -2.272843215433295, 42.09578075013529 ], [ -2.274354821460836, 42.097897808078912 ], [ -2.276827268181575, 42.100606364672132 ], [ -2.27761313985319, 42.101692097680456 ], [ -2.279288992670297, 42.104278480588405 ], [ -2.280359706819923, 42.106915080352437 ], [ -2.281746000667913, 42.108391813548664 ], [ -2.282054730132546, 42.109969883188043 ], [ -2.280614155316335, 42.114346953045455 ], [ -2.281697376203505, 42.115893843160912 ], [ -2.282571453034441, 42.118826402271615 ], [ -2.281953257526983, 42.120011387378881 ], [ -2.281168978868978, 42.120898045119198 ], [ -2.278913455817071, 42.122432975869977 ], [ -2.282159706116658, 42.13170297744319 ], [ -2.288390432006733, 42.134993103933915 ], [ -2.307826720347247, 42.140245772143963 ], [ -2.30954365461865, 42.141490029103835 ], [ -2.314187988941326, 42.143967642334289 ], [ -2.31574355122879, 42.144490341250709 ], [ -2.318204981366943, 42.145180452031738 ], [ -2.319136414837831, 42.145222052907364 ], [ -2.322274533403074, 42.144880393025311 ], [ -2.324836585523472, 42.144084955187367 ], [ -2.326886154764911, 42.143673685511644 ], [ -2.332149946251139, 42.146028158304972 ], [ -2.340797363207303, 42.145420791228382 ], [ -2.344003619210356, 42.145502222706327 ], [ -2.348190810382116, 42.146705943314529 ], [ -2.351053549686862, 42.144884922926579 ], [ -2.354203024721149, 42.144596514435904 ], [ -2.355850417290446, 42.144452656859599 ], [ -2.360212077043785, 42.143963730282749 ], [ -2.361991262494085, 42.143946680744634 ], [ -2.370673425017104, 42.143436254857981 ], [ -2.376175919384723, 42.141376853864926 ], [ -2.382204984484433, 42.142355232700879 ], [ -2.387867347141378, 42.142484634621916 ], [ -2.391656758180576, 42.141054813240935 ], [ -2.392945575547171, 42.140422196298047 ], [ -2.394430961681457, 42.139484399349641 ], [ -2.395823809735155, 42.138086735145336 ], [ -2.397214090327169, 42.136950241987364 ], [ -2.401400376296623, 42.139575047183023 ], [ -2.401934796978751, 42.145774215519019 ], [ -2.400824138603447, 42.154450619187514 ], [ -2.398492202540085, 42.156563801139264 ], [ -2.398101520477501, 42.156913033064306 ], [ -2.395947759256001, 42.159369436895588 ], [ -2.393907132856972, 42.162627976460577 ], [ -2.390224734897888, 42.161608717834113 ], [ -2.389088896094667, 42.161395565827497 ], [ -2.387842259894368, 42.161370872087517 ], [ -2.385624516583937, 42.161629145972199 ], [ -2.38403893797568, 42.161602668276586 ], [ -2.38262419870002, 42.161441923367278 ], [ -2.381027848541152, 42.161280215561298 ], [ -2.379622930706292, 42.161353664617693 ], [ -2.378458823951245, 42.161554510178924 ], [ -2.377182465436383, 42.162097001445289 ], [ -2.375936034362904, 42.163279032247267 ], [ -2.374998830538352, 42.163796250433727 ], [ -2.373062696444943, 42.163713625729727 ], [ -2.371490389297397, 42.163569938328713 ], [ -2.369120725877308, 42.163259691661594 ], [ -2.36810544164159, 42.164316820631512 ], [ -2.367479766813769, 42.165142009498318 ], [ -2.365746556315834, 42.166555417052201 ], [ -2.365271304006234, 42.166867988363371 ], [ -2.364182812650208, 42.167969721100008 ], [ -2.362957809963247, 42.16818811022393 ], [ -2.362364117150354, 42.168238795161997 ], [ -2.361379995315481, 42.169782408976339 ], [ -2.3609812667854, 42.170905993314754 ], [ -2.360810886517095, 42.172192940134188 ], [ -2.360843907670972, 42.174922013019057 ], [ -2.360363814873022, 42.175702909121199 ], [ -2.356867361512284, 42.179006628081062 ], [ -2.355877974446938, 42.179847688249339 ], [ -2.354708552065347, 42.180534600723306 ], [ -2.354294379643448, 42.180775441971612 ], [ -2.35442606936364, 42.185675587999746 ], [ -2.354199959957502, 42.186475891100926 ], [ -2.354074518312097, 42.186898497041234 ], [ -2.35420673726428, 42.186998289299112 ], [ -2.355311095965479, 42.187959180260933 ], [ -2.356470676465771, 42.188253883223823 ], [ -2.357651258774885, 42.19125960550268 ], [ -2.359546044116677, 42.191918662121374 ], [ -2.360233795767754, 42.193372529813367 ], [ -2.362231604992881, 42.193428714613717 ], [ -2.36269071567251, 42.194746163495452 ], [ -2.363880488943131, 42.19687825320257 ], [ -2.363601797311404, 42.198092551806617 ], [ -2.364468210276377, 42.199862604219533 ], [ -2.364752789936925, 42.200476590709592 ], [ -2.364453111985179, 42.201366548683353 ], [ -2.366388466543529, 42.20284533233243 ], [ -2.366834846158352, 42.205450569371614 ], [ -2.36738051137097, 42.205399560257916 ], [ -2.3711668446112, 42.205924728709014 ], [ -2.372568075064451, 42.206328751299196 ], [ -2.375842031176843, 42.206004378630055 ], [ -2.37731854720696, 42.206138502894518 ], [ -2.38027438983109, 42.206136493866175 ], [ -2.38255342215944, 42.205977710196201 ], [ -2.385837016281939, 42.208391052269704 ], [ -2.388208922585612, 42.209898754623076 ], [ -2.390592370319113, 42.212739438519648 ], [ -2.391469560477255, 42.214752443778771 ], [ -2.392177146137751, 42.215503769669681 ], [ -2.391317908232651, 42.216660989821598 ], [ -2.393731078408648, 42.220231256933708 ], [ -2.393047959939617, 42.220713989208861 ], [ -2.392045729799378, 42.222879217466136 ], [ -2.393170068106562, 42.224407207549064 ], [ -2.392221154438187, 42.22479844105969 ], [ -2.392258913353294, 42.225915401497112 ], [ -2.392303891500306, 42.227536766713378 ], [ -2.391289955154176, 42.228386942588685 ], [ -2.390922658297866, 42.228772293389838 ], [ -2.390733701948158, 42.229518819060985 ], [ -2.390336361989218, 42.230507371549798 ], [ -2.390089486318055, 42.232235252455105 ], [ -2.388187891587776, 42.235881576442168 ], [ -2.387734707624965, 42.236374559358488 ], [ -2.385999373028571, 42.237851289705716 ], [ -2.387783453684744, 42.238851542663333 ], [ -2.38857510541171, 42.239711348426461 ], [ -2.387245734863483, 42.240559855866252 ], [ -2.385837859599065, 42.242002291249676 ], [ -2.384147113788565, 42.242614653817789 ], [ -2.383744231955005, 42.242909664075519 ], [ -2.383499059116841, 42.243196561304764 ], [ -2.383239733370507, 42.243681518111295 ], [ -2.383122714872718, 42.244500438807336 ], [ -2.380353419813532, 42.248781463603386 ], [ -2.379173968733566, 42.24791946074982 ], [ -2.377293075630011, 42.246891548142955 ], [ -2.376450993095129, 42.246238523914961 ], [ -2.374689206752516, 42.245436345485942 ], [ -2.373433004741866, 42.244988175657468 ], [ -2.371405492018549, 42.244094466684039 ], [ -2.368534875251855, 42.242673719911373 ], [ -2.366365376275517, 42.241454901948217 ], [ -2.36498939857705, 42.240879867041926 ], [ -2.361425274102865, 42.239743315976639 ], [ -2.360094090698952, 42.239537749821579 ], [ -2.359071549740227, 42.238784543565615 ], [ -2.358287083798646, 42.238455891352402 ], [ -2.354199598955621, 42.237568337507149 ], [ -2.354078561244964, 42.23754961555214 ], [ -2.351308029796296, 42.237065630264503 ], [ -2.347072670775213, 42.236429173283739 ], [ -2.344434121575729, 42.236089836097079 ], [ -2.341797939988121, 42.23551629502083 ], [ -2.337466823064229, 42.235941684283468 ], [ -2.336904753962293, 42.236379716582128 ], [ -2.335026964908341, 42.236305800726441 ], [ -2.33409773559591, 42.23593113687204 ], [ -2.332126538503727, 42.235523355430743 ], [ -2.329244440647336, 42.235299373868017 ], [ -2.327148970695203, 42.235188028210445 ], [ -2.324133819789803, 42.234945097251845 ], [ -2.323725624133817, 42.23458240753628 ], [ -2.319258513922623, 42.234123665524685 ], [ -2.318547220975207, 42.233777229987801 ], [ -2.317924120836494, 42.233116021453014 ], [ -2.316648772284917, 42.234504406840379 ], [ -2.316348412428865, 42.234259418880839 ], [ -2.315976368750053, 42.232798218308105 ], [ -2.315162303432691, 42.23187467837235 ], [ -2.314625797727078, 42.232177742649 ], [ -2.31404787559244, 42.231832022881477 ], [ -2.313309586223321, 42.2317375131001 ], [ -2.311994659700775, 42.231189242698058 ], [ -2.311646234077749, 42.230907969571554 ], [ -2.311273687519146, 42.23061753079304 ], [ -2.3128522660604, 42.23032979632324 ], [ -2.313702271892181, 42.230172822607628 ], [ -2.313908717146115, 42.230138053418685 ], [ -2.310943601025006, 42.22866119650368 ], [ -2.31008964703225, 42.228070601567197 ], [ -2.308826563422703, 42.227216462566794 ], [ -2.306538999870643, 42.225860705639533 ], [ -2.302341385008702, 42.22520474610117 ], [ -2.300128441039164, 42.224794959295245 ], [ -2.297587506625975, 42.223365430071723 ], [ -2.295361396608243, 42.223054606042133 ], [ -2.294438547475157, 42.22214824687849 ], [ -2.293217266177045, 42.221915559134061 ], [ -2.290859190885613, 42.221495712669281 ], [ -2.288254115265178, 42.221488586363371 ], [ -2.285414388257187, 42.219732668938647 ], [ -2.284344678127313, 42.218969456564743 ], [ -2.282633662691779, 42.217067467654388 ], [ -2.282179333597761, 42.217595937690604 ], [ -2.281795347634531, 42.218332056823172 ], [ -2.281499357458529, 42.220924043267132 ], [ -2.281032171453396, 42.221515512090001 ], [ -2.280391374974661, 42.221394401680449 ], [ -2.276706931339419, 42.224658460248854 ], [ -2.276422701681832, 42.225142995671888 ], [ -2.276512628771344, 42.225755968456106 ], [ -2.276842690983883, 42.226559624217927 ], [ -2.275751555523804, 42.228732243047311 ], [ -2.276582004286754, 42.231349282779945 ], [ -2.277014601096423, 42.233792691742622 ], [ -2.27547414802328, 42.234962734019803 ], [ -2.272714226959629, 42.235728820166472 ], [ -2.272527433953909, 42.23615992175111 ], [ -2.272104173207993, 42.236085168605648 ], [ -2.271631213456543, 42.237162872398109 ], [ -2.269556948713065, 42.238365476081029 ], [ -2.268121523632901, 42.239869380266818 ], [ -2.267032745730022, 42.24073602878056 ], [ -2.265385565383872, 42.241671130515471 ], [ -2.263373538353851, 42.241676184323218 ], [ -2.262425178581259, 42.242967018436765 ], [ -2.259582337532826, 42.243525024225953 ], [ -2.258856877499013, 42.244402927381479 ], [ -2.255376906735838, 42.246559896419711 ], [ -2.254397199701298, 42.247409093117447 ], [ -2.2533241349254, 42.248978193055017 ], [ -2.252438060103568, 42.250098145560081 ], [ -2.25231503584377, 42.250250429181676 ], [ -2.251568557209868, 42.251866670458043 ], [ -2.249364024605512, 42.252734851438809 ], [ -2.248272780447711, 42.253772410860705 ], [ -2.245829034859999, 42.255377456546547 ], [ -2.244036522840315, 42.256248247425162 ], [ -2.241750511517575, 42.257818257901704 ], [ -2.240147831577599, 42.259023390056306 ], [ -2.239086497548992, 42.260574390293328 ], [ -2.237194321027001, 42.261642538719634 ], [ -2.231667921956282, 42.262443110151601 ], [ -2.231219052159958, 42.262467173771256 ], [ -2.230724184634787, 42.262283722029977 ], [ -2.229920536955738, 42.261566833534133 ], [ -2.229545076070925, 42.260537612143658 ], [ -2.229198337721194, 42.260139012231768 ], [ -2.22722851293374, 42.258621687453534 ] ], [ [ -2.172151359807575, 42.20292077169691 ], [ -2.171917849216026, 42.203180241464359 ], [ -2.171500129290875, 42.203627530634122 ], [ -2.171434651904452, 42.204005305008387 ], [ -2.171518328489529, 42.204086993593343 ], [ -2.171625324333381, 42.204240855511074 ], [ -2.172528657080105, 42.204634671375103 ], [ -2.172720256208939, 42.204807169454718 ], [ -2.172739133709719, 42.207067852756772 ], [ -2.174379550050817, 42.207611086296076 ], [ -2.174810563090441, 42.208001460047107 ], [ -2.17602596550381, 42.209559271556699 ], [ -2.176252262626658, 42.209858118314799 ], [ -2.177347669269639, 42.212261631367767 ], [ -2.177441593037498, 42.212487460975602 ], [ -2.177906813401998, 42.213049177708122 ], [ -2.178361681176686, 42.213475730165428 ], [ -2.178581530225182, 42.214269858310807 ], [ -2.178849043031113, 42.216063993310861 ], [ -2.178698219539725, 42.2174138549925 ], [ -2.17849363355708, 42.218240998478066 ], [ -2.178610673270954, 42.218557018768799 ], [ -2.180399375618212, 42.219839718596695 ], [ -2.181213455000699, 42.220602013708238 ], [ -2.181915792749364, 42.221570732153786 ], [ -2.183258236787204, 42.222706084686671 ], [ -2.184235465838312, 42.223973913344444 ], [ -2.184384624617323, 42.22462346997461 ], [ -2.184435823469261, 42.22535328678304 ], [ -2.18424212297191, 42.226279542980528 ], [ -2.183801887648644, 42.227528300937522 ], [ -2.183846713016797, 42.229690130136781 ], [ -2.18650891708588, 42.23564409844294 ], [ -2.187519631171781, 42.23810094331072 ], [ -2.188474108839979, 42.239278540432508 ], [ -2.191714969058388, 42.241751131984635 ], [ -2.191937350686895, 42.243319755779368 ], [ -2.192132901407458, 42.244140722411714 ], [ -2.193981389802265, 42.247467988921258 ], [ -2.195196838834507, 42.250070346348053 ], [ -2.195703724405605, 42.251199654688222 ], [ -2.198510261947406, 42.250705985401261 ], [ -2.203539272891557, 42.25181282225082 ], [ -2.203843743178368, 42.252661513157186 ], [ -2.209512933118943, 42.250098042873503 ], [ -2.209525274652309, 42.250080088536436 ], [ -2.211131921667278, 42.247614500050524 ], [ -2.211646166820651, 42.247203741106709 ], [ -2.212013085112033, 42.24694507483229 ], [ -2.212345350110993, 42.246542075658525 ], [ -2.212770803846193, 42.24547333131369 ], [ -2.212874887683189, 42.244897616570988 ], [ -2.212255575899961, 42.244019746182062 ], [ -2.212039639148528, 42.243838132558444 ], [ -2.210684202554861, 42.243666702672755 ], [ -2.210398655096571, 42.242268769703813 ], [ -2.207823950981122, 42.242674273541162 ], [ -2.207518748167161, 42.241879650009878 ], [ -2.207136141008645, 42.241462735727758 ], [ -2.207029482298223, 42.240300170170727 ], [ -2.206806812624448, 42.239695174205607 ], [ -2.206399038452654, 42.23935014554074 ], [ -2.205653744342915, 42.238858607881184 ], [ -2.206468845860081, 42.237648445465958 ], [ -2.206090560951941, 42.236889371824709 ], [ -2.205705565224296, 42.236661493398906 ], [ -2.204617543767314, 42.236446807000235 ], [ -2.204378313394413, 42.236192931541808 ], [ -2.205111961029137, 42.233748392544456 ], [ -2.204891551941087, 42.23296333403816 ], [ -2.201914442723125, 42.228790690841087 ], [ -2.202984065613542, 42.217954734874262 ], [ -2.20093394272839, 42.21719295879884 ], [ -2.200705107421379, 42.216128557876281 ], [ -2.199662563982244, 42.214257049396849 ], [ -2.199233064033871, 42.213731637430151 ], [ -2.198509828493637, 42.213438414242248 ], [ -2.197699480845467, 42.213333675924204 ], [ -2.193779940292115, 42.213828519724359 ], [ -2.193535532590417, 42.212088604632825 ], [ -2.19375423828572, 42.211090441584531 ], [ -2.193766804215525, 42.21105448780888 ], [ -2.194233072206769, 42.209634778752147 ], [ -2.194422321880975, 42.209050728801394 ], [ -2.194406821344212, 42.208366134085033 ], [ -2.193945278940703, 42.207507309487248 ], [ -2.193227246179361, 42.206817734994743 ], [ -2.192060497820186, 42.206161083450553 ], [ -2.191228319057154, 42.205876029591636 ], [ -2.190195273227511, 42.205193244158409 ], [ -2.18955985397816, 42.204675430555561 ], [ -2.189183354759863, 42.203808131424097 ], [ -2.189144043870857, 42.203096402427143 ], [ -2.188800251480963, 42.20250851354713 ], [ -2.188250571826656, 42.201919272155614 ], [ -2.18813449224037, 42.201531149940458 ], [ -2.188003524109875, 42.200404460988317 ], [ -2.187534198784218, 42.200166961463758 ], [ -2.185948989627899, 42.200047615154247 ], [ -2.18559438823746, 42.202188539462639 ], [ -2.183509501690629, 42.202299838266043 ], [ -2.178664777805085, 42.202256189180993 ], [ -2.177111914374682, 42.20244317224649 ], [ -2.175354966915034, 42.202484521242859 ], [ -2.17451473072452, 42.202820744164661 ], [ -2.173352111497046, 42.202803359014233 ], [ -2.172151359807575, 42.20292077169691 ] ] ], [ [ [ -2.895331166213435, 42.495610350446235 ], [ -2.895124574650878, 42.495448074562844 ], [ -2.894261618393956, 42.494780810963967 ], [ -2.892024967165562, 42.493346770579727 ], [ -2.888159122214671, 42.491109579123609 ], [ -2.887320591687371, 42.490541334327624 ], [ -2.886446113558409, 42.489576808195743 ], [ -2.886106088489193, 42.489225271526308 ], [ -2.885559221069797, 42.488819426364728 ], [ -2.878702282466449, 42.485750272920939 ], [ -2.873037027370476, 42.483330507766908 ], [ -2.870215909813294, 42.482534787860551 ], [ -2.868914377910848, 42.482371149054991 ], [ -2.867247732643365, 42.482261162627246 ], [ -2.864619622218533, 42.48225805698462 ], [ -2.863695420957022, 42.4820227837536 ], [ -2.862248664067932, 42.481489736240469 ], [ -2.861762118869688, 42.481444065980867 ], [ -2.857161482359522, 42.482140837747906 ], [ -2.854194612195885, 42.481362557068259 ], [ -2.85386602519118, 42.481371172417823 ], [ -2.851407643609743, 42.481638120374427 ], [ -2.848756121687103, 42.481274403298372 ], [ -2.848500725701666, 42.481247005051408 ], [ -2.84758667567197, 42.481867199825402 ], [ -2.847098833467209, 42.48235289956007 ], [ -2.84625766685278, 42.483009182814413 ], [ -2.843978814664615, 42.484446986500942 ], [ -2.842540716003731, 42.4853636505118 ], [ -2.841943947121834, 42.485578949981679 ], [ -2.841651804943258, 42.485632583033741 ], [ -2.841396090973951, 42.48568626575603 ], [ -2.840495885546522, 42.485612944096864 ], [ -2.835637747699517, 42.482246808619408 ], [ -2.831468073001557, 42.480889815268192 ], [ -2.829985314700235, 42.480311227563718 ], [ -2.825377730262161, 42.479034433048987 ], [ -2.822520637238931, 42.478327491740096 ], [ -2.82045338328354, 42.477955047718375 ], [ -2.818896741775331, 42.477736450509887 ], [ -2.81817052144082, 42.476456449536023 ], [ -2.811100010804172, 42.47313971778933 ], [ -2.813400607761476, 42.472684198853791 ], [ -2.813985085592433, 42.472496031809165 ], [ -2.815627137758602, 42.472597766263654 ], [ -2.817341773678049, 42.472798717431537 ], [ -2.817670556938262, 42.472709162817559 ], [ -2.818621511837726, 42.471981162422281 ], [ -2.818999624976298, 42.471648571718362 ], [ -2.822004970314034, 42.47144618436888 ], [ -2.823661174784218, 42.470818344282229 ], [ -2.827290105539051, 42.46944602395893 ], [ -2.828034072832339, 42.46875367193968 ], [ -2.828850254912554, 42.468322627140886 ], [ -2.83162643532476, 42.467318133611343 ], [ -2.833233760616879, 42.466681081451135 ], [ -2.833854544353047, 42.466528866871968 ], [ -2.834438618575853, 42.466457658277356 ], [ -2.83488858387906, 42.466494331955779 ], [ -2.835885104796577, 42.466865010709753 ], [ -2.837112128913379, 42.467443156633045 ], [ -2.837744270796636, 42.467588183200483 ], [ -2.838328023637238, 42.467643041836624 ], [ -2.838826764530267, 42.467625747681979 ], [ -2.838973080556813, 42.467508869065981 ], [ -2.841877178933383, 42.468755755305239 ], [ -2.84226769068512, 42.468243035716561 ], [ -2.842292046249452, 42.468225030359093 ], [ -2.844818309734404, 42.464914291891652 ], [ -2.854207581337216, 42.470609515517189 ], [ -2.856020043623795, 42.470629771606248 ], [ -2.858002702716094, 42.470722368172844 ], [ -2.865715696722421, 42.470515622691032 ], [ -2.867309063869605, 42.47060754209901 ], [ -2.871410022518741, 42.469936798954436 ], [ -2.871811510816889, 42.469919232322283 ], [ -2.872808417549423, 42.470199583323662 ], [ -2.878254614446674, 42.472015748474419 ], [ -2.879980449555196, 42.472873140168744 ], [ -2.880782340605914, 42.473396362752815 ], [ -2.881657724646284, 42.473667449316594 ], [ -2.882728334372052, 42.473641522046442 ], [ -2.883871758094894, 42.473714742600791 ], [ -2.886073106110764, 42.474041227050378 ], [ -2.89050269388489, 42.473280049251983 ], [ -2.896298753697689, 42.477320208778046 ], [ -2.899032510865517, 42.479556124893932 ], [ -2.899238982719684, 42.479736437413727 ], [ -2.901182306038348, 42.4818725477584 ], [ -2.901315545742029, 42.482232915042175 ], [ -2.901326738407285, 42.482872346713719 ], [ -2.901761421885793, 42.484944078027411 ], [ -2.903469876944969, 42.489592613014587 ], [ -2.903577388770028, 42.4908895675648 ], [ -2.903660600871905, 42.492141516871769 ], [ -2.903574279967876, 42.49288890797137 ], [ -2.903097335014, 42.49435643495007 ], [ -2.902485939556964, 42.496220130300301 ], [ -2.902265118913398, 42.497354694357995 ], [ -2.901361748923629, 42.499119088500613 ], [ -2.901226918947887, 42.499722351897987 ], [ -2.900314579679348, 42.499415344084859 ], [ -2.898867517412381, 42.498693592408031 ], [ -2.896193745202694, 42.496457674609594 ], [ -2.895331166213435, 42.495610350446235 ] ] ] ] } },
{ "type": "Feature", "properties": { "codatzbs": "130103", "n_zbs": "CALAHORRA", "ccaa_cd": "ES23", "area": "La Rioja" }, "geometry": { "type": "MultiPolygon", "coordinates": [ [ [ [ -1.968216302023561, 42.236244596353927 ], [ -1.967775804799272, 42.232052780445564 ], [ -1.967114643650349, 42.232480250370273 ], [ -1.964232663823557, 42.232336020697069 ], [ -1.962107858585924, 42.231109413428648 ], [ -1.960142954576455, 42.229003309601786 ], [ -1.959583798084674, 42.226161314489872 ], [ -1.957369344968806, 42.225969489287856 ], [ -1.955899705439769, 42.224703702922085 ], [ -1.950709350903846, 42.223496758039062 ], [ -1.946278808890576, 42.221069487182753 ], [ -1.945600902187409, 42.222467599737186 ], [ -1.940360478550768, 42.220654653356775 ], [ -1.932698935400138, 42.220195142801629 ], [ -1.930613094202134, 42.219581859150303 ], [ -1.931249095058823, 42.217795019375984 ], [ -1.928522035106699, 42.216296055834135 ], [ -1.927347778132145, 42.215650574663918 ], [ -1.921712029797694, 42.209358107505686 ], [ -1.919742090835387, 42.203420820796715 ], [ -1.92269360367756, 42.198675379917162 ], [ -1.925005295190767, 42.189510778055372 ], [ -1.927510049393152, 42.1882030241742 ], [ -1.928853984638571, 42.188204321297604 ], [ -1.930492468124676, 42.187293666422335 ], [ -1.92995388218985, 42.184758492585551 ], [ -1.930363619936618, 42.182735913350577 ], [ -1.933538637122202, 42.177558829415503 ], [ -1.933772167429, 42.173012855155541 ], [ -1.935864470498732, 42.171717947800218 ], [ -1.937150276717173, 42.169413572352902 ], [ -1.939808285733263, 42.166826415006582 ], [ -1.943179391917829, 42.163606865886251 ], [ -1.945995855049771, 42.162380348536438 ], [ -1.94931142799932, 42.161735357807203 ], [ -1.950396744367718, 42.160529460224403 ], [ -1.951992110941021, 42.15995865748615 ], [ -1.953467345266311, 42.158587414306744 ], [ -1.957534687455188, 42.157839245904363 ], [ -1.958335976561606, 42.156208525289244 ], [ -1.962742810625255, 42.153194804217506 ], [ -1.965060522215061, 42.150612365798239 ], [ -1.966507871154873, 42.150166671275279 ], [ -1.968127275847001, 42.148821899232971 ], [ -1.967658720840407, 42.146385985490994 ], [ -1.968750609382874, 42.144738105024743 ], [ -1.972266866987506, 42.143525937690697 ], [ -1.97226754239759, 42.14352570507431 ], [ -1.976718272340786, 42.14025882296125 ], [ -1.976737602447059, 42.140244634822743 ], [ -1.979063116797034, 42.140138726783306 ], [ -1.981317287472169, 42.140509249687597 ], [ -1.983805981993108, 42.140918265159229 ], [ -1.983814164055033, 42.140625980456122 ], [ -1.983834707563985, 42.139892250501504 ], [ -1.983834735574359, 42.139891255553053 ], [ -1.985067872836924, 42.138973485966069 ], [ -1.985781759630138, 42.138442153245066 ], [ -1.98679537262877, 42.138252132946306 ], [ -1.9877602061244, 42.138071247009876 ], [ -1.989937630936837, 42.136522454462735 ], [ -1.990085693092587, 42.136417133080343 ], [ -1.990086896686375, 42.136417158085173 ], [ -1.99245676169501, 42.136466150056826 ], [ -1.99280566889189, 42.13505412200022 ], [ -1.99280581701415, 42.135053555902815 ], [ -1.996696366749209, 42.133106290038732 ], [ -1.996697000202966, 42.133106786422509 ], [ -2.023296213268733, 42.154013932328347 ], [ -2.028443752800985, 42.164054653875098 ], [ -2.029974572151654, 42.166859595457701 ], [ -2.031247690929703, 42.169915604056158 ], [ -2.031745547649575, 42.177718628196637 ], [ -2.035419274777631, 42.196465654441873 ], [ -2.031551810442466, 42.21335621331955 ], [ -2.027766607144954, 42.219383395211352 ], [ -2.026946786179377, 42.220688618390014 ], [ -2.01868262866456, 42.23384263975808 ], [ -2.015237771080181, 42.24183698744941 ], [ -2.016895675734049, 42.245895516816844 ], [ -2.018071255398252, 42.260712175626367 ], [ -2.01677629419591, 42.265257587017999 ], [ -2.017114502296619, 42.266898466083731 ], [ -2.016276021285452, 42.26779187133846 ], [ -2.015110566366124, 42.271755822071619 ], [ -2.014790243195311, 42.27364430576155 ], [ -2.020154904257919, 42.281947772236975 ], [ -2.021616702155889, 42.283888135863343 ], [ -2.028522151372994, 42.293853575812136 ], [ -2.02965109458628, 42.295339862260981 ], [ -2.029651493625256, 42.295339550424956 ], [ -2.031595186381877, 42.295157906432763 ], [ -2.038840177546337, 42.294966774022534 ], [ -2.03884543476173, 42.29496647135386 ], [ -2.039932913899144, 42.29490384246823 ], [ -2.040688957365485, 42.294649021409462 ], [ -2.04199500821628, 42.294110591577997 ], [ -2.041995057005432, 42.294110573973434 ], [ -2.042656549298286, 42.293683806405369 ], [ -2.042742277100557, 42.293630518898276 ], [ -2.043626468404939, 42.292917396283727 ], [ -2.044096480145229, 42.292317930025234 ], [ -2.044494795273503, 42.291602090215662 ], [ -2.044495524600144, 42.291600785907015 ], [ -2.04450139113325, 42.291599875641431 ], [ -2.04543174478858, 42.291455503962609 ], [ -2.046162431459039, 42.291263446565203 ], [ -2.046917599362489, 42.29099986347768 ], [ -2.046918489560383, 42.29099955116024 ], [ -2.046918628223133, 42.290999606349267 ], [ -2.047369533823988, 42.291175395519645 ], [ -2.049137385620047, 42.291864572915806 ], [ -2.049198973208863, 42.291850273973104 ], [ -2.053032597244879, 42.290960225700843 ], [ -2.056707261883603, 42.290198017593752 ], [ -2.063100846862668, 42.288485323455262 ], [ -2.063773077519002, 42.291408775891583 ], [ -2.064950515107226, 42.293814007641153 ], [ -2.065190364808018, 42.294167602310928 ], [ -2.066885630341311, 42.296666680946885 ], [ -2.067595449116902, 42.297723047912875 ], [ -2.067609735426361, 42.297744310361914 ], [ -2.067609808736774, 42.29774427493367 ], [ -2.068367728101195, 42.297345217149307 ], [ -2.071406185563563, 42.296136043205458 ], [ -2.072287923286992, 42.297223900551977 ], [ -2.072323288530763, 42.297212550796765 ], [ -2.074177109132432, 42.296617765172137 ], [ -2.075824299384692, 42.295973640317889 ], [ -2.077682182368345, 42.295015995844935 ], [ -2.080089709277616, 42.293387014365322 ], [ -2.082325430202105, 42.291874156283839 ], [ -2.084587151761428, 42.290658423306994 ], [ -2.085771133728208, 42.290145554526184 ], [ -2.086745512927181, 42.289874155584151 ], [ -2.089068750760038, 42.289516169251009 ], [ -2.089079637109768, 42.289514490532206 ], [ -2.089079287792753, 42.28951347907396 ], [ -2.089070651927984, 42.289488612172278 ], [ -2.08899811542078, 42.289279670766199 ], [ -2.088519454830828, 42.287997425595329 ], [ -2.088519297204373, 42.287997001055544 ], [ -2.088522234325992, 42.287994772875017 ], [ -2.089610796696052, 42.287168125424415 ], [ -2.090154030893273, 42.286435901230973 ], [ -2.090328166769245, 42.286201177712364 ], [ -2.09205351938981, 42.284305546240191 ], [ -2.09502691707233, 42.281780179968251 ], [ -2.095037168707026, 42.28177147630398 ], [ -2.095807245920687, 42.277958990779766 ], [ -2.095945853115933, 42.276714009094256 ], [ -2.095946479167739, 42.276708389705696 ], [ -2.095946499609196, 42.276708232259701 ], [ -2.095686075279132, 42.276264891499451 ], [ -2.094948451993186, 42.275347576163412 ], [ -2.09493540508597, 42.275331352232051 ], [ -2.094936568952881, 42.275331374926644 ], [ -2.095508342639483, 42.275341526557625 ], [ -2.095844674791673, 42.275347496625635 ], [ -2.096595903612306, 42.275362441159167 ], [ -2.096596303694066, 42.275362448813958 ], [ -2.100574947222717, 42.275294707971923 ], [ -2.123330332606759, 42.274939842597576 ], [ -2.125198288299226, 42.274909089817761 ], [ -2.126326223783621, 42.274899662623248 ], [ -2.1301451275721, 42.274982762987591 ], [ -2.130077196765848, 42.274631081423919 ], [ -2.130065455900191, 42.274603897405612 ], [ -2.128735490526837, 42.271675849616067 ], [ -2.129852492240067, 42.271576298112379 ], [ -2.133856614383502, 42.271399528747139 ], [ -2.134391959611484, 42.271268449825193 ], [ -2.136926696598103, 42.270359958164128 ], [ -2.137814502084633, 42.27016849923907 ], [ -2.138311511817373, 42.270181278682912 ], [ -2.14011408551688, 42.270491968972365 ], [ -2.1404539026739, 42.270467556534498 ], [ -2.143481536676415, 42.26896824237555 ], [ -2.144704119143783, 42.269121471501926 ], [ -2.147004884173776, 42.268463200411652 ], [ -2.147878457496255, 42.268424626047143 ], [ -2.148999864206553, 42.267991663324793 ], [ -2.149811873211356, 42.268024718791914 ], [ -2.153836998977475, 42.268973165616558 ], [ -2.154672225201293, 42.26908740431606 ], [ -2.155081653849801, 42.269297558406514 ], [ -2.155438047792988, 42.269849591922785 ], [ -2.155601777346733, 42.270301104934667 ], [ -2.155526084507448, 42.270525717467606 ], [ -2.155143530391034, 42.271018203663495 ], [ -2.15468960503903, 42.271411112899742 ], [ -2.153273155090528, 42.272139164722297 ], [ -2.152920362185215, 42.272226601926434 ], [ -2.151877419621641, 42.272227881748755 ], [ -2.151003480605457, 42.272293485084823 ], [ -2.150430906964334, 42.272487331341836 ], [ -2.149623928078303, 42.272976684527833 ], [ -2.148296903683803, 42.274263671429004 ], [ -2.148198907052322, 42.275235650671036 ], [ -2.147999803392596, 42.27561242939943 ], [ -2.147054547031689, 42.277361560539518 ], [ -2.147195048634468, 42.277731865951303 ], [ -2.146700609206611, 42.278421636838964 ], [ -2.146791923685665, 42.278845599058279 ], [ -2.146564033046078, 42.279555417414578 ], [ -2.146535366056943, 42.280780026002553 ], [ -2.146859675791476, 42.28280882498143 ], [ -2.147043322314156, 42.283584676403883 ], [ -2.147271702760864, 42.284631050983954 ], [ -2.14709291521648, 42.285296190663168 ], [ -2.147049252858279, 42.285836230503421 ], [ -2.150456173454049, 42.290445672260027 ], [ -2.151944016433146, 42.290753917402192 ], [ -2.152165658146672, 42.291412934187107 ], [ -2.150644418018586, 42.291779971512717 ], [ -2.149839303406562, 42.292116216105192 ], [ -2.14804123924965, 42.293219600582646 ], [ -2.146253213656685, 42.293575555817263 ], [ -2.145861441668691, 42.29384280634374 ], [ -2.145135701291727, 42.294584851309331 ], [ -2.144344054474608, 42.294813126498504 ], [ -2.14381918953349, 42.295052334151052 ], [ -2.143341023822405, 42.29542699785511 ], [ -2.142812230716299, 42.2959543830763 ], [ -2.142457655830047, 42.296158952599093 ], [ -2.142068421245539, 42.29623708169229 ], [ -2.141389704378255, 42.296186949667131 ], [ -2.140443129938117, 42.296215852067604 ], [ -2.139568064805754, 42.296335363182379 ], [ -2.137227920116019, 42.297137310326235 ], [ -2.136766325145568, 42.297178833618226 ], [ -2.13616056713671, 42.297120240754083 ], [ -2.135484236076941, 42.29689898572483 ], [ -2.134782799049088, 42.296740597102023 ], [ -2.134187435949143, 42.296808121643302 ], [ -2.130904030173936, 42.297386687994596 ], [ -2.129319429440062, 42.297932995059249 ], [ -2.128146078721333, 42.298563494927038 ], [ -2.126442269634385, 42.29895576639349 ], [ -2.125342785097125, 42.299505756023017 ], [ -2.123606557862591, 42.300483130422379 ], [ -2.123017965690573, 42.300928920692805 ], [ -2.122402970733984, 42.301536673114349 ], [ -2.121734677449096, 42.302477138409401 ], [ -2.121584128946234, 42.30283625583801 ], [ -2.121835122943007, 42.303108353743916 ], [ -2.1217103271474, 42.30335957023987 ], [ -2.121791187809991, 42.303648365455722 ], [ -2.122030060237386, 42.303920406092828 ], [ -2.121081369552774, 42.306704958221097 ], [ -2.120973408340821, 42.307487644515433 ], [ -2.121045123113055, 42.309307417983305 ], [ -2.120826745439499, 42.310179339747151 ], [ -2.120913063408809, 42.310945497364841 ], [ -2.120785607159996, 42.311385836795317 ], [ -2.120903074918487, 42.311665947385691 ], [ -2.121878757622804, 42.313051321246732 ], [ -2.120932086444008, 42.313935675127148 ], [ -2.118701813267412, 42.315494595992078 ], [ -2.113755470722536, 42.318617510379482 ], [ -2.112552819173937, 42.319571814980073 ], [ -2.112304798315614, 42.31994816769955 ], [ -2.112574374690588, 42.320625689977668 ], [ -2.112987077661266, 42.322349059385189 ], [ -2.113130859357317, 42.323340834165656 ], [ -2.113151952413215, 42.323566164906765 ], [ -2.112879843186427, 42.323933258680327 ], [ -2.112141185126939, 42.324675043883701 ], [ -2.110449013114035, 42.325904736531129 ], [ -2.109601863333117, 42.326591657618387 ], [ -2.109547193798857, 42.327023493719722 ], [ -2.110293187968302, 42.329208745486156 ], [ -2.109203548996089, 42.330731291151807 ], [ -2.109043733881466, 42.33087413440564 ], [ -2.108460791048009, 42.330896636615826 ], [ -2.105822870278491, 42.331182276049461 ], [ -2.103769491316977, 42.331328286308057 ], [ -2.102204863434839, 42.332955116986426 ], [ -2.102416251193857, 42.333452094175122 ], [ -2.102206588603276, 42.334531191476252 ], [ -2.101799286730591, 42.335860886521949 ], [ -2.09895607080605, 42.338603374640471 ], [ -2.098338873133569, 42.339318984162098 ], [ -2.098338494992291, 42.339319111775772 ], [ -2.098338524822458, 42.339319148034477 ], [ -2.098338864706181, 42.339319573990643 ], [ -2.097534082632117, 42.339591850058703 ], [ -2.095995195550852, 42.340308071346413 ], [ -2.095993862699047, 42.340309168578621 ], [ -2.094414349818473, 42.342106673358835 ], [ -2.094414170903186, 42.342106874581219 ], [ -2.094610311322921, 42.343666445454858 ], [ -2.094609132754916, 42.343667782548032 ], [ -2.092504457403453, 42.345738060913583 ], [ -2.091458630742908, 42.346244893574813 ], [ -2.091458581861776, 42.346244915702513 ], [ -2.089961420702552, 42.346970828241332 ], [ -2.08995500197548, 42.346968886030673 ], [ -2.089971234334072, 42.346828481428403 ], [ -2.089989077220202, 42.346591649599468 ], [ -2.089862508046429, 42.346581641626599 ], [ -2.089647626936366, 42.346537182306754 ], [ -2.08932171047673, 42.346461403067813 ], [ -2.089160095623003, 42.346461207189094 ], [ -2.088986557920987, 42.346442984471011 ], [ -2.088659605560363, 42.346383536532571 ], [ -2.088464020972341, 42.346318329918674 ], [ -2.088208067529589, 42.346232459517552 ], [ -2.087852443468293, 42.346161496723077 ], [ -2.08742003326079, 42.346101204408413 ], [ -2.087117834829817, 42.346063342887774 ], [ -2.086890507313107, 42.346040690934672 ], [ -2.086888459310649, 42.346040431461759 ], [ -2.086776145291538, 42.346026278269818 ], [ -2.08668542378991, 42.346005300200886 ], [ -2.086547723886018, 42.345976057619268 ], [ -2.08634267639893, 42.345936110416893 ], [ -2.086174420391968, 42.345869474074931 ], [ -2.085928448343106, 42.345774681131381 ], [ -2.085769566219516, 42.345701640000541 ], [ -2.085709120669549, 42.345673850862077 ], [ -2.085596679398122, 42.345629589293445 ], [ -2.085439901013897, 42.345556865284081 ], [ -2.085270082535553, 42.34549471815771 ], [ -2.085122487041008, 42.345471032680116 ], [ -2.084966384311507, 42.345458433067272 ], [ -2.084913277325851, 42.345454145634449 ], [ -2.084689700647426, 42.345437178635898 ], [ -2.084606178726184, 42.34543929828709 ], [ -2.084460872723434, 42.345415652752372 ], [ -2.084177628758605, 42.345326146651416 ], [ -2.083995506144109, 42.345272895462898 ], [ -2.083779418714491, 42.345209268721405 ], [ -2.083427461249944, 42.345098920188988 ], [ -2.083315427716425, 42.345066466528174 ], [ -2.08311767377571, 42.345009180356804 ], [ -2.082906823742967, 42.344947845357652 ], [ -2.082576273391765, 42.344878777901414 ], [ -2.082321839958941, 42.344841268824062 ], [ -2.082154920143419, 42.344840501868688 ], [ -2.081839425329477, 42.344777181572596 ], [ -2.081199421629981, 42.34464874689241 ], [ -2.080868795368403, 42.344579709930436 ], [ -2.080464162483631, 42.344542673968071 ], [ -2.079943910372242, 42.344471539676846 ], [ -2.079691880790791, 42.344428419798319 ], [ -2.079568649606208, 42.344398141209872 ], [ -2.079471996463386, 42.344366415171962 ], [ -2.079378680005225, 42.344365111146551 ], [ -2.079207883905932, 42.344319837973948 ], [ -2.078976523594547, 42.344260541103161 ], [ -2.078840352418833, 42.344234696814866 ], [ -2.078624125261432, 42.344232367685706 ], [ -2.078443425206375, 42.34424217923052 ], [ -2.07827024808714, 42.344256001007693 ], [ -2.078065889406601, 42.344270106752468 ], [ -2.077926232723392, 42.344271787255025 ], [ -2.077844957810999, 42.34426943956101 ], [ -2.077710111198279, 42.344265547740015 ], [ -2.077518628239675, 42.344230250918265 ], [ -2.077359653053168, 42.344206432369688 ], [ -2.077276421632688, 42.344188866374864 ], [ -2.077133016242882, 42.344139415612403 ], [ -2.077042397538287, 42.344108163885046 ], [ -2.07648585388054, 42.343924713944219 ], [ -2.075717189244215, 42.343720937848254 ], [ -2.075195985996869, 42.343613731376976 ], [ -2.074719009073608, 42.343492241984393 ], [ -2.074386179722497, 42.343423667487087 ], [ -2.074016829687229, 42.343356531634818 ], [ -2.073742969158813, 42.34335431591515 ], [ -2.073593726222921, 42.343338464542718 ], [ -2.07358159161283, 42.343336853483457 ], [ -2.07338171190447, 42.343310303299319 ], [ -2.07298687228388, 42.343277851029946 ], [ -2.072618969358652, 42.343219133994744 ], [ -2.072287198700544, 42.343182101936094 ], [ -2.07208018140239, 42.34317422874512 ], [ -2.071936008945013, 42.343173649926761 ], [ -2.071858976071183, 42.343147128661677 ], [ -2.071731752365069, 42.343081358052999 ], [ -2.071550856971273, 42.342996600298626 ], [ -2.071329268587262, 42.342896272682061 ], [ -2.071141243996513, 42.342836205066497 ], [ -2.070980883325164, 42.342802257198855 ], [ -2.070773958917281, 42.342786523754185 ], [ -2.070535602706538, 42.342794716284416 ], [ -2.070315830647904, 42.342827848970373 ], [ -2.07008804604252, 42.342891291736727 ], [ -2.069805903109428, 42.342985773575414 ], [ -2.069619665347666, 42.343060825301137 ], [ -2.069509482206107, 42.343125812847028 ], [ -2.069447208923552, 42.343179311108898 ], [ -2.069339753726615, 42.343263444902213 ], [ -2.069201451149612, 42.343328185883891 ], [ -2.069048433802934, 42.343362943275686 ], [ -2.068864411332744, 42.343390738284214 ], [ -2.068722649715537, 42.34343233665826 ], [ -2.068673891379347, 42.343456364917543 ], [ -2.068572072283725, 42.343506550566474 ], [ -2.06843908064307, 42.343572459520253 ], [ -2.068286582725571, 42.343675890967134 ], [ -2.068152743529605, 42.343798651263974 ], [ -2.068026020232468, 42.343901202111425 ], [ -2.067879038347755, 42.343987800576841 ], [ -2.067678430856323, 42.344109450093114 ], [ -2.06741416697735, 42.344278955489223 ], [ -2.067159002149838, 42.344449683467964 ], [ -2.066933632936931, 42.3446031816936 ], [ -2.066616595496546, 42.344799872672418 ], [ -2.066352166928255, 42.344926051733168 ], [ -2.06621101619932, 42.345028483058634 ], [ -2.066031720746336, 42.345198107139517 ], [ -2.065951591884633, 42.345280177288835 ], [ -2.065877303961813, 42.345326879733321 ], [ -2.065768565713479, 42.345392965144455 ], [ -2.06548687904282, 42.345558970236162 ], [ -2.065235617034211, 42.345719593928621 ], [ -2.065051944715013, 42.345825017449343 ], [ -2.0648717640939, 42.345900087378979 ], [ -2.064723157590055, 42.345945060739332 ], [ -2.064662780605535, 42.345972139196519 ], [ -2.064619180652943, 42.345994874907419 ], [ -2.064576503712133, 42.34605926552107 ], [ -2.064533022114067, 42.34612756266359 ], [ -2.064377238933175, 42.346293998696261 ], [ -2.064165489005345, 42.346452164091382 ], [ -2.064158805724741, 42.346458701938069 ], [ -2.063979943561995, 42.346633576791547 ], [ -2.06376235775013, 42.346772524497311 ], [ -2.063544300550098, 42.346892862423864 ], [ -2.063357030174172, 42.34698589306371 ], [ -2.063077699540643, 42.347093385877244 ], [ -2.06288206046666, 42.347187477601501 ], [ -2.06267238432636, 42.347255534943912 ], [ -2.062515818027044, 42.347323491223605 ], [ -2.06240709968388, 42.347438007877692 ], [ -2.062317815614378, 42.34752281945363 ], [ -2.062126205519325, 42.347653534230659 ], [ -2.062001587911015, 42.347766790177886 ], [ -2.061935364140742, 42.347829253480782 ], [ -2.06187934735556, 42.347874391652951 ], [ -2.061835693473796, 42.347900515713071 ], [ -2.061755632843961, 42.347926864178973 ], [ -2.061257719095694, 42.348035348220087 ], [ -2.061094238431776, 42.348059922541786 ], [ -2.061016584501776, 42.348075037195336 ], [ -2.060295137322788, 42.348216595196902 ], [ -2.059884910954632, 42.348300468844577 ], [ -2.059669442534788, 42.34834654355322 ], [ -2.059547082886522, 42.348361290541085 ], [ -2.059447650865646, 42.34836272458756 ], [ -2.05917504234524, 42.348375682833492 ], [ -2.059131111008748, 42.348378469025114 ], [ -2.058861348059242, 42.348395588135318 ], [ -2.058710796902256, 42.348416910449977 ], [ -2.058438953147085, 42.348478252576079 ], [ -2.058199606761503, 42.348551146431966 ], [ -2.058027755945421, 42.348626297381855 ], [ -2.057830189731166, 42.348745684083148 ], [ -2.05779353278511, 42.348771491245969 ], [ -2.057778819634124, 42.348781853320205 ], [ -2.057733766106934, 42.348798377417225 ], [ -2.057686495950112, 42.348813739515734 ], [ -2.057489749958089, 42.34886075292021 ], [ -2.057456516455311, 42.348868692288526 ], [ -2.057209570478714, 42.348940954213624 ], [ -2.057161320925517, 42.348957249168421 ], [ -2.056954104980727, 42.349027234520022 ], [ -2.056776379761693, 42.349086561250388 ], [ -2.056487650350913, 42.349162421588169 ], [ -2.05621506256731, 42.34927670759339 ], [ -2.055969857206652, 42.349384981758234 ], [ -2.055758982548087, 42.349478913293709 ], [ -2.05561693348021, 42.349540247676046 ], [ -2.055425547315922, 42.349602854138013 ], [ -2.055295006516615, 42.349654124161916 ], [ -2.05516948446488, 42.349727378517571 ], [ -2.055001417002686, 42.34980198420083 ], [ -2.054864981716453, 42.349894848895495 ], [ -2.054572756652947, 42.350049468171605 ], [ -2.054318252292305, 42.350170630738539 ], [ -2.053946474983662, 42.350368509962216 ], [ -2.053659134336296, 42.350504060964987 ], [ -2.053416505911833, 42.350642192278904 ], [ -2.053359699555704, 42.350682816732792 ], [ -2.053240431407807, 42.350743175369253 ], [ -2.053150976535967, 42.350788563562922 ], [ -2.052961658463224, 42.350864152505622 ], [ -2.052870069887429, 42.35089604087333 ], [ -2.05277702477047, 42.350929025772317 ], [ -2.05262510374891, 42.350987987337 ], [ -2.052533401221396, 42.351030591631165 ], [ -2.052440789337701, 42.351084419716557 ], [ -2.052359397873657, 42.351149039594993 ], [ -2.052321708140014, 42.351181927777773 ], [ -2.05229332955249, 42.351201978313149 ], [ -2.052171949825911, 42.351248800371444 ], [ -2.052110804659025, 42.351277014089021 ], [ -2.052030819221268, 42.351350641446928 ], [ -2.051977817493599, 42.35144250026719 ], [ -2.051834958624455, 42.351556683935534 ], [ -2.051490416386671, 42.351758174711996 ], [ -2.05102277643023, 42.352022807933295 ], [ -2.050794560430873, 42.352161040326273 ], [ -2.0507738686459, 42.352174422138113 ], [ -2.050555038842897, 42.352293585011985 ], [ -2.050168308397459, 42.352541400472532 ], [ -2.049962715621985, 42.352673139767099 ], [ -2.049788976885137, 42.352770174218833 ], [ -2.049656302853366, 42.352864778557155 ], [ -2.049542802485354, 42.352941522498007 ], [ -2.049453680774545, 42.353013969052725 ], [ -2.049381629246925, 42.353062322844423 ], [ -2.049328995260889, 42.353079883997687 ], [ -2.04921454995644, 42.35317294674141 ], [ -2.048766512678895, 42.353491755676835 ], [ -2.048237178820518, 42.353871216994051 ], [ -2.048222932845487, 42.353859850244739 ], [ -2.048191296515888, 42.353892770189283 ], [ -2.048154414618036, 42.353924573961329 ], [ -2.048160636064379, 42.354013009527783 ], [ -2.048163167644402, 42.354049621894575 ], [ -2.048166669614722, 42.354117195914675 ], [ -2.048179971764936, 42.354236891523378 ], [ -2.048182697935614, 42.354261414958856 ], [ -2.04782959558808, 42.354576474644233 ], [ -2.047784549662613, 42.354595264376002 ], [ -2.04733894419229, 42.354954015884303 ], [ -2.047331323276423, 42.354960153184088 ], [ -2.047276821736671, 42.354999118617485 ], [ -2.046037055082476, 42.356035187642114 ], [ -2.045988556838588, 42.356078129015927 ], [ -2.045823267313724, 42.356220815096755 ], [ -2.045767676673862, 42.35628227219982 ], [ -2.045104855963783, 42.356901542190023 ], [ -2.045105860031481, 42.356936998120538 ], [ -2.045128982774756, 42.356963659302956 ], [ -2.045213685419386, 42.357032459907302 ], [ -2.045245822905566, 42.357064820379144 ], [ -2.045273294306141, 42.357106143469892 ], [ -2.045296127647108, 42.357151930925411 ], [ -2.045305569453673, 42.357227997567662 ], [ -2.045278211184021, 42.357431541914707 ], [ -2.045269715010154, 42.357792240183912 ], [ -2.045293848874872, 42.357902772594137 ], [ -2.045317254540934, 42.358009355212282 ], [ -2.045338193411107, 42.358081568452562 ], [ -2.045345138325025, 42.358374890898958 ], [ -2.045356000154211, 42.358908569753012 ], [ -2.045368379024525, 42.359069707938815 ], [ -2.044988332150231, 42.359137239764564 ], [ -2.044812678067212, 42.359155083464344 ], [ -2.043980625853518, 42.359270295451964 ], [ -2.04320572972143, 42.359422552604023 ], [ -2.042396563255345, 42.359580713481506 ], [ -2.041465704096624, 42.35975416019464 ], [ -2.040566994870058, 42.359913257082503 ], [ -2.039658056823068, 42.360093064147257 ], [ -2.038832087076073, 42.360256651773575 ], [ -2.037903641305415, 42.360422245528738 ], [ -2.037019252449716, 42.360583095425852 ], [ -2.036400326643854, 42.360706223072285 ], [ -2.03600605971496, 42.360780040316378 ], [ -2.035738693782371, 42.36084252777038 ], [ -2.035447443336349, 42.360979103977307 ], [ -2.035028003289736, 42.361158498390701 ], [ -2.034511949137666, 42.361405174574834 ], [ -2.034096771504496, 42.361651592419477 ], [ -2.033615728579795, 42.361940793031437 ], [ -2.033374026681387, 42.362061445633337 ], [ -2.033167550205158, 42.362162140347642 ], [ -2.032831708787804, 42.36233662541504 ], [ -2.032572028734162, 42.362442476424874 ], [ -2.032429066514331, 42.362507705249804 ], [ -2.032211297789317, 42.362604947299097 ], [ -2.032088493047985, 42.362643306313004 ], [ -2.031830137257148, 42.362711466898155 ], [ -2.031763861955197, 42.362728909237546 ], [ -2.031644166477247, 42.362747832119823 ], [ -2.031550803089063, 42.36276259140503 ], [ -2.031428461478202, 42.362773916783119 ], [ -2.031204446760795, 42.362779343160994 ], [ -2.030497742365171, 42.362833008468876 ], [ -2.030051010034743, 42.362862442944909 ], [ -2.029702617923952, 42.362866223246066 ], [ -2.029181690852617, 42.362881562434602 ], [ -2.028845224181231, 42.362895568331496 ], [ -2.028608139260845, 42.36291607649855 ], [ -2.028405774832774, 42.362943187112499 ], [ -2.028347254446278, 42.362951025280843 ], [ -2.028284801697295, 42.362959505537475 ], [ -2.028105406845373, 42.36298387075373 ], [ -2.027909105278567, 42.363014297452906 ], [ -2.027614135380285, 42.363095088650972 ], [ -2.027138318401061, 42.363284651562289 ], [ -2.026849109594282, 42.363436424319232 ], [ -2.026513056917917, 42.363619873357877 ], [ -2.026170205377777, 42.363850572024198 ], [ -2.025759730483153, 42.36408852931266 ], [ -2.025351279745038, 42.364340600272079 ], [ -2.025059801050173, 42.364535691310238 ], [ -2.02502452690515, 42.364567519235365 ], [ -2.024562336220866, 42.364795462628749 ], [ -2.023447337645006, 42.366567180877709 ], [ -2.023242823413729, 42.366892139992025 ], [ -2.022981396238019, 42.36703951137833 ], [ -2.022850504835839, 42.367166873142224 ], [ -2.022599176925697, 42.367366766963166 ], [ -2.022374210266417, 42.367534841795454 ], [ -2.022160523248148, 42.367655727466378 ], [ -2.02195733801695, 42.367788522657108 ], [ -2.021746803796345, 42.367904917053416 ], [ -2.021548513240309, 42.368014108116157 ], [ -2.021364080370275, 42.368108751814127 ], [ -2.021203495723914, 42.368185640030916 ], [ -2.021065200268751, 42.368243590581208 ], [ -2.020907737436302, 42.36831539055045 ], [ -2.020288564167005, 42.368397906398776 ], [ -2.019757577684093, 42.368471623035418 ], [ -2.019442719744075, 42.368511106288473 ], [ -2.019336205413568, 42.36852766137816 ], [ -2.019293834674338, 42.36852865432774 ], [ -2.019178258258344, 42.368531360730721 ], [ -2.019060963308169, 42.368556234901249 ], [ -2.018963647833159, 42.368566671349768 ], [ -2.01856541767285, 42.368657339186733 ], [ -2.018062018965809, 42.368746266446323 ], [ -2.017399333666889, 42.368851593331378 ], [ -2.016783651175031, 42.368955496692216 ], [ -2.016572127774217, 42.368987452065326 ], [ -2.01614749358507, 42.369058094382133 ], [ -2.016001366955503, 42.36908162826127 ], [ -2.015755659813442, 42.369114414462132 ], [ -2.015601316452107, 42.369132216139839 ], [ -2.015448624492626, 42.369139923500356 ], [ -2.014937918998729, 42.369131581930766 ], [ -2.014473464292913, 42.36912533421247 ], [ -2.014392461357758, 42.369123899356602 ], [ -2.014164600574241, 42.369119857094333 ], [ -2.013829758268668, 42.369078699207577 ], [ -2.013581280302501, 42.369046718458584 ], [ -2.013395693492698, 42.369020366789016 ], [ -2.013102353596896, 42.368946885804128 ], [ -2.012735955301099, 42.368834004277858 ], [ -2.012385989687877, 42.36869139937528 ], [ -2.012171301006788, 42.368589361083771 ], [ -2.011906671864165, 42.368423255845968 ], [ -2.01162549931096, 42.368202454656263 ], [ -2.011422024701012, 42.368013267278279 ], [ -2.011206871422592, 42.367791886060466 ], [ -2.011033425989134, 42.367575367212005 ], [ -2.010829463704573, 42.367319742074372 ], [ -2.010696584245252, 42.367082765329286 ], [ -2.010596237343365, 42.366849429315415 ], [ -2.010563619728231, 42.36675345944635 ], [ -2.010487091740509, 42.36650177660573 ], [ -2.010281413616763, 42.365776139544948 ], [ -2.010211705737678, 42.365527315314942 ], [ -2.010145798564473, 42.365265790313181 ], [ -2.010129531758569, 42.365201252700935 ], [ -2.009988359581997, 42.364815029528025 ], [ -2.009819643778652, 42.364346379810726 ], [ -2.009682819650119, 42.363972036613909 ], [ -2.009532945316663, 42.363658887717797 ], [ -2.00944966437061, 42.363451039915994 ], [ -2.009334913581802, 42.363221521933959 ], [ -2.009228208118611, 42.36300557780919 ], [ -2.009127355149122, 42.362808276985824 ], [ -2.00897396251733, 42.362598715086861 ], [ -2.008966882913885, 42.3625890445187 ], [ -2.008807687325298, 42.362380521050362 ], [ -2.008617256680924, 42.362182976616559 ], [ -2.00841640095793, 42.361974682227654 ], [ -2.008210774444646, 42.361778720414463 ], [ -2.007934023010595, 42.361519635939693 ], [ -2.007620730713688, 42.361269253976872 ], [ -2.007296393364001, 42.36104413633155 ], [ -2.007019700513567, 42.360879630856459 ], [ -2.006765223047867, 42.360747963825673 ], [ -2.006468700635218, 42.360639009676412 ], [ -2.006348409209836, 42.360612068684979 ], [ -2.006134801880816, 42.360585462410135 ], [ -2.005812476127417, 42.360570822166196 ], [ -2.005558189489078, 42.360575368540829 ], [ -2.005375676897741, 42.360600265539368 ], [ -2.005124017951309, 42.360672927901511 ], [ -2.004611877240075, 42.360875110112744 ], [ -2.004479452541239, 42.360927390916039 ], [ -2.004376553472476, 42.360955193980026 ], [ -2.004180319461228, 42.361028317564362 ], [ -2.003987630327948, 42.361119542989357 ], [ -2.00394873906626, 42.361134266691913 ], [ -2.003205765103254, 42.361415555439194 ], [ -2.003080688614254, 42.361455006460346 ], [ -2.002810490957151, 42.361550039953862 ], [ -2.002489727340471, 42.361674972164749 ], [ -2.002238430424829, 42.361776382872073 ], [ -2.001889962016702, 42.361926433987129 ], [ -2.001693900503935, 42.362038451573845 ], [ -2.001059827440932, 42.362376151327744 ], [ -2.00105551035944, 42.362378450760374 ], [ -2.000509139843002, 42.362709186266507 ], [ -2.000253089091975, 42.362867931766068 ], [ -1.999988065850292, 42.36302150554895 ], [ -1.999745512603873, 42.363144898535651 ], [ -1.999471524800301, 42.363286608591167 ], [ -1.99944756792011, 42.363298282885303 ], [ -1.999192350438446, 42.363422649384226 ], [ -1.998830992500794, 42.363569218480507 ], [ -1.998623071965649, 42.363663088251997 ], [ -1.998310125881946, 42.363774024061307 ], [ -1.997982859129249, 42.363878119900598 ], [ -1.997820818146211, 42.363902044502019 ], [ -1.99765549678171, 42.36393827836563 ], [ -1.997405307648173, 42.363968735499078 ], [ -1.997226665452555, 42.363985782117958 ], [ -1.996996765921335, 42.363982052666586 ], [ -1.996721991821674, 42.363981915196348 ], [ -1.996565992483267, 42.363960848461652 ], [ -1.996271219703759, 42.363882826903271 ], [ -1.995904919123306, 42.363770982160062 ], [ -1.995707909868659, 42.363701156117351 ], [ -1.995455549640607, 42.363580753574119 ], [ -1.994624998464218, 42.363214358425751 ], [ -1.994118869630882, 42.362968996645407 ], [ -1.993766624234089, 42.362784064293329 ], [ -1.993516505273372, 42.362620331432794 ], [ -1.993283043387599, 42.362457316172645 ], [ -1.99307798443552, 42.362278781352828 ], [ -1.992858149352626, 42.36206913132952 ], [ -1.992686783735471, 42.361870623859829 ], [ -1.992526333733224, 42.361652512400596 ], [ -1.99238226356297, 42.361408058123487 ], [ -1.992181289353739, 42.361017931742595 ], [ -1.992074424859558, 42.360817739732717 ], [ -1.992009472185556, 42.360655633119563 ], [ -1.991847534651807, 42.360344962259404 ], [ -1.991845302058208, 42.360340673797481 ], [ -1.991758725172844, 42.360106297598264 ], [ -1.99171071803168, 42.360023137553796 ], [ -1.99162726244508, 42.359926161254478 ], [ -1.991441954567201, 42.359791692270669 ], [ -1.991164172300619, 42.359601818701385 ], [ -1.990795450455488, 42.359357098243606 ], [ -1.99052827751253, 42.35921624595457 ], [ -1.990218075826058, 42.359063247760524 ], [ -1.989936840715341, 42.358946468375507 ], [ -1.989660371179831, 42.358817964897277 ], [ -1.989149196861777, 42.358608574017012 ], [ -1.988757605438613, 42.358466678154556 ], [ -1.98825886059545, 42.358285504174219 ], [ -1.987839920490865, 42.358143359321353 ], [ -1.987505553833248, 42.358027820520462 ], [ -1.987190056423892, 42.357920341174164 ], [ -1.986862861386466, 42.35783245815049 ], [ -1.986762381705352, 42.357805118724585 ], [ -1.98654634851185, 42.357741827237746 ], [ -1.986321238046132, 42.35767398812321 ], [ -1.986162458138945, 42.357638238946052 ], [ -1.985916610116254, 42.357588807578018 ], [ -1.985622292706421, 42.357531570952354 ], [ -1.985418637645008, 42.357502762654136 ], [ -1.985354954764474, 42.357499380197439 ], [ -1.98527166600321, 42.357487407196025 ], [ -1.985126729584605, 42.357484424858221 ], [ -1.984973677014889, 42.35747012292309 ], [ -1.984839590619359, 42.357454290198376 ], [ -1.984646674686925, 42.357416539028392 ], [ -1.984575781803475, 42.35740130256692 ], [ -1.98402581786908, 42.357204211272695 ], [ -1.983766480463335, 42.357077754661752 ], [ -1.983499240373942, 42.356942563650385 ], [ -1.982965282837765, 42.356640060088445 ], [ -1.982710430363778, 42.356492607421131 ], [ -1.982432453556751, 42.356317314117319 ], [ -1.982333238472768, 42.356248068236461 ], [ -1.981943147574318, 42.355975806354571 ], [ -1.981725086689554, 42.355804974467262 ], [ -1.981458306915114, 42.355546545933223 ], [ -1.98106717738056, 42.355190709895389 ], [ -1.980534503664464, 42.354672041374592 ], [ -1.98035389436842, 42.354483001976604 ], [ -1.980222356647543, 42.354356337380246 ], [ -1.98013942632805, 42.35427790965057 ], [ -1.980049809352987, 42.354047446537876 ], [ -1.98004764861914, 42.353805937479322 ], [ -1.980076126279689, 42.353687465942727 ], [ -1.980226202877681, 42.353510377245492 ], [ -1.980401055238087, 42.353323764218722 ], [ -1.980569829225035, 42.353143630706192 ], [ -1.980788394020386, 42.352863009594323 ], [ -1.98087200507113, 42.352759618538919 ], [ -1.980908428612976, 42.352665952321068 ], [ -1.980860092238031, 42.352324395117094 ], [ -1.980778240399539, 42.351988776568042 ], [ -1.980626734554083, 42.35159678263291 ], [ -1.980421160091245, 42.351171696098369 ], [ -1.980269378690743, 42.350842740157063 ], [ -1.980112429196148, 42.35055372458087 ], [ -1.979899789340505, 42.350282764703394 ], [ -1.979681689289706, 42.350115895596559 ], [ -1.979379634626792, 42.349977012314419 ], [ -1.979144179222061, 42.349896084865463 ], [ -1.978875112780101, 42.349783940045697 ], [ -1.978728815108868, 42.349729738516729 ], [ -1.978510914011555, 42.349641090404106 ], [ -1.978421680958189, 42.349620612758436 ], [ -1.978146559042673, 42.349600101271825 ], [ -1.977917597210903, 42.349587970938529 ], [ -1.977810524084345, 42.349594319298241 ], [ -1.977574984858013, 42.349659756696802 ], [ -1.977412806315585, 42.349739943217635 ], [ -1.977170756976768, 42.349878477301985 ], [ -1.976635113452087, 42.350199580589837 ], [ -1.976389942902262, 42.350343191538748 ], [ -1.976009219451715, 42.3505655086079 ], [ -1.975919612614603, 42.350614243837398 ], [ -1.975851327589636, 42.35066033798396 ], [ -1.975388346414279, 42.35117912265067 ], [ -1.975106233600874, 42.351496308802282 ], [ -1.97474358150017, 42.351912374742056 ], [ -1.974364045711047, 42.352335646340158 ], [ -1.974132983663626, 42.352592510771039 ], [ -1.974052937453225, 42.352661570995394 ], [ -1.973712452623669, 42.352973746270045 ], [ -1.973417432520005, 42.353235179085928 ], [ -1.973355937919613, 42.353289672052234 ], [ -1.973086529032108, 42.353521978362451 ], [ -1.972988367571434, 42.353585264844398 ], [ -1.972928814706391, 42.353607785750214 ], [ -1.972778426079078, 42.353616600738611 ], [ -1.972517595764478, 42.353603007788379 ], [ -1.972388475168913, 42.353583418900627 ], [ -1.972048231031857, 42.353531791395596 ], [ -1.971858506982099, 42.353485653763926 ], [ -1.97170283042876, 42.353446520745706 ], [ -1.971552835118782, 42.353385505329975 ], [ -1.971192451742448, 42.353240452170596 ], [ -1.971134042496726, 42.35321443119885 ], [ -1.970667064445796, 42.352997834516444 ], [ -1.97019778900704, 42.352762627862141 ], [ -1.969770038251787, 42.352516200841919 ], [ -1.969700892238929, 42.352474485209342 ], [ -1.969581638699445, 42.3523889770401 ], [ -1.969446665222941, 42.35229167371125 ], [ -1.969435362048331, 42.352283525269343 ], [ -1.969336288728695, 42.352171194722985 ], [ -1.969161164852195, 42.351974847126037 ], [ -1.968893651754632, 42.351674122168319 ], [ -1.968786301697512, 42.351557217314557 ], [ -1.968635408476742, 42.35141173645421 ], [ -1.968436499689135, 42.351231515109156 ], [ -1.968177419476697, 42.351017550461705 ], [ -1.968056912287219, 42.350917976484581 ], [ -1.967947297021207, 42.350799884172304 ], [ -1.967878908183311, 42.350712599501648 ], [ -1.9678124411296, 42.35060166888514 ], [ -1.967780741802138, 42.350542268253498 ], [ -1.967762480865954, 42.350454880948959 ], [ -1.967759102308779, 42.350381699475221 ], [ -1.967775552006846, 42.350303609045959 ], [ -1.967817334116889, 42.350208851468302 ], [ -1.967883476912843, 42.350108648420616 ], [ -1.968011487657864, 42.34993818012542 ], [ -1.968132889248375, 42.349797993340317 ], [ -1.968260350234688, 42.349662913305892 ], [ -1.968392857841664, 42.349541415422486 ], [ -1.968579227526253, 42.349372502752146 ], [ -1.968769161389431, 42.349219450741018 ], [ -1.968967452630947, 42.349066451052039 ], [ -1.969193384677026, 42.348892860596152 ], [ -1.969417022385295, 42.348719248163135 ], [ -1.96964603585604, 42.348542306355462 ], [ -1.969719198187401, 42.348477671377154 ], [ -1.96979759778575, 42.34841535381949 ], [ -1.969825127414136, 42.348355954572611 ], [ -1.969900250650226, 42.348217007126053 ], [ -1.969932939908555, 42.348167205052583 ], [ -1.969947074684659, 42.348093573953925 ], [ -1.969940699090754, 42.347972544719845 ], [ -1.969902093176934, 42.347778569243353 ], [ -1.969837500502433, 42.347553412093319 ], [ -1.969971940399695, 42.347492236452752 ], [ -1.969886133214186, 42.347188545675458 ], [ -1.968836244028461, 42.346301208077975 ], [ -1.968667176669741, 42.346158314121602 ], [ -1.968544314608256, 42.346082247542675 ], [ -1.968359589289271, 42.345962911510441 ], [ -1.968159066735385, 42.345836715443092 ], [ -1.96793541417425, 42.345686669202358 ], [ -1.967762694319395, 42.345575352933551 ], [ -1.967551749247328, 42.345438915819102 ], [ -1.967353141899894, 42.345286843375121 ], [ -1.967153186510074, 42.345126328838234 ], [ -1.966981652030783, 42.344991358838072 ], [ -1.966804708656033, 42.344862017210083 ], [ -1.966576957193267, 42.344683194166919 ], [ -1.966499108925616, 42.344618341902496 ], [ -1.966378658204454, 42.344515920698143 ], [ -1.966198544012373, 42.344346563862544 ], [ -1.966025270230357, 42.344178412191297 ], [ -1.965775184388452, 42.343976329892001 ], [ -1.965539540787611, 42.343769878860982 ], [ -1.965326614170737, 42.343566969972471 ], [ -1.965127066510061, 42.343382238452477 ], [ -1.96495305141891, 42.343214096463981 ], [ -1.964740147640859, 42.343010096955595 ], [ -1.964642988815785, 42.342873544391175 ], [ -1.964573517407555, 42.342762025372672 ], [ -1.964547244370257, 42.342650902760205 ], [ -1.964549268776943, 42.342482636034248 ], [ -1.96457854939701, 42.342361869883902 ], [ -1.96462341957173, 42.34221988680379 ], [ -1.964663086710887, 42.342158901618618 ], [ -1.964747252672895, 42.342069026249781 ], [ -1.964915214161693, 42.341960212160444 ], [ -1.965150441843084, 42.341822201463792 ], [ -1.965414887834037, 42.341657961918507 ], [ -1.965536427804953, 42.341557193635204 ], [ -1.965760378062019, 42.341408915757931 ], [ -1.966287845202166, 42.340984774019567 ], [ -1.966634536909672, 42.340661995850112 ], [ -1.966966850701046, 42.340385268893137 ], [ -1.967135551544248, 42.340230847312853 ], [ -1.967392666258696, 42.34004401400383 ], [ -1.967563238631084, 42.339920063305904 ], [ -1.96777365267568, 42.339766066818711 ], [ -1.968027482659872, 42.339599478587061 ], [ -1.968208115082891, 42.33945702458815 ], [ -1.968347176903237, 42.339351336074991 ], [ -1.968478070911145, 42.33923428939373 ], [ -1.968595317085331, 42.339116007545805 ], [ -1.96872094192642, 42.338949997114987 ], [ -1.968772224016912, 42.338830536337419 ], [ -1.968838286051948, 42.338688742104608 ], [ -1.968865015253258, 42.338538146471606 ], [ -1.968868026092152, 42.338354100889887 ], [ -1.968834440931652, 42.338182118423667 ], [ -1.968796018324025, 42.338026419406567 ], [ -1.968743019977037, 42.337834584194923 ], [ -1.968662481448689, 42.337654838541489 ], [ -1.968580471716586, 42.337519014451466 ], [ -1.968484178947526, 42.337378559701129 ], [ -1.968410880500402, 42.337312039362843 ], [ -1.968268054213307, 42.337140769590881 ], [ -1.968105318543436, 42.336931049462258 ], [ -1.967954945551929, 42.336756321513064 ], [ -1.967772486611464, 42.336545851482413 ], [ -1.967610375653468, 42.336346812872364 ], [ -1.967387455373332, 42.33605997174822 ], [ -1.967221866490923, 42.335842921675351 ], [ -1.967007438330742, 42.335593301537216 ], [ -1.966820806744317, 42.33536198400418 ], [ -1.966633742513247, 42.335157099376872 ], [ -1.966495188262137, 42.335001653374675 ], [ -1.966372161534756, 42.334869367425981 ], [ -1.966213764468589, 42.334720460667675 ], [ -1.966152720973009, 42.334650117342051 ], [ -1.966035268047714, 42.334551117934652 ], [ -1.965800310911644, 42.334350315625528 ], [ -1.965609388671022, 42.334196057767983 ], [ -1.965382029163686, 42.334044270760408 ], [ -1.965176596934969, 42.333941065955557 ], [ -1.964930925050311, 42.333842068063575 ], [ -1.964663915294427, 42.333746754049301 ], [ -1.964245283808437, 42.333647298664374 ], [ -1.96397453026793, 42.333595307722923 ], [ -1.963686902715301, 42.333556699648703 ], [ -1.963399800158004, 42.333531600100336 ], [ -1.962926172584355, 42.333544761657201 ], [ -1.962463903927606, 42.333607530040027 ], [ -1.962226232061991, 42.333648560126747 ], [ -1.962042442409017, 42.33368028889921 ], [ -1.961594888560425, 42.333770776869031 ], [ -1.961186755757902, 42.333861049283016 ], [ -1.960753062676765, 42.333984918703109 ], [ -1.960333534317568, 42.334121248638446 ], [ -1.959939597966469, 42.334273030227493 ], [ -1.959527056021885, 42.334446565819917 ], [ -1.959107201298568, 42.334650473807741 ], [ -1.958710422837096, 42.334835456581196 ], [ -1.958338901872101, 42.33505045928819 ], [ -1.95809675320382, 42.335175713745649 ], [ -1.95805120931549, 42.335199269327745 ], [ -1.957810497278149, 42.335302876805251 ], [ -1.957502021894267, 42.335424455131175 ], [ -1.957035633531305, 42.335571487263572 ], [ -1.956951231627031, 42.335598096791642 ], [ -1.956809546843491, 42.335642764450178 ], [ -1.956574468279198, 42.335682270855372 ], [ -1.956274782576387, 42.335729082416094 ], [ -1.956041301821267, 42.335761848674139 ], [ -1.955746676647483, 42.335779417427673 ], [ -1.955462735948533, 42.33579088213461 ], [ -1.955164286784178, 42.335809553811146 ], [ -1.954879090793055, 42.335805254144248 ], [ -1.954420541117959, 42.335825309378158 ], [ -1.954068611339485, 42.33582039819926 ], [ -1.953695154321785, 42.335830469996509 ], [ -1.953385551930292, 42.335836089138311 ], [ -1.952966205885653, 42.335824952914393 ], [ -1.952696124186077, 42.335825306851035 ], [ -1.952354970692055, 42.335809236755068 ], [ -1.952125618173314, 42.335778995285622 ], [ -1.951863818212093, 42.335736041970257 ], [ -1.951583179122346, 42.335641747323464 ], [ -1.951417566336363, 42.335563689947065 ], [ -1.951173592255336, 42.335453371125027 ], [ -1.95116838969256, 42.33545052266826 ], [ -1.94765884350384, 42.334682079992469 ], [ -1.943565055062001, 42.33521781892177 ], [ -1.943013574434671, 42.335289976088347 ], [ -1.942879121732219, 42.335280327600323 ], [ -1.942636355561632, 42.335235299730648 ], [ -1.942618466138088, 42.335231518842093 ], [ -1.942388391827557, 42.33518289702657 ], [ -1.942068426766084, 42.335080323489031 ], [ -1.941852277057303, 42.334987123326378 ], [ -1.94163212228279, 42.334859614373983 ], [ -1.941394749613754, 42.334718386599782 ], [ -1.941285133233654, 42.334605344382702 ], [ -1.941223644441446, 42.334471388788629 ], [ -1.941161693980708, 42.33427604403235 ], [ -1.941154232513941, 42.334252316375412 ], [ -1.941084640508583, 42.33403105469349 ], [ -1.940998525954319, 42.333784287573806 ], [ -1.940829479742108, 42.333414614969314 ], [ -1.940778017343957, 42.333317289064404 ], [ -1.94064719856288, 42.333199587867959 ], [ -1.940608766110343, 42.333170210038581 ], [ -1.937573320096492, 42.3286949692638 ], [ -1.937573272691887, 42.328694901279519 ], [ -1.937491875969358, 42.328574898527847 ], [ -1.936580758354923, 42.327231490825596 ], [ -1.935055153732705, 42.325560017887945 ], [ -1.934923680746502, 42.325233670819891 ], [ -1.934773559174513, 42.324915369214601 ], [ -1.934652958523384, 42.324600731559606 ], [ -1.934585481045521, 42.32437549111819 ], [ -1.934564400835297, 42.32418730921539 ], [ -1.934523764790084, 42.324032685690646 ], [ -1.934400668014178, 42.323686486388759 ], [ -1.934262432171382, 42.323382955388908 ], [ -1.934195041659209, 42.323241078717409 ], [ -1.934079253953957, 42.32309193453775 ], [ -1.933452934114432, 42.322541261896077 ], [ -1.933211105117461, 42.322352684988829 ], [ -1.932937366532842, 42.322126094331935 ], [ -1.932646963758059, 42.321894330641733 ], [ -1.932452272949806, 42.321746732384874 ], [ -1.932278436287313, 42.321620721776902 ], [ -1.931879477924478, 42.321394677184045 ], [ -1.931647670948424, 42.321243340122457 ], [ -1.931423513156783, 42.321089269405967 ], [ -1.931256141354681, 42.320984125883619 ], [ -1.93104571954675, 42.320914063561723 ], [ -1.930866549088065, 42.320836385882245 ], [ -1.93061925331827, 42.32079244761244 ], [ -1.930349572063478, 42.320773034091047 ], [ -1.929881093213823, 42.32080130588745 ], [ -1.929226311276395, 42.321037803141706 ], [ -1.928948575056351, 42.321179293562395 ], [ -1.928619643679212, 42.321387825712037 ], [ -1.928268144916301, 42.321631671077576 ], [ -1.927964012746914, 42.321895639965149 ], [ -1.927683405009281, 42.322162021903011 ], [ -1.927438550330578, 42.322465387548242 ], [ -1.927245029076939, 42.322740518185853 ], [ -1.927076243154344, 42.323031073083449 ], [ -1.926943889235945, 42.323275232001862 ], [ -1.926857400300603, 42.323543470716579 ], [ -1.926827912396941, 42.323716585579632 ], [ -1.92683042131603, 42.32392541694103 ], [ -1.926857664273831, 42.324062473171153 ], [ -1.926890573025825, 42.324269909424274 ], [ -1.926913737480721, 42.324468788818017 ], [ -1.926934771117188, 42.324591035066476 ], [ -1.926961371009634, 42.324745605522843 ], [ -1.927004390214658, 42.325068579821007 ], [ -1.927077430216151, 42.32541258485039 ], [ -1.927129964626673, 42.32575810818124 ], [ -1.927157028835917, 42.325952544382844 ], [ -1.927168619209044, 42.326428293208465 ], [ -1.927157589762422, 42.326632530813761 ], [ -1.927072637408525, 42.32689796052756 ], [ -1.926976308691726, 42.32707547067433 ], [ -1.926854630863182, 42.32722917026684 ], [ -1.926725474591775, 42.327328700668453 ], [ -1.926585754122576, 42.327426434388883 ], [ -1.926399260701457, 42.32750969862979 ], [ -1.926099375091165, 42.327612702619867 ], [ -1.925895317455707, 42.327658633756919 ], [ -1.925576846501676, 42.327697290905583 ], [ -1.925222968014939, 42.327718759635133 ], [ -1.924969567367679, 42.327722582825693 ], [ -1.923838121943499, 42.327657323843411 ], [ -1.92337125986002, 42.327634384958237 ], [ -1.923011828668384, 42.327625953338419 ], [ -1.92192145455929, 42.327688289890176 ], [ -1.921369604655563, 42.327710688645944 ], [ -1.920752489713176, 42.327735807150269 ], [ -1.92018575670989, 42.327741737637012 ], [ -1.920137286675341, 42.327648983157381 ], [ -1.920088617017232, 42.327564642882479 ], [ -1.920042236556008, 42.327527055379818 ], [ -1.919956801470123, 42.327467711627087 ], [ -1.919873403335438, 42.327420201970774 ], [ -1.919707343032512, 42.327371917940518 ], [ -1.919422154692415, 42.327262557165575 ], [ -1.919203188369524, 42.327178590940001 ], [ -1.918904370773108, 42.32708851283369 ], [ -1.918606337931557, 42.327009283673604 ], [ -1.918291971219297, 42.32692571275102 ], [ -1.917721540418846, 42.326791435804687 ], [ -1.917423318800255, 42.326710360962061 ], [ -1.917098797525388, 42.326616125950927 ], [ -1.916959329886052, 42.326564139968731 ], [ -1.916897431155375, 42.326547230981561 ], [ -1.916837377658574, 42.326509500409024 ], [ -1.916739231853395, 42.326438239919099 ], [ -1.916621380035119, 42.326367888275342 ], [ -1.91652955354119, 42.326324817558124 ], [ -1.916492901488707, 42.32629407594878 ], [ -1.916446090725758, 42.326237895438126 ], [ -1.916436315497042, 42.326187707179024 ], [ -1.916435352695392, 42.326113407580301 ], [ -1.916444506450209, 42.325977265716531 ], [ -1.916448481994268, 42.325922132525029 ], [ -1.916449545975479, 42.325860209211179 ], [ -1.916435225469549, 42.325678288640503 ], [ -1.9164201340404, 42.325584708752146 ], [ -1.916368179575861, 42.325431701098424 ], [ -1.916298933309801, 42.325179982705052 ], [ -1.916260746394474, 42.324928593862396 ], [ -1.916261320183795, 42.324808694267929 ], [ -1.916280849650385, 42.324597806070997 ], [ -1.916290949608297, 42.32436319698521 ], [ -1.916298936905111, 42.324294589094343 ], [ -1.916312997269853, 42.324138792941795 ], [ -1.916332473522428, 42.324064128123545 ], [ -1.91642167014792, 42.323464395815456 ], [ -1.916499574238208, 42.323125167045106 ], [ -1.916563577364671, 42.322886551629779 ], [ -1.916662734865236, 42.322591958274806 ], [ -1.916756799650032, 42.322324925517499 ], [ -1.916798668616846, 42.322228507400908 ], [ -1.916848856308106, 42.322131046605115 ], [ -1.916886593040605, 42.322055410403912 ], [ -1.916929364188064, 42.321993327153244 ], [ -1.916962778420272, 42.32194638916372 ], [ -1.91704307624583, 42.321864405822559 ], [ -1.917232598994337, 42.321694521412589 ], [ -1.917387362388658, 42.321559755233046 ], [ -1.917439447656139, 42.321528704373279 ], [ -1.917578601104393, 42.321420277215687 ], [ -1.917701948533875, 42.32130603951191 ], [ -1.918007682823496, 42.32103482716218 ], [ -1.918244705698144, 42.320836669114541 ], [ -1.91845356293275, 42.320643315274005 ], [ -1.918459976391937, 42.320637305720048 ], [ -1.918586174507336, 42.320519055638329 ], [ -1.918749622701714, 42.320364709372555 ], [ -1.919108458932753, 42.320005020791704 ], [ -1.919157234917436, 42.319946402063977 ], [ -1.91926656748159, 42.319808403253042 ], [ -1.919324201915339, 42.319720009418333 ], [ -1.919445654062993, 42.319492610306355 ], [ -1.91967184846963, 42.319038267533422 ], [ -1.919789671139136, 42.318801836821557 ], [ -1.919819205661206, 42.31867379829287 ], [ -1.919869733821202, 42.318468790398832 ], [ -1.919900714366471, 42.318340193581491 ], [ -1.919927302243282, 42.318116992229442 ], [ -1.919926154112149, 42.318007235028482 ], [ -1.919934837626858, 42.317766933696923 ], [ -1.919931123266725, 42.317583433583295 ], [ -1.919917674815006, 42.317439774440416 ], [ -1.919902373067701, 42.317314653828056 ], [ -1.919865364206985, 42.317174144582694 ], [ -1.919810818046419, 42.316992417086624 ], [ -1.919758376075775, 42.316821349090937 ], [ -1.919717270075335, 42.316696576124549 ], [ -1.919659995067303, 42.316587378902419 ], [ -1.9196019382856, 42.316479912444827 ], [ -1.919496085165926, 42.316328040791056 ], [ -1.919339984498768, 42.3161413699371 ], [ -1.9190332714504, 42.315760828576181 ], [ -1.918811431990051, 42.31547447012111 ], [ -1.918632976647997, 42.315223419612877 ], [ -1.918487894020891, 42.315058249784407 ], [ -1.91844165264662, 42.315012769111803 ], [ -1.918376145672404, 42.314940130057046 ], [ -1.918327758570405, 42.31488957762096 ], [ -1.918195657268279, 42.314807821139027 ], [ -1.918074637152051, 42.314743654250854 ], [ -1.917858096949777, 42.314635793678768 ], [ -1.917773050987523, 42.31459841665923 ], [ -1.917639885468216, 42.314535219901352 ], [ -1.917363887285473, 42.314399224287534 ], [ -1.917197894640063, 42.314305916137783 ], [ -1.917090922505358, 42.314263238645289 ], [ -1.916954618590502, 42.314201988271165 ], [ -1.916758240785336, 42.314113737544467 ], [ -1.916521068640305, 42.314015252022401 ], [ -1.916234511127453, 42.313874650896928 ], [ -1.916036726641139, 42.313777627283599 ], [ -1.915957122230822, 42.313732996476467 ], [ -1.915876778775085, 42.313685477600593 ], [ -1.915646636889677, 42.313530782625755 ], [ -1.915483946508378, 42.313421751691038 ], [ -1.915297440938729, 42.313284310893927 ], [ -1.915223022979396, 42.313244745893442 ], [ -1.915159228281873, 42.313205906372581 ], [ -1.915079380782181, 42.313175858804378 ], [ -1.915063272379332, 42.313170928692152 ], [ -1.915001657374759, 42.313152067048435 ], [ -1.914891986150676, 42.313136384525009 ], [ -1.914582160876511, 42.313115446302312 ], [ -1.91441238844286, 42.313109339648726 ], [ -1.914316707033221, 42.313115182827502 ], [ -1.914254106651835, 42.313139896085382 ], [ -1.914154387018496, 42.313207635287704 ], [ -1.914048711272657, 42.313265730183566 ], [ -1.913995570751684, 42.313312516586549 ], [ -1.913938409608044, 42.313329973703681 ], [ -1.913785678546582, 42.313347118067909 ], [ -1.91371519629443, 42.31334475271376 ], [ -1.913623700300764, 42.313326989661249 ], [ -1.91348923080468, 42.313253652960924 ], [ -1.913225517565041, 42.31310931614582 ], [ -1.913081871760028, 42.313040431025868 ], [ -1.912899868418718, 42.312950850975128 ], [ -1.912664995630361, 42.31284902453384 ], [ -1.912473037379899, 42.312766139940614 ], [ -1.912338056261744, 42.312722660997579 ], [ -1.912280797978669, 42.312699610893326 ], [ -1.912203417515236, 42.312658890077756 ], [ -1.91169070404172, 42.312310109196524 ], [ -1.911106693746717, 42.312092932090366 ], [ -1.910521341626193, 42.311779456791697 ], [ -1.910026591158369, 42.311446036786791 ], [ -1.909955177528001, 42.311393429187305 ], [ -1.909751770823339, 42.311243597511073 ], [ -1.909595746926853, 42.311100831003806 ], [ -1.909223604401562, 42.310734819750571 ], [ -1.908711234273526, 42.310325238108234 ], [ -1.908515300916427, 42.310170913800178 ], [ -1.908208468904101, 42.309929246545053 ], [ -1.907715983442918, 42.309554153704539 ], [ -1.907490906805544, 42.309372739077148 ], [ -1.907330826770707, 42.309243714533778 ], [ -1.907147086631437, 42.309123771987672 ], [ -1.906957237778323, 42.309008822392464 ], [ -1.906847937392739, 42.308926735200522 ], [ -1.90681845551897, 42.308789670630389 ], [ -1.906968722560851, 42.308039096479661 ], [ -1.907033187030015, 42.307556765537086 ], [ -1.907034589347999, 42.307300661920898 ], [ -1.907105542673168, 42.307057618927239 ], [ -1.907207047787878, 42.306800809547205 ], [ -1.907208090806969, 42.306654444521378 ], [ -1.907205330424703, 42.306549728544418 ], [ -1.907233025862337, 42.306483042580844 ], [ -1.907402446638079, 42.306333231519083 ], [ -1.907546585470323, 42.306156962781877 ], [ -1.907558720097837, 42.306142124783911 ], [ -1.907716213580824, 42.305949520039135 ], [ -1.90795523203813, 42.305677679268804 ], [ -1.908266531863018, 42.305390225296222 ], [ -1.908267898583127, 42.305389068425704 ], [ -1.908619779122218, 42.305090734198949 ], [ -1.908833564444382, 42.304918288691553 ], [ -1.909011167057913, 42.304734798451825 ], [ -1.909101904747379, 42.304574131379034 ], [ -1.909233006161355, 42.304490385964833 ], [ -1.910083416500974, 42.304074076774988 ], [ -1.910638178176027, 42.303781588446192 ], [ -1.910994279114363, 42.303580651133103 ], [ -1.911590889365232, 42.303278964167724 ], [ -1.911910300931791, 42.303225152229224 ], [ -1.912044586739077, 42.303209321272107 ], [ -1.912502216781408, 42.303155375370181 ], [ -1.912975418583505, 42.303064713560886 ], [ -1.913283436081834, 42.30292242255733 ], [ -1.913878062085002, 42.302472120533821 ], [ -1.914402393150061, 42.302008787288251 ], [ -1.915013537747133, 42.301438193415471 ], [ -1.915466573028066, 42.301019206241236 ], [ -1.91550513745533, 42.300848443641584 ], [ -1.915500523543781, 42.30076398189744 ], [ -1.91522591556911, 42.300594204339305 ], [ -1.914735097611101, 42.300343583442817 ], [ -1.914180331042301, 42.300153699541511 ], [ -1.913223413064646, 42.299715719634989 ], [ -1.912185418729514, 42.299099088805107 ], [ -1.911375152058909, 42.298704196988304 ], [ -1.910644757250498, 42.298348226770358 ], [ -1.909452150085574, 42.297819004428348 ], [ -1.909193250200908, 42.297689946612522 ], [ -1.908403500933342, 42.297296264643535 ], [ -1.907704833953085, 42.29701209469566 ], [ -1.906758198890237, 42.296553318743847 ], [ -1.906241104916428, 42.29633450035147 ], [ -1.905851266364233, 42.29616754935472 ], [ -1.904670929605578, 42.295634463185571 ], [ -1.903829254552065, 42.295292075334459 ], [ -1.903062624587342, 42.295005790902735 ], [ -1.902876371341335, 42.294936237621144 ], [ -1.901767768150626, 42.294552417504136 ], [ -1.900965939407914, 42.294274552916235 ], [ -1.899889173466439, 42.29389271741595 ], [ -1.899005819155694, 42.293595504490561 ], [ -1.89802311371717, 42.293254501773575 ], [ -1.897138464756051, 42.292901523604726 ], [ -1.896143588871524, 42.292479346819469 ], [ -1.895871993567898, 42.292357949432819 ], [ -1.895774348574919, 42.292307502941391 ], [ -1.895623662086632, 42.29216812326986 ], [ -1.895446375542226, 42.291944087908824 ], [ -1.89534835625695, 42.291739368369107 ], [ -1.895283723411278, 42.291534421921689 ], [ -1.895169292407638, 42.291358836274739 ], [ -1.895056311588138, 42.291228284815126 ], [ -1.894866979997165, 42.291045794443001 ], [ -1.894767447818782, 42.290977874279143 ], [ -1.894559035488173, 42.290835658253243 ], [ -1.894133774445763, 42.290618229753882 ], [ -1.893607416831622, 42.290414448300851 ], [ -1.892878590406694, 42.290172131717597 ], [ -1.884554774593864, 42.287497670311502 ], [ -1.884002910073519, 42.287326262493579 ], [ -1.883800834676551, 42.287262931136112 ], [ -1.879390354294682, 42.286495478670972 ], [ -1.878043234115596, 42.286709679069773 ], [ -1.877963427366967, 42.286721826376883 ], [ -1.877598349322233, 42.286790311827694 ], [ -1.876051507445812, 42.287068393137766 ], [ -1.875998903122022, 42.287084772863992 ], [ -1.875225492666904, 42.288285707977721 ], [ -1.875214662917382, 42.28829685480428 ], [ -1.875198899538629, 42.288331008713548 ], [ -1.875076722476106, 42.288509933821452 ], [ -1.874972206089386, 42.288673816350368 ], [ -1.874860172842467, 42.288790928677599 ], [ -1.874667632264673, 42.288917355623234 ], [ -1.87448775678994, 42.289016384080981 ], [ -1.874222976295562, 42.289112276772514 ], [ -1.8740309590741, 42.289167789678153 ], [ -1.873782151957388, 42.28921772364351 ], [ -1.873581054372571, 42.289272592738214 ], [ -1.873407438295883, 42.289357554996641 ], [ -1.873222657482868, 42.289475054190447 ], [ -1.873101609935981, 42.289587591185416 ], [ -1.873017409489883, 42.289675701961528 ], [ -1.872994784322713, 42.28975202105724 ], [ -1.872953659012334, 42.28989065124923 ], [ -1.872904091342303, 42.290007845113948 ], [ -1.872895092798725, 42.290029109993014 ], [ -1.872822721947729, 42.290175839246004 ], [ -1.872797252949419, 42.29024427797237 ], [ -1.872736698319995, 42.290282524857716 ], [ -1.872671907849393, 42.290302137993415 ], [ -1.872571959609996, 42.290293296664622 ], [ -1.872465863293616, 42.290250018730958 ], [ -1.871406763410516, 42.289529815464086 ], [ -1.871060706539364, 42.289154598072955 ], [ -1.870986593976721, 42.289074236955088 ], [ -1.870543608835356, 42.288494630568039 ], [ -1.87040515380064, 42.288355807482269 ], [ -1.870204012568874, 42.288154120437838 ], [ -1.869890953400674, 42.287854965411221 ], [ -1.869672462460225, 42.287654677989387 ], [ -1.869464098034699, 42.287476996094441 ], [ -1.869184532127249, 42.287214175499599 ], [ -1.869057970423318, 42.287043496590677 ], [ -1.868867097744335, 42.286696593184139 ], [ -1.868514770124395, 42.285967000123456 ], [ -1.868268035867419, 42.285438824582819 ], [ -1.868125937421339, 42.285118262102586 ], [ -1.867963310744124, 42.28471759420588 ], [ -1.867848445828454, 42.284360704114484 ], [ -1.867759821518905, 42.284102608185997 ], [ -1.867725496316219, 42.28398632536539 ], [ -1.867674640421062, 42.283822004034747 ], [ -1.867632907115269, 42.283657249511592 ], [ -1.867604627241819, 42.283498775355874 ], [ -1.867613738758574, 42.283372781516029 ], [ -1.867636735525927, 42.283228939704166 ], [ -1.867734906790659, 42.282954091552078 ], [ -1.867836769461199, 42.282769916659014 ], [ -1.868010587439271, 42.282504250161438 ], [ -1.868080261570298, 42.282380565246989 ], [ -1.868177516836527, 42.282198578050732 ], [ -1.868244627415944, 42.282090623816607 ], [ -1.868396655748362, 42.281812362818116 ], [ -1.86854274544774, 42.281527287564636 ], [ -1.868708460571975, 42.281164189938387 ], [ -1.868862827423271, 42.28071373394112 ], [ -1.868976921150412, 42.280350696740427 ], [ -1.869016804510344, 42.280122405618293 ], [ -1.869038579792133, 42.27999778382474 ], [ -1.869143344211164, 42.27939600017384 ], [ -1.869164611619839, 42.279267874478066 ], [ -1.869165175654209, 42.27919469230887 ], [ -1.868926029571604, 42.278748786253118 ], [ -1.868636947946802, 42.278342349604458 ], [ -1.868345789322994, 42.278010777997672 ], [ -1.868178537677237, 42.277869487484473 ], [ -1.867936045283208, 42.277738202696447 ], [ -1.867443970071866, 42.277450789482103 ], [ -1.867150447714293, 42.277270230307586 ], [ -1.866330683155441, 42.27601737421255 ], [ -1.867094743278898, 42.271665116753503 ], [ -1.8673974800388, 42.269940460987627 ], [ -1.868017419915271, 42.268494355635582 ], [ -1.86927230147951, 42.268166187359412 ], [ -1.879699402323002, 42.262738357695234 ], [ -1.88307030011113, 42.264094021932195 ], [ -1.886404732223625, 42.26478503240245 ], [ -1.889911704814241, 42.263935333016597 ], [ -1.891386855937759, 42.262320902219102 ], [ -1.895832524434694, 42.257454681826466 ], [ -1.898766358203799, 42.258158404127066 ], [ -1.900327413691951, 42.259020509042209 ], [ -1.903898199598396, 42.260062287015721 ], [ -1.905628883173518, 42.260925942678398 ], [ -1.906506876146647, 42.260627572887962 ], [ -1.906741832934759, 42.261063222417377 ], [ -1.919521239031313, 42.254573598142969 ], [ -1.92084336871396, 42.253902029170462 ], [ -1.933642420584329, 42.250464706373705 ], [ -1.938696082302275, 42.249106972802323 ], [ -1.942571116349816, 42.247195103981866 ], [ -1.945846200047673, 42.245578983085807 ], [ -1.959303222761819, 42.24174777876167 ], [ -1.966647989512891, 42.237311216631674 ], [ -1.96737026117785, 42.236858980192288 ], [ -1.968216302023561, 42.236244596353927 ] ] ] ] } },
{ "type": "Feature", "properties": { "codatzbs": "130102", "n_zbs": "ALFARO", "ccaa_cd": "ES23", "area": "La Rioja" }, "geometry": { "type": "MultiPolygon", "coordinates": [ [ [ [ -1.870762030109041, 42.264873988873489 ], [ -1.875076880993566, 42.260210425932087 ], [ -1.875443167498581, 42.26001002503758 ], [ -1.875566181925326, 42.259913291842366 ], [ -1.875877281278688, 42.259589325233598 ], [ -1.876353675517417, 42.259049703715391 ], [ -1.876378696970895, 42.258963239132775 ], [ -1.876397534392426, 42.258839607957761 ], [ -1.876416288349788, 42.258424388432907 ], [ -1.876453290427818, 42.257705973822453 ], [ -1.876416960795963, 42.257621176760061 ], [ -1.876098991099181, 42.256965683011593 ], [ -1.875761713603868, 42.256290298213912 ], [ -1.875386401892095, 42.255495181599827 ], [ -1.875181412494634, 42.255091270554914 ], [ -1.874784287155457, 42.25467143180267 ], [ -1.874115407837175, 42.254025986196353 ], [ -1.873221685891121, 42.253242127601368 ], [ -1.872774724328342, 42.252910051017494 ], [ -1.872562912166153, 42.252752684829261 ], [ -1.872431633623058, 42.252677115453167 ], [ -1.872011422235789, 42.252534499026645 ], [ -1.871543176963861, 42.252407198818105 ], [ -1.87106398641213, 42.25225892722424 ], [ -1.870393556206648, 42.251997913119247 ], [ -1.86937367371206, 42.251664731215605 ], [ -1.868741803518534, 42.251408590650911 ], [ -1.868598190732709, 42.251348611760491 ], [ -1.867940859972935, 42.251119809387994 ], [ -1.867175275960902, 42.250928151370537 ], [ -1.866341243746221, 42.250793283171191 ], [ -1.864939333092762, 42.250642603893937 ], [ -1.863810756562577, 42.250541926642285 ], [ -1.862185806625359, 42.250447028292058 ], [ -1.860979188209079, 42.250387196674254 ], [ -1.860142438304683, 42.250363125103213 ], [ -1.859346078047799, 42.25028540896011 ], [ -1.85859450989989, 42.250284657922663 ], [ -1.858466495119963, 42.25030780739354 ], [ -1.857898246156643, 42.250410573239613 ], [ -1.857195256782941, 42.250532455516627 ], [ -1.856996099501472, 42.250568168477002 ], [ -1.856314474157401, 42.250304677504744 ], [ -1.855955562848783, 42.250166026900907 ], [ -1.855770514954502, 42.250135481028224 ], [ -1.855555792610592, 42.250150785979251 ], [ -1.855308245889655, 42.250182653836319 ], [ -1.855110913749916, 42.250243729403664 ], [ -1.854880298564584, 42.250344418845032 ], [ -1.854516749884473, 42.250546807166323 ], [ -1.85425280626473, 42.250770999869637 ], [ -1.854070890142092, 42.250902015890929 ], [ -1.853966774918504, 42.251043954486484 ], [ -1.853872196533364, 42.251205135254111 ], [ -1.853777612235054, 42.251366280755455 ], [ -1.853721697464917, 42.251522754869193 ], [ -1.853612287433856, 42.25179242318054 ], [ -1.853506832598363, 42.252175233050302 ], [ -1.853435992557897, 42.252489168035751 ], [ -1.853422081574767, 42.252670280193961 ], [ -1.853378743524101, 42.252971008854857 ], [ -1.853377693063734, 42.253239455571432 ], [ -1.853366342900982, 42.253405395522272 ], [ -1.853365199706281, 42.253509520637429 ], [ -1.85337620111987, 42.253571016158624 ], [ -1.85339226625664, 42.253687115808496 ], [ -1.853430244214361, 42.25380792047239 ], [ -1.853464208427928, 42.253898343470908 ], [ -1.8534976621931, 42.253975792583176 ], [ -1.853542961120023, 42.254109066378696 ], [ -1.853638742902993, 42.25421867785041 ], [ -1.853752377757332, 42.254343652855646 ], [ -1.853794140602369, 42.254381769769132 ], [ -1.853982416681463, 42.254527776759204 ], [ -1.854186289583408, 42.25469415254242 ], [ -1.854533855717279, 42.255080388913164 ], [ -1.854633407830895, 42.255190573064397 ], [ -1.854727590088106, 42.255300739525609 ], [ -1.854743804735945, 42.255326798465731 ], [ -1.854770752090974, 42.255387822654363 ], [ -1.854774561508478, 42.255594423469127 ], [ -1.854763903007142, 42.256100370982153 ], [ -1.854763402872849, 42.256127942631451 ], [ -1.854711313096623, 42.256242830055932 ], [ -1.854502616260167, 42.256719190483317 ], [ -1.854364331048238, 42.257033573354938 ], [ -1.854251928232248, 42.257298122775246 ], [ -1.854203219824929, 42.257393878772476 ], [ -1.854171433553108, 42.257435245854985 ], [ -1.854060528133554, 42.257575972739495 ], [ -1.853921395743068, 42.257767067650953 ], [ -1.853897359067365, 42.257797222071886 ], [ -1.853789961012178, 42.257955415915248 ], [ -1.853681797836282, 42.258111980008628 ], [ -1.853639124204212, 42.258165039682495 ], [ -1.853587092520423, 42.258235419056682 ], [ -1.853137762318879, 42.258526992406253 ], [ -1.852993066322799, 42.258611128289132 ], [ -1.85271845630783, 42.258710818353968 ], [ -1.852604661719659, 42.258760306668712 ], [ -1.852533673406052, 42.258788869766526 ], [ -1.851874911506925, 42.259053587359467 ], [ -1.851826054491814, 42.259070524982342 ], [ -1.851693457823571, 42.259116491886978 ], [ -1.851163808926864, 42.259115699225944 ], [ -1.850600016915928, 42.25911624695344 ], [ -1.850402971499556, 42.25911876948561 ], [ -1.850361295548605, 42.259119458546508 ], [ -1.850324334623094, 42.259109532559656 ], [ -1.850130986710735, 42.259034405221527 ], [ -1.848819159022597, 42.258501731044468 ], [ -1.848498981296446, 42.258378126850673 ], [ -1.848369977792254, 42.25832832378174 ], [ -1.84807197244474, 42.25821556733014 ], [ -1.847527156729289, 42.258008030296494 ], [ -1.847326293060515, 42.25792889604633 ], [ -1.847244447205164, 42.257888676249614 ], [ -1.847166247036235, 42.257855243103101 ], [ -1.847065090121679, 42.25775178556146 ], [ -1.846529120789081, 42.257142965763997 ], [ -1.846414300222822, 42.256999420116415 ], [ -1.846081698843166, 42.256457973854666 ], [ -1.845750219198254, 42.255936757445603 ], [ -1.845502324084404, 42.2556111867883 ], [ -1.845311229665496, 42.255372839575443 ], [ -1.844993673338139, 42.255044318455617 ], [ -1.844628464983128, 42.254712474955042 ], [ -1.843953767093051, 42.25407019161581 ], [ -1.843420748138097, 42.253553126411362 ], [ -1.843285888013647, 42.253427932516189 ], [ -1.843162480547673, 42.253339426817888 ], [ -1.843006150814934, 42.253229227301368 ], [ -1.842896682486679, 42.253165669217616 ], [ -1.842782659342433, 42.253104263454283 ], [ -1.84268814510262, 42.25305096090041 ], [ -1.842595736606823, 42.253007807768981 ], [ -1.842521368852194, 42.252974413725653 ], [ -1.842431661160094, 42.252949308906729 ], [ -1.842353006239044, 42.25294121011391 ], [ -1.842229669573265, 42.252932661089517 ], [ -1.842120660470331, 42.25292816433403 ], [ -1.842105501208476, 42.25292915505085 ], [ -1.84210242263446, 42.252929123967562 ], [ -1.841959892453953, 42.252566410906454 ], [ -1.841759317475266, 42.252055983431099 ], [ -1.841687544629712, 42.251878486975293 ], [ -1.841571572999036, 42.251674152565322 ], [ -1.841388117290947, 42.251432521104881 ], [ -1.841268440845293, 42.25130577515587 ], [ -1.841093410264222, 42.251143576514565 ], [ -1.84085888146722, 42.250957719747241 ], [ -1.840665940371254, 42.2508217722987 ], [ -1.840393951000751, 42.250656398489618 ], [ -1.840231159686235, 42.250568612637856 ], [ -1.840132778644026, 42.250520915683069 ], [ -1.840090665237328, 42.250502450546556 ], [ -1.840010596727929, 42.250447045761 ], [ -1.839402017602932, 42.250211252920515 ], [ -1.8389035018084, 42.25004688180443 ], [ -1.838713309644112, 42.25000780501739 ], [ -1.838417046204763, 42.249966549451862 ], [ -1.837805688407101, 42.249839301058053 ], [ -1.837739427322665, 42.249818951233273 ], [ -1.837685820369917, 42.249802038460153 ], [ -1.836972590224248, 42.249577000639455 ], [ -1.835590524354228, 42.249051874279893 ], [ -1.83531198851486, 42.248913957172881 ], [ -1.83504464025813, 42.248742952969486 ], [ -1.834818753009679, 42.248585280530634 ], [ -1.834601446736674, 42.248455324640908 ], [ -1.834363521198686, 42.248293565387137 ], [ -1.834022506300354, 42.24808161582235 ], [ -1.833226506411366, 42.247586881225985 ], [ -1.832964584571336, 42.247413085943315 ], [ -1.832670772752053, 42.247199568300722 ], [ -1.832407746957889, 42.24695934595298 ], [ -1.832021213896709, 42.24651921685517 ], [ -1.831841831952003, 42.246344544820239 ], [ -1.831420999747391, 42.245914723012412 ], [ -1.830965745342896, 42.245419259958787 ], [ -1.830853873527681, 42.245323532092435 ], [ -1.830378652603658, 42.244968591516219 ], [ -1.829784616231164, 42.244563465089193 ], [ -1.829520789962299, 42.244369946128828 ], [ -1.829394681828882, 42.244284545625156 ], [ -1.82789908059467, 42.244036458695142 ], [ -1.824986279264217, 42.245537665142528 ], [ -1.824757069380815, 42.246212881040641 ], [ -1.823998946451957, 42.248446070270965 ], [ -1.82067069287647, 42.249167752115021 ], [ -1.820591086938685, 42.249185012284279 ], [ -1.819219091816181, 42.248638947824965 ], [ -1.818582163098544, 42.24749912218261 ], [ -1.818257396680511, 42.246917913788003 ], [ -1.818275865132672, 42.246524180349368 ], [ -1.818297506669236, 42.24606271323367 ], [ -1.81898100454911, 42.243627249803495 ], [ -1.819184268813986, 42.242902938971078 ], [ -1.81957016352285, 42.241527789660175 ], [ -1.819605962188684, 42.240057132213757 ], [ -1.819633818522828, 42.238912640566994 ], [ -1.819758366652308, 42.238186238141402 ], [ -1.819890789758037, 42.23758365591177 ], [ -1.820214937108022, 42.236653153994069 ], [ -1.820533793719805, 42.235962942606093 ], [ -1.820773697714478, 42.235407061442018 ], [ -1.820829067355759, 42.234873463958941 ], [ -1.821093654207051, 42.233884946227271 ], [ -1.821278543140118, 42.232987921286863 ], [ -1.821351741181467, 42.232352066507076 ], [ -1.82117536909844, 42.231939918112417 ], [ -1.820775056146902, 42.231230503295244 ], [ -1.82013290240199, 42.230370582895596 ], [ -1.81933278975444, 42.229735858197458 ], [ -1.818411656297066, 42.229054841533397 ], [ -1.81785810931329, 42.22872309147764 ], [ -1.817563063204012, 42.228546262494923 ], [ -1.81686480055646, 42.228219358553325 ], [ -1.816223651512134, 42.22812208349503 ], [ -1.812828102437617, 42.227893355242259 ], [ -1.811952376356189, 42.227940478989701 ], [ -1.811380298657633, 42.227798943706823 ], [ -1.811170560669517, 42.227800996407048 ], [ -1.810815506806865, 42.227666999682974 ], [ -1.809763769922541, 42.227452365021549 ], [ -1.80866297459442, 42.227349720065213 ], [ -1.807650515521855, 42.227464132469557 ], [ -1.806452863136731, 42.227599723009881 ], [ -1.806200348811055, 42.227683123103958 ], [ -1.805601711151971, 42.227025464413458 ], [ -1.805589526280635, 42.226994644670008 ], [ -1.805551909024257, 42.226941904851017 ], [ -1.805510182898661, 42.226904324551953 ], [ -1.805473142980123, 42.226884209976284 ], [ -1.804780867976469, 42.226123648510622 ], [ -1.804691730268982, 42.225928746667854 ], [ -1.804627890485751, 42.225740078579939 ], [ -1.804575125768558, 42.225485678548196 ], [ -1.804548899375352, 42.225391963095859 ], [ -1.804487653856256, 42.225265828928769 ], [ -1.804432324308226, 42.225189263036647 ], [ -1.80421290586468, 42.224936497342043 ], [ -1.803997958209566, 42.224728780524671 ], [ -1.803662199596439, 42.224424135671853 ], [ -1.803483270247198, 42.22423256870141 ], [ -1.803459908727143, 42.224187321393501 ], [ -1.803439874513366, 42.224044681478105 ], [ -1.803426312323311, 42.224000644150117 ], [ -1.803387357556735, 42.223939995783134 ], [ -1.803335999375371, 42.22389220481513 ], [ -1.80326714773838, 42.223848144451061 ], [ -1.803140451910484, 42.223739878296769 ], [ -1.802900803121146, 42.223557799630029 ], [ -1.802753658916396, 42.223488703382294 ], [ -1.80249042441418, 42.223391366614258 ], [ -1.802108440752159, 42.22328777712174 ], [ -1.801825045536634, 42.223135656562015 ], [ -1.801493437292102, 42.222971759429996 ], [ -1.801313771583615, 42.222901209228759 ], [ -1.801133115037907, 42.222843599192444 ], [ -1.800777833196804, 42.222768982388615 ], [ -1.800442291648065, 42.222731680676354 ], [ -1.80011537161224, 42.222721508160781 ], [ -1.799622434089407, 42.222755743735604 ], [ -1.799281672729002, 42.222794949539882 ], [ -1.799205106092173, 42.222810637235959 ], [ -1.798969802745984, 42.222813804943051 ], [ -1.798932380844653, 42.222804807711242 ], [ -1.798839972123296, 42.222765550427965 ], [ -1.79867735998898, 42.222714339728093 ], [ -1.798568567293944, 42.222701342678668 ], [ -1.798322784675815, 42.22272296540352 ], [ -1.798100751894331, 42.222730224056441 ], [ -1.796451534187422, 42.222721938156887 ], [ -1.795550727473984, 42.222701780648279 ], [ -1.795299764071327, 42.22267719151975 ], [ -1.795197988016689, 42.222653029839975 ], [ -1.794964530096994, 42.222543065722888 ], [ -1.794862019549061, 42.222518360163811 ], [ -1.794671465310246, 42.222503959898965 ], [ -1.794449126052145, 42.222526964468123 ], [ -1.794305128409841, 42.222572151115756 ], [ -1.794085265618407, 42.222624432890377 ], [ -1.793917276702003, 42.222657564271202 ], [ -1.793418781151491, 42.222707502447953 ], [ -1.792984741099909, 42.222713631978934 ], [ -1.792617078564731, 42.222773338089397 ], [ -1.792421055509499, 42.222806189260005 ], [ -1.792128567193038, 42.222853753396599 ], [ -1.791281173880283, 42.22289264751484 ], [ -1.791159632826101, 42.22291053065986 ], [ -1.791133249672652, 42.222919038047891 ], [ -1.79023069587062, 42.222931125270748 ], [ -1.789594917703187, 42.223878490235286 ], [ -1.787820154632611, 42.225106566373483 ], [ -1.787684351362386, 42.225085938034113 ], [ -1.787451606869551, 42.225058138001657 ], [ -1.786828491023215, 42.225010467996363 ], [ -1.786372102170395, 42.224957219916973 ], [ -1.784464645580195, 42.224785615247669 ], [ -1.78351603440168, 42.224689413157108 ], [ -1.783149484484196, 42.224651772474211 ], [ -1.781690115132612, 42.224532132736222 ], [ -1.781680599409817, 42.224531383213751 ], [ -1.780310691328522, 42.224352273113865 ], [ -1.780285603006818, 42.224319597807941 ], [ -1.77980358738752, 42.223631694650521 ], [ -1.779471180653659, 42.223157007318299 ], [ -1.778786429729379, 42.222181584252354 ], [ -1.778115814523851, 42.221223166135509 ], [ -1.777366364002769, 42.220151890922615 ], [ -1.77704743839347, 42.219687508891383 ], [ -1.776671602015005, 42.219151004946823 ], [ -1.776407031087698, 42.218773871222069 ], [ -1.776114382977679, 42.218360429890353 ], [ -1.77607758914207, 42.218304852251663 ], [ -1.775972171858475, 42.21815681491254 ], [ -1.775947788080073, 42.218126730910278 ], [ -1.774910958911365, 42.21664596699047 ], [ -1.774697290097896, 42.216339718837169 ], [ -1.774662683597968, 42.216289252558965 ], [ -1.774508635355245, 42.216072027086291 ], [ -1.774491130848405, 42.216038067987213 ], [ -1.774472154095197, 42.216000737472285 ], [ -1.774472802009835, 42.215849316331088 ], [ -1.774440386968516, 42.215685733965884 ], [ -1.774415148847565, 42.215620723756622 ], [ -1.774320470146853, 42.215466622300632 ], [ -1.774221260925624, 42.215349031806056 ], [ -1.774144683109523, 42.215275061112727 ], [ -1.774100590770251, 42.215245854899358 ], [ -1.774023952034416, 42.215177489786228 ], [ -1.773736315496668, 42.214975729813901 ], [ -1.773227770969154, 42.214686021272207 ], [ -1.772983280766328, 42.21456521313916 ], [ -1.772675290899125, 42.214438081760825 ], [ -1.772480477791977, 42.214371237476016 ], [ -1.772167876995698, 42.21428516384595 ], [ -1.771619760316151, 42.214163351718739 ], [ -1.771409222624046, 42.214126750888219 ], [ -1.771067600948657, 42.214093814742348 ], [ -1.770906323205088, 42.214093800419398 ], [ -1.770830363254153, 42.214105878652326 ], [ -1.770745663350368, 42.214138760975885 ], [ -1.770576440609153, 42.214159470588903 ], [ -1.770446040479559, 42.214166519575976 ], [ -1.770243292267306, 42.214158143351646 ], [ -1.769986388494777, 42.214130084908973 ], [ -1.769640216539275, 42.21405823428389 ], [ -1.769495283779276, 42.21403417674415 ], [ -1.769452859519148, 42.214036521587069 ], [ -1.769426566549102, 42.214064388130623 ], [ -1.769433958979101, 42.214112884372526 ], [ -1.769494089679193, 42.214251439395376 ], [ -1.769526457895076, 42.214378426277605 ], [ -1.769526329902929, 42.214380338705915 ], [ -1.769471318799126, 42.214371083721808 ], [ -1.767070580274869, 42.215704640587028 ], [ -1.766245728302529, 42.221292384357895 ], [ -1.766191620876911, 42.221658894154025 ], [ -1.754424627126525, 42.217323527744341 ], [ -1.75024705839425, 42.215783931173881 ], [ -1.750075892297184, 42.215772203328548 ], [ -1.750027555907602, 42.215764921959419 ], [ -1.749977439991782, 42.215734533096573 ], [ -1.749841697505208, 42.215634531167844 ], [ -1.740891561906462, 42.212335261321755 ], [ -1.740851541357978, 42.212454940162893 ], [ -1.740808216395124, 42.212540008224018 ], [ -1.740595453473174, 42.212843332566969 ], [ -1.740543060661844, 42.212927751576778 ], [ -1.740500412400033, 42.213016222249991 ], [ -1.740420629518447, 42.213220206420587 ], [ -1.740379721496529, 42.213295768776113 ], [ -1.740255772159811, 42.213475086331613 ], [ -1.740152709482922, 42.213594377761069 ], [ -1.740029212575388, 42.213710712158793 ], [ -1.739899216002923, 42.213814527658315 ], [ -1.739777850778035, 42.213900989400052 ], [ -1.739773103553253, 42.213903940777811 ], [ -1.739548280206589, 42.214287973053189 ], [ -1.736486938145482, 42.215301233005015 ], [ -1.733250835327937, 42.214778639270527 ], [ -1.727289985116303, 42.212362566493802 ], [ -1.726259389263402, 42.213015339085956 ], [ -1.726210706558298, 42.213096244292359 ], [ -1.726230368592214, 42.213170357804742 ], [ -1.726285457763742, 42.213517721103898 ], [ -1.726286360130395, 42.213660125844505 ], [ -1.726252727624835, 42.213713775490781 ], [ -1.72615705927663, 42.213839368617471 ], [ -1.72602638959832, 42.214049545530571 ], [ -1.72598978159069, 42.214137529359981 ], [ -1.72598212542492, 42.214180231442484 ], [ -1.725982928028562, 42.214251140958034 ], [ -1.725939844254494, 42.214286150045119 ], [ -1.725909051032332, 42.214235712389346 ], [ -1.725896522744006, 42.21418038827656 ], [ -1.725887662369836, 42.214132444888335 ], [ -1.725817814852534, 42.214066946524923 ], [ -1.725675359075425, 42.213985969551992 ], [ -1.72566733971009, 42.213981408916517 ], [ -1.725449540428724, 42.213892848930172 ], [ -1.72526923007259, 42.213822748942597 ], [ -1.725026057113129, 42.213751945376764 ], [ -1.724753387103362, 42.213643081327177 ], [ -1.724514082672849, 42.213530670932357 ], [ -1.724243168427722, 42.213411108824566 ], [ -1.723993058991425, 42.213310384165794 ], [ -1.723792891175559, 42.213211376470468 ], [ -1.723680448981342, 42.213154385530721 ], [ -1.723590816272976, 42.213093700049448 ], [ -1.723409293527042, 42.212970686253385 ], [ -1.72332176833692, 42.212879074518689 ], [ -1.72317684247184, 42.212745156942255 ], [ -1.723052433123978, 42.212607599481309 ], [ -1.722938231965369, 42.212488094821644 ], [ -1.722885445382134, 42.212438004959694 ], [ -1.722728519390603, 42.212372619385697 ], [ -1.722386649446609, 42.212203917865601 ], [ -1.721904041466956, 42.211994212019704 ], [ -1.721042252121345, 42.21203805119967 ], [ -1.720630020198829, 42.212127442282757 ], [ -1.720309699305913, 42.2121672133526 ], [ -1.720118273664621, 42.212198312606965 ], [ -1.719928640799188, 42.212214176098975 ], [ -1.719722139187146, 42.212205691185687 ], [ -1.719450764919513, 42.212182964342922 ], [ -1.719198122323206, 42.212168888368566 ], [ -1.719009845870099, 42.212157192379919 ], [ -1.718868055907853, 42.212128608339988 ], [ -1.718645868666996, 42.21203436120939 ], [ -1.718501518851919, 42.211982669959383 ], [ -1.718356568494951, 42.211924202824207 ], [ -1.718149803620302, 42.211813237009501 ], [ -1.717993027786793, 42.211703968868882 ], [ -1.717789648888697, 42.21157786135187 ], [ -1.717641898554604, 42.211508108874987 ], [ -1.717375343687339, 42.211360430691848 ], [ -1.717037573804799, 42.211176578391267 ], [ -1.716846775924161, 42.211064109190765 ], [ -1.716743471855227, 42.211041536877339 ], [ -1.716629171675275, 42.21104025706186 ], [ -1.716470641558002, 42.211093648199274 ], [ -1.716347311274436, 42.211087215518795 ], [ -1.716109487948144, 42.211054691979385 ], [ -1.715859855047833, 42.210968616876215 ], [ -1.71556709121789, 42.210880346159691 ], [ -1.715346359255181, 42.210824975709286 ], [ -1.71516000211194, 42.210755341479647 ], [ -1.715004529816018, 42.210655657351452 ], [ -1.714858400930435, 42.210545383848569 ], [ -1.714722970872371, 42.210428474567919 ], [ -1.714614932123299, 42.210341129362121 ], [ -1.714539448273408, 42.210292991386567 ], [ -1.714450351338656, 42.210279631884163 ], [ -1.714327903056404, 42.210308046163433 ], [ -1.714197185526969, 42.21033077931493 ], [ -1.714000180690456, 42.210302140333638 ], [ -1.713737904627904, 42.210242351789347 ], [ -1.71263270192706, 42.209968754818711 ], [ -1.712466200292219, 42.209928608941297 ], [ -1.712287376885529, 42.209896240853489 ], [ -1.712093511862624, 42.209898548229752 ], [ -1.711861764087172, 42.209938713897465 ], [ -1.711664148466573, 42.209976479613893 ], [ -1.711516114473395, 42.209996768169795 ], [ -1.711318759834907, 42.209982706052166 ], [ -1.711084703851576, 42.209950823242487 ], [ -1.710962994954296, 42.209940452916264 ], [ -1.710841525215567, 42.209957639345689 ], [ -1.710674422909843, 42.209983354812884 ], [ -1.710550944543033, 42.2099870181938 ], [ -1.710377101288086, 42.209971008681961 ], [ -1.710079154944023, 42.209952458550028 ], [ -1.70996186924108, 42.20996375157322 ], [ -1.709891025139467, 42.209970572987217 ], [ -1.709783338237934, 42.209978380359424 ], [ -1.709690939928981, 42.209941892858623 ], [ -1.709662631715237, 42.209899493334028 ], [ -1.70965420399319, 42.209886866516257 ], [ -1.709601405923325, 42.209804100751434 ], [ -1.709521452203783, 42.209751406133464 ], [ -1.709388831318154, 42.209682372540286 ], [ -1.709274786806282, 42.209632135560049 ], [ -1.709182608520123, 42.209548354533624 ], [ -1.709109017110571, 42.209443942490331 ], [ -1.709022660139791, 42.209335478059543 ], [ -1.70894906779651, 42.20926765773126 ], [ -1.708844079323853, 42.209218630012529 ], [ -1.708689576904203, 42.209183688679545 ], [ -1.708563405313035, 42.209132134653913 ], [ -1.708393858146764, 42.209019927603279 ], [ -1.708289735148519, 42.208925851546937 ], [ -1.708126153206163, 42.208779384485688 ], [ -1.708001830712705, 42.208676097947972 ], [ -1.70788888460051, 42.208608368582524 ], [ -1.70781522523008, 42.208582803445836 ], [ -1.707737870086272, 42.208587537312127 ], [ -1.707631860794033, 42.208625167299424 ], [ -1.707568482373585, 42.208652619750431 ], [ -1.707490033856145, 42.20868304907448 ], [ -1.707485308322457, 42.208684882601773 ], [ -1.707401643928562, 42.208701978077237 ], [ -1.707178787282543, 42.208418574649173 ], [ -1.707046072303205, 42.208281419554226 ], [ -1.706823859995074, 42.208075726525415 ], [ -1.706543187656532, 42.207807438761229 ], [ -1.706419981762795, 42.207686159875458 ], [ -1.706415081296101, 42.207677571313461 ], [ -1.706358564539864, 42.207578524076794 ], [ -1.70633680702171, 42.207494931597722 ], [ -1.706356389582533, 42.20738876415767 ], [ -1.706369875598337, 42.207284832614327 ], [ -1.706354378115631, 42.207227204218057 ], [ -1.706129387657046, 42.206861625369676 ], [ -1.70604147576576, 42.206717648031301 ], [ -1.70596423254771, 42.206534988148412 ], [ -1.705973476931245, 42.206415203951593 ], [ -1.705997891965901, 42.20610926339846 ], [ -1.706003962489756, 42.205923599673653 ], [ -1.70600479942849, 42.205623000289044 ], [ -1.705845206444693, 42.204393003992934 ], [ -1.705911521378137, 42.204296937367175 ], [ -1.706155589517084, 42.203837581556364 ], [ -1.706342886192964, 42.20345409545493 ], [ -1.706451945097784, 42.203227945283572 ], [ -1.706475296405353, 42.203197259108819 ], [ -1.706644427658301, 42.202850141450391 ], [ -1.70677029432472, 42.202580834919708 ], [ -1.706696379922631, 42.202492776312681 ], [ -1.706598227476642, 42.202367029304895 ], [ -1.706507525025879, 42.202250831662468 ], [ -1.706226814761464, 42.201907698032784 ], [ -1.706108189188899, 42.201749874013771 ], [ -1.706080711523158, 42.201722563682182 ], [ -1.705789069495935, 42.201361260971709 ], [ -1.705399724750294, 42.200889116058953 ], [ -1.705358896695219, 42.200785778279474 ], [ -1.70533783248651, 42.200732467433404 ], [ -1.705063285097888, 42.19994304076787 ], [ -1.704886317929126, 42.19948906131269 ], [ -1.704696374961049, 42.199041663494789 ], [ -1.704639772642855, 42.198886223375119 ], [ -1.704633183281996, 42.198800617783313 ], [ -1.704726383482223, 42.198314220966601 ], [ -1.704752566556761, 42.198181073773327 ], [ -1.704803220328187, 42.197962725753619 ], [ -1.704841266159485, 42.197768940043147 ], [ -1.704837896851316, 42.197710393692077 ], [ -1.704828962582215, 42.19766694631619 ], [ -1.704687036570166, 42.197462678714302 ], [ -1.704396572162953, 42.197045111683515 ], [ -1.704372263948249, 42.197011068624086 ], [ -1.704085247369652, 42.19660930856061 ], [ -1.703590597332946, 42.195811174855962 ], [ -1.703477143325575, 42.195660732938968 ], [ -1.703383875188402, 42.195556666510718 ], [ -1.703334754818962, 42.195515588135741 ], [ -1.703345884605957, 42.195488137186992 ], [ -1.703399019319044, 42.195255192688307 ], [ -1.703409923007746, 42.195207398830519 ], [ -1.703573714822487, 42.194677369788145 ], [ -1.703714998043913, 42.194282118617664 ], [ -1.703802983349787, 42.194052886500771 ], [ -1.703919118422914, 42.193776167843744 ], [ -1.7040157944612, 42.19349299694472 ], [ -1.704033995456111, 42.193415511186515 ], [ -1.704144690974569, 42.193075098867801 ], [ -1.704307533248762, 42.192551771906182 ], [ -1.704416852765256, 42.192171017853177 ], [ -1.704459114551142, 42.192023814400926 ], [ -1.704193616418994, 42.191718541452417 ], [ -1.70384695583753, 42.191311612607386 ], [ -1.703698851120433, 42.19115065184566 ], [ -1.703223792497882, 42.190914442939324 ], [ -1.702756792450407, 42.190728497295076 ], [ -1.702366966207425, 42.190579442003937 ], [ -1.702125163473797, 42.190522663957125 ], [ -1.701867978123184, 42.190478084839782 ], [ -1.701666014529133, 42.190471870449194 ], [ -1.701501581860434, 42.19044464688244 ], [ -1.701067300967188, 42.190398096102143 ], [ -1.700860796161494, 42.190390703099574 ], [ -1.700731255676648, 42.190396538882503 ], [ -1.700623312971321, 42.190418406947174 ], [ -1.700521887264951, 42.190456100476005 ], [ -1.700309435900179, 42.190554988071042 ], [ -1.700308396391527, 42.190605662827082 ], [ -1.700288450282118, 42.190617775219181 ], [ -1.700206403318326, 42.190668656887958 ], [ -1.700140521277548, 42.190743898661673 ], [ -1.700097516259524, 42.190811510289173 ], [ -1.700040854328258, 42.190918400484669 ], [ -1.699965412944757, 42.191089777878588 ], [ -1.699904071332221, 42.191202203266798 ], [ -1.699824308684545, 42.191363980571545 ], [ -1.699737809004994, 42.191520587573656 ], [ -1.69965830937199, 42.191669434924904 ], [ -1.69958712213275, 42.191780658768565 ], [ -1.69951244878302, 42.191880558353404 ], [ -1.699474961835214, 42.191935263462824 ], [ -1.699455443749895, 42.191965455869763 ], [ -1.699234256339782, 42.192230868454551 ], [ -1.699020179250034, 42.192483437444373 ], [ -1.698852886019628, 42.192667843367083 ], [ -1.698781586346604, 42.192748115836217 ], [ -1.698740309966401, 42.192803939496223 ], [ -1.698766645773964, 42.192847548761563 ], [ -1.698828095964745, 42.192879786255126 ], [ -1.698888335325107, 42.192893415919798 ], [ -1.69903485696952, 42.192911384418331 ], [ -1.699014428581716, 42.192983215277614 ], [ -1.698968177975934, 42.192986620944822 ], [ -1.698839382395353, 42.192991891134028 ], [ -1.698649634973324, 42.193018489644629 ], [ -1.698535639773003, 42.193040251026694 ], [ -1.698466448067343, 42.19305411347969 ], [ -1.698347669994176, 42.193088802740519 ], [ -1.698181363255212, 42.193113919295939 ], [ -1.698001458899117, 42.193139465756673 ], [ -1.697824466292588, 42.193170656712098 ], [ -1.697709019091877, 42.193187902223237 ], [ -1.697597841927273, 42.19318327968314 ], [ -1.697478237718121, 42.193183618281253 ], [ -1.697331367744055, 42.193148694298515 ], [ -1.697202415400752, 42.193087045311167 ], [ -1.696936854913907, 42.193008016024727 ], [ -1.696781273223983, 42.192953331981926 ], [ -1.696638557244269, 42.192899951213235 ], [ -1.696491667606087, 42.192830149688291 ], [ -1.696317438417208, 42.192760604621775 ], [ -1.696154162419393, 42.192713172271695 ], [ -1.695961600896549, 42.192654671432436 ], [ -1.695825907872236, 42.192626694739985 ], [ -1.695664359418473, 42.19260630423372 ], [ -1.695556979894344, 42.192600579124168 ], [ -1.695408702077351, 42.192598301909257 ], [ -1.695226909480974, 42.192604680010326 ], [ -1.695103948491501, 42.192620711660553 ], [ -1.695011734774718, 42.192649521469306 ], [ -1.694497736879629, 42.192835601993295 ], [ -1.694139114561433, 42.192973354466787 ], [ -1.69400523390508, 42.193006764028027 ], [ -1.693912593831773, 42.193019762334941 ], [ -1.693719872701595, 42.193005174313583 ], [ -1.693545591810214, 42.192976718526509 ], [ -1.693274720909979, 42.192898214686629 ], [ -1.693030035485102, 42.192834075261814 ], [ -1.692827959041095, 42.192796877324604 ], [ -1.692607591644959, 42.192763963703584 ], [ -1.691300127471318, 42.192370788563494 ], [ -1.691262503086751, 42.192359659987687 ], [ -1.690131928690011, 42.192015758413646 ], [ -1.689811400004305, 42.191923155693154 ], [ -1.689265478119536, 42.192371740626989 ], [ -1.6891057483636, 42.192481945143221 ], [ -1.688928465847935, 42.192598698891963 ], [ -1.688740771229903, 42.192707993335489 ], [ -1.688612575794191, 42.192794876939551 ], [ -1.688486435543295, 42.192909977583412 ], [ -1.688482176854618, 42.192913864566108 ], [ -1.68836192361482, 42.193017179418291 ], [ -1.688245637585818, 42.193151471960256 ], [ -1.688122448634381, 42.193324600005511 ], [ -1.688023896764678, 42.193441109910296 ], [ -1.687960433192304, 42.19350901876728 ], [ -1.687855925423504, 42.1935466837974 ], [ -1.687598766281266, 42.19364671499487 ], [ -1.687324983710897, 42.193744930660543 ], [ -1.686985683077922, 42.193827714783289 ], [ -1.686632140341707, 42.193901355711169 ], [ -1.686313145049169, 42.193954546556199 ], [ -1.685902722659846, 42.19399825933985 ], [ -1.685588964413125, 42.194014339885392 ], [ -1.685271304465262, 42.194003393396734 ], [ -1.684904314067848, 42.193959804216206 ], [ -1.684537420540091, 42.193875656786567 ], [ -1.684130143765948, 42.193767952292056 ], [ -1.683793932938082, 42.193663881696551 ], [ -1.683443620934596, 42.193548434731305 ], [ -1.683044180030512, 42.193390761179145 ], [ -1.68255971205077, 42.193173523891168 ], [ -1.682124540022684, 42.192950136903207 ], [ -1.682008816548673, 42.192873370985687 ], [ -1.681883801069082, 42.192842677981595 ], [ -1.681955670598216, 42.192725583064274 ], [ -1.682212110042293, 42.192307766957484 ], [ -1.680924603728201, 42.191324253108469 ], [ -1.680892632507778, 42.19129682651468 ], [ -1.680876294763769, 42.191280886902511 ], [ -1.680845917151285, 42.191248462209714 ], [ -1.680821583212967, 42.191218930439348 ], [ -1.680813469432084, 42.191208137840796 ], [ -1.680175856730775, 42.190130761153036 ], [ -1.680031144474017, 42.189809909645817 ], [ -1.679913007527897, 42.189487194224199 ], [ -1.679820037502856, 42.189154563488664 ], [ -1.67973588759655, 42.188831626617066 ], [ -1.680532799926239, 42.188473241167166 ], [ -1.681619093088205, 42.187957176719223 ], [ -1.682259186760342, 42.187677486009783 ], [ -1.682455871250127, 42.187574501561663 ], [ -1.683198928515267, 42.187254322255775 ], [ -1.683958826698723, 42.186928134203718 ], [ -1.684706655443903, 42.186597282497154 ], [ -1.685279422555847, 42.186350556837041 ], [ -1.68543922165651, 42.186272450781907 ], [ -1.685753854757879, 42.186138165990513 ], [ -1.686318342678695, 42.185888516813797 ], [ -1.686744461989002, 42.185707094485409 ], [ -1.686982679893239, 42.185605113589475 ], [ -1.687065065205121, 42.185574000189845 ], [ -1.687498143201823, 42.185384738295824 ], [ -1.687963102480008, 42.185190823916891 ], [ -1.688345696788362, 42.18502462694228 ], [ -1.688777200012705, 42.184838773512219 ], [ -1.689278885659003, 42.184624392853543 ], [ -1.689730136135025, 42.184430867580524 ], [ -1.69042430928834, 42.18413256560661 ], [ -1.691045794491674, 42.183868953759351 ], [ -1.69144597488572, 42.183695647568889 ], [ -1.691924593000769, 42.183497333734344 ], [ -1.692371227651881, 42.183310477443882 ], [ -1.692656803855863, 42.183186559626016 ], [ -1.692932752404853, 42.183019130770504 ], [ -1.693372128075906, 42.182777611492014 ], [ -1.693745754238223, 42.182532499428874 ], [ -1.694145352456725, 42.182275861248307 ], [ -1.694291847054893, 42.182180732675548 ], [ -1.694770541874234, 42.181869268008619 ], [ -1.69536272892467, 42.181484820325984 ], [ -1.695694034083117, 42.181270741077526 ], [ -1.696286518422412, 42.180909937582797 ], [ -1.696849273522016, 42.180554403169914 ], [ -1.697123900088863, 42.180375713906066 ], [ -1.697224734559448, 42.180035194659204 ], [ -1.697276223865355, 42.179887747142359 ], [ -1.697339673613794, 42.179708336605067 ], [ -1.697363004183045, 42.179642163180112 ], [ -1.697378729991466, 42.179580146185884 ], [ -1.697431328906522, 42.179372765339529 ], [ -1.697444122432106, 42.179339155562261 ], [ -1.697540969387232, 42.179084135628813 ], [ -1.697548131154778, 42.179066219054448 ], [ -1.697735354283912, 42.17872103420919 ], [ -1.697822955556625, 42.178508146997139 ], [ -1.697848784329304, 42.178467346034928 ], [ -1.697969047051434, 42.178212019621775 ], [ -1.698207672254665, 42.177720545933411 ], [ -1.698409522689295, 42.177288284168846 ], [ -1.698577231343992, 42.176970471247444 ], [ -1.698717293778105, 42.17667312973856 ], [ -1.698911774501436, 42.176415857681221 ], [ -1.699033384366363, 42.176205625645125 ], [ -1.699117722537031, 42.176042202671219 ], [ -1.699149480424547, 42.175968825818188 ], [ -1.699276766618177, 42.175776638672218 ], [ -1.699336071529601, 42.175651225838052 ], [ -1.699525469300817, 42.175310601586752 ], [ -1.699619004835613, 42.175141069138498 ], [ -1.699703064842125, 42.174988949777457 ], [ -1.699852233869423, 42.174652921360739 ], [ -1.699988802785808, 42.174414101116618 ], [ -1.700066990229094, 42.174291703686485 ], [ -1.700078556051666, 42.1742726921632 ], [ -1.700108277129365, 42.17422382381676 ], [ -1.700136688853599, 42.174177107506736 ], [ -1.700264533783463, 42.17399337330118 ], [ -1.700410210732188, 42.173716402052612 ], [ -1.700522422447587, 42.173521237222218 ], [ -1.700565432404975, 42.173380441194219 ], [ -1.700553743152842, 42.173026246813272 ], [ -1.700509912219347, 42.172691960263002 ], [ -1.700438636158333, 42.17229321184324 ], [ -1.700340854659684, 42.171895838193237 ], [ -1.700295928477163, 42.171612761655325 ], [ -1.700232196687719, 42.171363753967697 ], [ -1.700194857164127, 42.17115566220545 ], [ -1.700194819394864, 42.171082478578789 ], [ -1.700193662829742, 42.171027865595484 ], [ -1.700140757802357, 42.170766092694208 ], [ -1.700084700283123, 42.170401820879484 ], [ -1.700064469731982, 42.170205730912905 ], [ -1.700048242287439, 42.169928031889697 ], [ -1.699999657098052, 42.169675894899683 ], [ -1.699983621695459, 42.169611526212833 ], [ -1.699865231606869, 42.169295554844602 ], [ -1.699814461036417, 42.169077705583511 ], [ -1.699814317076165, 42.168789484946906 ], [ -1.69970650297509, 42.168439292729403 ], [ -1.699552998906277, 42.168027196366985 ], [ -1.699498749940631, 42.167906137327293 ], [ -1.699446598326444, 42.167791798126885 ], [ -1.699373002253483, 42.167579351107655 ], [ -1.699223428118985, 42.167384575385327 ], [ -1.699066034792308, 42.167201000921445 ], [ -1.698964308930096, 42.166996622945177 ], [ -1.698895214427165, 42.166859643431906 ], [ -1.698804622719516, 42.166738707686598 ], [ -1.698460230599437, 42.166154460907414 ], [ -1.698105228542941, 42.165425426480667 ], [ -1.697690119047614, 42.164637188184045 ], [ -1.697570569158247, 42.164381389334956 ], [ -1.697498392005213, 42.16417290183319 ], [ -1.697427732325784, 42.163967768299202 ], [ -1.697378389276943, 42.163753271697288 ], [ -1.697362997457824, 42.163694016400981 ], [ -1.697320350024347, 42.16363388419586 ], [ -1.697257087625406, 42.163544225271174 ], [ -1.697097009122317, 42.163344811692596 ], [ -1.696950973882142, 42.163161912626279 ], [ -1.696826301846192, 42.16304453733737 ], [ -1.696715595233754, 42.162944783556007 ], [ -1.696615981375537, 42.16285810658858 ], [ -1.696552797550522, 42.162803329082465 ], [ -1.696500728974763, 42.162723960396569 ], [ -1.696457316418141, 42.162664904414427 ], [ -1.696379037511679, 42.162570039899656 ], [ -1.696262076532325, 42.162444281313107 ], [ -1.696134337153972, 42.162293133264001 ], [ -1.69595799250379, 42.162110977245419 ], [ -1.695799061310978, 42.161928506483278 ], [ -1.695533098345132, 42.161653608347173 ], [ -1.695444257875777, 42.161559158949011 ], [ -1.694976698456101, 42.161009498268207 ], [ -1.694722850269413, 42.160734182173272 ], [ -1.694679976005379, 42.160685299607515 ], [ -1.69462906535639, 42.160622226401998 ], [ -1.694599828422137, 42.160572940608652 ], [ -1.694560241574004, 42.160472854751177 ], [ -1.694484911394336, 42.160273866915844 ], [ -1.694458524373483, 42.160197018584462 ], [ -1.694437049076434, 42.160137090219102 ], [ -1.694406514486988, 42.160076519271236 ], [ -1.69431421368807, 42.159892517176921 ], [ -1.693966998362034, 42.159302614353564 ], [ -1.693873509875897, 42.159067948503463 ], [ -1.693825423717767, 42.159014485163077 ], [ -1.693711790873227, 42.158910732405431 ], [ -1.693472223056748, 42.15871553207657 ], [ -1.693433928904665, 42.158663301366396 ], [ -1.693412243209303, 42.158616316787217 ], [ -1.693412081123116, 42.15858536609867 ], [ -1.693449328175662, 42.1585030460461 ], [ -1.693475576276281, 42.15844200029629 ], [ -1.693415582601729, 42.158415419704433 ], [ -1.693143085308929, 42.15827608180863 ], [ -1.692898649043767, 42.158132011444025 ], [ -1.692851049985579, 42.158093769185605 ], [ -1.692575386214939, 42.157997182229686 ], [ -1.691964357863218, 42.157802763611187 ], [ -1.691772123424989, 42.157731326527049 ], [ -1.691596902063904, 42.157644907754225 ], [ -1.691417231111117, 42.157553344959048 ], [ -1.691232577945476, 42.15748201596913 ], [ -1.691072457563243, 42.157432914681671 ], [ -1.690857198798749, 42.15737923381495 ], [ -1.69024283166967, 42.157236557080196 ], [ -1.689407192974063, 42.157036198091582 ], [ -1.688513422752345, 42.156832344993376 ], [ -1.688151822975856, 42.156758968111596 ], [ -1.687905390126632, 42.156712248128741 ], [ -1.687710383377606, 42.156667222789729 ], [ -1.687514266373915, 42.156604186461614 ], [ -1.687393072248659, 42.156574100659711 ], [ -1.687211140152501, 42.156520223300006 ], [ -1.687069932680888, 42.15647020709649 ], [ -1.686900013219912, 42.15641814638456 ], [ -1.686760074972616, 42.156381113231163 ], [ -1.686601345961051, 42.156339307637317 ], [ -1.686462954063116, 42.156299450375911 ], [ -1.686404850181262, 42.156292052914864 ], [ -1.686229249208502, 42.156260748444161 ], [ -1.686128940919848, 42.156244400771399 ], [ -1.686070396197939, 42.156222335126216 ], [ -1.685921365859492, 42.156186318078703 ], [ -1.685804316637436, 42.156140491143375 ], [ -1.685650534375212, 42.156077932121711 ], [ -1.685484465176438, 42.155985980015927 ], [ -1.68531840385459, 42.155896243280665 ], [ -1.685210041369391, 42.155830832281339 ], [ -1.685128569506755, 42.155783767892515 ], [ -1.685091506156535, 42.155746750937318 ], [ -1.685051738687563, 42.155694482523955 ], [ -1.684931558253685, 42.155579982684841 ], [ -1.684851339858938, 42.155508125837464 ], [ -1.684779276720605, 42.155444828248179 ], [ -1.68470835355829, 42.155398438383251 ], [ -1.684486300046568, 42.155273749372739 ], [ -1.68423991607839, 42.155150996386418 ], [ -1.684101358306201, 42.155085808987032 ], [ -1.684072104936334, 42.155071419264019 ], [ -1.683987681954229, 42.155020888853883 ], [ -1.683873709023089, 42.154972861706185 ], [ -1.683721600405718, 42.154901317619078 ], [ -1.683581495799624, 42.154836647710425 ], [ -1.683499433410163, 42.154780002713387 ], [ -1.683387511141092, 42.15470724422017 ], [ -1.68331158746529, 42.154646134930907 ], [ -1.683222859475035, 42.154583211569062 ], [ -1.683106761541106, 42.154491798994009 ], [ -1.683037751052738, 42.154427409577821 ], [ -1.682991284367678, 42.154370582958435 ], [ -1.682917432249603, 42.154319637252677 ], [ -1.682843637094162, 42.154265892130645 ], [ -1.682697435541464, 42.154167967849055 ], [ -1.682512959817003, 42.154053262087736 ], [ -1.682216903416032, 42.153847225959076 ], [ -1.681990359499077, 42.153681385304886 ], [ -1.681596356922387, 42.15342243120805 ], [ -1.681538178526991, 42.153382918876581 ], [ -1.681534314426563, 42.153385107998581 ], [ -1.681499213553606, 42.153363859746818 ], [ -1.681440859584926, 42.15333281026124 ], [ -1.681391851872174, 42.153288882160581 ], [ -1.681279060072117, 42.153220061722202 ], [ -1.681097520680987, 42.153109922048856 ], [ -1.680867108006195, 42.15294909166245 ], [ -1.68060055215812, 42.152743394183446 ], [ -1.680086275553952, 42.152337259343653 ], [ -1.679949246154725, 42.152234903370072 ], [ -1.679875292305477, 42.152189029514979 ], [ -1.679800056325043, 42.152169034542723 ], [ -1.67964112557858, 42.152101909618764 ], [ -1.67956256385227, 42.152058216059693 ], [ -1.679408608727184, 42.15193319417714 ], [ -1.679283733513901, 42.151825919449919 ], [ -1.679357625516872, 42.151800855746664 ], [ -1.679388421798928, 42.151776480193675 ], [ -1.679657259982288, 42.151652896455936 ], [ -1.680198843403119, 42.151399103843559 ], [ -1.680607483142558, 42.151211283761185 ], [ -1.680795069017716, 42.151137448708496 ], [ -1.681086386027666, 42.151024860873889 ], [ -1.681436636977755, 42.150914642873566 ], [ -1.681639952363841, 42.150849970901319 ], [ -1.682013070451118, 42.150696100651437 ], [ -1.682478826752502, 42.150488125763545 ], [ -1.682840748721826, 42.150326802178689 ], [ -1.683376809824817, 42.150082463183971 ], [ -1.683644795860072, 42.14996341827721 ], [ -1.68376469071301, 42.149909609466192 ], [ -1.683928656935073, 42.149843928035189 ], [ -1.684039945719748, 42.149803579922661 ], [ -1.684136555626478, 42.149777683977327 ], [ -1.684276787896273, 42.149728052620588 ], [ -1.684288928299844, 42.149725945719162 ], [ -1.684362382857162, 42.149721731192571 ], [ -1.684527523861598, 42.149744966994334 ], [ -1.684551654612382, 42.149750336706106 ], [ -1.684576575924247, 42.149751194369877 ], [ -1.684662964648734, 42.149744881819487 ], [ -1.684842785671944, 42.149717652678838 ], [ -1.684916405065893, 42.149705532250607 ], [ -1.685014773352623, 42.14966897888096 ], [ -1.685471510457205, 42.149529538070972 ], [ -1.685702514462802, 42.14944158531857 ], [ -1.686016241582524, 42.149342151112052 ], [ -1.686211146102698, 42.149280787999714 ], [ -1.686367975856436, 42.149231385585061 ], [ -1.686498634928474, 42.149205841515311 ], [ -1.686718728048215, 42.149170640737061 ], [ -1.687020030795821, 42.149122874167027 ], [ -1.687223361878637, 42.149092555557587 ], [ -1.687361505212517, 42.149069384623644 ], [ -1.687421291404136, 42.149069496818029 ], [ -1.687503326530931, 42.149053004845314 ], [ -1.687529224861708, 42.149042588284487 ], [ -1.687641073264922, 42.149010650346682 ], [ -1.687822143370405, 42.148961517841073 ], [ -1.68801118220512, 42.14889108377281 ], [ -1.688190919079796, 42.148831758434874 ], [ -1.688397343968167, 42.148762076419985 ], [ -1.68864414809299, 42.148679354439302 ], [ -1.688959413150792, 42.148577125197932 ], [ -1.689212335064881, 42.148490523589359 ], [ -1.689387631847988, 42.148427787221635 ], [ -1.689556475041984, 42.148346401584924 ], [ -1.68976018622277, 42.14826150526018 ], [ -1.68985163830576, 42.148228210024314 ], [ -1.689971862059112, 42.148194131017327 ], [ -1.690084751639771, 42.148186401322292 ], [ -1.690177622183691, 42.148156494842695 ], [ -1.690284319502185, 42.148117208586605 ], [ -1.690340742113265, 42.148097567191904 ], [ -1.690386021575973, 42.148065437554457 ], [ -1.690476102199811, 42.147952218684068 ], [ -1.690565555838285, 42.147833351101653 ], [ -1.690683155988252, 42.147705195087291 ], [ -1.690726363290906, 42.147662953820429 ], [ -1.690874178500438, 42.147502513896391 ], [ -1.691094418299151, 42.147277051340488 ], [ -1.691152561931838, 42.147207368227583 ], [ -1.691262094056193, 42.147105034883566 ], [ -1.69137761824816, 42.147005611241859 ], [ -1.691479878297484, 42.146924034171263 ], [ -1.691804594608939, 42.146694710305141 ], [ -1.691989772828926, 42.146553842152521 ], [ -1.69210598730618, 42.146492678563646 ], [ -1.692205265003891, 42.146447659921286 ], [ -1.692343481256335, 42.146384477348882 ], [ -1.692534510635788, 42.14628932742702 ], [ -1.692736222987042, 42.146192541812887 ], [ -1.692821673277346, 42.146156924241609 ], [ -1.69298934547618, 42.146095770590648 ], [ -1.693118944074033, 42.146046619620208 ], [ -1.693272380110111, 42.145978575739406 ], [ -1.693343414587489, 42.145870190082157 ], [ -1.693876891515317, 42.14552840704583 ], [ -1.694415736814442, 42.145294176113005 ], [ -1.694822962267211, 42.145096179415283 ], [ -1.695243114684006, 42.144893829687099 ], [ -1.695555991920573, 42.144759460507061 ], [ -1.695985876448784, 42.144490798846135 ], [ -1.696450210563605, 42.144198331842595 ], [ -1.6967893258879, 42.144002354161948 ], [ -1.697129772700389, 42.143741105508639 ], [ -1.697570633148811, 42.143524333753398 ], [ -1.69800610542754, 42.143313700808626 ], [ -1.698277435342561, 42.143137797794658 ], [ -1.698527655661334, 42.14292275323583 ], [ -1.69884658751738, 42.142750798634466 ], [ -1.699055970373415, 42.142535342847232 ], [ -1.699264400813905, 42.142329986236582 ], [ -1.699380122824157, 42.142255858684074 ], [ -1.699525062450487, 42.142159011743047 ], [ -1.699737421440709, 42.141984129865968 ], [ -1.700104324635204, 42.14175916991514 ], [ -1.700557301087296, 42.141464877695903 ], [ -1.700910150197581, 42.141226237617531 ], [ -1.701234421331211, 42.140937787377808 ], [ -1.701490066901977, 42.140716061003076 ], [ -1.701799835881259, 42.140435893703732 ], [ -1.702083984998776, 42.140189757467418 ], [ -1.702334659672429, 42.139987696533026 ], [ -1.70253419758286, 42.139847581435674 ], [ -1.702663526442595, 42.139771888724781 ], [ -1.702866567340828, 42.139717911152964 ], [ -1.703132867101954, 42.139641021454146 ], [ -1.703584319707061, 42.139458659721598 ], [ -1.703889351849339, 42.139298318471752 ], [ -1.704166399245699, 42.139175900688741 ], [ -1.704329896316737, 42.13909670224205 ], [ -1.704446815457453, 42.139111541012859 ], [ -1.704614656208376, 42.139076863900506 ], [ -1.704876755041101, 42.138945862890232 ], [ -1.705039909347679, 42.138808115552884 ], [ -1.705211149352376, 42.138680013931697 ], [ -1.705296324681856, 42.138547585967039 ], [ -1.705394756994906, 42.138467614741032 ], [ -1.705716518223698, 42.138264097836476 ], [ -1.706057029185625, 42.138072075386752 ], [ -1.706390082639483, 42.137871506481851 ], [ -1.706755421357317, 42.137647651125107 ], [ -1.706972714694782, 42.137523444211517 ], [ -1.706947688821397, 42.137452832584628 ], [ -1.707215740530331, 42.137250384786526 ], [ -1.707419463057336, 42.13708889144354 ], [ -1.707663047003095, 42.13690025622526 ], [ -1.707816881818417, 42.136810798399374 ], [ -1.708040421993742, 42.136715362616691 ], [ -1.708203814371469, 42.136601830200433 ], [ -1.708487421595458, 42.136453042481627 ], [ -1.708715127730861, 42.136337969177163 ], [ -1.708845028105863, 42.136272439366628 ], [ -1.709061868962208, 42.136209032452982 ], [ -1.709440198977312, 42.136125495550431 ], [ -1.70970558775221, 42.136053601204246 ], [ -1.709951805971462, 42.135995576400255 ], [ -1.710216387529295, 42.135963104630648 ], [ -1.710468632057672, 42.135942828497107 ], [ -1.710598224780905, 42.135931339567932 ], [ -1.710710653073822, 42.135942767557772 ], [ -1.710831835827761, 42.135935110562322 ], [ -1.710935540962559, 42.135929544634422 ], [ -1.711056846570929, 42.135913440945416 ], [ -1.711181482648693, 42.135885018006903 ], [ -1.711313822172789, 42.135848212015368 ], [ -1.711372543939232, 42.135824123431739 ], [ -1.711515562263895, 42.135781257987702 ], [ -1.711673972480694, 42.135690725063625 ], [ -1.711956420189313, 42.135598190172679 ], [ -1.712213666392169, 42.135519497952252 ], [ -1.712547183111659, 42.135443287636313 ], [ -1.712802956455813, 42.135397760088573 ], [ -1.713019688254868, 42.135339396932068 ], [ -1.713238916109201, 42.135270385383528 ], [ -1.713392581103677, 42.135225372839578 ], [ -1.713516029300171, 42.135216063251725 ], [ -1.713661924228496, 42.135182782980863 ], [ -1.713759381709809, 42.135150139279595 ], [ -1.713799431774226, 42.135152286878792 ], [ -1.713946982859246, 42.135147173765311 ], [ -1.714136157495034, 42.135105967140376 ], [ -1.714333205641719, 42.135047939253241 ], [ -1.714526920677296, 42.135005067178987 ], [ -1.714790870674928, 42.134927516012525 ], [ -1.715103048267651, 42.134822967864764 ], [ -1.715791302606908, 42.134559377952662 ], [ -1.716278044734077, 42.134388092755856 ], [ -1.716810995720457, 42.134211072021927 ], [ -1.717313237106183, 42.1340180256053 ], [ -1.718138344300453, 42.133715960307356 ], [ -1.718801681877384, 42.133450358120214 ], [ -1.719198102252709, 42.13329157368252 ], [ -1.719699540662524, 42.133064144516759 ], [ -1.719897765692691, 42.13328643723478 ], [ -1.720209201945366, 42.133667624102266 ], [ -1.720520425714135, 42.134059489125882 ], [ -1.720592587023398, 42.13415541317908 ], [ -1.72089159456706, 42.134553890204344 ], [ -1.721202071034457, 42.134946330414515 ], [ -1.721319991370897, 42.135100737143752 ], [ -1.721371584775229, 42.135167197235852 ], [ -1.721492880040532, 42.13537793481688 ], [ -1.721740145518837, 42.135717855353803 ], [ -1.7221595027368, 42.136224615230581 ], [ -1.722176134774873, 42.13626251855819 ], [ -1.722255105713456, 42.136433940023423 ], [ -1.72256172786454, 42.136905699998692 ], [ -1.722575533027646, 42.136934002674131 ], [ -1.722771717073656, 42.137332450968046 ], [ -1.723134720734222, 42.137973112936145 ], [ -1.723230906120634, 42.138114342797515 ], [ -1.723606520482451, 42.138656076016566 ], [ -1.723747653144734, 42.138933447318877 ], [ -1.723845873023139, 42.139126498566128 ], [ -1.723887655701735, 42.139193397741408 ], [ -1.723905821845428, 42.139229052804062 ], [ -1.723963247288546, 42.139343385197535 ], [ -1.724040803577243, 42.139548557557148 ], [ -1.724095962422916, 42.139649540866444 ], [ -1.724138569468634, 42.13972754477853 ], [ -1.724227802589847, 42.139916523089177 ], [ -1.724389789328855, 42.140209936786803 ], [ -1.7245547117953, 42.140433547754704 ], [ -1.724653722972033, 42.140627138438326 ], [ -1.724695036770606, 42.140677694812517 ], [ -1.724734165223148, 42.140725957311311 ], [ -1.724840450182916, 42.140856049278803 ], [ -1.725006256436221, 42.141035773993686 ], [ -1.725055838352271, 42.141089223060938 ], [ -1.725096716092578, 42.1411287328174 ], [ -1.725236132521849, 42.1412635020789 ], [ -1.725449266225995, 42.141421764254147 ], [ -1.725657090722108, 42.141543410814435 ], [ -1.725877828675046, 42.141700635386442 ], [ -1.726060000201776, 42.141818654093676 ], [ -1.726247258161611, 42.141947379740088 ], [ -1.726438082500088, 42.142086281170485 ], [ -1.726655798043185, 42.142243487798886 ], [ -1.726871713714714, 42.142414175259105 ], [ -1.727081479234588, 42.142589882582563 ], [ -1.727229609445843, 42.142744618311887 ], [ -1.72729309052933, 42.142817228231266 ], [ -1.727382687798814, 42.14291969974623 ], [ -1.727584306551296, 42.143086313153638 ], [ -1.72774893683121, 42.143174829278713 ], [ -1.727813268325037, 42.143209851886311 ], [ -1.727816271365952, 42.143211028978136 ], [ -1.728064348005229, 42.143325224486745 ], [ -1.728307133479675, 42.14343935990442 ], [ -1.728355852362366, 42.143461848104536 ], [ -1.728443384943379, 42.143504409962723 ], [ -1.728681665725873, 42.143620268881797 ], [ -1.728925707366444, 42.143748489123915 ], [ -1.729211737610231, 42.143816954811555 ], [ -1.729847239157468, 42.143999072680955 ], [ -1.730269942810683, 42.144267735013408 ], [ -1.730296077088838, 42.144284366047827 ], [ -1.730603052298137, 42.144440838268871 ], [ -1.731024925525735, 42.144716846703332 ], [ -1.731172302130745, 42.144835566638271 ], [ -1.731321667223887, 42.144968912852654 ], [ -1.731803507679992, 42.145270317148146 ], [ -1.731895995338349, 42.145335526840718 ], [ -1.732180908188748, 42.145537344916583 ], [ -1.732468344642358, 42.145724618110222 ], [ -1.732605128215862, 42.145959160656162 ], [ -1.732822805802642, 42.146080313157611 ], [ -1.733040523467122, 42.146199254662491 ], [ -1.733259143281165, 42.146350257930862 ], [ -1.733417307406653, 42.146475525422652 ], [ -1.733507091059447, 42.146546630045584 ], [ -1.733726385684625, 42.14674100478922 ], [ -1.73385941886731, 42.146858438053783 ], [ -1.734177486413819, 42.147143374266051 ], [ -1.734194569966784, 42.147159355162799 ], [ -1.734396606317313, 42.147343929456873 ], [ -1.734494896669769, 42.147421593610801 ], [ -1.734621378925342, 42.147489946411675 ], [ -1.734735991469409, 42.147546932007423 ], [ -1.734989443167361, 42.147694426348764 ], [ -1.735334744390147, 42.147941370629205 ], [ -1.735562757261605, 42.148113908726309 ], [ -1.73559877370494, 42.148130057564281 ], [ -1.735849201059903, 42.148240299396825 ], [ -1.736314956127849, 42.148440759440007 ], [ -1.736881743502823, 42.148733545883594 ], [ -1.737200705151682, 42.148897449946141 ], [ -1.737367279158683, 42.149004013086191 ], [ -1.737561017889858, 42.14915079045727 ], [ -1.737800112331156, 42.149262618095094 ], [ -1.738068484387995, 42.149383210624933 ], [ -1.738070742546386, 42.149384379254244 ], [ -1.738291931773957, 42.149481932194064 ], [ -1.738315967277337, 42.149492324027996 ], [ -1.738567969319357, 42.149600933608362 ], [ -1.738901942861708, 42.149693543628921 ], [ -1.739345869000167, 42.149813799656584 ], [ -1.739761856259165, 42.149930387728979 ], [ -1.73982277864554, 42.149947952633298 ], [ -1.740120644534745, 42.150033966184388 ], [ -1.740230256755102, 42.150076265285641 ], [ -1.740312796528326, 42.150108716822267 ], [ -1.740605118244633, 42.150167077709305 ], [ -1.740630010133301, 42.150171849578349 ], [ -1.741081846345635, 42.150235910419902 ], [ -1.741536103487844, 42.150292669487932 ], [ -1.74198146097671, 42.150338670311513 ], [ -1.742006392693313, 42.150341195269142 ], [ -1.742387170213393, 42.150363925754526 ], [ -1.742549065979083, 42.150364575581989 ], [ -1.742743428445709, 42.150365567498596 ], [ -1.742835901606242, 42.150357044253859 ], [ -1.74309807292562, 42.150333467596241 ], [ -1.74345952246543, 42.150303084768197 ], [ -1.74362776568249, 42.150286376478931 ], [ -1.74395533877229, 42.150284322967195 ], [ -1.744125622502008, 42.150282238960834 ], [ -1.744202033333126, 42.150281378676837 ], [ -1.744245892196218, 42.150281858786542 ], [ -1.744328330944692, 42.150282190179368 ], [ -1.744500783328312, 42.150282993328943 ], [ -1.744826043263239, 42.150282606082591 ], [ -1.745308815566406, 42.150274389683794 ], [ -1.745693373518389, 42.15026114820575 ], [ -1.745953057775776, 42.150250430217277 ], [ -1.74631639061072, 42.150275267051761 ], [ -1.746451746215932, 42.150276747099696 ], [ -1.74651301024509, 42.150277416532028 ], [ -1.746742420672175, 42.150268081641286 ], [ -1.747032580041262, 42.150245397053034 ], [ -1.747167543138243, 42.150229404418532 ], [ -1.747564883555082, 42.150256801703961 ], [ -1.747933660378976, 42.150314888852613 ], [ -1.748348374956047, 42.150381316849696 ], [ -1.748691205883036, 42.150450389748698 ], [ -1.748779345831616, 42.150468210754802 ], [ -1.749086424107169, 42.150507604308416 ], [ -1.749281689179754, 42.150502985016523 ], [ -1.749469336248827, 42.150499920578987 ], [ -1.74979710442569, 42.150450615818713 ], [ -1.750291597140342, 42.150385659852368 ], [ -1.750403747673308, 42.150375039271303 ], [ -1.750452267895414, 42.150370516197327 ], [ -1.750747040230521, 42.15034277854015 ], [ -1.750754632801891, 42.150342266811492 ], [ -1.750921319324866, 42.15032886676704 ], [ -1.751083444427951, 42.150315453746018 ], [ -1.751175872675204, 42.150309155924596 ], [ -1.751308077253992, 42.150317328083815 ], [ -1.751340546331923, 42.150319951969429 ], [ -1.751489945531425, 42.150338474588189 ], [ -1.751621021136751, 42.150320651170873 ], [ -1.751697026311369, 42.150310315046035 ], [ -1.751882865728023, 42.150283104741852 ], [ -1.752050611641828, 42.150256173736949 ], [ -1.752127988417416, 42.150244087929401 ], [ -1.752423878238212, 42.150199440839579 ], [ -1.752678845152387, 42.150158926798603 ], [ -1.752701624407464, 42.150155211739772 ], [ -1.752969227235945, 42.150162621417095 ], [ -1.753424657426247, 42.150160252786861 ], [ -1.753945699135867, 42.150167059975786 ], [ -1.754488801725381, 42.150168459222719 ], [ -1.755164225819854, 42.150172386089018 ], [ -1.755779793995342, 42.150181922722709 ], [ -1.756355759374586, 42.150166224509739 ], [ -1.75697142173003, 42.150171203125673 ], [ -1.757470084329506, 42.150199115457291 ], [ -1.758038152967335, 42.150201893181254 ], [ -1.758768346114785, 42.150188407235746 ], [ -1.759378107137299, 42.150147734017139 ], [ -1.759580937628875, 42.15014148042706 ], [ -1.759736096271392, 42.150136941026695 ], [ -1.760094308604469, 42.15011718724346 ], [ -1.76050563114102, 42.150086187333869 ], [ -1.761007123958757, 42.150088802891027 ], [ -1.761398057288158, 42.150094115992985 ], [ -1.761837428854731, 42.150063981536356 ], [ -1.762326786962163, 42.150027598516807 ], [ -1.762823914854545, 42.150020036045483 ], [ -1.763309802445598, 42.15000670334657 ], [ -1.763850577131312, 42.149972565766099 ], [ -1.764249644672363, 42.149949867298353 ], [ -1.764375373643855, 42.149941630866962 ], [ -1.764434131614363, 42.149953535015925 ], [ -1.764513031038637, 42.149980260541007 ], [ -1.764554103544417, 42.150009441721558 ], [ -1.764610365636025, 42.150070839598847 ], [ -1.764644228008318, 42.150001965340387 ], [ -1.764713997595366, 42.149876058572325 ], [ -1.764740206473627, 42.149813316161321 ], [ -1.764819588370414, 42.149621646736669 ], [ -1.764871859745341, 42.149501175841365 ], [ -1.764895437313986, 42.14941533112296 ], [ -1.764940857107669, 42.149335877305965 ], [ -1.765000774353692, 42.149212115830601 ], [ -1.76506016502046, 42.149115367315297 ], [ -1.765167463115206, 42.148964003771518 ], [ -1.765300960836187, 42.148790956834311 ], [ -1.765411375673448, 42.148637339016048 ], [ -1.76549611743616, 42.148518932934969 ], [ -1.765588338251331, 42.148406196527063 ], [ -1.765709088279718, 42.148302236451038 ], [ -1.765856290593499, 42.148163695031727 ], [ -1.765979250027248, 42.148024824195424 ], [ -1.766108662917061, 42.147903538838399 ], [ -1.766249765378697, 42.147767718717823 ], [ -1.766453797945735, 42.147581891683991 ], [ -1.766589844161554, 42.147471359379267 ], [ -1.766749283942811, 42.147325036388445 ], [ -1.767005621730872, 42.147133570745048 ], [ -1.767226747964861, 42.146965966395555 ], [ -1.767448879116923, 42.146784867574205 ], [ -1.76756186173275, 42.146692638218489 ], [ -1.767694108825234, 42.14658091997314 ], [ -1.767878201829046, 42.146410646960732 ], [ -1.767939123261367, 42.146349361839412 ], [ -1.767973903589169, 42.146312053316251 ], [ -1.768120365529156, 42.146208327147534 ], [ -1.768230642307181, 42.146140327235379 ], [ -1.768305463002572, 42.146103984395111 ], [ -1.768356111760043, 42.146066216589659 ], [ -1.76838984224892, 42.146044649457679 ], [ -1.768456605219897, 42.145994129769264 ], [ -1.768465848676484, 42.145985210164021 ], [ -1.768532500658643, 42.145902074088646 ], [ -1.768638074448981, 42.145841272406471 ], [ -1.768901000588478, 42.145624030698244 ], [ -1.769006370369139, 42.145532866489262 ], [ -1.769081456858719, 42.145482432142401 ], [ -1.769560577650164, 42.145233686425541 ], [ -1.769957186217019, 42.145024059680111 ], [ -1.770258892242744, 42.144871970983786 ], [ -1.77034295850135, 42.144828940614246 ], [ -1.770442852128103, 42.144787255132279 ], [ -1.770605330705955, 42.14475463497525 ], [ -1.770796835352161, 42.144707699482382 ], [ -1.770901788086264, 42.14467903677653 ], [ -1.770969255520254, 42.14467131175055 ], [ -1.771001836792842, 42.144667716970275 ], [ -1.771051211116786, 42.144657528493241 ], [ -1.771106704634657, 42.144643497741264 ], [ -1.771210158342865, 42.144612549124673 ], [ -1.771356856161857, 42.144575813238916 ], [ -1.771486799975526, 42.144544022296337 ], [ -1.771613258125431, 42.144497531740051 ], [ -1.771622393415655, 42.144494235109114 ], [ -1.771749475721498, 42.144453947371403 ], [ -1.77198617012513, 42.144379921125108 ], [ -1.772066817181893, 42.144354351989421 ], [ -1.772095000362705, 42.144345062014708 ], [ -1.772137629355806, 42.144329767287523 ], [ -1.772214713725961, 42.144296233531882 ], [ -1.772424989566945, 42.144216903556909 ], [ -1.772540874153447, 42.144168601153794 ], [ -1.772799038617882, 42.144078480046147 ], [ -1.772898137265833, 42.144039589350449 ], [ -1.772959050464847, 42.144017148911445 ], [ -1.773043460271516, 42.143994402256808 ], [ -1.773113998359223, 42.143983908769556 ], [ -1.773496989613249, 42.14385234588508 ], [ -1.774008452781995, 42.143687830181477 ], [ -1.774367057302592, 42.143566149279671 ], [ -1.774837196870203, 42.143425941099061 ], [ -1.774952643772119, 42.143400169668396 ], [ -1.774996433310675, 42.143365724604429 ], [ -1.77506531651258, 42.143323132039967 ], [ -1.775117408518126, 42.143289897755153 ], [ -1.775212318149838, 42.143231817572861 ], [ -1.775249064014761, 42.143210257180563 ], [ -1.775296491692831, 42.143182619925682 ], [ -1.775366286262722, 42.143131021667713 ], [ -1.775516333229877, 42.143038627044525 ], [ -1.775678005885246, 42.142931716661103 ], [ -1.775774560635925, 42.142865201213795 ], [ -1.775909109078234, 42.142792346319517 ], [ -1.776015588621383, 42.142722523202295 ], [ -1.776161365977726, 42.142653160646816 ], [ -1.776205616101663, 42.142633382177415 ], [ -1.776246814890471, 42.142615264313754 ], [ -1.77630250583515, 42.142590515722468 ], [ -1.776470770057733, 42.142532627907066 ], [ -1.776568370869902, 42.142491466485083 ], [ -1.776638608461831, 42.142457871127711 ], [ -1.776738565984076, 42.142412771947768 ], [ -1.776801815218096, 42.142387013050197 ], [ -1.776867426368989, 42.142359569015667 ], [ -1.776969572247575, 42.142316758032777 ], [ -1.777100013592368, 42.142261307524365 ], [ -1.777174248573278, 42.142215910347076 ], [ -1.77719722724344, 42.142201548063035 ], [ -1.777206381955731, 42.142197147027055 ], [ -1.777259016106393, 42.142171792589352 ], [ -1.777357148975782, 42.142144118496731 ], [ -1.777456757285651, 42.142117054454566 ], [ -1.777575991611269, 42.142090176938254 ], [ -1.777812339660742, 42.142033031509165 ], [ -1.778164906712886, 42.141948438571632 ], [ -1.778500782200743, 42.141865882358559 ], [ -1.778891531550886, 42.141762547361537 ], [ -1.779161316094782, 42.141696180509314 ], [ -1.779244124445761, 42.1416767715533 ], [ -1.779292766239954, 42.141665469355836 ], [ -1.779447580135681, 42.141638986482469 ], [ -1.779609384286716, 42.141619399985821 ], [ -1.779682581074095, 42.141610538341389 ], [ -1.779922283982065, 42.14157479964063 ], [ -1.779952367309224, 42.141505308626812 ], [ -1.779967476682983, 42.141467192801926 ], [ -1.779978260598447, 42.141453239742056 ], [ -1.780017086059407, 42.141403020461631 ], [ -1.780084229005743, 42.141334490899766 ], [ -1.780091913231082, 42.141326678643644 ], [ -1.780163633248068, 42.141254842881089 ], [ -1.780221535006886, 42.141195221212669 ], [ -1.780312735255443, 42.141092052629702 ], [ -1.780357061333679, 42.141029481114202 ], [ -1.780403706293663, 42.140962413100752 ], [ -1.780443684664226, 42.140890235207635 ], [ -1.780457005011695, 42.140866181549129 ], [ -1.780484488662838, 42.140813558453559 ], [ -1.780512958778254, 42.140747994865407 ], [ -1.780518501912861, 42.140735656700571 ], [ -1.780548574926212, 42.140627929420688 ], [ -1.780555855782159, 42.140602663256367 ], [ -1.780563910170827, 42.140578013234837 ], [ -1.780543366951435, 42.14054568312369 ], [ -1.780463679788725, 42.140475825741326 ], [ -1.780152092294036, 42.140202677098394 ], [ -1.780139482313655, 42.14019073583507 ], [ -1.780045098328561, 42.140103596520539 ], [ -1.779929695670335, 42.140008929535917 ], [ -1.779870969974446, 42.13999535310068 ], [ -1.779772703784616, 42.139991507008446 ], [ -1.779645039959572, 42.139982844099038 ], [ -1.779560674671159, 42.139965050028948 ], [ -1.779521627334772, 42.139951683656214 ], [ -1.779444567880661, 42.139906967417843 ], [ -1.779354844736857, 42.139814820118282 ], [ -1.779251280504033, 42.139733206867682 ], [ -1.779196990389666, 42.139685354505495 ], [ -1.77919037320992, 42.139637439339886 ], [ -1.779213339492202, 42.13958251600743 ], [ -1.779211091194341, 42.139580812418998 ], [ -1.779173004282477, 42.139556207353579 ], [ -1.779077189555318, 42.139466246569476 ], [ -1.779007358515954, 42.13939906434365 ], [ -1.778957920801368, 42.139335494484349 ], [ -1.778899974016478, 42.139243136548721 ], [ -1.778879599521665, 42.139199572646106 ], [ -1.778879006435737, 42.139191708388275 ], [ -1.778874414978125, 42.139116223244059 ], [ -1.778871060849661, 42.139055945698047 ], [ -1.778869246439897, 42.139031726615919 ], [ -1.778865928503077, 42.139005775840914 ], [ -1.778849668832902, 42.138869429304641 ], [ -1.77885195458235, 42.138750666717122 ], [ -1.778839765131691, 42.13863739696113 ], [ -1.778831477573326, 42.138596767148343 ], [ -1.778823785703602, 42.138563488265575 ], [ -1.778809578515125, 42.1384777696341 ], [ -1.77878701334465, 42.138390857864998 ], [ -1.778777908171813, 42.13831532555978 ], [ -1.77877129356911, 42.138265157926433 ], [ -1.778757992346181, 42.138209312726836 ], [ -1.778725715551104, 42.138158282000838 ], [ -1.778672341252416, 42.138062613282962 ], [ -1.778593281994013, 42.137887820532143 ], [ -1.77852871582143, 42.137745272176737 ], [ -1.778488128288269, 42.137613683016227 ], [ -1.778475344311339, 42.137569663979939 ], [ -1.778477043453914, 42.137561216203295 ], [ -1.778482151656436, 42.137530338651537 ], [ -1.778570588445977, 42.137573465491812 ], [ -1.778638455716093, 42.137621498732244 ], [ -1.778707990488565, 42.137665568023891 ], [ -1.778848407843504, 42.137755432013094 ], [ -1.779003942477006, 42.137848276578417 ], [ -1.779023466540927, 42.137856477411361 ], [ -1.779127742938458, 42.137900281251149 ], [ -1.779313883828278, 42.13797375444787 ], [ -1.779407887059661, 42.13800061695639 ], [ -1.779495219791146, 42.138021278773941 ], [ -1.779569492519682, 42.13801471171557 ], [ -1.779639861654161, 42.138012677355533 ], [ -1.7796936599528, 42.138006495837637 ], [ -1.779764263170309, 42.137992584656985 ], [ -1.779901333453475, 42.13796804328129 ], [ -1.779986628668361, 42.137952770662288 ], [ -1.780135467434085, 42.137922261433097 ], [ -1.780330329302057, 42.137895041351115 ], [ -1.780464762623492, 42.13786607621924 ], [ -1.780599986437914, 42.137834312986158 ], [ -1.780745311407614, 42.13778799478235 ], [ -1.780863225700165, 42.137754367610029 ], [ -1.780953763885923, 42.137724380646816 ], [ -1.781039176017529, 42.137687588966791 ], [ -1.781141710719957, 42.137626171441418 ], [ -1.781292124172185, 42.137552348396845 ], [ -1.781456811009878, 42.137483197894525 ], [ -1.781596526756488, 42.137455394405656 ], [ -1.781684415988493, 42.137446773062599 ], [ -1.781754802242715, 42.137444125160179 ], [ -1.781849936327881, 42.137450765150746 ], [ -1.782025720326264, 42.137475152531152 ], [ -1.782199083696902, 42.13750399455369 ], [ -1.78244684240058, 42.137558992880024 ], [ -1.782782630029088, 42.137639673853641 ], [ -1.783581367805537, 42.13783051224118 ], [ -1.783885944511496, 42.137921009089062 ], [ -1.784024327209311, 42.137962428519522 ], [ -1.784167938924674, 42.138005041589423 ], [ -1.784293647336945, 42.138035667482924 ], [ -1.785394399371497, 42.138296099002019 ], [ -1.785477130845837, 42.138318941102561 ], [ -1.785560655504327, 42.138341755515029 ], [ -1.785714113320232, 42.138385620076008 ], [ -1.786394625950815, 42.138590957408525 ], [ -1.787398903357356, 42.138913409022173 ], [ -1.788424659241154, 42.139258639322776 ], [ -1.788853685993379, 42.139396288011135 ], [ -1.789095929197869, 42.139474008561628 ], [ -1.789410317651102, 42.139565124781285 ], [ -1.789565933970322, 42.139615716621215 ], [ -1.789756531127359, 42.139653771331304 ], [ -1.790004219794647, 42.139713233214117 ], [ -1.79024101620832, 42.139751179967952 ], [ -1.790268176211055, 42.139753754855285 ], [ -1.79028856120965, 42.139755613449289 ], [ -1.790334568169496, 42.139754072162624 ], [ -1.790377839754081, 42.139752623600366 ], [ -1.790467177808885, 42.139749049804131 ], [ -1.790537686517739, 42.139739702566935 ], [ -1.790738674632879, 42.139711426131527 ], [ -1.790973534296288, 42.1396897035061 ], [ -1.791053027303476, 42.139684899718475 ], [ -1.791189691257189, 42.139697589499065 ], [ -1.791918855089353, 42.139812219379493 ], [ -1.792069638545809, 42.139838042899427 ], [ -1.792140218496236, 42.139864094469509 ], [ -1.79228794714838, 42.139891548092777 ], [ -1.792654407337686, 42.139950538840928 ], [ -1.793094012154392, 42.140018228837206 ], [ -1.793400347347157, 42.140059189100413 ], [ -1.793555705093895, 42.140081628299953 ], [ -1.79381808177462, 42.140124930609431 ], [ -1.794189244156513, 42.140173878902026 ], [ -1.794731503629658, 42.140254426219379 ], [ -1.794926796357879, 42.140285772396297 ], [ -1.795152887228882, 42.140329207452893 ], [ -1.795360738444041, 42.140375323533036 ], [ -1.79553633820322, 42.140409815811637 ], [ -1.795787930927119, 42.140462556023429 ], [ -1.79588888596637, 42.140483866217131 ], [ -1.796065936660715, 42.140520624475528 ], [ -1.796553298298077, 42.140623683572855 ], [ -1.796597006733173, 42.140632036041858 ], [ -1.796890206110649, 42.140686313535575 ], [ -1.797418293784337, 42.14079599234843 ], [ -1.797819937930324, 42.140873946820925 ], [ -1.797970577844036, 42.140907619934254 ], [ -1.798045616033644, 42.140939356097469 ], [ -1.798346827851336, 42.141088854882739 ], [ -1.798643034702796, 42.141222548544107 ], [ -1.799015721218737, 42.141393080587982 ], [ -1.799034206136902, 42.141453512361551 ], [ -1.799137777941529, 42.141677157950454 ], [ -1.799408223000859, 42.142261104678205 ], [ -1.799657669100396, 42.142799715141585 ], [ -1.799685292382454, 42.142859085111276 ], [ -1.799688531634841, 42.143007725598927 ], [ -1.799711068885432, 42.143227819972125 ], [ -1.799842408945036, 42.144510545240678 ], [ -1.799875712652228, 42.144667934542362 ], [ -1.799937606655222, 42.144794669364877 ], [ -1.80003347349422, 42.144965105636459 ], [ -1.800126252865875, 42.145099503489853 ], [ -1.800239962556354, 42.145204831870437 ], [ -1.800357943101433, 42.145292615613741 ], [ -1.800402589592406, 42.145325833662646 ], [ -1.800634226316306, 42.145470324486951 ], [ -1.800652257838351, 42.145481572659634 ], [ -1.80093951642295, 42.145649494078619 ], [ -1.801089083622046, 42.145740571159685 ], [ -1.801119023612202, 42.145758883016519 ], [ -1.801267629410767, 42.145898312415305 ], [ -1.801350631425762, 42.146030931040222 ], [ -1.801369693165427, 42.146060972372993 ], [ -1.80142620221374, 42.146234351054048 ], [ -1.801723836530792, 42.146414789498202 ], [ -1.801954773868651, 42.146562400908167 ], [ -1.801973442899031, 42.146573885189007 ], [ -1.802267159702734, 42.146723290847433 ], [ -1.802614567340828, 42.146911550679853 ], [ -1.802723907192187, 42.146967287663607 ], [ -1.802902252721213, 42.147057500909526 ], [ -1.803236723123002, 42.147209067540537 ], [ -1.803618724328329, 42.147369536211848 ], [ -1.804054311401981, 42.14753506626959 ], [ -1.804248974226909, 42.147601247768357 ], [ -1.804525128860725, 42.147720073041519 ], [ -1.804542121109291, 42.147727450599106 ], [ -1.804544293947903, 42.1477283918776 ], [ -1.804705925744331, 42.147798537876213 ], [ -1.806166828297836, 42.148345668277251 ], [ -1.806715878013969, 42.148391335018694 ], [ -1.806770202173937, 42.148439191816522 ], [ -1.80684092167261, 42.148500719459314 ], [ -1.807205100054317, 42.148563036294796 ], [ -1.80777100319066, 42.148638161500699 ], [ -1.807888854033567, 42.148605595711103 ], [ -1.807920095245766, 42.148601241610265 ], [ -1.808042829666535, 42.14858414058159 ], [ -1.808053766967844, 42.148635801414557 ], [ -1.80805393914837, 42.148636622771022 ], [ -1.808069296152334, 42.148663783026358 ], [ -1.808081008573645, 42.148684195767089 ], [ -1.808086873770691, 42.148693794309402 ], [ -1.808175666082319, 42.148759476148278 ], [ -1.808312000288457, 42.148830132387005 ], [ -1.808491603991082, 42.148893326802103 ], [ -1.808551738074286, 42.148914206379047 ], [ -1.808701398742267, 42.148985217609372 ], [ -1.809246758342466, 42.149243965597257 ], [ -1.809362961556773, 42.14929920009893 ], [ -1.809570154831501, 42.149424651072337 ], [ -1.809644906334743, 42.149469881513141 ], [ -1.809674078662979, 42.149487079905697 ], [ -1.809965154772621, 42.149657283381273 ], [ -1.810265945668863, 42.14983262135295 ], [ -1.810491804388139, 42.149970070506207 ], [ -1.810533706122297, 42.149995849417415 ], [ -1.810644273316242, 42.150069041155412 ], [ -1.810763147231521, 42.15018566590652 ], [ -1.810785387903841, 42.150207826643829 ], [ -1.810853690869139, 42.150237251052125 ], [ -1.810982735735717, 42.150292635936033 ], [ -1.811120751057332, 42.150356002200262 ], [ -1.811802786827499, 42.150530808591078 ], [ -1.812047577841597, 42.150589638108684 ], [ -1.812281770857065, 42.150644962030384 ], [ -1.812486580748643, 42.150694379441155 ], [ -1.812776260409163, 42.150738470436792 ], [ -1.812825991651, 42.150748522695153 ], [ -1.812994812284324, 42.150781828362646 ], [ -1.813354864240506, 42.150904284267916 ], [ -1.813437527430869, 42.150932198531379 ], [ -1.813472840835234, 42.150944370953091 ], [ -1.814112613229425, 42.151158654725378 ], [ -1.814713207615489, 42.151360196108868 ], [ -1.814751590172712, 42.151372989756155 ], [ -1.814895880468369, 42.151421791087394 ], [ -1.815769997249541, 42.151724091432854 ], [ -1.815796294197009, 42.151733364621364 ], [ -1.816336731172176, 42.151918487678245 ], [ -1.816446476867112, 42.151956213206432 ], [ -1.816699039775221, 42.152042708087201 ], [ -1.816871142746928, 42.152102434678987 ], [ -1.817416827401709, 42.152290448236549 ], [ -1.817513032764744, 42.152323512033298 ], [ -1.8175515937425, 42.152336860466512 ], [ -1.818431551183912, 42.152641452297466 ], [ -1.818709623983189, 42.152737184709665 ], [ -1.819309464651259, 42.152943746772863 ], [ -1.819940868985308, 42.153159114258507 ], [ -1.819984474781345, 42.153173621534634 ], [ -1.820279175740734, 42.153274020696756 ], [ -1.820503877167019, 42.153352880602554 ], [ -1.820812009640276, 42.153461314059733 ], [ -1.820847321424155, 42.15347405158802 ], [ -1.8210389723612, 42.153541335449951 ], [ -1.821499003422274, 42.153700854201688 ], [ -1.821635677876235, 42.153754603304534 ], [ -1.821725497175749, 42.153723451078427 ], [ -1.821976058805255, 42.153635387401692 ], [ -1.822471249758432, 42.153447413748907 ], [ -1.822703884449129, 42.153344560851956 ], [ -1.822904483244118, 42.15325598238087 ], [ -1.823027113985918, 42.153208823982474 ], [ -1.823224445166433, 42.153133180400587 ], [ -1.82332174710943, 42.153109961613097 ], [ -1.823407597424143, 42.153089444242937 ], [ -1.82366803341182, 42.153038092970654 ], [ -1.823709047730961, 42.153029511795424 ], [ -1.823887452511797, 42.15299308878685 ], [ -1.823926217797478, 42.152985038359724 ], [ -1.824085849570913, 42.152942744151545 ], [ -1.824186183939275, 42.152916196386393 ], [ -1.824355510361117, 42.15288305153264 ], [ -1.82445294018614, 42.152850263968169 ], [ -1.82465692197772, 42.152782003626761 ], [ -1.824807305209555, 42.152708662825795 ], [ -1.825024118202248, 42.152603369940117 ], [ -1.825080674316324, 42.152571873477982 ], [ -1.825329824136786, 42.152433732216508 ], [ -1.825355067803698, 42.152419877925666 ], [ -1.825597811078766, 42.152300799723022 ], [ -1.825861140854844, 42.152174605131513 ], [ -1.826237593551607, 42.151984273099856 ], [ -1.826313394233137, 42.151936059212019 ], [ -1.826348773873398, 42.151904918257159 ], [ -1.826390223493469, 42.15186983521582 ], [ -1.826447202273707, 42.151818074760136 ], [ -1.826547102152228, 42.151691921392349 ], [ -1.82667759660768, 42.15154916713778 ], [ -1.826872506506097, 42.151397479821334 ], [ -1.827294243612745, 42.151051660724512 ], [ -1.827490649934584, 42.150861752547051 ], [ -1.827693937836523, 42.150666807808932 ], [ -1.827836933213832, 42.150542178914954 ], [ -1.827975358976558, 42.150460853789525 ], [ -1.828085762274109, 42.150380382426192 ], [ -1.828229004572519, 42.15032555301854 ], [ -1.828448572225223, 42.150231516105997 ], [ -1.828627081346748, 42.150151185828378 ], [ -1.828711547700133, 42.150125007923343 ], [ -1.828848530131689, 42.15011910327064 ], [ -1.828885632106955, 42.150117770845483 ], [ -1.828896258439506, 42.150116789568507 ], [ -1.82905989508562, 42.150103798657753 ], [ -1.829078180359137, 42.150096109335607 ], [ -1.829278706588099, 42.150010360351082 ], [ -1.829371692029734, 42.149970768539994 ], [ -1.82946674655784, 42.14990531923096 ], [ -1.829586701418936, 42.14983901521834 ], [ -1.829814479797643, 42.149710736655834 ], [ -1.830012785954125, 42.149623837951346 ], [ -1.830226903209648, 42.149537635995948 ], [ -1.830321881053786, 42.149473310067606 ], [ -1.830527853422399, 42.149339179738483 ], [ -1.830715543013858, 42.149209950315431 ], [ -1.830862927713744, 42.149134356296699 ], [ -1.831028076033279, 42.149039187000241 ], [ -1.831320018921505, 42.148917792440734 ], [ -1.831606030010887, 42.148790099895741 ], [ -1.831882674402969, 42.148678099203714 ], [ -1.831990132688931, 42.148635851676488 ], [ -1.832027487715634, 42.148621033958321 ], [ -1.832060995449059, 42.148607853121717 ], [ -1.832167485261905, 42.148534663621632 ], [ -1.832308897203642, 42.148414516079235 ], [ -1.832485440197051, 42.148233379857444 ], [ -1.832762252913608, 42.147947982398655 ], [ -1.83288345296811, 42.147813574234647 ], [ -1.832922063646178, 42.147770619975098 ], [ -1.833153073717204, 42.147549496073204 ], [ -1.833379157246201, 42.147348036268745 ], [ -1.833523520747792, 42.147188541897783 ], [ -1.833617394522399, 42.147062816294742 ], [ -1.833726270628329, 42.146900137389899 ], [ -1.83388606687802, 42.146682785693137 ], [ -1.834041364916451, 42.146464835062652 ], [ -1.834138102788871, 42.146344824667395 ], [ -1.834151257680474, 42.146325118489628 ], [ -1.834239237716465, 42.146193315384153 ], [ -1.834325402517574, 42.146074283536812 ], [ -1.834473090262963, 42.145857379845481 ], [ -1.83463548934701, 42.145622604790717 ], [ -1.834770037194979, 42.145462437181848 ], [ -1.834774701710512, 42.145456873665687 ], [ -1.835033937284628, 42.145220280605621 ], [ -1.83541236134441, 42.144877364103841 ], [ -1.835591081223991, 42.144740708911435 ], [ -1.835810489450667, 42.144572940861991 ], [ -1.836010142286071, 42.144411731137716 ], [ -1.836071512311239, 42.144362832915853 ], [ -1.836154357112698, 42.144259553920634 ], [ -1.836305398113381, 42.144067453495317 ], [ -1.836388498942547, 42.143947244265703 ], [ -1.836481733385275, 42.143812566532198 ], [ -1.836708597195712, 42.143526651757405 ], [ -1.836764799900652, 42.143449048262575 ], [ -1.836831212823985, 42.143357354404714 ], [ -1.837062617155885, 42.143113117246607 ], [ -1.837117962040142, 42.143060388255428 ], [ -1.837281214972744, 42.142904858589901 ], [ -1.837509538779186, 42.142663448768502 ], [ -1.837724052568519, 42.142472543443517 ], [ -1.837926217759885, 42.142295013903009 ], [ -1.838015628273978, 42.142203624333973 ], [ -1.838050966763728, 42.142174118414424 ], [ -1.838091819724494, 42.142132905263296 ], [ -1.838101086055666, 42.142078953470651 ], [ -1.83810513996745, 42.141982199791492 ], [ -1.838105547052707, 42.141973503870979 ], [ -1.838108489907671, 42.141910576342617 ], [ -1.838111410357227, 42.141848278123916 ], [ -1.838101608614173, 42.141720394485795 ], [ -1.838092249993771, 42.141681978081451 ], [ -1.838029183964198, 42.141423014676882 ], [ -1.838012090041866, 42.141322669447383 ], [ -1.838005993697972, 42.141284866979504 ], [ -1.83805568713297, 42.141167291059098 ], [ -1.838092933010889, 42.1410791682991 ], [ -1.838075605592443, 42.141034543324537 ], [ -1.838044450643921, 42.141009082310902 ], [ -1.838030947776123, 42.140998047977313 ], [ -1.838006636028104, 42.140960083528356 ], [ -1.837993998292873, 42.14074099628661 ], [ -1.837961304715189, 42.140504278781741 ], [ -1.8379178045966, 42.140275860038635 ], [ -1.837840259924347, 42.140009381792915 ], [ -1.837806048839094, 42.139812614120096 ], [ -1.8377861860992, 42.139700934324445 ], [ -1.837769744282137, 42.139607917726956 ], [ -1.837726560417645, 42.13936260543958 ], [ -1.837658992802666, 42.139130569883172 ], [ -1.837562359737587, 42.138747952306865 ], [ -1.837489684002799, 42.138421275713071 ], [ -1.837435168696093, 42.138096504184091 ], [ -1.837402341916008, 42.137824314810217 ], [ -1.837389617024756, 42.137609729640829 ], [ -1.837387361022614, 42.137527534540091 ], [ -1.837383343691313, 42.137416604219624 ], [ -1.837368097652619, 42.137339906389137 ], [ -1.837436516962223, 42.137030430337902 ], [ -1.837514258652846, 42.136750342464026 ], [ -1.837577413892604, 42.136441407368771 ], [ -1.837631264014252, 42.136266877501242 ], [ -1.837724689950636, 42.136080387450541 ], [ -1.83776440436228, 42.136017192047511 ], [ -1.83778392213209, 42.13594195419666 ], [ -1.837812950769921, 42.135761560968795 ], [ -1.837852273229448, 42.135679219644025 ], [ -1.837922981349489, 42.13557747249785 ], [ -1.837978101077182, 42.135498663985615 ], [ -1.837993223342016, 42.135417221284953 ], [ -1.838005231086908, 42.135297452392287 ], [ -1.838025086410133, 42.135203655994225 ], [ -1.838026652110128, 42.135161432462965 ], [ -1.838018574996596, 42.135107308553991 ], [ -1.838004738648575, 42.135077916060602 ], [ -1.837975811796018, 42.135047226923383 ], [ -1.837945991288292, 42.13502213512789 ], [ -1.837894019000452, 42.135010355360897 ], [ -1.837806874213599, 42.135021868827586 ], [ -1.837721920678306, 42.135035634378966 ], [ -1.837680357915197, 42.134991312256737 ], [ -1.837586669266724, 42.134862041746892 ], [ -1.837475525241817, 42.134736489494095 ], [ -1.837337473413205, 42.134634895805924 ], [ -1.837247873872858, 42.134572069661331 ], [ -1.837208475492656, 42.134536793581745 ], [ -1.837191271550718, 42.134442620802275 ], [ -1.837197038711359, 42.134376794807977 ], [ -1.837284103420038, 42.134082746271659 ], [ -1.837361480719004, 42.133822336961636 ], [ -1.837435315915283, 42.133587784715374 ], [ -1.837449486350216, 42.133352650345508 ], [ -1.837441936284032, 42.133226482470135 ], [ -1.837427530255792, 42.133063085250384 ], [ -1.83743927174223, 42.13287692845995 ], [ -1.837466384614373, 42.13263572439147 ], [ -1.837484807298711, 42.132374145625924 ], [ -1.837485655229431, 42.132079223171893 ], [ -1.837485009772761, 42.131784249545888 ], [ -1.837484522736738, 42.131686302310335 ], [ -1.837489351670421, 42.131587854152748 ], [ -1.837507403944749, 42.131470951937423 ], [ -1.837627536339143, 42.131186772083019 ], [ -1.837824783865503, 42.130780681725234 ], [ -1.838005219100497, 42.130467274495722 ], [ -1.838144741068656, 42.130239030252675 ], [ -1.838284234573468, 42.130055852036094 ], [ -1.838421689629805, 42.129859107567022 ], [ -1.838509419659117, 42.12973557138212 ], [ -1.838634595502018, 42.129544903150816 ], [ -1.838717159323461, 42.129455690554067 ], [ -1.838939578388484, 42.129244022818568 ], [ -1.839100094449414, 42.129108861629597 ], [ -1.839334439790422, 42.12894686992221 ], [ -1.839609478090482, 42.128752093980438 ], [ -1.840004782618197, 42.128514060422262 ], [ -1.840129991599784, 42.128433464659579 ], [ -1.840375871486752, 42.128275195319034 ], [ -1.840674568453617, 42.128111623101518 ], [ -1.841100592069788, 42.127887396543869 ], [ -1.841420045489088, 42.127702048603375 ], [ -1.841775498771665, 42.127494001720237 ], [ -1.842097359995093, 42.127258006850482 ], [ -1.842423706129514, 42.127026001064614 ], [ -1.842793525668038, 42.126774200225348 ], [ -1.843137791604683, 42.126515944190487 ], [ -1.843430823498253, 42.126286976922835 ], [ -1.843685381471294, 42.126091411804808 ], [ -1.843773812047345, 42.126011256397263 ], [ -1.84391529073981, 42.12592427734446 ], [ -1.844115765424231, 42.125795172105839 ], [ -1.844373716643387, 42.125622695705083 ], [ -1.844475966668133, 42.125531961466493 ], [ -1.844682519328267, 42.12535732753323 ], [ -1.844885520990673, 42.12521413803232 ], [ -1.845054101135227, 42.125091996089857 ], [ -1.845293625260805, 42.124976197765257 ], [ -1.845645248735382, 42.124766978902457 ], [ -1.845846349021444, 42.124644001165635 ], [ -1.846093958543583, 42.124500151358923 ], [ -1.846258398822311, 42.124398239133356 ], [ -1.846489035170766, 42.124272202429665 ], [ -1.846587054262105, 42.124204002496562 ], [ -1.846746331249371, 42.124094125632688 ], [ -1.846876782442719, 42.123989083404865 ], [ -1.847030658166904, 42.123884793390893 ], [ -1.84710156781693, 42.123852309695494 ], [ -1.847278789728324, 42.123793849168635 ], [ -1.84744421308745, 42.123719521448884 ], [ -1.847538551855428, 42.123687268339268 ], [ -1.847538613385294, 42.123683873587211 ], [ -1.847653361569223, 42.1236112835917 ], [ -1.847753796069335, 42.123535176873155 ], [ -1.847840661410698, 42.123456128341992 ], [ -1.847931689890524, 42.12335795706877 ], [ -1.847998743356352, 42.123286585470339 ], [ -1.848060418862674, 42.123221909146913 ], [ -1.848138411081429, 42.123132095240905 ], [ -1.848264709761213, 42.123007276040092 ], [ -1.84834676834721, 42.12294166127581 ], [ -1.84843246066768, 42.122845132814192 ], [ -1.848545771669194, 42.122766921970729 ], [ -1.848750966436333, 42.122627678782564 ], [ -1.848887203489789, 42.122536745698255 ], [ -1.849120887673209, 42.122408483543246 ], [ -1.849317382043145, 42.122287209663455 ], [ -1.849444638026389, 42.122191097279767 ], [ -1.849482301080101, 42.122117178482299 ], [ -1.849535611534747, 42.122054669935508 ], [ -1.84962330888352, 42.121929462124925 ], [ -1.849739775195606, 42.121802845890834 ], [ -1.849823866336457, 42.121709695681481 ], [ -1.849945619991648, 42.121583663608206 ], [ -1.850032839573164, 42.121486063970195 ], [ -1.850176778590226, 42.121386758623281 ], [ -1.850305529098056, 42.121290111757602 ], [ -1.850669348453661, 42.120990932969185 ], [ -1.850883474407649, 42.120815179201358 ], [ -1.851004917489028, 42.120706055781923 ], [ -1.851199253856581, 42.120539145543098 ], [ -1.851363595088148, 42.120397822364943 ], [ -1.851482012687515, 42.120288672642609 ], [ -1.851574651173367, 42.120224305231687 ], [ -1.851599108829457, 42.12020879803412 ], [ -1.851798021016345, 42.120081879976425 ], [ -1.852119983556908, 42.119880202132435 ], [ -1.852238623884654, 42.119799806436895 ], [ -1.852417701109131, 42.119678870783304 ], [ -1.852625290178752, 42.119529531329803 ], [ -1.852819333394315, 42.119378366472858 ], [ -1.853040300041936, 42.1192015863408 ], [ -1.853378814139041, 42.118919577507661 ], [ -1.853441374702628, 42.118866661183255 ], [ -1.853566905652163, 42.118760490285688 ], [ -1.85358838397607, 42.118742701313558 ], [ -1.853732224327129, 42.118649555256255 ], [ -1.853885799574666, 42.118519374202265 ], [ -1.854080376556907, 42.11833556107549 ], [ -1.854215509005378, 42.11822207677038 ], [ -1.854247447743179, 42.118168331821636 ], [ -1.854284898548149, 42.118105679740083 ], [ -1.854595393337499, 42.117824549249136 ], [ -1.854847594494823, 42.117591194502523 ], [ -1.855005230027041, 42.117444179140733 ], [ -1.85500679659686, 42.117442497087211 ], [ -1.855097401714076, 42.117364052161264 ], [ -1.855219340450987, 42.117267881089518 ], [ -1.855425712335384, 42.117102757902025 ], [ -1.855663348302742, 42.116921087272189 ], [ -1.855667216437029, 42.116918284364864 ], [ -1.855922287811368, 42.116733950101775 ], [ -1.855948356135322, 42.116714508760644 ], [ -1.855955986078877, 42.116708960407081 ], [ -1.856204179643523, 42.116529627473 ], [ -1.856403825809224, 42.116402171843937 ], [ -1.856510957619478, 42.116330050817048 ], [ -1.856868232173706, 42.116179376317795 ], [ -1.857210273052068, 42.116035304592913 ], [ -1.857500552657351, 42.115912658476283 ], [ -1.857843090581578, 42.115782107359578 ], [ -1.85798102737776, 42.115721544974804 ], [ -1.858086238135944, 42.115673657312335 ], [ -1.858112920641105, 42.11566097721343 ], [ -1.858383692199041, 42.115570228650526 ], [ -1.858386982599159, 42.115569207652911 ], [ -1.858563114502342, 42.115514613012543 ], [ -1.858694527145796, 42.115480437270087 ], [ -1.858808433190851, 42.115411776838705 ], [ -1.859071049309955, 42.115270276065459 ], [ -1.85939727621745, 42.115079338330354 ], [ -1.859571165625014, 42.114994926986341 ], [ -1.859647719019316, 42.114942254381283 ], [ -1.859716762248429, 42.114885503782972 ], [ -1.859759162270948, 42.114839204963957 ], [ -1.8597902127346, 42.114796189616762 ], [ -1.859848925454251, 42.114641392713864 ], [ -1.859891491251017, 42.114503367179339 ], [ -1.859892275305493, 42.11450112789742 ], [ -1.860025992333109, 42.11408479276303 ], [ -1.86011682395851, 42.11382731961131 ], [ -1.860144779931716, 42.113743713517167 ], [ -1.860189954167874, 42.113669847667616 ], [ -1.86021484682225, 42.113630142982387 ], [ -1.860287233486299, 42.113514343868886 ], [ -1.860332461764252, 42.113437105634716 ], [ -1.860369897203788, 42.113372182655411 ], [ -1.86040112541088, 42.11327739073775 ], [ -1.860408774174281, 42.113144021161695 ], [ -1.860409241441214, 42.113138869692079 ], [ -1.860421980076629, 42.112998953546366 ], [ -1.860418458560769, 42.112858204926731 ], [ -1.860414040244704, 42.112809171233934 ], [ -1.8604071237663, 42.112730856638755 ], [ -1.860385373441694, 42.112595533381707 ], [ -1.860381059143654, 42.112540358416837 ], [ -1.860377944777811, 42.112504288742429 ], [ -1.860428071559176, 42.112449637396075 ], [ -1.860530571635748, 42.112339761629308 ], [ -1.860633903648489, 42.112227651458831 ], [ -1.860640840643921, 42.112219273329003 ], [ -1.860738155953243, 42.112105401121219 ], [ -1.860828155860738, 42.111976847963049 ], [ -1.861004841116642, 42.111735979318262 ], [ -1.86113923915566, 42.111535218148006 ], [ -1.861179066690217, 42.111463586406806 ], [ -1.861257200804572, 42.111322499920206 ], [ -1.861394371788981, 42.111091401179415 ], [ -1.861487460741004, 42.110917284583998 ], [ -1.861528098591133, 42.110842233851841 ], [ -1.861700366149835, 42.110510144850416 ], [ -1.861850809666703, 42.110215562018723 ], [ -1.861984330063757, 42.109977658062789 ], [ -1.862011544917974, 42.109935175927504 ], [ -1.862151560758935, 42.109716461091338 ], [ -1.862273052635842, 42.10951967739345 ], [ -1.862301821126494, 42.109473081196469 ], [ -1.862447775901831, 42.109234354296461 ], [ -1.862462229153344, 42.109210707414789 ], [ -1.862512430862583, 42.10911042086915 ], [ -1.862553925943254, 42.109028623508586 ], [ -1.862688835508875, 42.10879864539271 ], [ -1.862786767014119, 42.108649864491412 ], [ -1.862927865702702, 42.108453149198752 ], [ -1.863051449848205, 42.108263545379131 ], [ -1.863171645177854, 42.10809419456735 ], [ -1.863250353089765, 42.107962136637312 ], [ -1.863279219478456, 42.107913432771184 ], [ -1.863456489255493, 42.107679906077514 ], [ -1.863458778632695, 42.107679374866755 ], [ -1.863536154752335, 42.107663246348892 ], [ -1.863597073890721, 42.107639095871995 ], [ -1.863686987156819, 42.107600571130334 ], [ -1.86372033561345, 42.107553074253097 ], [ -1.863760266017158, 42.107475781203668 ], [ -1.86375407353418, 42.107398032293439 ], [ -1.863770298128515, 42.107338539626127 ], [ -1.863821975694637, 42.107279957323748 ], [ -1.863874384270461, 42.107266382298135 ], [ -1.863917628989211, 42.10725556160768 ], [ -1.86418134747773, 42.107221577167174 ], [ -1.86421451244413, 42.107219149538757 ], [ -1.864472730151815, 42.107200263103728 ], [ -1.864675453953262, 42.107194412118609 ], [ -1.864798955086793, 42.107178149228318 ], [ -1.864930025906622, 42.107159196150704 ], [ -1.865071962724984, 42.107128507097379 ], [ -1.8652236472079, 42.107101309656329 ], [ -1.865376214891101, 42.10706622220755 ], [ -1.86581254538956, 42.10701483481548 ], [ -1.865943606933151, 42.106996434374565 ], [ -1.866120786950029, 42.106981290517517 ], [ -1.866219530539577, 42.106955797627243 ], [ -1.866464263730402, 42.106880547011428 ], [ -1.866626205954873, 42.106828083656225 ], [ -1.866803917049757, 42.106783155589582 ], [ -1.866900853280501, 42.106772864938819 ], [ -1.86691981446495, 42.106767959116389 ], [ -1.866978280687397, 42.106753338315798 ], [ -1.866991973229868, 42.106749528759686 ], [ -1.867244389130054, 42.106752022830783 ], [ -1.867369025361185, 42.106757788824353 ], [ -1.867381152626813, 42.106755620932788 ], [ -1.867438027431234, 42.106747162522758 ], [ -1.867537419038709, 42.106723944483811 ], [ -1.867675040749245, 42.106679727152354 ], [ -1.867787851257347, 42.106629050464988 ], [ -1.867923074610451, 42.106547086199711 ], [ -1.868025208782824, 42.106459153769904 ], [ -1.868086205661131, 42.106386012690102 ], [ -1.868104522168887, 42.106333848655396 ], [ -1.868083737314669, 42.106271725162117 ], [ -1.868030994529817, 42.10621771179413 ], [ -1.868008563347831, 42.106120124069605 ], [ -1.868011011184756, 42.106068942787488 ], [ -1.868085117978309, 42.105980178988467 ], [ -1.868175969835714, 42.105888743330333 ], [ -1.868250105406569, 42.105801124408266 ], [ -1.868271725791443, 42.105774868088616 ], [ -1.86834723892566, 42.105693422111891 ], [ -1.868538953803004, 42.10562664502676 ], [ -1.868650884075452, 42.105581047367011 ], [ -1.868727322903426, 42.105575583084494 ], [ -1.868849146084453, 42.105566661943001 ], [ -1.869014160304532, 42.105557036125028 ], [ -1.869072596967894, 42.105542967847732 ], [ -1.869152440065254, 42.105473961214614 ], [ -1.869261899636923, 42.105397347852943 ], [ -1.869435458218327, 42.105329247429289 ], [ -1.8695132393055, 42.105290080682749 ], [ -1.869553878872329, 42.105258369046432 ], [ -1.86958493820679, 42.105211419780908 ], [ -1.869592762593304, 42.105155774754053 ], [ -1.869589736274016, 42.105069609376052 ], [ -1.869570692757354, 42.104992872522118 ], [ -1.869514182265861, 42.104897749371212 ], [ -1.869408059287759, 42.104745272319619 ], [ -1.86943564930118, 42.10472305989412 ], [ -1.869453307908212, 42.104708035720705 ], [ -1.869597671065657, 42.104623872791727 ], [ -1.869779632233247, 42.104551373068375 ], [ -1.869892097596463, 42.104517028351161 ], [ -1.869937000977786, 42.104415582982043 ], [ -1.869982927583933, 42.104298395611202 ], [ -1.870047877636915, 42.104259084110566 ], [ -1.870133074287317, 42.104228915227942 ], [ -1.870221703067642, 42.104175799541103 ], [ -1.870571609645744, 42.103965879154472 ], [ -1.870744316634851, 42.103861779067962 ], [ -1.871117472412017, 42.103637788271961 ], [ -1.871357850688352, 42.103493500338928 ], [ -1.871361028706835, 42.103491608749373 ], [ -1.871391439645104, 42.103473521472068 ], [ -1.871688377446716, 42.102884862264133 ], [ -1.871906924642555, 42.102453022431284 ], [ -1.872178802315056, 42.101913658351464 ], [ -1.872180398048915, 42.10191028315419 ], [ -1.872288443066281, 42.101742464763461 ], [ -1.87230718803051, 42.101707750375176 ], [ -1.872315765924803, 42.101693226416614 ], [ -1.872748928911895, 42.101220683270093 ], [ -1.872765885672854, 42.101202851611042 ], [ -1.872882336899587, 42.101072296948324 ], [ -1.873028888258485, 42.100905981870007 ], [ -1.873234588646531, 42.100686795798488 ], [ -1.87336480307774, 42.100547892723753 ], [ -1.873542410022031, 42.100334053781864 ], [ -1.87369935216723, 42.100179701166617 ], [ -1.873877266239748, 42.099993419572918 ], [ -1.874002562422382, 42.099859610096537 ], [ -1.874109171556074, 42.099745749867822 ], [ -1.874292387916546, 42.099559025192079 ], [ -1.874456973184804, 42.099397955722772 ], [ -1.874631251574726, 42.09924598291007 ], [ -1.87478598512951, 42.099129306714225 ], [ -1.874983006445655, 42.098971342915249 ], [ -1.875151691335512, 42.098835674456332 ], [ -1.875346696041356, 42.098707549849316 ], [ -1.875573175929579, 42.098553286258237 ], [ -1.875755764308847, 42.098443632845843 ], [ -1.875964044468653, 42.098331961229498 ], [ -1.876055191589011, 42.098285737456692 ], [ -1.876121939874747, 42.098251888901608 ], [ -1.876360767436758, 42.098166431490583 ], [ -1.876601586905399, 42.098055099869093 ], [ -1.876857853772558, 42.097966416770426 ], [ -1.876950144572795, 42.097921172557534 ], [ -1.877082562775618, 42.097869530206751 ], [ -1.877214255240635, 42.097814525740624 ], [ -1.877348462959326, 42.097748887634502 ], [ -1.877600132348443, 42.09762015174153 ], [ -1.877802441161549, 42.097507310567295 ], [ -1.877983645869522, 42.09738863820823 ], [ -1.878197274558953, 42.097277037317554 ], [ -1.878349997192323, 42.097186193782584 ], [ -1.878489376753928, 42.09708570533035 ], [ -1.878666310164485, 42.096950630118776 ], [ -1.878856939051263, 42.096772381474928 ], [ -1.87901687415959, 42.09666024988303 ], [ -1.879213589322094, 42.096518634832726 ], [ -1.879407604102948, 42.096361794871449 ], [ -1.879562861326016, 42.096214127343771 ], [ -1.879684961237872, 42.096104429917773 ], [ -1.879753208393418, 42.096048803025404 ], [ -1.87979502522883, 42.096034013085145 ], [ -1.879959693995337, 42.095996205251716 ], [ -1.880151069296682, 42.095946297531796 ], [ -1.880180030508742, 42.095930256190627 ], [ -1.880301345915692, 42.095780581209468 ], [ -1.880346920068643, 42.09572417791459 ], [ -1.88050443861867, 42.095535457741128 ], [ -1.880632000840492, 42.095374018019669 ], [ -1.880634309353299, 42.095372365360994 ], [ -1.880759779684344, 42.095242445288541 ], [ -1.880819388635207, 42.095162533452054 ], [ -1.880888982341334, 42.09507257332433 ], [ -1.880934743464426, 42.095005476580695 ], [ -1.880999429577733, 42.09485355082564 ], [ -1.881059281316366, 42.094756763341969 ], [ -1.881141729462879, 42.094668054197932 ], [ -1.881161656382166, 42.094653068315196 ], [ -1.881267374455012, 42.094573051938525 ], [ -1.881325060891722, 42.094515074041105 ], [ -1.881368115755103, 42.094472146269247 ], [ -1.881492497927095, 42.09436191613306 ], [ -1.881635151703014, 42.09424622057405 ], [ -1.881653551746579, 42.094230647819494 ], [ -1.881715700828173, 42.09417776127092 ], [ -1.881854663237415, 42.094097514447149 ], [ -1.881864577561344, 42.094091397583831 ], [ -1.881921136162394, 42.094054820068344 ], [ -1.881943558520835, 42.093985244801956 ], [ -1.881944123378246, 42.093953156203511 ], [ -1.881998727241644, 42.09389849828159 ], [ -1.882084953396927, 42.093850938307575 ], [ -1.882220645219968, 42.093784718971115 ], [ -1.882278576835518, 42.093757723891372 ], [ -1.882402773976873, 42.093699803390557 ], [ -1.882474428612516, 42.093663940932714 ], [ -1.882748013066223, 42.093493226723837 ], [ -1.882837499398805, 42.09343216138781 ], [ -1.882878797262807, 42.093362193296329 ], [ -1.88291502607404, 42.093237029994199 ], [ -1.882940429711513, 42.093166929654323 ], [ -1.883019506630392, 42.093140104023661 ], [ -1.883106723443431, 42.093123504118424 ], [ -1.883162246894353, 42.093103793795088 ], [ -1.883199720834337, 42.093076545984012 ], [ -1.883205879125849, 42.093069873680051 ], [ -1.883269773086402, 42.09300520044193 ], [ -1.883329332760991, 42.09292751945263 ], [ -1.883371144211951, 42.092870547826671 ], [ -1.883468769444503, 42.092819685224384 ], [ -1.883525183889836, 42.092791553454532 ], [ -1.883576257714473, 42.092765599665071 ], [ -1.883763880829724, 42.092669464816261 ], [ -1.88394716240856, 42.092560911810558 ], [ -1.884094822589515, 42.092458781258806 ], [ -1.884250843620999, 42.092353907423821 ], [ -1.884366234094639, 42.092239088007958 ], [ -1.884493029634434, 42.092117623689717 ], [ -1.884705722879286, 42.091927719155287 ], [ -1.884866219770103, 42.091782364815813 ], [ -1.885025724372083, 42.091651094637321 ], [ -1.885165724692329, 42.091511165165002 ], [ -1.885333642786837, 42.091329271455685 ], [ -1.885492107604668, 42.091172665562951 ], [ -1.885689094948224, 42.09097135227637 ], [ -1.885879331384392, 42.090767762935648 ], [ -1.885930771476383, 42.090703182508356 ], [ -1.885978996921069, 42.090642642617468 ], [ -1.88610977784263, 42.090511074909699 ], [ -1.886202957376416, 42.090414036268434 ], [ -1.886292979024467, 42.090322001448477 ], [ -1.886371810347744, 42.09026649127911 ], [ -1.886526755142057, 42.090177342440938 ], [ -1.886638861511486, 42.090114535606979 ], [ -1.886658052654944, 42.090103783603581 ], [ -1.886802920625871, 42.090030339156876 ], [ -1.88689147377344, 42.089937150308174 ], [ -1.886986846054506, 42.089841829984543 ], [ -1.887133776991275, 42.089735188802806 ], [ -1.887244086118026, 42.089652405865124 ], [ -1.887371068425441, 42.089565232682951 ], [ -1.887486318461085, 42.089499969739698 ], [ -1.887631543597911, 42.089448439249161 ], [ -1.887735021297659, 42.08940779337032 ], [ -1.887861935590928, 42.089324031485965 ], [ -1.888027374266504, 42.089198439933597 ], [ -1.888150189006314, 42.089091541207651 ], [ -1.888320257926068, 42.088958653913878 ], [ -1.888432485046045, 42.088851102915918 ], [ -1.88856444812368, 42.08873643521693 ], [ -1.888666624764846, 42.088642841047495 ], [ -1.888812977898697, 42.088483843557469 ], [ -1.888873506343267, 42.088435439635823 ], [ -1.889005005339363, 42.088350041175921 ], [ -1.889125494396776, 42.088288164143208 ], [ -1.889226259833418, 42.088229486945814 ], [ -1.889329735318366, 42.08814658718336 ], [ -1.889456605496082, 42.088065088177693 ], [ -1.889597203810423, 42.087974706518288 ], [ -1.88975703938625, 42.087865913598129 ], [ -1.889898747942544, 42.087802579383123 ], [ -1.890008756698427, 42.087733849758372 ], [ -1.890155613566724, 42.087633936179913 ], [ -1.890340075411696, 42.087498933462427 ], [ -1.890482481377255, 42.087392794453962 ], [ -1.890638273771754, 42.087299716912234 ], [ -1.890787191673528, 42.087209432221144 ], [ -1.890906474925618, 42.087131177993001 ], [ -1.890992882100648, 42.087072382057301 ], [ -1.891101492909288, 42.086952987012864 ], [ -1.891230631880356, 42.086829254622458 ], [ -1.891376881329075, 42.086675877257214 ], [ -1.891468526663773, 42.086577693628435 ], [ -1.891569932976276, 42.086482409694227 ], [ -1.891670423519811, 42.086398388279001 ], [ -1.891769083733227, 42.086328439542697 ], [ -1.89192383402879, 42.086253922173746 ], [ -1.892098422419138, 42.086163293728774 ], [ -1.892170841735314, 42.086128540302653 ], [ -1.892319454520782, 42.086055092537457 ], [ -1.892357790739221, 42.086023404469792 ], [ -1.892363933326073, 42.086017817677792 ], [ -1.892449280163049, 42.085976996089663 ], [ -1.892527856010541, 42.08593555159424 ], [ -1.892596237870092, 42.085870898348553 ], [ -1.892673820628232, 42.08579790390025 ], [ -1.892718897086296, 42.085726310534582 ], [ -1.892734325147367, 42.085707870286768 ], [ -1.892865621296347, 42.085545344829939 ], [ -1.893066821971839, 42.085318734263105 ], [ -1.893166758418938, 42.085176714217567 ], [ -1.893200811563289, 42.085129215312158 ], [ -1.893269680681838, 42.085036439490899 ], [ -1.893349813429336, 42.084905459200641 ], [ -1.893361505294349, 42.084885339171443 ], [ -1.893561627241451, 42.08463228813455 ], [ -1.893571011827617, 42.084613784992705 ], [ -1.893588253145774, 42.084579051590289 ], [ -1.893606684760743, 42.084476233468777 ], [ -1.893616126446419, 42.084192607920961 ], [ -1.893621800712594, 42.084128510320035 ], [ -1.893624589800224, 42.084096443043222 ], [ -1.893638572430411, 42.083990186613001 ], [ -1.893706748788808, 42.083806209911579 ], [ -1.893793123720386, 42.08357515312332 ], [ -1.893857318328377, 42.083403536090735 ], [ -1.893964268087002, 42.08320528862982 ], [ -1.893963928545875, 42.083200822704242 ], [ -1.893950113490507, 42.083019964259606 ], [ -1.89396700011708, 42.082920486029117 ], [ -1.89404777496137, 42.082880169439065 ], [ -1.894170507522924, 42.082819452447744 ], [ -1.894254263864864, 42.082756072127474 ], [ -1.894333598500513, 42.08269604363776 ], [ -1.894470129568701, 42.082579161398492 ], [ -1.894530981225413, 42.082511633422001 ], [ -1.894618845715081, 42.082413946637878 ], [ -1.894755062649871, 42.082272328647775 ], [ -1.894794153827418, 42.082240057993438 ], [ -1.89492067473881, 42.082134889737674 ], [ -1.895060867041425, 42.081981413151972 ], [ -1.895134194347246, 42.081890962191068 ], [ -1.895260174812647, 42.081773944977634 ], [ -1.895427446656277, 42.08162641165287 ], [ -1.895497522080846, 42.081552199149399 ], [ -1.895560468341048, 42.081494831039393 ], [ -1.895670943811314, 42.081440726704486 ], [ -1.895747897568571, 42.08136095576522 ], [ -1.895841176413589, 42.081256623888343 ], [ -1.895897331788811, 42.081199709011067 ], [ -1.896033425852141, 42.0810620024467 ], [ -1.896298865493575, 42.080833220123367 ], [ -1.896321933315017, 42.080810940489144 ], [ -1.896529399734941, 42.080612550387229 ], [ -1.896816701774851, 42.080339486517964 ], [ -1.897037957531832, 42.080131083268505 ], [ -1.897228476284042, 42.079907185046387 ], [ -1.897377257112713, 42.079737522584153 ], [ -1.897500557770969, 42.079554627028735 ], [ -1.897546338879832, 42.079484701015097 ], [ -1.897748896022422, 42.079352107050056 ], [ -1.898074090591212, 42.079160474771022 ], [ -1.898326619005862, 42.078975442700866 ], [ -1.898576468004101, 42.078774061200633 ], [ -1.898761616692448, 42.07859686989579 ], [ -1.898946880113825, 42.078370117321896 ], [ -1.899078580534888, 42.078139450655506 ], [ -1.899157919478311, 42.078007373226505 ], [ -1.899290792540032, 42.077883150357863 ], [ -1.899381176079025, 42.077768034135623 ], [ -1.899440463837, 42.077575520549452 ], [ -1.899553809781479, 42.077355399348932 ], [ -1.899644808336735, 42.077118757696802 ], [ -1.899733495959431, 42.076969869926479 ], [ -1.89982386592944, 42.07690258515624 ], [ -1.899942302709874, 42.076824389767744 ], [ -1.90019528736352, 42.076657933500414 ], [ -1.900365429895268, 42.076517724476822 ], [ -1.900420014372724, 42.076376402532894 ], [ -1.900447027953383, 42.076211728531561 ], [ -1.900455622856495, 42.075583056867814 ], [ -1.900469533128394, 42.075216763015703 ], [ -1.900589674261056, 42.075172874139177 ], [ -1.900693447229225, 42.075070282376139 ], [ -1.900771713901699, 42.074956764625043 ], [ -1.900772994219267, 42.074839708390925 ], [ -1.900913619445383, 42.074790940296182 ], [ -1.901217364961082, 42.074615412102787 ], [ -1.901456914441328, 42.074523730366892 ], [ -1.901659253571637, 42.074402380716542 ], [ -1.901791258616816, 42.074324830204631 ], [ -1.901850835569229, 42.074289933240216 ], [ -1.901976424304794, 42.074234287668091 ], [ -1.902033693558953, 42.074201062625953 ], [ -1.902131265309197, 42.074061830792743 ], [ -1.902250242932925, 42.07382432879556 ], [ -1.902326742682072, 42.073680932394673 ], [ -1.902381680495083, 42.073254792339704 ], [ -1.902392158004865, 42.073172683216072 ], [ -1.90236561350972, 42.07296080728279 ], [ -1.902307337890789, 42.0725735356462 ], [ -1.902263409521025, 42.072362029257434 ], [ -1.902247605048678, 42.072138989025447 ], [ -1.902245419808721, 42.071915489151429 ], [ -1.90224626683962, 42.071691464383989 ], [ -1.902291158472421, 42.071497704493211 ], [ -1.902367455525895, 42.0712811517134 ], [ -1.902483367426712, 42.071041332403922 ], [ -1.902558253938399, 42.07094805438112 ], [ -1.903044079955002, 42.07059748775653 ], [ -1.903625022622543, 42.070202840949626 ], [ -1.903888939162481, 42.070012303974103 ], [ -1.90409059685401, 42.069843096965144 ], [ -1.904139675391789, 42.069799110138312 ], [ -1.90426711845111, 42.069681542780245 ], [ -1.904586892811241, 42.069406504620105 ], [ -1.904688356546528, 42.06930504888912 ], [ -1.904758604937239, 42.069173429960884 ], [ -1.904848500444145, 42.068998691274373 ], [ -1.904939866569618, 42.068871205050343 ], [ -1.905111289240874, 42.068611626676564 ], [ -1.905311711271023, 42.068378253166692 ], [ -1.905445087531943, 42.06826640157562 ], [ -1.905592535119, 42.067776990268719 ], [ -1.905692199845868, 42.067296637426331 ], [ -1.905778229035193, 42.066820135261651 ], [ -1.905780299215786, 42.066567423944498 ], [ -1.905733077429433, 42.066324900758076 ], [ -1.905598201098382, 42.06595493426282 ], [ -1.905588469018242, 42.065775263883225 ], [ -1.905599778884361, 42.065555284316908 ], [ -1.90568238957692, 42.065409732649208 ], [ -1.905768061458777, 42.065301906368241 ], [ -1.905656392792293, 42.06494395054294 ], [ -1.905486722966289, 42.064443614099808 ], [ -1.905344671530659, 42.064226084058674 ], [ -1.905221481421669, 42.064097729571984 ], [ -1.905211038226672, 42.064045834162478 ], [ -1.905213550753913, 42.063989010664677 ], [ -1.905346638373465, 42.063803934333798 ], [ -1.905485878112142, 42.063615571543139 ], [ -1.905565349548357, 42.063473916754482 ], [ -1.905583244609636, 42.063268094917923 ], [ -1.90557132525634, 42.062951056040589 ], [ -1.905568903256987, 42.062783848088479 ], [ -1.905579208484852, 42.0626685573041 ], [ -1.905657328867231, 42.062561784829704 ], [ -1.905723970944807, 42.062466746260426 ], [ -1.905733112003583, 42.062329491258581 ], [ -1.90570174656345, 42.062089370691119 ], [ -1.905646244261865, 42.061759009980285 ], [ -1.905623371179839, 42.061594961849622 ], [ -1.90562090430748, 42.061473920236274 ], [ -1.905648639266595, 42.061398211244487 ], [ -1.905776252739671, 42.061315521809135 ], [ -1.905859289181945, 42.061274127568097 ], [ -1.905894948172467, 42.061221533336024 ], [ -1.905917094276067, 42.061076544196261 ], [ -1.905911830835621, 42.060899145383758 ], [ -1.905919165831413, 42.060777642417378 ], [ -1.906009058119574, 42.06069180919642 ], [ -1.906155338194328, 42.060573884105892 ], [ -1.906297242043717, 42.060525215970699 ], [ -1.906407616359201, 42.06048736470035 ], [ -1.906657804878048, 42.060408764871774 ], [ -1.906875481798823, 42.0603403733855 ], [ -1.907345830513795, 42.060132093617518 ], [ -1.907502924334285, 42.060090832275932 ], [ -1.907722827736102, 42.060041136045946 ], [ -1.907814866984743, 42.060003163836548 ], [ -1.907885891678335, 42.059957690975097 ], [ -1.908049545747012, 42.059709854713397 ], [ -1.908792892324263, 42.058694170845563 ], [ -1.908675976198532, 42.058419481402574 ], [ -1.908542234048956, 42.058135427253404 ], [ -1.909240419068405, 42.059122847715415 ], [ -1.912013511911594, 42.063733971818984 ], [ -1.911813159263707, 42.066253854020395 ], [ -1.910502830676889, 42.069373929567142 ], [ -1.91190512837527, 42.074315390283616 ], [ -1.911940841765669, 42.077169630018737 ], [ -1.909540189917447, 42.078976235051606 ], [ -1.908226562630628, 42.080863531279284 ], [ -1.916971981503174, 42.082711123336445 ], [ -1.921174979722644, 42.08867802200308 ], [ -1.924404013002903, 42.094354203393664 ], [ -1.92440390593167, 42.094354814822161 ], [ -1.923347714949966, 42.100325019819316 ], [ -1.923351804892941, 42.100329885597709 ], [ -1.92784874179114, 42.105676111583968 ], [ -1.927852814733414, 42.105680950021075 ], [ -1.92785375926069, 42.105683034808067 ], [ -1.928899798269467, 42.10799030854038 ], [ -1.928902288117834, 42.107995798629318 ], [ -1.932319720954007, 42.110459375568887 ], [ -1.932998474705157, 42.111930360630467 ], [ -1.933230108341341, 42.112432338822444 ], [ -1.934299900615252, 42.113099457749058 ], [ -1.936043224478032, 42.114186541662043 ], [ -1.940409987024687, 42.119262081520503 ], [ -1.941439907203868, 42.121343068292873 ], [ -1.946807065178366, 42.126678054344822 ], [ -1.949669012979967, 42.127740026952367 ], [ -1.95149082620561, 42.130233443162382 ], [ -1.953522905374272, 42.131009495995428 ], [ -1.955386735113445, 42.131721243108764 ], [ -1.955430138791047, 42.131753768291745 ], [ -1.959629909885626, 42.134900765944195 ], [ -1.962956971366979, 42.135651440673932 ], [ -1.962958146332853, 42.135653144479683 ], [ -1.964266969374298, 42.13754267452336 ], [ -1.964269369306046, 42.137546141099548 ], [ -1.965787330557772, 42.138694092791418 ], [ -1.966720293041548, 42.14084713487749 ], [ -1.968905692291932, 42.141573419961077 ], [ -1.971339859334155, 42.142382309604301 ], [ -1.971342537542251, 42.142383198222035 ], [ -1.97226754239759, 42.14352570507431 ], [ -1.972266866987506, 42.143525937690697 ], [ -1.968750609382874, 42.144738105024743 ], [ -1.967658720840407, 42.146385985490994 ], [ -1.968127275847001, 42.148821899232971 ], [ -1.966507871154873, 42.150166671275279 ], [ -1.965060522215061, 42.150612365798239 ], [ -1.962742810625255, 42.153194804217506 ], [ -1.958335976561606, 42.156208525289244 ], [ -1.957534687455188, 42.157839245904363 ], [ -1.953467345266311, 42.158587414306744 ], [ -1.951992110941021, 42.15995865748615 ], [ -1.950396744367718, 42.160529460224403 ], [ -1.94931142799932, 42.161735357807203 ], [ -1.945995855049771, 42.162380348536438 ], [ -1.943179391917829, 42.163606865886251 ], [ -1.939808285733263, 42.166826415006582 ], [ -1.937150276717173, 42.169413572352902 ], [ -1.935864470498732, 42.171717947800218 ], [ -1.933772167429, 42.173012855155541 ], [ -1.933538637122202, 42.177558829415503 ], [ -1.930363619936618, 42.182735913350577 ], [ -1.92995388218985, 42.184758492585551 ], [ -1.930492468124676, 42.187293666422335 ], [ -1.928853984638571, 42.188204321297604 ], [ -1.927510049393152, 42.1882030241742 ], [ -1.925005295190767, 42.189510778055372 ], [ -1.92269360367756, 42.198675379917162 ], [ -1.919742090835387, 42.203420820796715 ], [ -1.921712029797694, 42.209358107505686 ], [ -1.927347778132145, 42.215650574663918 ], [ -1.928522035106699, 42.216296055834135 ], [ -1.931249095058823, 42.217795019375984 ], [ -1.930613094202134, 42.219581859150303 ], [ -1.932698935400138, 42.220195142801629 ], [ -1.940360478550768, 42.220654653356775 ], [ -1.945600902187409, 42.222467599737186 ], [ -1.946278808890576, 42.221069487182753 ], [ -1.950709350903846, 42.223496758039062 ], [ -1.955899705439769, 42.224703702922085 ], [ -1.957369344968806, 42.225969489287856 ], [ -1.959583798084674, 42.226161314489872 ], [ -1.960142954576455, 42.229003309601786 ], [ -1.962107858585924, 42.231109413428648 ], [ -1.964232663823557, 42.232336020697069 ], [ -1.967114643650349, 42.232480250370273 ], [ -1.967775804799272, 42.232052780445564 ], [ -1.968216302023561, 42.236244596353927 ], [ -1.96737026117785, 42.236858980192288 ], [ -1.966647989512891, 42.237311216631674 ], [ -1.959303222761819, 42.24174777876167 ], [ -1.945846200047673, 42.245578983085807 ], [ -1.942571116349816, 42.247195103981866 ], [ -1.938696082302275, 42.249106972802323 ], [ -1.933642420584329, 42.250464706373705 ], [ -1.92084336871396, 42.253902029170462 ], [ -1.919521239031313, 42.254573598142969 ], [ -1.906741832934759, 42.261063222417377 ], [ -1.906506876146647, 42.260627572887962 ], [ -1.905628883173518, 42.260925942678398 ], [ -1.903898199598396, 42.260062287015721 ], [ -1.900327413691951, 42.259020509042209 ], [ -1.898766358203799, 42.258158404127066 ], [ -1.895832524434694, 42.257454681826466 ], [ -1.891386855937759, 42.262320902219102 ], [ -1.889911704814241, 42.263935333016597 ], [ -1.886404732223625, 42.26478503240245 ], [ -1.88307030011113, 42.264094021932195 ], [ -1.879699402323002, 42.262738357695234 ], [ -1.86927230147951, 42.268166187359412 ], [ -1.868017419915271, 42.268494355635582 ], [ -1.868834831600531, 42.266197437917619 ], [ -1.870762030109041, 42.264873988873489 ] ] ] ] } },
{ "type": "Feature", "properties": { "codatzbs": "130101", "n_zbs": "CERVERA DEL RIO ALHAMA", "ccaa_cd": "ES23", "area": "La Rioja" }, "geometry": { "type": "MultiPolygon", "coordinates": [ [ [ [ -1.906667394229388, 41.945589169525597 ], [ -1.904814360397986, 41.943960233434417 ], [ -1.904638685146145, 41.943652366215289 ], [ -1.904668401469953, 41.943328414723986 ], [ -1.905108324109923, 41.94299937849518 ], [ -1.906881676385796, 41.942295766111684 ], [ -1.907321378665499, 41.94197572218085 ], [ -1.908620857955642, 41.940763159660889 ], [ -1.908876303053902, 41.94063949644098 ], [ -1.908876447559533, 41.940639511324264 ], [ -1.910696420714548, 41.940719868950673 ], [ -1.911204528336889, 41.940634624814066 ], [ -1.911532964148231, 41.93906155599484 ], [ -1.912124363417673, 41.938328648261688 ], [ -1.912944486666876, 41.936210874760313 ], [ -1.913291977943415, 41.93563774522903 ], [ -1.913957887641075, 41.934779400803365 ], [ -1.914999403824159, 41.933825553487985 ], [ -1.914984871956351, 41.93325801587693 ], [ -1.915170816720358, 41.932251046659992 ], [ -1.915170989069066, 41.93225119689739 ], [ -1.915884044315403, 41.932870263902501 ], [ -1.917099651547755, 41.933737279152886 ], [ -1.917555064768847, 41.933912767584772 ], [ -1.918674615298286, 41.934040375339606 ], [ -1.921493337219436, 41.934265038443165 ], [ -1.926119000172291, 41.931039013715285 ], [ -1.929521320581641, 41.929539674695441 ], [ -1.932642622867698, 41.930415390976812 ], [ -1.934052212399874, 41.928338986815071 ], [ -1.935226857731102, 41.928052641384149 ], [ -1.935178289839098, 41.927349695031374 ], [ -1.935329506240079, 41.926954799211387 ], [ -1.93664708904209, 41.926777870884102 ], [ -1.940564621911726, 41.92545409593113 ], [ -1.941541988179841, 41.925427128057159 ], [ -1.943348483425369, 41.925578868020828 ], [ -1.947362124024465, 41.925732821448463 ], [ -1.949489844587535, 41.926157604400856 ], [ -1.950978559861217, 41.926567519958532 ], [ -1.954859891054592, 41.927440579669813 ], [ -1.958263168311813, 41.924346186223509 ], [ -1.961343832480225, 41.920303104110431 ], [ -1.963857842833082, 41.919956585827364 ], [ -1.966918154661647, 41.920128274866279 ], [ -1.96963324826464, 41.919270050997341 ], [ -1.970298594660515, 41.919140910465678 ], [ -1.979874063223974, 41.919109357502151 ], [ -1.981442999205782, 41.919033205686773 ], [ -1.982090496336912, 41.919264152623384 ], [ -1.984115531093245, 41.920083651629604 ], [ -1.98637188831008, 41.92152662343328 ], [ -1.988500071094775, 41.922689287969945 ], [ -1.990345370025713, 41.924209661391252 ], [ -1.991554802580647, 41.924760657922675 ], [ -1.992385388656361, 41.925623568635721 ], [ -1.99319051968658, 41.926576392920531 ], [ -1.993974361031624, 41.927348798631101 ], [ -1.994617361099228, 41.927876808321734 ], [ -1.996181976714826, 41.928854214169803 ], [ -1.996991019535598, 41.929563804580766 ], [ -1.99762626163818, 41.930587142679329 ], [ -1.998348036653551, 41.930710482112133 ], [ -1.998347962252844, 41.931485049524881 ], [ -1.99850664770696, 41.932134959487165 ], [ -1.998920108338116, 41.932687947803203 ], [ -1.998663646572017, 41.93443299973837 ], [ -1.999153138910426, 41.935527032932093 ], [ -2.000127721834542, 41.937228770750309 ], [ -2.001338142217683, 41.938509287481487 ], [ -2.002510411803109, 41.939140948424011 ], [ -2.004655363310781, 41.940060195177239 ], [ -2.006406645342591, 41.939922261285915 ], [ -2.008240302089763, 41.939920139426341 ], [ -2.013075991193771, 41.940808429272607 ], [ -2.014100305265778, 41.942438431469085 ], [ -2.015297472468243, 41.943817736158991 ], [ -2.016090058697667, 41.944842283926448 ], [ -2.018186343805578, 41.944238774924706 ], [ -2.019557999291939, 41.944475636112088 ], [ -2.020871806112677, 41.947702216280284 ], [ -2.020952847042306, 41.947928090613793 ], [ -2.021428306733649, 41.948391479443146 ], [ -2.023338754673925, 41.949695680683575 ], [ -2.023994090731624, 41.950232633633341 ], [ -2.024726001542343, 41.950500085659179 ], [ -2.025046729763815, 41.950827026858924 ], [ -2.026159910478057, 41.951412945295168 ], [ -2.027185048045535, 41.952232209220888 ], [ -2.02816088861346, 41.953123099442813 ], [ -2.028313706679147, 41.953385615940263 ], [ -2.029594833727995, 41.953243368719917 ], [ -2.029899331349438, 41.953056784600818 ], [ -2.030301210448396, 41.952015393151449 ], [ -2.030309819002114, 41.951448105641958 ], [ -2.029837505258883, 41.95076860010586 ], [ -2.029735146612409, 41.950362451323151 ], [ -2.029956415131856, 41.950094094132304 ], [ -2.031131678347709, 41.949761772822669 ], [ -2.031352851230784, 41.949502472736647 ], [ -2.031368545420297, 41.949259418628444 ], [ -2.031131553999204, 41.948978226597539 ], [ -2.030678575705054, 41.948614158384942 ], [ -2.03053849886846, 41.948306687848856 ], [ -2.030650878973399, 41.948055507541895 ], [ -2.03112309172947, 41.947942348266174 ], [ -2.032171389169012, 41.948032338993571 ], [ -2.032546554650486, 41.947954417261769 ], [ -2.032851515125799, 41.94773184756373 ], [ -2.033207876631529, 41.947302521813 ], [ -2.033529976706135, 41.946746801312337 ], [ -2.034343069114682, 41.946429416885614 ], [ -2.034744559699972, 41.946207667471825 ], [ -2.034857513414756, 41.945920389227858 ], [ -2.034755168678325, 41.945505202013806 ], [ -2.034236665526826, 41.944690271333236 ], [ -2.033641253710584, 41.944171845306151 ], [ -2.033501578922775, 41.943837429227322 ], [ -2.033626133547106, 41.943577292112295 ], [ -2.034097810304725, 41.943500214446964 ], [ -2.035552590108635, 41.943827691536725 ], [ -2.035927910243249, 41.943740793849486 ], [ -2.036100129409773, 41.943517058224117 ], [ -2.035790734069819, 41.942433643383097 ], [ -2.035879784893776, 41.942128216584969 ], [ -2.036331279171409, 41.941789732175586 ], [ -2.036455681750952, 41.941538574696828 ], [ -2.036342495433788, 41.941042305542666 ], [ -2.036324330859574, 41.939844260486048 ], [ -2.036391356049387, 41.939403458829361 ], [ -2.03686664483088, 41.939884805299215 ], [ -2.037124536007927, 41.940382361586614 ], [ -2.037409834600012, 41.9414655351775 ], [ -2.040598576431485, 41.943608821837628 ], [ -2.041961623735444, 41.943620214064474 ], [ -2.042284976295706, 41.943776009117414 ], [ -2.043650495620331, 41.945237477488824 ], [ -2.044104951577677, 41.945502456845013 ], [ -2.044396578609136, 41.946171393174822 ], [ -2.043856659002372, 41.946779324323991 ], [ -2.044592947202974, 41.947560021993418 ], [ -2.045366682418613, 41.94825998114441 ], [ -2.045444130825232, 41.94872893659096 ], [ -2.045291369360256, 41.950069683064875 ], [ -2.046114625068527, 41.95068898025076 ], [ -2.04664197570728, 41.950927513609315 ], [ -2.04717236394066, 41.950958959154278 ], [ -2.047644167477593, 41.950872788914715 ], [ -2.048807352870936, 41.950540204327979 ], [ -2.051251751829122, 41.950866683532176 ], [ -2.052132525053496, 41.950864963948668 ], [ -2.052673420471963, 41.951004472712498 ], [ -2.053403141350847, 41.951424837322449 ], [ -2.053995667213699, 41.952150261896996 ], [ -2.054579575897203, 41.952650434541084 ], [ -2.054882436297234, 41.952562860312177 ], [ -2.055201664052479, 41.952187227363162 ], [ -2.05693200291624, 41.952669801699948 ], [ -2.057106579216848, 41.9531035619204 ], [ -2.057645728603504, 41.953360177385171 ], [ -2.058103275722921, 41.95342698205247 ], [ -2.05948129672258, 41.953258118558381 ], [ -2.061264873750082, 41.954218450073832 ], [ -2.061756476584658, 41.954429669429615 ], [ -2.062239024747977, 41.954433561639568 ], [ -2.062725318824159, 41.954185347777347 ], [ -2.063252452229018, 41.953622288651978 ], [ -2.064339263241239, 41.953559075957621 ], [ -2.065339693904725, 41.953630260626774 ], [ -2.066655340370571, 41.953595986988567 ], [ -2.067616182649508, 41.953901033389563 ], [ -2.069568879596653, 41.952376727681006 ], [ -2.072186937746328, 41.952388934358439 ], [ -2.072609834657364, 41.952347312802758 ], [ -2.072925691419321, 41.952196713558024 ], [ -2.073878435313517, 41.951393839259524 ], [ -2.074459863602427, 41.951236455823704 ], [ -2.075654066501175, 41.951255067454412 ], [ -2.076214449637955, 41.950881360344241 ], [ -2.078367684303035, 41.951330976668935 ], [ -2.080121906414607, 41.954353268246116 ], [ -2.08497992620216, 41.954671328178279 ], [ -2.086226628038804, 41.954393058858663 ], [ -2.091121958203343, 41.956332354719315 ], [ -2.092644033967987, 41.955362698755621 ], [ -2.095935093507527, 41.956424449457394 ], [ -2.10043998521746, 41.955271026055279 ], [ -2.102462959105, 41.955566074502151 ], [ -2.10343177069574, 41.956177078960017 ], [ -2.109960178583461, 41.95786712134673 ], [ -2.111840144664786, 41.958908471104507 ], [ -2.113268127312335, 41.960351561394369 ], [ -2.114355258102996, 41.96114354749897 ], [ -2.114937327889688, 41.961805552450137 ], [ -2.116095553356239, 41.963570761438582 ], [ -2.115026773690814, 41.964931489590342 ], [ -2.11514343299995, 41.96609425545882 ], [ -2.115115518976152, 41.96636426457561 ], [ -2.115562490053722, 41.967205287169179 ], [ -2.116802442449182, 41.971790255752765 ], [ -2.11629137898976, 41.974704412611402 ], [ -2.118009489303784, 41.97614969553679 ], [ -2.118548833429694, 41.976424054739354 ], [ -2.119306266770576, 41.976637036818296 ], [ -2.1196112417928, 41.978161483399283 ], [ -2.120147527325078, 41.979534624192887 ], [ -2.120412404347188, 41.980455278034718 ], [ -2.120334737009594, 41.982589228675991 ], [ -2.120386285715397, 41.983229108943767 ], [ -2.119870376729038, 41.98562092157632 ], [ -2.119899414691622, 41.986143521130437 ], [ -2.120380930745077, 41.987993550637292 ], [ -2.121794992971703, 41.990508272896456 ], [ -2.122493819617894, 41.99148628878222 ], [ -2.12295238078703, 41.992381435414515 ], [ -2.12407118661441, 41.995308112466105 ], [ -2.121878997632501, 41.995804749084748 ], [ -2.120986352143968, 41.996626438561293 ], [ -2.119422775335103, 41.997064836470685 ], [ -2.114942826314379, 41.997102363036092 ], [ -2.113061062882991, 41.996970746014803 ], [ -2.112106578163264, 41.997017399981289 ], [ -2.110474568363601, 41.998031493067899 ], [ -2.110241398125091, 41.998299870849507 ], [ -2.109177673719112, 42.000110935271977 ], [ -2.109140639484935, 42.000173710827184 ], [ -2.108294599952163, 42.001094788353086 ], [ -2.107631105554006, 42.002773855772965 ], [ -2.108112203871468, 42.003777266666368 ], [ -2.10845700779527, 42.004158318390537 ], [ -2.109700395145695, 42.005050555627335 ], [ -2.110552130290102, 42.005453487243379 ], [ -2.110854970016586, 42.00624839850898 ], [ -2.111785859705149, 42.007039210854622 ], [ -2.112923809261715, 42.008570100943565 ], [ -2.113905373345241, 42.010063801982454 ], [ -2.114012960163999, 42.01101032335054 ], [ -2.115238670619365, 42.011452024100144 ], [ -2.115801755963556, 42.01351891259219 ], [ -2.115607821757556, 42.015309714605991 ], [ -2.116354260842185, 42.016351230647317 ], [ -2.116014095279691, 42.019104583164477 ], [ -2.117007453645829, 42.021507995906205 ], [ -2.118983368476596, 42.021865400529705 ], [ -2.119678795587872, 42.022240056008599 ], [ -2.119987677772859, 42.022611704594773 ], [ -2.120255797008387, 42.023316217157905 ], [ -2.120693906906534, 42.023950057661644 ], [ -2.121453446094649, 42.024054971806926 ], [ -2.123686825027443, 42.025026765854648 ], [ -2.125503170146303, 42.025580995823908 ], [ -2.12890132893254, 42.026183346456115 ], [ -2.129798433039905, 42.026829589010546 ], [ -2.131649269270372, 42.02929339119035 ], [ -2.13519267656664, 42.03256254455907 ], [ -2.135814924925765, 42.03299954204288 ], [ -2.136501995478389, 42.03311277786333 ], [ -2.137383422918696, 42.034038102974932 ], [ -2.137386955882666, 42.034668606572573 ], [ -2.138393887033777, 42.0361532485718 ], [ -2.138953995558244, 42.036715871413406 ], [ -2.1403309402156, 42.037635862677817 ], [ -2.141278610846002, 42.038138299344432 ], [ -2.142000925811073, 42.038332846976608 ], [ -2.142631276322707, 42.039076116751588 ], [ -2.142911252950438, 42.039816761592853 ], [ -2.14436226846853, 42.040629127125221 ], [ -2.144612291082473, 42.040901219989642 ], [ -2.144893000259748, 42.041596820185461 ], [ -2.145617082332567, 42.041656265245017 ], [ -2.146116576373935, 42.042254444640143 ], [ -2.150564160368345, 42.04216136095571 ], [ -2.150837693215588, 42.04248761719878 ], [ -2.15094172930922, 42.042839642068429 ], [ -2.150813320822698, 42.043415142003859 ], [ -2.150453146750831, 42.044141983656054 ], [ -2.149921676030624, 42.045029688512706 ], [ -2.150876242766745, 42.045036767509295 ], [ -2.150749265817135, 42.045495130295663 ], [ -2.151737322475953, 42.045700646821111 ], [ -2.15193825904478, 42.046035365680488 ], [ -2.15280761328938, 42.046086784566661 ], [ -2.153873551320954, 42.046797173364254 ], [ -2.15476455732742, 42.047037949930001 ], [ -2.154946741607677, 42.047876875303054 ], [ -2.155585476094179, 42.048917344476287 ], [ -2.156134286622153, 42.051272017335947 ], [ -2.156782159375827, 42.053447390324521 ], [ -2.157281461198003, 42.054072520270346 ], [ -2.15885754053028, 42.055516154286849 ], [ -2.158998035010363, 42.055859422903659 ], [ -2.158394319193035, 42.058556901347863 ], [ -2.158371822590418, 42.059340342785482 ], [ -2.158544983173669, 42.059954035553851 ], [ -2.158935508476977, 42.060587342261698 ], [ -2.160081002680381, 42.061703527414885 ], [ -2.161121397610915, 42.062548769361442 ], [ -2.161912246340371, 42.066733524080504 ], [ -2.160041457806271, 42.067440347267826 ], [ -2.159171854393932, 42.067388962128007 ], [ -2.158123231897343, 42.067165119198584 ], [ -2.157128374218213, 42.06744596932807 ], [ -2.155746843198471, 42.067714981973317 ], [ -2.154509107857252, 42.068075145270726 ], [ -2.153668668836017, 42.068555250354102 ], [ -2.153062958443058, 42.068658896159029 ], [ -2.152034839870262, 42.068705315647797 ], [ -2.151609292409906, 42.068891305146167 ], [ -2.151033923891446, 42.06943644844052 ], [ -2.149915454303212, 42.06991447949482 ], [ -2.149473112025508, 42.070451605407364 ], [ -2.149211812287465, 42.071008073093012 ], [ -2.148809606568711, 42.071257270306383 ], [ -2.147388962196944, 42.071724028343318 ], [ -2.146938059475518, 42.071999857571946 ], [ -2.146333210939233, 42.07293203415761 ], [ -2.145714229181716, 42.073116559782143 ], [ -2.144434506843397, 42.072989898088586 ], [ -2.142618452648348, 42.074093195048398 ], [ -2.142121204433369, 42.074215525906034 ], [ -2.141011231471486, 42.074054076305025 ], [ -2.140274242328176, 42.074021547035876 ], [ -2.138225903544324, 42.074420415727666 ], [ -2.135406334102957, 42.074633368574979 ], [ -2.134236713222031, 42.075299976991914 ], [ -2.132387861521527, 42.076132602063083 ], [ -2.131877784693182, 42.077191514282696 ], [ -2.130997313017384, 42.077923342961761 ], [ -2.127798887709995, 42.080186716785789 ], [ -2.127238906067558, 42.080461637029451 ], [ -2.127075859842557, 42.080892711922289 ], [ -2.127081509249278, 42.081361075829456 ], [ -2.126964681121483, 42.081945597866124 ], [ -2.127248286778519, 42.082425080641016 ], [ -2.127276068972769, 42.083037746229181 ], [ -2.127033175687411, 42.083999581995343 ], [ -2.127225815978524, 42.085820309304843 ], [ -2.126892579842072, 42.086313149246756 ], [ -2.126820313549455, 42.088050871283322 ], [ -2.128418999081864, 42.089621140241221 ], [ -2.128452750213247, 42.090684129601811 ], [ -2.128678287692425, 42.090992054250407 ], [ -2.128570944844543, 42.091765783709484 ], [ -2.128397226234029, 42.092088706087907 ], [ -2.127388219030149, 42.093359920387506 ], [ -2.127334836397154, 42.093728802558068 ], [ -2.127646161537999, 42.094829945658091 ], [ -2.127377892676596, 42.095872671030939 ], [ -2.127323817229572, 42.097169134804268 ], [ -2.129880672503179, 42.098548576681416 ], [ -2.130896372189451, 42.099438922571821 ], [ -2.133099221366075, 42.100194117479653 ], [ -2.133376514673871, 42.101141895202247 ], [ -2.135497992290773, 42.10166225213684 ], [ -2.136748458273046, 42.103085721826361 ], [ -2.138633492033012, 42.102316348006703 ], [ -2.142602149283354, 42.103075622925694 ], [ -2.143426920854535, 42.102901715993717 ], [ -2.145635810902613, 42.103224385495608 ], [ -2.146715722498523, 42.103862905294278 ], [ -2.148110768654835, 42.10444969762689 ], [ -2.148060976028494, 42.104557376835309 ], [ -2.144074184859663, 42.112300220448518 ], [ -2.143055695075497, 42.114273969314382 ], [ -2.136146870364015, 42.114411209436994 ], [ -2.129948054168294, 42.117462459934039 ], [ -2.128463598395683, 42.117208034401976 ], [ -2.127072554161475, 42.116323812557638 ], [ -2.126333294097068, 42.115543597859919 ], [ -2.126027109774212, 42.114937850400828 ], [ -2.125501014174964, 42.114492483424598 ], [ -2.123842947092871, 42.113678301750809 ], [ -2.122896043462433, 42.113049589221021 ], [ -2.121622902642847, 42.112400418548987 ], [ -2.119000019054357, 42.111389559005346 ], [ -2.113192727601731, 42.11062420888603 ], [ -2.111096215373027, 42.111769833920683 ], [ -2.104559935913196, 42.110376976737996 ], [ -2.10309095474465, 42.109906129418981 ], [ -2.102389937535293, 42.109873637471928 ], [ -2.102024276637914, 42.110068924866383 ], [ -2.101878031427281, 42.110148808858163 ], [ -2.100426915320407, 42.111830582044064 ], [ -2.099743282170517, 42.112275584206586 ], [ -2.099123864138864, 42.112450850122464 ], [ -2.096313304163402, 42.112752937891955 ], [ -2.095412553982027, 42.113151106290537 ], [ -2.094866252476606, 42.113290883857161 ], [ -2.094080186539954, 42.113275632463001 ], [ -2.092135893087146, 42.11305309865979 ], [ -2.09055364223692, 42.113743084472254 ], [ -2.088786249320058, 42.114674715933241 ], [ -2.087994183467654, 42.115920313686495 ], [ -2.08670162791081, 42.117477084504706 ], [ -2.082715066241721, 42.118778140129628 ], [ -2.078129515307739, 42.118831434483162 ], [ -2.076583005019244, 42.119530475769757 ], [ -2.07280781115997, 42.121247240586953 ], [ -2.071012308479571, 42.121592928029493 ], [ -2.068092680280646, 42.121046801941027 ], [ -2.066641434023917, 42.120197440625915 ], [ -2.066352899889635, 42.118429847955547 ], [ -2.064638112236433, 42.116587557197128 ], [ -2.064682467480611, 42.115218967930993 ], [ -2.064560552365065, 42.11446145390213 ], [ -2.064122040623166, 42.113025859597542 ], [ -2.063311245756867, 42.11305523652085 ], [ -2.062598706975571, 42.112977345800793 ], [ -2.061979632034417, 42.113125427965528 ], [ -2.060068451653119, 42.113127751889991 ], [ -2.058302039095643, 42.112338707179646 ], [ -2.056878195085911, 42.11129128940906 ], [ -2.055251974582866, 42.110845579256015 ], [ -2.054336657828628, 42.113828130652614 ], [ -2.053813237588815, 42.114859548020071 ], [ -2.053228865210956, 42.115106902947112 ], [ -2.047860040772135, 42.116593498653025 ], [ -2.04554958765907, 42.117393821316398 ], [ -2.044989052847275, 42.117668370324679 ], [ -2.044719547448125, 42.117891336088292 ], [ -2.04421725277628, 42.118310368748389 ], [ -2.043183435821528, 42.119481574419254 ], [ -2.042362362521471, 42.120186246763396 ], [ -2.041872020325196, 42.12060542272463 ], [ -2.040662509681586, 42.121396883794759 ], [ -2.036761639203298, 42.124147093289004 ], [ -2.033683986332495, 42.126048532118297 ], [ -2.030670439642794, 42.12849082259487 ], [ -2.029883540458278, 42.129312730060661 ], [ -2.029774781881936, 42.130095367575876 ], [ -2.029713163134589, 42.131751975158316 ], [ -2.029206205288236, 42.133251787496548 ], [ -2.027554386320078, 42.133786480370716 ], [ -2.027552548071176, 42.133786023480049 ], [ -2.026369621196146, 42.133595842922958 ], [ -2.019429959799693, 42.132501046915486 ], [ -2.014908601395622, 42.131787520099408 ], [ -2.014902868135472, 42.131786615272382 ], [ -2.014156900851517, 42.132312172723296 ], [ -2.012867548403597, 42.131949252737613 ], [ -2.008058117009679, 42.132647170611335 ], [ -2.00805319943834, 42.132647884625904 ], [ -2.004602615390756, 42.132032564363435 ], [ -2.003449746576674, 42.132451106850596 ], [ -2.002618961844259, 42.132752710780849 ], [ -2.002588090729543, 42.132754554389358 ], [ -1.996712819805608, 42.133105308127533 ], [ -1.996696366749209, 42.133106290038732 ], [ -1.99280581701415, 42.135053555902815 ], [ -1.99280566889189, 42.13505412200022 ], [ -1.99245676169501, 42.136466150056826 ], [ -1.990086896686375, 42.136417158085173 ], [ -1.990085693092587, 42.136417133080343 ], [ -1.989937630936837, 42.136522454462735 ], [ -1.9877602061244, 42.138071247009876 ], [ -1.98679537262877, 42.138252132946306 ], [ -1.985781759630138, 42.138442153245066 ], [ -1.985067872836924, 42.138973485966069 ], [ -1.983834735574359, 42.139891255553053 ], [ -1.983834707563985, 42.139892250501504 ], [ -1.983814164055033, 42.140625980456122 ], [ -1.983805981993108, 42.140918265159229 ], [ -1.981317287472169, 42.140509249687597 ], [ -1.979063116797034, 42.140138726783306 ], [ -1.976737602447059, 42.140244634822743 ], [ -1.976718272340786, 42.14025882296125 ], [ -1.97226754239759, 42.14352570507431 ], [ -1.971342537542251, 42.142383198222035 ], [ -1.971339859334155, 42.142382309604301 ], [ -1.968905692291932, 42.141573419961077 ], [ -1.966720293041548, 42.14084713487749 ], [ -1.965787330557772, 42.138694092791418 ], [ -1.964269369306046, 42.137546141099548 ], [ -1.964266969374298, 42.13754267452336 ], [ -1.962958146332853, 42.135653144479683 ], [ -1.962956971366979, 42.135651440673932 ], [ -1.959629909885626, 42.134900765944195 ], [ -1.955430138791047, 42.131753768291745 ], [ -1.955386735113445, 42.131721243108764 ], [ -1.953522905374272, 42.131009495995428 ], [ -1.95149082620561, 42.130233443162382 ], [ -1.949669012979967, 42.127740026952367 ], [ -1.946807065178366, 42.126678054344822 ], [ -1.941439907203868, 42.121343068292873 ], [ -1.940409987024687, 42.119262081520503 ], [ -1.936043224478032, 42.114186541662043 ], [ -1.934299900615252, 42.113099457749058 ], [ -1.933230108341341, 42.112432338822444 ], [ -1.932998474705157, 42.111930360630467 ], [ -1.932319720954007, 42.110459375568887 ], [ -1.928902288117834, 42.107995798629318 ], [ -1.928899798269467, 42.10799030854038 ], [ -1.92785375926069, 42.105683034808067 ], [ -1.927852814733414, 42.105680950021075 ], [ -1.92784874179114, 42.105676111583968 ], [ -1.923351804892941, 42.100329885597709 ], [ -1.923347714949966, 42.100325019819316 ], [ -1.92440390593167, 42.094354814822161 ], [ -1.924404013002903, 42.094354203393664 ], [ -1.921174979722644, 42.08867802200308 ], [ -1.916971981503174, 42.082711123336445 ], [ -1.908226562630628, 42.080863531279284 ], [ -1.909540189917447, 42.078976235051606 ], [ -1.911940841765669, 42.077169630018737 ], [ -1.91190512837527, 42.074315390283616 ], [ -1.910502830676889, 42.069373929567142 ], [ -1.911813159263707, 42.066253854020395 ], [ -1.912013511911594, 42.063733971818984 ], [ -1.909240419068405, 42.059122847715415 ], [ -1.908542234048956, 42.058135427253404 ], [ -1.908356786195885, 42.057741543327836 ], [ -1.908076188414174, 42.057411248647696 ], [ -1.907999297104206, 42.057048590947645 ], [ -1.90771604903852, 42.056610756150981 ], [ -1.907679528766139, 42.056581137717188 ], [ -1.907650150494052, 42.056533560929445 ], [ -1.9073427700785, 42.056267201742521 ], [ -1.906804902520989, 42.055874807318318 ], [ -1.906699516349292, 42.055796645459154 ], [ -1.906505827084608, 42.055652994129886 ], [ -1.906346217283795, 42.055536101064128 ], [ -1.906266777351345, 42.055454849195684 ], [ -1.906200106358308, 42.055379879360167 ], [ -1.906047598446961, 42.055383770067877 ], [ -1.905970819123928, 42.055385731051963 ], [ -1.905831363807663, 42.055389291081646 ], [ -1.905389276266617, 42.055400879599446 ], [ -1.905189857653242, 42.055402889688054 ], [ -1.90495454929063, 42.055381532087758 ], [ -1.90467597038875, 42.055329328361012 ], [ -1.904510469005948, 42.055293407169515 ], [ -1.904374383609195, 42.055256653390821 ], [ -1.904357502114147, 42.055250327332296 ], [ -1.904315805762108, 42.055234699399264 ], [ -1.904221167672714, 42.055205646255388 ], [ -1.904106313930863, 42.055163452372703 ], [ -1.904033031621948, 42.05512166079982 ], [ -1.903980013244654, 42.05508739843458 ], [ -1.903936696579328, 42.055058835195531 ], [ -1.903874632126017, 42.0550210954693 ], [ -1.903795484731845, 42.054969079488231 ], [ -1.903723274915449, 42.054908168349364 ], [ -1.903671975254588, 42.054860421652982 ], [ -1.903612600842574, 42.05479846673348 ], [ -1.903562761922148, 42.054709088307838 ], [ -1.903514920822535, 42.054638814429751 ], [ -1.903495239075883, 42.0545975301306 ], [ -1.90346025048767, 42.054522330038346 ], [ -1.903431093706801, 42.054419055040505 ], [ -1.903428087127155, 42.054372265033159 ], [ -1.903427386116822, 42.054326681398898 ], [ -1.903427224491327, 42.05425789340044 ], [ -1.903427112502547, 42.054210735669372 ], [ -1.903435345851024, 42.054126370242919 ], [ -1.903451863192265, 42.054043764566103 ], [ -1.90348048195455, 42.053962994738818 ], [ -1.903501204098426, 42.05389791427389 ], [ -1.90353617355367, 42.05375579489953 ], [ -1.903568193312923, 42.053649767539227 ], [ -1.903585838769474, 42.053545187965099 ], [ -1.903616333541555, 42.053441392216378 ], [ -1.903639163267483, 42.053343058569894 ], [ -1.903656787998341, 42.053242482130834 ], [ -1.903697017692644, 42.053099345683236 ], [ -1.903740308090928, 42.052911174873792 ], [ -1.903782362818564, 42.05274832277226 ], [ -1.904012608923516, 42.052755039527057 ], [ -1.904118511502964, 42.052569737022381 ], [ -1.904275278061893, 42.052281927235498 ], [ -1.904396060268897, 42.052065797972858 ], [ -1.904535884238686, 42.051798608349849 ], [ -1.904574828239633, 42.051730329599998 ], [ -1.904682324992932, 42.051538273432016 ], [ -1.904770753132669, 42.051361214585263 ], [ -1.904816160478132, 42.051263884195116 ], [ -1.904825640438709, 42.051243561624823 ], [ -1.904901901616786, 42.051112004047219 ], [ -1.904897145107159, 42.051037661138196 ], [ -1.904891522377366, 42.050970059369675 ], [ -1.904893599536316, 42.050935737729745 ], [ -1.904881131974861, 42.050856552337933 ], [ -1.904860227113617, 42.050723778413413 ], [ -1.904844145656035, 42.050519293695103 ], [ -1.904836853620212, 42.05045953408608 ], [ -1.904923022644422, 42.050192421786697 ], [ -1.905002330857934, 42.049926928146512 ], [ -1.905031258743149, 42.049827580579198 ], [ -1.905046680648267, 42.049818622235179 ], [ -1.905160946184021, 42.049752273251023 ], [ -1.905381586551935, 42.049658095775563 ], [ -1.905506011794391, 42.049623829641099 ], [ -1.9057213790703, 42.049617436305184 ], [ -1.905804330628182, 42.049623320368177 ], [ -1.905820786183611, 42.049371848759449 ], [ -1.905831368479221, 42.049107374413985 ], [ -1.905827638236281, 42.049016126346551 ], [ -1.905798568958882, 42.048818321315501 ], [ -1.905767626905256, 42.048597351917373 ], [ -1.90570666562859, 42.048409329951113 ], [ -1.905606032433368, 42.04819951687184 ], [ -1.905530562008481, 42.048063724266427 ], [ -1.905382853128345, 42.047915380255162 ], [ -1.905269467165021, 42.047788208826795 ], [ -1.905182938849728, 42.047682688257893 ], [ -1.905095926197683, 42.047515816669339 ], [ -1.905052416340093, 42.047412368098264 ], [ -1.905032694324713, 42.047241081350748 ], [ -1.905031144411134, 42.047112725964183 ], [ -1.905037379927798, 42.046968674613154 ], [ -1.905067433755061, 42.046847371064814 ], [ -1.905173053705211, 42.046720610021197 ], [ -1.905306616153364, 42.046595241219762 ], [ -1.905325907594708, 42.046526738657711 ], [ -1.905322380762208, 42.046423689560072 ], [ -1.905287102321466, 42.046149793773395 ], [ -1.905257493700171, 42.045762236950999 ], [ -1.905182013442267, 42.045497530532145 ], [ -1.90500442397466, 42.045109669590857 ], [ -1.904922826591938, 42.044891611927987 ], [ -1.904773100713871, 42.044640805148667 ], [ -1.904680947595235, 42.04450822471189 ], [ -1.90460664434906, 42.044262086840092 ], [ -1.904587984757937, 42.044161159260128 ], [ -1.904626408175616, 42.044036526723751 ], [ -1.904654479534119, 42.043808811391173 ], [ -1.904758643196992, 42.043548089580696 ], [ -1.90484670009858, 42.043391890256437 ], [ -1.904859144035947, 42.043194977205523 ], [ -1.904861401957589, 42.043017708134613 ], [ -1.904837451437892, 42.042919516673692 ], [ -1.904790864171788, 42.042817178778058 ], [ -1.904753301747742, 42.042762241357636 ], [ -1.904618809856279, 42.042677661814984 ], [ -1.904518726814779, 42.042615318704613 ], [ -1.904497378053815, 42.042581917225277 ], [ -1.904459500185556, 42.042502182000234 ], [ -1.904423179231244, 42.042461864747089 ], [ -1.904381069626007, 42.042406847768007 ], [ -1.904321505481353, 42.042227308775736 ], [ -1.904292349757034, 42.042079542045727 ], [ -1.904293491363271, 42.041968662193874 ], [ -1.904287459781837, 42.041835764286468 ], [ -1.904289346563842, 42.041769342774991 ], [ -1.904269599438239, 42.041731984705763 ], [ -1.904399127732841, 42.041489491135373 ], [ -1.904444125542291, 42.041330647395348 ], [ -1.904447276711591, 42.041236682773196 ], [ -1.904410064350497, 42.041118681044523 ], [ -1.904339833625053, 42.040986832819385 ], [ -1.904275443410664, 42.040866324468311 ], [ -1.904199795329691, 42.040784553321807 ], [ -1.90412880984396, 42.04069941411062 ], [ -1.904083413391515, 42.040616805945795 ], [ -1.90403478375266, 42.040500951169641 ], [ -1.90397658944902, 42.040374306288051 ], [ -1.903887802506623, 42.040222060218817 ], [ -1.903825544652805, 42.040068334634981 ], [ -1.903761605798766, 42.039920271512273 ], [ -1.903743352753687, 42.039796258721772 ], [ -1.903735408023345, 42.039688628923415 ], [ -1.903735572419705, 42.039546789095922 ], [ -1.903740390836087, 42.039223749173743 ], [ -1.90374314302889, 42.039021118115834 ], [ -1.903740968738749, 42.038925994817674 ], [ -1.903706430931289, 42.038871067904331 ], [ -1.903661070727204, 42.03882953823944 ], [ -1.903520700007269, 42.038739254181948 ], [ -1.903353176838133, 42.038644765681688 ], [ -1.903223807310094, 42.038570927654554 ], [ -1.90305881053597, 42.038505143855268 ], [ -1.903020815619201, 42.038432733724946 ], [ -1.903052167973637, 42.038276011630728 ], [ -1.903029032370047, 42.038173897105317 ], [ -1.902996202250094, 42.037974303334437 ], [ -1.902964039579442, 42.037781502276452 ], [ -1.902965973721554, 42.037626142653536 ], [ -1.902987106092606, 42.037450729078124 ], [ -1.903014585314902, 42.037303521269969 ], [ -1.903040783256155, 42.037227780780071 ], [ -1.90314858392319, 42.037195000950767 ], [ -1.903351315430709, 42.037172738937308 ], [ -1.903553294082238, 42.037151041281298 ], [ -1.903543524175581, 42.036930841455977 ], [ -1.903544663494551, 42.036775528242877 ], [ -1.903539564545639, 42.03667808842863 ], [ -1.903546117219401, 42.03664830820432 ], [ -1.903560513465998, 42.036602275145647 ], [ -1.903645043016072, 42.036515856241635 ], [ -1.903788520313745, 42.036428284611112 ], [ -1.90383159708992, 42.036338060679512 ], [ -1.903830705743231, 42.036257557134199 ], [ -1.903831606512811, 42.036205215821319 ], [ -1.90383994876949, 42.036160291233621 ], [ -1.903877609540851, 42.036122913960327 ], [ -1.903971547085192, 42.036104682334582 ], [ -1.903964279345691, 42.035825409756654 ], [ -1.903953064408801, 42.035553958486901 ], [ -1.903900623284289, 42.035311991434355 ], [ -1.903850917569893, 42.035040225652203 ], [ -1.903806184695824, 42.034787025475055 ], [ -1.903752592017959, 42.034787085483813 ], [ -1.903697739077354, 42.034552953391632 ], [ -1.903643061878212, 42.034351493804984 ], [ -1.903578691958507, 42.034141489043861 ], [ -1.903476430262101, 42.033855679767086 ], [ -1.90338826303737, 42.033581812506029 ], [ -1.903374081616122, 42.03335369875424 ], [ -1.903327602288429, 42.033202392228041 ], [ -1.90330992051559, 42.033131302942721 ], [ -1.903280591344294, 42.032992571150224 ], [ -1.903253673817572, 42.032759814421631 ], [ -1.903256536223999, 42.032550469907811 ], [ -1.903250106221906, 42.032441179224953 ], [ -1.903226062067459, 42.032256885677896 ], [ -1.903174330276705, 42.032017176560814 ], [ -1.903132743724067, 42.031802849963093 ], [ -1.903116443818107, 42.031651850656282 ], [ -1.903115586588428, 42.031394051913345 ], [ -1.903113143142568, 42.031317447664385 ], [ -1.903045062343012, 42.031236891795196 ], [ -1.902957307775952, 42.031160610523806 ], [ -1.902901878644289, 42.030960246582559 ], [ -1.902848593763105, 42.030678283097203 ], [ -1.902799683658204, 42.030449836268787 ], [ -1.902678361561085, 42.030171170647726 ], [ -1.902561144945961, 42.029875112167829 ], [ -1.90248441933705, 42.029684667591376 ], [ -1.902454764404665, 42.029607820199402 ], [ -1.902331070712375, 42.029294804325865 ], [ -1.902271289468294, 42.029303765879774 ], [ -1.902258396845809, 42.029305357393319 ], [ -1.902200116363866, 42.029313801884143 ], [ -1.902184984894354, 42.029315908758491 ], [ -1.901977492888706, 42.029351659941113 ], [ -1.901769340739636, 42.029382869684817 ], [ -1.901629021800528, 42.029419816892975 ], [ -1.901420004208264, 42.02945776805101 ], [ -1.901080313528803, 42.029452817391316 ], [ -1.900957555029935, 42.029435339340985 ], [ -1.90095839964886, 42.029475295523 ], [ -1.900795362648778, 42.029495533353611 ], [ -1.900377298749604, 42.029547420785576 ], [ -1.899839873543078, 42.029626118584289 ], [ -1.899475337533137, 42.029664272128379 ], [ -1.898827470626794, 42.029273622250791 ], [ -1.898724260814935, 42.029006258185014 ], [ -1.8987118666557, 42.028974143854164 ], [ -1.898368008145216, 42.028861076824469 ], [ -1.897864498301057, 42.028378348027765 ], [ -1.89729482572524, 42.027833611393795 ], [ -1.896933926210696, 42.027485107193741 ], [ -1.896801498398542, 42.027372388549175 ], [ -1.896728892817172, 42.026857735821523 ], [ -1.895866003134796, 42.026507759175246 ], [ -1.89565450343482, 42.026426925948329 ], [ -1.895283734466724, 42.026343415586574 ], [ -1.894697339587084, 42.026288223501247 ], [ -1.894248893562222, 42.026287298375173 ], [ -1.893986061508067, 42.026336001718377 ], [ -1.893437415589012, 42.026366719225962 ], [ -1.892936439132275, 42.026393426734799 ], [ -1.892664611137659, 42.026396410001524 ], [ -1.892301586677155, 42.026476205710679 ], [ -1.891770071327703, 42.026520611861045 ], [ -1.891347901203734, 42.026527768324129 ], [ -1.890940689854703, 42.026588039208292 ], [ -1.890462916280012, 42.026665612384484 ], [ -1.890217194379433, 42.026731869345177 ], [ -1.889795294303338, 42.026896688663967 ], [ -1.889424370028993, 42.027043694099333 ], [ -1.889371104709654, 42.027064807644976 ], [ -1.889202601204763, 42.027114985596462 ], [ -1.888811016577215, 42.027186617673451 ], [ -1.888544187062568, 42.027248757876031 ], [ -1.8882520622132, 42.027288716329927 ], [ -1.887454181541169, 42.027367654608533 ], [ -1.88719000878209, 42.027407904727632 ], [ -1.88702389886566, 42.027419397480614 ], [ -1.886534400039699, 42.027453262872356 ], [ -1.886533873955463, 42.027453298297438 ], [ -1.886243782981189, 42.027464573227896 ], [ -1.886102943052831, 42.02731792343004 ], [ -1.886096981435718, 42.02731171416751 ], [ -1.886078512948773, 42.027310256004263 ], [ -1.885535285642624, 42.027267414635553 ], [ -1.884929230021134, 42.027213679434929 ], [ -1.884583231796941, 42.027139962550564 ], [ -1.883912112811262, 42.027136831796739 ], [ -1.883366323064871, 42.02683204423014 ], [ -1.883065113567189, 42.026659107616453 ], [ -1.882997485474712, 42.026596507617803 ], [ -1.882925443055687, 42.026486613199182 ], [ -1.882817158697775, 42.026245790509805 ], [ -1.882653925863023, 42.025952618688827 ], [ -1.882555464686627, 42.025670782344356 ], [ -1.882495006647014, 42.025459105997122 ], [ -1.882628280967314, 42.025350066513965 ], [ -1.882842169931674, 42.025207466404915 ], [ -1.882929490392744, 42.02509351205066 ], [ -1.883222137693488, 42.024526900341904 ], [ -1.883222543988806, 42.024526116231122 ], [ -1.883425443642357, 42.024148160530586 ], [ -1.883468208781448, 42.023904251419147 ], [ -1.883454729060665, 42.023854593817724 ], [ -1.883445069243336, 42.023804423983044 ], [ -1.883342437794721, 42.023627791610224 ], [ -1.883129935731514, 42.023390989689368 ], [ -1.882959959925652, 42.023226093575765 ], [ -1.882798883701276, 42.023070291188951 ], [ -1.882494370701521, 42.022827538875184 ], [ -1.882351763713613, 42.022738292326672 ], [ -1.882126778138341, 42.022652251135085 ], [ -1.88159988291323, 42.022539853850617 ], [ -1.881529581734798, 42.022524857524196 ], [ -1.881352953557486, 42.022482593576733 ], [ -1.881133633538385, 42.022417999583098 ], [ -1.880834283440806, 42.022312601039296 ], [ -1.880622579080548, 42.022203035467108 ], [ -1.880535795093442, 42.022113245815973 ], [ -1.880479154001105, 42.02202825335133 ], [ -1.880429381836493, 42.021941077150501 ], [ -1.880442806018594, 42.02182190504022 ], [ -1.880503957673166, 42.021692462783228 ], [ -1.880594935682215, 42.02154079076594 ], [ -1.880604010876599, 42.021515143341766 ], [ -1.880644960300613, 42.021399418932035 ], [ -1.880525040059376, 42.02122204346837 ], [ -1.880143215339967, 42.020697666329433 ], [ -1.879731989685526, 42.02038576307357 ], [ -1.879477675044968, 42.020167657879618 ], [ -1.879366893514841, 42.020111979145504 ], [ -1.879206065465898, 42.020029913535723 ], [ -1.879065257646338, 42.019923842889106 ], [ -1.878839872989316, 42.019689730644195 ], [ -1.878784777211607, 42.019643110903196 ], [ -1.878656144932423, 42.019534267621495 ], [ -1.878629747473778, 42.019483573567022 ], [ -1.878624033958935, 42.019472606424181 ], [ -1.878616814938307, 42.019368395157116 ], [ -1.878613943353791, 42.019231024068468 ], [ -1.878598576055, 42.019075490957015 ], [ -1.878572815170445, 42.018993050847868 ], [ -1.878524265060149, 42.018878879871536 ], [ -1.878453531755182, 42.018779671584213 ], [ -1.878397286039519, 42.018717792486093 ], [ -1.878247058661482, 42.018632433682932 ], [ -1.878067562039228, 42.018537791124089 ], [ -1.877897135100201, 42.018442129161969 ], [ -1.877766624532887, 42.018349658256533 ], [ -1.877261261993567, 42.017943384508101 ], [ -1.87692754096845, 42.017645145429881 ], [ -1.876690275918864, 42.017404143404747 ], [ -1.876633296748677, 42.017338879735128 ], [ -1.87655814552683, 42.01723285867056 ], [ -1.876420625906721, 42.017156641822403 ], [ -1.876338827371724, 42.017125962102782 ], [ -1.876080142840312, 42.017028933479637 ], [ -1.875736310253049, 42.016878629240075 ], [ -1.875376281871513, 42.016706807361373 ], [ -1.875136736578741, 42.016592424071412 ], [ -1.874968347798343, 42.016510832302707 ], [ -1.874876305680226, 42.016464924785055 ], [ -1.87483927949044, 42.016424019242855 ], [ -1.874816867490746, 42.016368094587165 ], [ -1.874790848694694, 42.016303633371002 ], [ -1.874792234190808, 42.016180376461378 ], [ -1.874805101182257, 42.0160932570424 ], [ -1.874822246631511, 42.016021378863627 ], [ -1.874820983628254, 42.015963950308461 ], [ -1.874816087882888, 42.015857527930265 ], [ -1.874791852640028, 42.015776241215498 ], [ -1.874741512693451, 42.015589967855682 ], [ -1.874645586328439, 42.015425236776792 ], [ -1.874533739034238, 42.015268167103322 ], [ -1.874527706003174, 42.015259695910629 ], [ -1.874474555511491, 42.015207256970847 ], [ -1.874365211339912, 42.0150993635296 ], [ -1.874162790768, 42.014978627967068 ], [ -1.873930191138199, 42.014858091314984 ], [ -1.873635791383682, 42.014730255919588 ], [ -1.873373214355535, 42.014595963789894 ], [ -1.873291913553464, 42.014541117945555 ], [ -1.87325126423829, 42.014492872076104 ], [ -1.87322942703165, 42.01444650859424 ], [ -1.873203314098053, 42.014345506868331 ], [ -1.8731816824761, 42.014030065669708 ], [ -1.873174664073406, 42.013869317896201 ], [ -1.873174182129994, 42.013858307268968 ], [ -1.873133212837568, 42.013741402857484 ], [ -1.873090276846986, 42.013652037991342 ], [ -1.872977274349376, 42.013423502662867 ], [ -1.872861337569107, 42.013238281999456 ], [ -1.872715921293877, 42.013094453588387 ], [ -1.872490479821043, 42.012953183881685 ], [ -1.872058762894636, 42.012720704776605 ], [ -1.871979449097777, 42.012677995715727 ], [ -1.871852697341396, 42.012609737335332 ], [ -1.871408012052001, 42.012401579956453 ], [ -1.871184213146106, 42.012338049606079 ], [ -1.87084660014812, 42.012307721910688 ], [ -1.870196948175979, 42.012293986774218 ], [ -1.869812086882289, 42.012289088116269 ], [ -1.869656404205646, 42.012301060202745 ], [ -1.869603184160482, 42.01232301979627 ], [ -1.869448956005033, 42.012422854058649 ], [ -1.869301675164722, 42.012554801543693 ], [ -1.869210604703961, 42.01262482481949 ], [ -1.869156541377528, 42.012652436456719 ], [ -1.868855583612382, 42.01276658094443 ], [ -1.868559292360849, 42.012874532765018 ], [ -1.86824547325267, 42.012949698586709 ], [ -1.868052202015801, 42.012994476739571 ], [ -1.867820164260305, 42.013183019668709 ], [ -1.867630467689202, 42.013366355330717 ], [ -1.867496397340862, 42.01360371090967 ], [ -1.867352884923451, 42.013865726495105 ], [ -1.867259431176432, 42.014027491490339 ], [ -1.867097452259853, 42.014178987256052 ], [ -1.866831407210348, 42.014368300245962 ], [ -1.866771123240605, 42.014448199367713 ], [ -1.866680103430884, 42.01460096793366 ], [ -1.866575937095526, 42.014728298451907 ], [ -1.866415751821179, 42.014820156670524 ], [ -1.866151249774019, 42.014881142175533 ], [ -1.865870725438031, 42.014908212545947 ], [ -1.865646535348126, 42.014949898093661 ], [ -1.865569905796987, 42.014974988343532 ], [ -1.865376245838656, 42.015038396975484 ], [ -1.865158114519418, 42.015081285281163 ], [ -1.864845315577793, 42.015083108648867 ], [ -1.864836600917047, 42.015083157554564 ], [ -1.864800268538853, 42.015083370117004 ], [ -1.864591645074967, 42.015101007214589 ], [ -1.864585356527283, 42.015028897854982 ], [ -1.864588756387183, 42.014965887191927 ], [ -1.864310616051821, 42.014562357906762 ], [ -1.864146996673523, 42.014297306206153 ], [ -1.864053672798954, 42.014112849903974 ], [ -1.863908467987008, 42.013706137386755 ], [ -1.863828318776681, 42.013459896393719 ], [ -1.863661238860018, 42.013220170994536 ], [ -1.86338708040455, 42.012932069566226 ], [ -1.86304452544316, 42.012629753254721 ], [ -1.862736487984268, 42.012380717910887 ], [ -1.862486954018952, 42.012238082069665 ], [ -1.862135236474414, 42.012108499889209 ], [ -1.861881196911737, 42.012004662925534 ], [ -1.86166925151621, 42.011829178599697 ], [ -1.861538283660624, 42.011681533621385 ], [ -1.86134028543094, 42.011484233775917 ], [ -1.861262846216843, 42.011338822631217 ], [ -1.861262829400897, 42.011256629499265 ], [ -1.861363256535151, 42.011125926150406 ], [ -1.861629265842587, 42.010897172581643 ], [ -1.861832171048927, 42.01073649843056 ], [ -1.861964417306754, 42.010599381338977 ], [ -1.862046048920454, 42.010468454982203 ], [ -1.862041633709867, 42.010333301655663 ], [ -1.862014859343046, 42.010226111466721 ], [ -1.861932269667112, 42.010117202408168 ], [ -1.8616221160277, 42.009987482265899 ], [ -1.860855525567106, 42.009762589248943 ], [ -1.860827070806051, 42.009749625733981 ], [ -1.860585273021041, 42.009639458759985 ], [ -1.860467436272405, 42.009552515847879 ], [ -1.860442959969791, 42.009534458052549 ], [ -1.860343657401062, 42.009433829974192 ], [ -1.860291650182634, 42.00930217134502 ], [ -1.860256781172467, 42.009141389350809 ], [ -1.860269341028677, 42.008986720870077 ], [ -1.860396213255598, 42.008771250877416 ], [ -1.860559574620893, 42.00850099189492 ], [ -1.860648711367537, 42.008152932962638 ], [ -1.860652897425729, 42.008136596258076 ], [ -1.860679854751801, 42.007724280338941 ], [ -1.860677745841708, 42.007377495126342 ], [ -1.860604888878208, 42.00714767979769 ], [ -1.860409381636207, 42.00681195644384 ], [ -1.860150592778408, 42.006427720525728 ], [ -1.85988152723216, 42.006067614730462 ], [ -1.85981778746548, 42.005990584197711 ], [ -1.859552794538283, 42.005670326664315 ], [ -1.859327346195369, 42.005490753485354 ], [ -1.858702295052875, 42.00516255869492 ], [ -1.858676486176628, 42.005148306007278 ], [ -1.858454177795807, 42.005025552625433 ], [ -1.858303994107921, 42.00489686137697 ], [ -1.858276348013814, 42.004853004070576 ], [ -1.858224015221418, 42.004769970718023 ], [ -1.858134664896673, 42.004575425634236 ], [ -1.857956689308926, 42.004399736370381 ], [ -1.857463324050491, 42.004178648523606 ], [ -1.85716575115684, 42.004022589522066 ], [ -1.856899362394683, 42.003809956350253 ], [ -1.856595190825643, 42.003612238264878 ], [ -1.856594241906444, 42.003611620875112 ], [ -1.856531734051061, 42.003647000633642 ], [ -1.856491320474679, 42.003669141208675 ], [ -1.85627067312044, 42.003473858413585 ], [ -1.856044070639261, 42.003318467646018 ], [ -1.855815620505251, 42.003221640605972 ], [ -1.85561803475466, 42.003127921855764 ], [ -1.855535133474448, 42.003081500010502 ], [ -1.855380512840475, 42.002951062957287 ], [ -1.855189666772104, 42.002775222118665 ], [ -1.855068668468687, 42.002663677823392 ], [ -1.85499673808654, 42.002600162661011 ], [ -1.854941644218504, 42.002551513981651 ], [ -1.854869267750987, 42.00250575054887 ], [ -1.854803577344118, 42.00250623897049 ], [ -1.854721989443282, 42.002510476637035 ], [ -1.854484896624452, 42.00258950574645 ], [ -1.854454746250403, 42.002599557776136 ], [ -1.85423788497698, 42.002700425438469 ], [ -1.853910437877787, 42.002861500075703 ], [ -1.853633984348726, 42.003000584920223 ], [ -1.853488759552699, 42.003061624879614 ], [ -1.853209283958345, 42.003159578375957 ], [ -1.852818660534071, 42.003294804126455 ], [ -1.852742992257874, 42.003320999681023 ], [ -1.852254447669241, 42.003501281272342 ], [ -1.851918662312314, 42.003666233251586 ], [ -1.851543580747696, 42.00383531320238 ], [ -1.851480320849589, 42.003868431058464 ], [ -1.851336608415332, 42.003968886710815 ], [ -1.851156724140114, 42.004155450339262 ], [ -1.851143619476017, 42.004169040525831 ], [ -1.850986277985398, 42.004312089601243 ], [ -1.850829303849674, 42.004437774060705 ], [ -1.850535412908719, 42.004623965243354 ], [ -1.850342273689718, 42.004744156755031 ], [ -1.850211771458127, 42.004825037141721 ], [ -1.850068343264594, 42.00486864520623 ], [ -1.849838334714875, 42.004899560031753 ], [ -1.849621438836071, 42.004957607207807 ], [ -1.849587615884627, 42.004967981399815 ], [ -1.849486358435094, 42.004999028579228 ], [ -1.849429208296086, 42.005050004214638 ], [ -1.849349066331678, 42.005121490321649 ], [ -1.849205626204298, 42.005250645104148 ], [ -1.849081181872017, 42.005497076942767 ], [ -1.84900654657416, 42.005699522495881 ], [ -1.848976219175265, 42.005875405547087 ], [ -1.848987935320638, 42.006102929980187 ], [ -1.848985381862537, 42.006288112415973 ], [ -1.848967296626395, 42.006451726218899 ], [ -1.848925077944221, 42.006658476721967 ], [ -1.848915081632121, 42.006795719643186 ], [ -1.848871306542002, 42.006919118597047 ], [ -1.848778405767694, 42.007048207745164 ], [ -1.848649583523916, 42.007202829165934 ], [ -1.848511264377456, 42.007341036350027 ], [ -1.848432311669524, 42.007448334400642 ], [ -1.848342610322243, 42.00756732661285 ], [ -1.848246298830058, 42.007677251362487 ], [ -1.848149023460718, 42.007755643737767 ], [ -1.848002686126452, 42.007833543611717 ], [ -1.847818512221477, 42.007919529556602 ], [ -1.847532126141005, 42.008021938059308 ], [ -1.847515371230207, 42.008027930242392 ], [ -1.847466150662645, 42.008039238970717 ], [ -1.847392543550557, 42.008058790475722 ], [ -1.847355293362718, 42.008020162352025 ], [ -1.847250543094861, 42.007911523662521 ], [ -1.847228091688726, 42.007888237126494 ], [ -1.847183205885671, 42.007841794805643 ], [ -1.847033225953952, 42.002503253956206 ], [ -1.849238583206925, 42.000085213645328 ], [ -1.851327529073722, 41.998071295787376 ], [ -1.847391824345836, 41.990700017517057 ], [ -1.844668186897369, 41.989096488496749 ], [ -1.844047943635493, 41.987334004421641 ], [ -1.8541949412574, 41.98161814597929 ], [ -1.862329789981883, 41.978276626506513 ], [ -1.865190584228958, 41.977601298507992 ], [ -1.856544105784752, 41.966401552676153 ], [ -1.856543651632246, 41.966400967231337 ], [ -1.856549384974357, 41.966396863324995 ], [ -1.860599102531852, 41.963497924934302 ], [ -1.860638761652903, 41.963469533683785 ], [ -1.860650879155805, 41.963461651646384 ], [ -1.877594334684643, 41.952434767613468 ], [ -1.890705505814375, 41.947797234210476 ], [ -1.895671333547112, 41.947110548371164 ], [ -1.906667394229388, 41.945589169525597 ] ] ] ] } },
{ "type": "Feature", "properties": { "codatzbs": "130112", "n_zbs": "HARO", "ccaa_cd": "ES23", "area": "La Rioja" }, "geometry": { "type": "MultiPolygon", "coordinates": [ [ [ [ -2.880277304195444, 42.618836652793611 ], [ -2.880331092904966, 42.618841540541716 ], [ -2.882144644205728, 42.620726192160625 ], [ -2.882229021313498, 42.621184999822852 ], [ -2.883527457818977, 42.624428203735285 ], [ -2.883526917946328, 42.624429267535533 ], [ -2.881711070814168, 42.626717103750131 ], [ -2.881709801788644, 42.626718701670931 ], [ -2.881706378848149, 42.626722523025705 ], [ -2.876592226401484, 42.630768529440132 ], [ -2.876579668127071, 42.630778463538441 ], [ -2.876295216441391, 42.631003456138259 ], [ -2.874544710762952, 42.631421765342324 ], [ -2.87454451726446, 42.631421811573311 ], [ -2.872390852373808, 42.631800692905443 ], [ -2.868232756686494, 42.632929828112395 ], [ -2.868231036983331, 42.632930238986788 ], [ -2.868229353039104, 42.632930642305034 ], [ -2.868229083172093, 42.632930663593086 ], [ -2.864985330421202, 42.632926849872248 ], [ -2.864086193711683, 42.633257469234955 ], [ -2.864086072142113, 42.633257478824788 ], [ -2.864081857564454, 42.633257811537312 ], [ -2.864072940218389, 42.633264235506999 ], [ -2.864072691007258, 42.633264414950467 ], [ -2.863166161545346, 42.633789226604826 ], [ -2.859622231038109, 42.636468950713699 ], [ -2.859616451934368, 42.636473111934052 ], [ -2.859598566555158, 42.636485986124811 ], [ -2.858094248143056, 42.638203693357568 ], [ -2.8564131227392, 42.637472678763089 ], [ -2.856386263318339, 42.637462571364317 ], [ -2.854207153833544, 42.63664243816315 ], [ -2.854169653587173, 42.63661910539571 ], [ -2.842897595715168, 42.629604946851394 ], [ -2.84289418017269, 42.629602821331829 ], [ -2.842893974239724, 42.629602267200568 ], [ -2.842239970459718, 42.627936912851744 ], [ -2.84223954633002, 42.627935840592386 ], [ -2.842239651434213, 42.627935268876747 ], [ -2.843079955218877, 42.623461329179221 ], [ -2.843080307475828, 42.623459451976956 ], [ -2.843082313695979, 42.623456933133767 ], [ -2.847665282334258, 42.617706148499494 ], [ -2.848075451251064, 42.617191403656292 ], [ -2.848083053771674, 42.617181862300058 ], [ -2.848082968867919, 42.617181677570798 ], [ -2.847586189324753, 42.616055491657725 ], [ -2.845753116678734, 42.61504705102319 ], [ -2.844432291397714, 42.614320379602304 ], [ -2.841870730454999, 42.610075657378282 ], [ -2.841801239916806, 42.608599214002275 ], [ -2.84103102854575, 42.608551658680497 ], [ -2.84000929132838, 42.608488569909746 ], [ -2.837143789376966, 42.60870967801614 ], [ -2.837143740599015, 42.608709682449664 ], [ -2.834350627084, 42.609182910336401 ], [ -2.832470534186851, 42.610116789661717 ], [ -2.828003257069798, 42.61193831701371 ], [ -2.826282434261698, 42.6125390765094 ], [ -2.824294490073906, 42.612752124210417 ], [ -2.819900166728373, 42.614501410854174 ], [ -2.819900117918753, 42.614501424285997 ], [ -2.818771365700853, 42.612716469606234 ], [ -2.81873612375185, 42.612266121726037 ], [ -2.819030871988512, 42.611546133512853 ], [ -2.819440286952457, 42.609115209318524 ], [ -2.82077668495754, 42.60652366518773 ], [ -2.820985497374712, 42.605965618798876 ], [ -2.821072708126795, 42.605335307639947 ], [ -2.821391761064002, 42.604606351008613 ], [ -2.821955491775663, 42.603571556235771 ], [ -2.823643785119522, 42.601457836149272 ], [ -2.821842856586133, 42.601116087430952 ], [ -2.821828431284347, 42.601113349776178 ], [ -2.821824171009623, 42.60111115025915 ], [ -2.818992288932967, 42.599648250768588 ], [ -2.818183228297308, 42.597117250200434 ], [ -2.818183101461766, 42.59711685374738 ], [ -2.818183477423789, 42.597115413428334 ], [ -2.819477477278462, 42.592140372608377 ], [ -2.822350459161762, 42.589054916774799 ], [ -2.822350587529159, 42.589054777384924 ], [ -2.822350831615919, 42.589054660688802 ], [ -2.830539964944371, 42.585073786846891 ], [ -2.83055155784687, 42.585068152888446 ], [ -2.830559143918516, 42.585066025243101 ], [ -2.837309378193107, 42.583170506543667 ], [ -2.837381537216864, 42.583151440247875 ], [ -2.838881741905207, 42.582667250193069 ], [ -2.839699076388384, 42.582335199251631 ], [ -2.84023611174092, 42.582029748503722 ], [ -2.840773365589695, 42.581616251765212 ], [ -2.840799949390297, 42.581464666126443 ], [ -2.840847581747662, 42.581193066688613 ], [ -2.839004409866446, 42.577669168180392 ], [ -2.839004288729512, 42.577668888831809 ], [ -2.838580392676262, 42.576704942341983 ], [ -2.838350755417975, 42.575993156661831 ], [ -2.838243213020423, 42.575164458098037 ], [ -2.837668930828766, 42.571129005462339 ], [ -2.837666516465021, 42.571125030499807 ], [ -2.836385229411785, 42.569603132161042 ], [ -2.835749753582855, 42.568848314206519 ], [ -2.830322366814924, 42.564989719363652 ], [ -2.828521975782173, 42.563709573705673 ], [ -2.828502631791772, 42.563695815451005 ], [ -2.82850162186996, 42.563693133820635 ], [ -2.826634651248028, 42.558730939713207 ], [ -2.825322412657068, 42.555242689046494 ], [ -2.825322261523077, 42.555242283555593 ], [ -2.824995419981529, 42.554944359669577 ], [ -2.824995322482575, 42.554944377532259 ], [ -2.82499400019396, 42.554944605160458 ], [ -2.822972613485148, 42.55474335123391 ], [ -2.822972516049579, 42.554743346580501 ], [ -2.821851998460209, 42.554723559748275 ], [ -2.821851900999134, 42.554723564099625 ], [ -2.820816346972542, 42.55481200289401 ], [ -2.820816279951006, 42.554812011795008 ], [ -2.820097156912456, 42.554972954143253 ], [ -2.820097108175204, 42.554972958569635 ], [ -2.819670108774849, 42.555197429425569 ], [ -2.817433692641186, 42.557661511588627 ], [ -2.817152149843205, 42.558129351769473 ], [ -2.817102202548676, 42.55857056536923 ], [ -2.817402123395784, 42.56012005893534 ], [ -2.817619965721641, 42.560615688670694 ], [ -2.817727563705899, 42.561291334775859 ], [ -2.817601792497523, 42.562641999556895 ], [ -2.817293672085169, 42.563875317112071 ], [ -2.817293659784106, 42.563875357618429 ], [ -2.815819906177349, 42.567844536479036 ], [ -2.815595787826082, 42.568156528495877 ], [ -2.81547738940376, 42.56832135148526 ], [ -2.815331838857533, 42.568476254867115 ], [ -2.81490291227447, 42.568932740581957 ], [ -2.814207227124932, 42.56931887616733 ], [ -2.813634073542022, 42.56949806433343 ], [ -2.813036782522561, 42.569587123768464 ], [ -2.812704367100202, 42.569550454273468 ], [ -2.812208575340641, 42.569495753205189 ], [ -2.810650705089174, 42.568943826915195 ], [ -2.806671634701669, 42.567298024735749 ], [ -2.805297796167083, 42.56638607080324 ], [ -2.804167902850845, 42.565366458976371 ], [ -2.803488141261248, 42.564599789244845 ], [ -2.803196934763512, 42.56422101095702 ], [ -2.802735067989758, 42.563868979876354 ], [ -2.80187134380702, 42.563480264808042 ], [ -2.800775589570857, 42.563271223117432 ], [ -2.798120326645313, 42.563077392449735 ], [ -2.795830045646758, 42.563046281224132 ], [ -2.793831251588822, 42.563294841578667 ], [ -2.790527859693232, 42.563847175120536 ], [ -2.788614513445804, 42.564041721828424 ], [ -2.78756621528135, 42.564201890706642 ], [ -2.786749715462272, 42.564263403693765 ], [ -2.784472054644879, 42.564106025219921 ], [ -2.783766480522196, 42.563825474632239 ], [ -2.783268697523359, 42.563329211237701 ], [ -2.782736437395934, 42.56224750036457 ], [ -2.78234219212122, 42.56000427480577 ], [ -2.782407309124333, 42.55880660446141 ], [ -2.78254431730581, 42.557951317949772 ], [ -2.782951080789322, 42.556583191986263 ], [ -2.78372537755262, 42.554603380259934 ], [ -2.784867055419693, 42.552047884038608 ], [ -2.785785790961262, 42.550545623276797 ], [ -2.786153784973585, 42.549798816993565 ], [ -2.786265991366999, 42.549033566062285 ], [ -2.786231442266311, 42.548475106154982 ], [ -2.785843784269333, 42.547843943133344 ], [ -2.785224396667258, 42.547329476782174 ], [ -2.78432444837089, 42.546931523224941 ], [ -2.783496833770055, 42.546767826660435 ], [ -2.781913353733505, 42.546809842216646 ], [ -2.781169824823611, 42.546988535365074 ], [ -2.780741939425919, 42.547420001247467 ], [ -2.78034976905794, 42.548112664287935 ], [ -2.780129141005498, 42.548499489582738 ], [ -2.779746294491543, 42.549993742670807 ], [ -2.779464440700553, 42.550479490082481 ], [ -2.779011898508343, 42.551009983513694 ], [ -2.778327773294997, 42.55157602530727 ], [ -2.778315486566345, 42.551594004117774 ], [ -2.777339058075376, 42.552159468690469 ], [ -2.776533868892747, 42.552509135275024 ], [ -2.776400431324687, 42.552364716579241 ], [ -2.774216154023319, 42.550081941013296 ], [ -2.774034585538705, 42.549784373876896 ], [ -2.773964997839313, 42.548820645292956 ], [ -2.773639942761942, 42.544416106166501 ], [ -2.773592902255246, 42.543956704628023 ], [ -2.773278297554975, 42.543388721427498 ], [ -2.772451779922959, 42.542945796935271 ], [ -2.771734137978663, 42.542701191303998 ], [ -2.767652115592767, 42.543260263131657 ], [ -2.765568047844186, 42.543652258685071 ], [ -2.763277929817619, 42.543782617123689 ], [ -2.762182110775202, 42.543708289163689 ], [ -2.761122155352982, 42.54380515107529 ], [ -2.76041509149653, 42.543983767638061 ], [ -2.759696115295419, 42.544081316130701 ], [ -2.758965284247491, 42.544097808162697 ], [ -2.755423124715642, 42.543612862044114 ], [ -2.752613288571014, 42.542724259070191 ], [ -2.751276235423644, 42.542081928333126 ], [ -2.749576841519574, 42.540673287144848 ], [ -2.748993177846477, 42.540446873085472 ], [ -2.748348034422398, 42.540364404984622 ], [ -2.747726550871566, 42.540462075391403 ], [ -2.746981940456203, 42.540901691333694 ], [ -2.74541677351971, 42.542456205928758 ], [ -2.744634880349689, 42.543048849304661 ], [ -2.743902595253751, 42.543425490396331 ], [ -2.741890528665049, 42.544042322482554 ], [ -2.74070825503902, 42.544255798103791 ], [ -2.736922562406033, 42.543778782416588 ], [ -2.735718049777208, 42.543505807949302 ], [ -2.734781561783639, 42.543188439447789 ], [ -2.731950738737604, 42.541614775297667 ], [ -2.731075039331807, 42.541342544023458 ], [ -2.72788714236456, 42.540677553213527 ], [ -2.724783741470978, 42.540192709927226 ], [ -2.721461658515598, 42.539617315650105 ], [ -2.720683394483475, 42.539363283026688 ], [ -2.719565929817802, 42.538712120311949 ], [ -2.719311761035105, 42.538369250258768 ], [ -2.719155374917402, 42.537945576016789 ], [ -2.719279925235488, 42.537324501849277 ], [ -2.720173729459611, 42.536245993993383 ], [ -2.723143546215064, 42.53383974340386 ], [ -2.724949368284442, 42.533033505224736 ], [ -2.725741914980405, 42.532792284527829 ], [ -2.726863244268436, 42.532551887471328 ], [ -2.728886002673204, 42.532223434884784 ], [ -2.732859163399187, 42.531386279728004 ], [ -2.73348124490045, 42.531144534065511 ], [ -2.73401836675693, 42.530812616985301 ], [ -2.734482945090507, 42.53038141031859 ], [ -2.735694514299091, 42.528952271428402 ], [ -2.737408566976971, 42.526713808491849 ], [ -2.738679813403291, 42.525518941618216 ], [ -2.742638985821959, 42.522051695159533 ], [ -2.743372720715505, 42.521269811977604 ], [ -2.743801518103151, 42.520604355520874 ], [ -2.744023638548189, 42.519884356757395 ], [ -2.743758106962867, 42.519325421032399 ], [ -2.743068547612102, 42.518252156723499 ], [ -2.742328685647309, 42.517593063636561 ], [ -2.74117522246616, 42.51686094776899 ], [ -2.739690557089324, 42.516740519034244 ], [ -2.735673452184002, 42.516686264326118 ], [ -2.734431370896841, 42.5167643841556 ], [ -2.731497241012603, 42.516829568896391 ], [ -2.730327950438515, 42.516970874586093 ], [ -2.729340536476466, 42.517283781103181 ], [ -2.726947533825185, 42.518863081419845 ], [ -2.72543444697893, 42.519660987017978 ], [ -2.723154725163996, 42.520357930960493 ], [ -2.722070666966399, 42.520472373045671 ], [ -2.719101005497235, 42.520275969486811 ], [ -2.717251873307264, 42.519965188553357 ], [ -2.715987426965741, 42.519601795934022 ], [ -2.714735532992876, 42.519157413065535 ], [ -2.712439304442773, 42.518133939640094 ], [ -2.711224885136209, 42.51749148833968 ], [ -2.710191792427298, 42.517128617990046 ], [ -2.709024357860548, 42.516855477339902 ], [ -2.706651541101492, 42.516633269067377 ], [ -2.705494506774391, 42.516765345985505 ], [ -2.705494441032957, 42.51676534671715 ], [ -2.702462749076735, 42.516865523761709 ], [ -2.70246270038245, 42.516865523635282 ], [ -2.701269810197408, 42.516844424011055 ], [ -2.701269761503144, 42.51684442388413 ], [ -2.699710979947375, 42.516957374685717 ], [ -2.698516970270839, 42.517179384092024 ], [ -2.698516921533026, 42.517179392969652 ], [ -2.696237342008684, 42.517812750332318 ], [ -2.696237305443824, 42.517812759241245 ], [ -2.695297796241165, 42.518242539165961 ], [ -2.694916534148229, 42.518334040929346 ], [ -2.694481202540834, 42.518438518798639 ], [ -2.694481202672449, 42.518438491781474 ], [ -2.694447312356566, 42.517916056416524 ], [ -2.694472034288612, 42.517826023398534 ], [ -2.694960654913936, 42.514990550334652 ], [ -2.696071395311218, 42.511886430935874 ], [ -2.695914617610247, 42.511588846322233 ], [ -2.695685165848588, 42.511209964537322 ], [ -2.696540374056447, 42.510563806416663 ], [ -2.698413190332115, 42.508407389335908 ], [ -2.699244348455063, 42.507689123058206 ], [ -2.700637770918026, 42.506485972856225 ], [ -2.700701362056999, 42.505909821600788 ], [ -2.700399563819745, 42.505395657604183 ], [ -2.700160493328685, 42.504485438620648 ], [ -2.699650820431352, 42.504168891685651 ], [ -2.699081010950624, 42.503699092124315 ], [ -2.69860873260691, 42.503202548444179 ], [ -2.698355125881824, 42.502796554316646 ], [ -2.698273363638819, 42.502075911331708 ], [ -2.698606109735505, 42.501221208875037 ], [ -2.699864969141597, 42.500134814202582 ], [ -2.69988952685691, 42.500080834293939 ], [ -2.700112813088788, 42.49920785844715 ], [ -2.700285055356587, 42.498821076397988 ], [ -2.698458470825276, 42.496510711550236 ], [ -2.697915125749726, 42.495626746398486 ], [ -2.697434219697256, 42.494409646690322 ], [ -2.696518580197654, 42.492515985832952 ], [ -2.696602222195716, 42.492477545936829 ], [ -2.698018689843218, 42.491826528688314 ], [ -2.69818864552937, 42.491636608239901 ], [ -2.699144285495059, 42.490568668963313 ], [ -2.700430160991533, 42.489116615950458 ], [ -2.700441191388494, 42.489104162622972 ], [ -2.700441240061233, 42.489104162750195 ], [ -2.700456286921027, 42.489102738620353 ], [ -2.702206425385645, 42.488937659046975 ], [ -2.703109419220596, 42.488399678224056 ], [ -2.704712214872112, 42.486414257713655 ], [ -2.704712820708355, 42.48641350728267 ], [ -2.704874544184425, 42.48566646639032 ], [ -2.705144406895442, 42.485136430229211 ], [ -2.705144732334781, 42.485135791648069 ], [ -2.704735805842149, 42.484576910299928 ], [ -2.704213871369283, 42.483863568453238 ], [ -2.704215177452687, 42.48386397258615 ], [ -2.704857795808973, 42.484063288762954 ], [ -2.70543881317734, 42.484695295096479 ], [ -2.707159522862725, 42.483609977758263 ], [ -2.709794390687934, 42.482166787017434 ], [ -2.711370101654441, 42.480819907221566 ], [ -2.712947997654995, 42.473700206778183 ], [ -2.71339887978818, 42.473548217495264 ], [ -2.713539663447666, 42.474674361383471 ], [ -2.713696014182327, 42.475053001132984 ], [ -2.716613549352932, 42.475555563249024 ], [ -2.716622516219558, 42.47625810297022 ], [ -2.717017557975869, 42.477682004968386 ], [ -2.717980460230943, 42.477288139163612 ], [ -2.719498784322055, 42.477823161217664 ], [ -2.719755208075804, 42.477625720705689 ], [ -2.722707249477696, 42.478587562584714 ], [ -2.722808298958528, 42.47775926197501 ], [ -2.723004300752338, 42.477453528729626 ], [ -2.723468231997396, 42.477094405532497 ], [ -2.724381880064477, 42.476817447433035 ], [ -2.726890049476207, 42.476364187929875 ], [ -2.728168170069756, 42.476205152403836 ], [ -2.729567674706562, 42.476109396218256 ], [ -2.731210557697029, 42.476005199748343 ], [ -2.732001904812999, 42.475853938857504 ], [ -2.734754780138996, 42.47504082732155 ], [ -2.737744002403443, 42.472994417403058 ], [ -2.739579958337387, 42.473223771193602 ], [ -2.739762316268543, 42.473251222933428 ], [ -2.748063454460718, 42.469145146246291 ], [ -2.75203584491596, 42.467442725967381 ], [ -2.756677374394398, 42.465642550780991 ], [ -2.7571774883517, 42.465292386513759 ], [ -2.757336260865392, 42.465148620719823 ], [ -2.757386782256908, 42.465523004994601 ], [ -2.757418930936216, 42.465761235669738 ], [ -2.757422972995338, 42.465769736812916 ], [ -2.758010170291968, 42.467005313969125 ], [ -2.759566148737407, 42.470421838277431 ], [ -2.760218326779734, 42.471657013497492 ], [ -2.761656645493418, 42.474100630056171 ], [ -2.762151595240139, 42.475110335768306 ], [ -2.762659645421284, 42.4758769022081 ], [ -2.763156108361473, 42.476481349486924 ], [ -2.763532227583318, 42.476761300278788 ], [ -2.76582992551692, 42.477716422948312 ], [ -2.765840129262863, 42.47772066306289 ], [ -2.766787029884958, 42.47827196213894 ], [ -2.768000260661352, 42.47918404971108 ], [ -2.769261074437937, 42.480420447978275 ], [ -2.777387431404516, 42.480670752297144 ], [ -2.778383354712494, 42.479751530434037 ], [ -2.779023174310508, 42.479160968773108 ], [ -2.779791884600884, 42.47854104155774 ], [ -2.780851859630598, 42.478101792662549 ], [ -2.781181324167092, 42.477832257479967 ], [ -2.78170692991508, 42.477121786580845 ], [ -2.782759372672116, 42.475349637836246 ], [ -2.788978897049597, 42.478090149211774 ], [ -2.796582644772662, 42.474393514552979 ], [ -2.797521193640536, 42.473854845782263 ], [ -2.800006669415764, 42.472697462486437 ], [ -2.80118949847707, 42.471807965834309 ], [ -2.801433148279977, 42.471700346881995 ], [ -2.803332212065873, 42.471298351115649 ], [ -2.803734074869639, 42.47115495872756 ], [ -2.804111610978454, 42.471029526189064 ], [ -2.806133135889083, 42.470330525683359 ], [ -2.809946334689825, 42.472480354285636 ], [ -2.811100010804172, 42.47313971778933 ], [ -2.810828259631414, 42.474490150794189 ], [ -2.810662906911427, 42.476858452889687 ], [ -2.810754975964174, 42.4786057290626 ], [ -2.810983779028823, 42.479389633263416 ], [ -2.811479351576808, 42.480462169505735 ], [ -2.811672430466834, 42.480975827155149 ], [ -2.812010113480845, 42.481966983294079 ], [ -2.812191825681345, 42.482246525445206 ], [ -2.813343843972514, 42.483527267120152 ], [ -2.813913254489496, 42.48433870518754 ], [ -2.814130546154618, 42.484906437566295 ], [ -2.815564283593724, 42.485611274137447 ], [ -2.816160214739211, 42.485702262619959 ], [ -2.818556603188242, 42.485931260330574 ], [ -2.820855310208492, 42.486286136059853 ], [ -2.821229394338708, 42.487367421446223 ], [ -2.822603897093324, 42.487540736677587 ], [ -2.823747123792009, 42.487749642338912 ], [ -2.825801899033075, 42.488329152935648 ], [ -2.833935481702547, 42.490944054590621 ], [ -2.834858929144119, 42.491449736747249 ], [ -2.833832516466279, 42.493051273479544 ], [ -2.831597180893378, 42.496146017187208 ], [ -2.831046966554168, 42.497099829959652 ], [ -2.830168211544214, 42.498026145825548 ], [ -2.831990928490663, 42.499055529463973 ], [ -2.833002281266249, 42.498606725368305 ], [ -2.834061866524338, 42.498302069015097 ], [ -2.834926382371568, 42.498159225181091 ], [ -2.835705363859632, 42.498124372325123 ], [ -2.836547192487359, 42.497315042293458 ], [ -2.838131630833275, 42.496407684369785 ], [ -2.839642335390072, 42.495779409749986 ], [ -2.841312388004218, 42.494674039300151 ], [ -2.8423092097968, 42.495107720126455 ], [ -2.843220316761149, 42.495766441036672 ], [ -2.844495452436616, 42.496812834517989 ], [ -2.84602645562002, 42.497769552896791 ], [ -2.849700704866176, 42.498242808014766 ], [ -2.851416511506192, 42.49834415138573 ], [ -2.85330291266306, 42.498319563809169 ], [ -2.854203479280066, 42.49832072377685 ], [ -2.855299461099314, 42.498042956583433 ], [ -2.858828094642207, 42.498380610025208 ], [ -2.862720987986334, 42.499069812887662 ], [ -2.864728017512119, 42.499558559103129 ], [ -2.865567622240321, 42.499649603082936 ], [ -2.86594492612323, 42.499632046777499 ], [ -2.868075565358218, 42.499247311369302 ], [ -2.86878158238478, 42.499203087077333 ], [ -2.87211496801501, 42.499792295699464 ], [ -2.873611315829289, 42.500091147778384 ], [ -2.87369645465608, 42.500118242157967 ], [ -2.875095531356429, 42.50038100173591 ], [ -2.876713508044434, 42.500770006346833 ], [ -2.879972595124905, 42.502124415659594 ], [ -2.881760322283965, 42.502864761053488 ], [ -2.882854802152959, 42.503334235423004 ], [ -2.883316861265647, 42.503586882921468 ], [ -2.8835112645062, 42.50378519185891 ], [ -2.884605755823843, 42.504263627402196 ], [ -2.887280710003774, 42.50576133151295 ], [ -2.887755354062912, 42.505815811856088 ], [ -2.888583050333658, 42.505798608662673 ], [ -2.890019524699253, 42.505673925684953 ], [ -2.89193417620719, 42.50355939526046 ], [ -2.899010133475203, 42.50825805982074 ], [ -2.899119171357832, 42.508564310241887 ], [ -2.898984709988999, 42.508897423211046 ], [ -2.898557603928662, 42.509554465023875 ], [ -2.898092843894006, 42.510922936579938 ], [ -2.8990996446215, 42.513049249904547 ], [ -2.899670290864764, 42.513977368597573 ], [ -2.90066648840629, 42.515212053003239 ], [ -2.901261586676503, 42.51614020353216 ], [ -2.901650105919892, 42.516761928832828 ], [ -2.90266974389138, 42.518645109479351 ], [ -2.903399202639761, 42.519267116728955 ], [ -2.909228007785527, 42.521100154190172 ], [ -2.910931181168359, 42.521957113357985 ], [ -2.913181636669826, 42.523327734783294 ], [ -2.913923460240524, 42.523922702425558 ], [ -2.914822756020016, 42.525112143464277 ], [ -2.916478175390609, 42.525428592384777 ], [ -2.917281379785661, 42.525735389673862 ], [ -2.917561098773258, 42.526005767278576 ], [ -2.917572756152082, 42.526348023612456 ], [ -2.917426105615244, 42.526744149654832 ], [ -2.916535926778708, 42.527770168287567 ], [ -2.916438135588872, 42.528040281978051 ], [ -2.91675419982667, 42.528391751254958 ], [ -2.917716382112844, 42.528239352369255 ], [ -2.921535465929091, 42.531493217245554 ], [ -2.922447764389766, 42.532286390811485 ], [ -2.924798698505693, 42.531594467405569 ], [ -2.924993568009409, 42.531549576776385 ], [ -2.92708844944962, 42.531118695760348 ], [ -2.929560602626766, 42.530868100324682 ], [ -2.931704140558574, 42.530410130167304 ], [ -2.932495680430784, 42.530383568152523 ], [ -2.933092134896119, 42.530519045033969 ], [ -2.933992892604367, 42.530825751235291 ], [ -2.934589479615209, 42.530889178249161 ], [ -2.936452921039661, 42.530439956776235 ], [ -2.937488061414992, 42.53030541341559 ], [ -2.940374947326076, 42.529253310838591 ], [ -2.943006219488348, 42.527903797023249 ], [ -2.944590211866103, 42.526679755777877 ], [ -2.945793912855018, 42.528562605181499 ], [ -2.946695089633405, 42.528427949386106 ], [ -2.948911150448215, 42.52836597823314 ], [ -2.94948335082698, 42.528483288830785 ], [ -2.950298453366931, 42.529303142801282 ], [ -2.950846092680289, 42.529708637883239 ], [ -2.951223686947657, 42.529555739687339 ], [ -2.951649775033653, 42.529564926081477 ], [ -2.953111437618763, 42.528971205179609 ], [ -2.954523051343731, 42.530052450591974 ], [ -2.958042906124708, 42.528793028025994 ], [ -2.959479824676786, 42.528541378135273 ], [ -2.96080726406807, 42.528127600215655 ], [ -2.962122616958525, 42.527641738195321 ], [ -2.966750552990733, 42.525598900548005 ], [ -2.967079795324228, 42.524698407097176 ], [ -2.968248827790165, 42.524266457479911 ], [ -2.968699440352333, 42.523996416998529 ], [ -2.969272004391634, 42.523537285706212 ], [ -2.970283202017895, 42.522069593547265 ], [ -2.970782599529911, 42.521619394570855 ], [ -2.972438843216775, 42.52055712848572 ], [ -2.972913872741756, 42.520115970519207 ], [ -2.97330332984108, 42.520341196392195 ], [ -2.973790290618572, 42.520422394744735 ], [ -2.9741800479813, 42.519963135446986 ], [ -2.974387388078164, 42.519044610597149 ], [ -2.975483326488574, 42.518459481736791 ], [ -2.976554781132649, 42.518072462456907 ], [ -2.977504504915034, 42.517802494381542 ], [ -2.97886792655888, 42.517874794405877 ], [ -2.979622638138332, 42.51812710572905 ], [ -2.980133762570197, 42.518550439839501 ], [ -2.980425839526226, 42.518946785330265 ], [ -2.980693445269933, 42.519469209618357 ], [ -2.981021894120099, 42.520450901039581 ], [ -2.981556809598813, 42.523008682709062 ], [ -2.98212846106821, 42.524782919663359 ], [ -2.983953534834637, 42.529016024245983 ], [ -2.984074905370591, 42.53052901388142 ], [ -2.984525077755397, 42.53183494260211 ], [ -2.985352484862241, 42.534302679628013 ], [ -2.986375258833172, 42.534609027270733 ], [ -2.987069589516719, 42.533924635243721 ], [ -2.987775915326536, 42.533501483942864 ], [ -2.988336092982257, 42.533249382770123 ], [ -2.988859718825116, 42.533132354609513 ], [ -2.98946862272865, 42.533222501078576 ], [ -2.990126079068199, 42.533474696655702 ], [ -2.990820093855151, 42.533925039378389 ], [ -2.992451653357705, 42.53519503656004 ], [ -2.994679871170588, 42.537113481164937 ], [ -2.994984255504659, 42.538743548304332 ], [ -2.996884001103132, 42.539148929766867 ], [ -3.002230149062887, 42.539959519925681 ], [ -3.00305824744827, 42.539959509823909 ], [ -3.004069039659546, 42.539581219665209 ], [ -3.006492607272809, 42.540184512122288 ], [ -3.006748320317238, 42.540364645194657 ], [ -3.006906716816376, 42.541166127218595 ], [ -3.008416888813081, 42.541634371830128 ], [ -3.011790220477712, 42.540796622798005 ], [ -3.012143509197923, 42.54148099271351 ], [ -3.01300817304489, 42.541111679237325 ], [ -3.014298824028729, 42.539814717686589 ], [ -3.014968475543842, 42.539292283959107 ], [ -3.015833036678876, 42.538913925211332 ], [ -3.016965497273564, 42.538517484614346 ], [ -3.018390265707148, 42.53822007729525 ], [ -3.019376569489232, 42.537904714683165 ], [ -3.020302042431992, 42.53769743861173 ], [ -3.020886465695406, 42.537454207952507 ], [ -3.022055396008307, 42.536967669201722 ], [ -3.023602516970689, 42.538498386456723 ], [ -3.024272640612879, 42.539371804548914 ], [ -3.025819313938877, 42.539596645267707 ], [ -3.026122412581292, 42.536129275543814 ], [ -3.026280398077561, 42.535309734712399 ], [ -3.026255436442774, 42.533886815560223 ], [ -3.028301217425895, 42.533895353331708 ], [ -3.029994262002512, 42.534894575636571 ], [ -3.031467623776022, 42.534606025659571 ], [ -3.034803692035096, 42.533731530168978 ], [ -3.036252617832613, 42.533451909347214 ], [ -3.036410915087526, 42.533433840302862 ], [ -3.037409415412796, 42.533325464088932 ], [ -3.040441073577938, 42.532748090194552 ], [ -3.041208192568388, 42.532738828198667 ], [ -3.044446615853516, 42.531864103903331 ], [ -3.045140648614566, 42.531737717691279 ], [ -3.047710009707498, 42.531898829471267 ], [ -3.048489291186057, 42.531862474569586 ], [ -3.050911787500038, 42.5310239015866 ], [ -3.052299347852232, 42.530302792249344 ], [ -3.053625808416973, 42.529374638823768 ], [ -3.054843083874029, 42.528977824988374 ], [ -3.055451656324306, 42.528707330097511 ], [ -3.056230488960562, 42.5282116432058 ], [ -3.060172826210618, 42.52539981624998 ], [ -3.061997252610245, 42.52346263574816 ], [ -3.063530673084791, 42.52280435410259 ], [ -3.06541706191868, 42.522091850084898 ], [ -3.067157549030024, 42.521586526862414 ], [ -3.071149787702669, 42.520620532866168 ], [ -3.072732134691674, 42.520340387124413 ], [ -3.074107658333078, 42.520195396132813 ], [ -3.076092064036724, 42.520194120053858 ], [ -3.076445897845066, 42.520824312757831 ], [ -3.072932188779516, 42.524960293682206 ], [ -3.072653419238118, 42.526077188471568 ], [ -3.072021329362038, 42.526978167584176 ], [ -3.071778633751904, 42.527671723298042 ], [ -3.07190088662288, 42.528103999696619 ], [ -3.072571439668554, 42.528923127747611 ], [ -3.073278288160629, 42.529436023044191 ], [ -3.07459419239768, 42.530191641442357 ], [ -3.076471814222779, 42.5322258259066 ], [ -3.076910154062591, 42.532252538340479 ], [ -3.078809639332938, 42.532179264218101 ], [ -3.080124342980149, 42.531863125139999 ], [ -3.08064750164278, 42.531484494435226 ], [ -3.081280254265367, 42.531177862699813 ], [ -3.081852626957348, 42.53122246464622 ], [ -3.084069999411371, 42.532184555170979 ], [ -3.08269603424368, 42.53370752793581 ], [ -3.082903495786791, 42.534049610216869 ], [ -3.083611042029272, 42.535021737824138 ], [ -3.084159394131311, 42.535318511494694 ], [ -3.085133785259507, 42.535443890402696 ], [ -3.085730712781719, 42.535650615342597 ], [ -3.086254805386151, 42.535974437078771 ], [ -3.087230052946416, 42.536730215808937 ], [ -3.088401099460863, 42.538179260823817 ], [ -3.089302431611281, 42.538277651201483 ], [ -3.091347202857609, 42.537528601568077 ], [ -3.094085505473371, 42.536409647258651 ], [ -3.096238952490054, 42.535056985675503 ], [ -3.096786186955359, 42.534579236857127 ], [ -3.098479157246454, 42.534802958123684 ], [ -3.099112783220478, 42.535072646911345 ], [ -3.09935702353601, 42.535495656857854 ], [ -3.099918198119752, 42.536170632612688 ], [ -3.102702698322027, 42.533619529216288 ], [ -3.107455690013193, 42.528770070939878 ], [ -3.109576161491895, 42.529830840385543 ], [ -3.111245449841854, 42.530486635236258 ], [ -3.117397825050906, 42.532263712164841 ], [ -3.118652508702502, 42.532532644305547 ], [ -3.121404749180305, 42.532637838773837 ], [ -3.125326581045742, 42.533110941893163 ], [ -3.128083605781386, 42.535620625552752 ], [ -3.129327651971943, 42.536582870090449 ], [ -3.130509431314228, 42.536842734205699 ], [ -3.131021687325692, 42.537211389167261 ], [ -3.131473367276051, 42.537733210238272 ], [ -3.131888740921652, 42.538390160330124 ], [ -3.132525317952312, 42.539956441493253 ], [ -3.13296543702494, 42.540730480306486 ], [ -3.133563731997341, 42.541522296966839 ], [ -3.134271282802742, 42.54205284902843 ], [ -3.131594574814864, 42.543334726906281 ], [ -3.129198243220747, 42.54348109358849 ], [ -3.127089042868623, 42.543609882960418 ], [ -3.126334347982548, 42.543808838046964 ], [ -3.126334340271048, 42.543808842320566 ], [ -3.126334281038323, 42.54380885793352 ], [ -3.125787149381763, 42.544112087814824 ], [ -3.125275817907926, 42.544395460525422 ], [ -3.124764101326363, 42.544747998010152 ], [ -3.12287980511815, 42.546046055298596 ], [ -3.121590032469257, 42.54669587063681 ], [ -3.121578686033202, 42.546705016994821 ], [ -3.117783473484169, 42.549707726291565 ], [ -3.114911834666334, 42.551277655707253 ], [ -3.114023133129627, 42.551530696756011 ], [ -3.108884339323848, 42.552328135555193 ], [ -3.10800050974321, 42.552660277181033 ], [ -3.107971528717932, 42.55267116636341 ], [ -3.107971519659255, 42.552671171604381 ], [ -3.107971353432702, 42.552671234072029 ], [ -3.106474604014402, 42.55353718095526 ], [ -3.105439870953139, 42.55392534092308 ], [ -3.10475767909389, 42.553907973928574 ], [ -3.104637187573966, 42.553794434454723 ], [ -3.10453827312422, 42.553701068060441 ], [ -3.104318256755268, 42.553314013113749 ], [ -3.103988871750877, 42.553008109173746 ], [ -3.10398885532461, 42.553008115869169 ], [ -3.103988818109293, 42.553008081304448 ], [ -3.10378360488347, 42.553091776933343 ], [ -3.103745298024579, 42.553107390992743 ], [ -3.103751362211895, 42.553542138798072 ], [ -3.103759168787489, 42.554107035070317 ], [ -3.103942748959353, 42.554638205064286 ], [ -3.104418699170623, 42.555160114586855 ], [ -3.104238684884383, 42.556790324704266 ], [ -3.1031573051544, 42.558529421194109 ], [ -3.102427840135159, 42.559430691033164 ], [ -3.101266037158943, 42.560301446778823 ], [ -3.100298454924999, 42.561026591125767 ], [ -3.099220248699051, 42.561637402151597 ], [ -3.097146009018081, 42.562812404868382 ], [ -3.088282960555812, 42.567106266159314 ], [ -3.0883203274343, 42.567655613806792 ], [ -3.087676206118553, 42.568826891147815 ], [ -3.087165414636906, 42.569493655574234 ], [ -3.08563519943841, 42.571100124659431 ], [ -3.084220975940763, 42.572584783377984 ], [ -3.084018498197329, 42.572740636457326 ], [ -3.082358434332681, 42.574018112132933 ], [ -3.082578769135549, 42.574702415757869 ], [ -3.083055307132332, 42.575737723866133 ], [ -3.084985079954648, 42.579113523475257 ], [ -3.086195649884721, 42.582210669835519 ], [ -3.083564206889178, 42.582870001886725 ], [ -3.081797312397077, 42.582943297623444 ], [ -3.080091743386497, 42.583439777197711 ], [ -3.079312084840716, 42.583674476153242 ], [ -3.078289014138072, 42.584161501772165 ], [ -3.076023958445931, 42.585603953445379 ], [ -3.075183500880315, 42.586000746319328 ], [ -3.074651899931424, 42.586173840839088 ], [ -3.074074985066672, 42.586361626003608 ], [ -3.06810591388959, 42.588913916328742 ], [ -3.067113960277727, 42.588892317619354 ], [ -3.064486001155453, 42.58883495915746 ], [ -3.062560319253453, 42.588845024389464 ], [ -3.060695762677987, 42.588999128427105 ], [ -3.059830627423198, 42.589188695854141 ], [ -3.059830876301324, 42.589188838407722 ], [ -3.059830643452502, 42.589188889469163 ], [ -3.06244710114955, 42.590687371983009 ], [ -3.063537774078311, 42.591312092753668 ], [ -3.064953817496133, 42.593499746945582 ], [ -3.065184892842866, 42.594171504422526 ], [ -3.065186101594846, 42.594175019705624 ], [ -3.064617394463784, 42.598282042695814 ], [ -3.062241668546581, 42.599526122493806 ], [ -3.061951733970501, 42.599660972012892 ], [ -3.060962177864681, 42.600121117809962 ], [ -3.060756976450179, 42.600296143458095 ], [ -3.060401992588709, 42.600598730319582 ], [ -3.060950890406922, 42.601030792563606 ], [ -3.060415968505704, 42.602562041765644 ], [ -3.061148157756759, 42.603354178045549 ], [ -3.063220098057474, 42.604861385740676 ], [ -3.064673906990763, 42.605918961643546 ], [ -3.064703106324983, 42.60594767225048 ], [ -3.065259602334911, 42.606494985184874 ], [ -3.065606976500804, 42.606998984046953 ], [ -3.065638084207286, 42.607044132171154 ], [ -3.065845974617145, 42.607710374898147 ], [ -3.06585171560116, 42.607792780343466 ], [ -3.065907930011374, 42.608601945624173 ], [ -3.065872582817491, 42.609772748393297 ], [ -3.065872602362107, 42.609772792501801 ], [ -3.065872600014119, 42.609772869960459 ], [ -3.065964069944993, 42.609979217516681 ], [ -3.066068070520703, 42.610213927123212 ], [ -3.066690618736114, 42.610979071163484 ], [ -3.067973009620447, 42.613040689159696 ], [ -3.069097765035999, 42.615885808121902 ], [ -3.070457238505459, 42.621414581341895 ], [ -3.070908433473451, 42.6215498426549 ], [ -3.078191239800902, 42.623733249408723 ], [ -3.07824051473334, 42.624156345548521 ], [ -3.077875555466704, 42.6248500813007 ], [ -3.077875563720185, 42.624850087519697 ], [ -3.077875560360297, 42.624850093905323 ], [ -3.077975237514935, 42.624925191683573 ], [ -3.079523373820344, 42.626091711761248 ], [ -3.080444773733849, 42.626335170611142 ], [ -3.081597259487969, 42.626639695396165 ], [ -3.085256740490821, 42.627339611323031 ], [ -3.086291324802219, 42.62767994128189 ], [ -3.086403512253982, 42.627716855581156 ], [ -3.081066539134676, 42.631314051995439 ], [ -3.084742968221457, 42.635346050937876 ], [ -3.08468518712534, 42.635517888529492 ], [ -3.083649473399571, 42.638597862824845 ], [ -3.084152289347577, 42.640686850629521 ], [ -3.080284371143251, 42.6397259679811 ], [ -3.07885637947174, 42.639537101240002 ], [ -3.077710298907179, 42.639385433332251 ], [ -3.073098876368479, 42.639104784093185 ], [ -3.072586861459458, 42.639073613998718 ], [ -3.069354189185683, 42.638778378473233 ], [ -3.066159189163592, 42.639518683565612 ], [ -3.064976207916001, 42.639681468782562 ], [ -3.0613412392463, 42.639638431829432 ], [ -3.058486967635939, 42.639684895204454 ], [ -3.056352602052856, 42.639893065392755 ], [ -3.050778438758776, 42.640183795993572 ], [ -3.049743962075321, 42.640196106504824 ], [ -3.048424203615701, 42.640211758409201 ], [ -3.047249341287497, 42.640105072490861 ], [ -3.046252884279065, 42.640014544636138 ], [ -3.04078844591951, 42.640052615114307 ], [ -3.038404819081623, 42.639296006231248 ], [ -3.037103927017187, 42.638883051855622 ], [ -3.034975597854721, 42.638295310618368 ], [ -3.034041965843469, 42.638037474063019 ], [ -3.034041939267441, 42.638037479422458 ], [ -3.034041913394002, 42.638037472277468 ], [ -3.032700333005621, 42.638307994189354 ], [ -3.032267603655958, 42.638330149164148 ], [ -3.03128551444625, 42.638380358932139 ], [ -3.030029158185716, 42.638344658978511 ], [ -3.029624960333073, 42.638253472634361 ], [ -3.029431328631475, 42.638209750809892 ], [ -3.029203388583971, 42.638128221364994 ], [ -3.028626269480621, 42.637921731292209 ], [ -3.027930878949278, 42.637588682624283 ], [ -3.027057574120295, 42.637274282529226 ], [ -3.026906094319625, 42.637219731921391 ], [ -3.025478744942656, 42.636337425539573 ], [ -3.022270230785411, 42.633870566737379 ], [ -3.021574790385714, 42.633510461351335 ], [ -3.021034489754295, 42.633276410580663 ], [ -3.020876535509778, 42.633207982215481 ], [ -3.018769216022161, 42.63229511512931 ], [ -3.018012997908753, 42.63217816640109 ], [ -3.017425765404607, 42.632642923853901 ], [ -3.016305778597085, 42.633529196082463 ], [ -3.016359524665861, 42.63367280443844 ], [ -3.016501079288815, 42.634051570750664 ], [ -3.017172084005371, 42.63478096994875 ], [ -3.015916516053141, 42.637987187678917 ], [ -3.014770428322738, 42.640175685120994 ], [ -3.014502116595323, 42.640373842985589 ], [ -3.01073323908332, 42.641653071324392 ], [ -3.009745156441074, 42.641400946318321 ], [ -3.008720429396313, 42.640851688318982 ], [ -3.005242890340512, 42.643846033250853 ], [ -3.00475623405686, 42.644265058945017 ], [ -3.003650979244863, 42.643905274492425 ], [ -3.001944531293386, 42.643349761437392 ], [ -3.001243126127408, 42.643121418918362 ], [ -3.000883874380613, 42.643023295751235 ], [ -3.000206977751861, 42.642838403879779 ], [ -2.999132781713192, 42.642544981245031 ], [ -2.997753085745115, 42.642251125076193 ], [ -2.997229907065957, 42.642139683943668 ], [ -2.997229852174773, 42.642139674936693 ], [ -2.995119654549361, 42.641941467443772 ], [ -2.995119605756998, 42.64194146744169 ], [ -2.992576693918106, 42.64217516747096 ], [ -2.9913991761, 42.642283367092851 ], [ -2.991321856711349, 42.642295719316024 ], [ -2.990496488012462, 42.642427441184985 ], [ -2.990496433120625, 42.64242744118043 ], [ -2.989947548983984, 42.642328302407293 ], [ -2.989947500192044, 42.642328297900207 ], [ -2.989349895310363, 42.642004083532704 ], [ -2.989086306999079, 42.64171207437316 ], [ -2.988935289964317, 42.641544745871101 ], [ -2.987875902200362, 42.639542071954885 ], [ -2.986362639380064, 42.636681293069415 ], [ -2.986084611845908, 42.636438567678304 ], [ -2.985960284764032, 42.636329956012929 ], [ -2.981423232458777, 42.635397024270809 ], [ -2.980569528315626, 42.635221451880348 ], [ -2.980032857911124, 42.635320426435754 ], [ -2.980032809122497, 42.635320430930079 ], [ -2.977910118202835, 42.636607820819506 ], [ -2.977190063747163, 42.637517304866925 ], [ -2.976445485990767, 42.638795929355709 ], [ -2.975884311770966, 42.639156050729945 ], [ -2.971797400969718, 42.640577973845431 ], [ -2.971016529156473, 42.641001059269506 ], [ -2.970394462174997, 42.64109992550916 ], [ -2.970394416466141, 42.641099931121452 ], [ -2.970254792477341, 42.640950637998827 ], [ -2.96993116119483, 42.640604518899799 ], [ -2.968138370904028, 42.640627532791527 ], [ -2.967295579501415, 42.640638339101969 ], [ -2.966503548523788, 42.640648473810309 ], [ -2.966365306095415, 42.640641563434173 ], [ -2.965721315326499, 42.640609256034537 ], [ -2.965600937037873, 42.640603215880667 ], [ -2.965600833361302, 42.640603206843878 ], [ -2.963190632987978, 42.640242168432778 ], [ -2.961020207078772, 42.639916961954711 ], [ -2.957587775705927, 42.639402624785141 ], [ -2.957020326525214, 42.639254122639031 ], [ -2.956209675961072, 42.639041916841187 ], [ -2.95473748809788, 42.638844686321619 ], [ -2.952636074048636, 42.63856309247592 ], [ -2.948757057380647, 42.639113837601954 ], [ -2.947134368868932, 42.639344191768508 ], [ -2.946451381276804, 42.639316862991571 ], [ -2.945208385054899, 42.638952355679415 ], [ -2.945097956341149, 42.638919964344126 ], [ -2.935086403835167, 42.635189104373751 ], [ -2.933868453930565, 42.634735192148675 ], [ -2.933868399074119, 42.634735165100004 ], [ -2.933466203233718, 42.634500829733561 ], [ -2.932528594108098, 42.633230554411284 ], [ -2.931184406469252, 42.631177667181468 ], [ -2.930629004852304, 42.630329371320265 ], [ -2.929215628119553, 42.628688409752648 ], [ -2.9289605530854, 42.628392249432558 ], [ -2.927450118772403, 42.626770062941851 ], [ -2.925842414734079, 42.625175080382405 ], [ -2.92605242231406, 42.623049849632672 ], [ -2.924200376991603, 42.621733771289179 ], [ -2.924200359856505, 42.621733766962549 ], [ -2.924200306316978, 42.621733728915693 ], [ -2.923127630366463, 42.621462850792504 ], [ -2.923127587698258, 42.621462841758195 ], [ -2.920494967188721, 42.620461361481169 ], [ -2.917522495845274, 42.619838595323152 ], [ -2.916008912998225, 42.61952145358358 ], [ -2.915812364101817, 42.619546757684837 ], [ -2.914825848252732, 42.619673685913732 ], [ -2.913874333351533, 42.619988180934207 ], [ -2.913874290654649, 42.619988194410652 ], [ -2.913118182406906, 42.620068671130014 ], [ -2.91204530657053, 42.619977800119933 ], [ -2.912045285816524, 42.61997779754892 ], [ -2.91202050954439, 42.619973050545596 ], [ -2.911847722855507, 42.619939920730012 ], [ -2.910960258266604, 42.619769749180143 ], [ -2.910251241414341, 42.619921899543826 ], [ -2.909789360459284, 42.620020889863788 ], [ -2.909461373088982, 42.620170346766507 ], [ -2.909051636080954, 42.620356905958005 ], [ -2.908703392433346, 42.620515460517133 ], [ -2.908703343657766, 42.620515460478259 ], [ -2.906569677491981, 42.620338120428855 ], [ -2.905667884080782, 42.620263152305235 ], [ -2.904436040685774, 42.620160670419921 ], [ -2.904436063193524, 42.620160748251934 ], [ -2.904436025938862, 42.620160745154863 ], [ -2.904435977170463, 42.620160740611354 ], [ -2.905248629776489, 42.622971185405319 ], [ -2.905393679730967, 42.623799840819359 ], [ -2.905124425636259, 42.624430083512884 ], [ -2.904790795844311, 42.625469582198875 ], [ -2.904462651217091, 42.626491770544597 ], [ -2.902437002858353, 42.626663432172812 ], [ -2.901620876059704, 42.626732572028502 ], [ -2.900929531739354, 42.62696746127201 ], [ -2.899875960385436, 42.62732540903221 ], [ -2.897363685369702, 42.627413201285194 ], [ -2.897363636581368, 42.62741320574434 ], [ -2.896474079726284, 42.627497417309343 ], [ -2.894631250366918, 42.62767180171479 ], [ -2.893255209628536, 42.627696970883804 ], [ -2.892753392774942, 42.627706129680163 ], [ -2.89275330581025, 42.627706129598764 ], [ -2.891778608904237, 42.627272764015459 ], [ -2.891487420336508, 42.626354074196271 ], [ -2.891487416147619, 42.626354071617115 ], [ -2.891487411828146, 42.626354057977991 ], [ -2.891487387602322, 42.62635396339541 ], [ -2.891069299163987, 42.626096631090327 ], [ -2.89047645804357, 42.625731610447033 ], [ -2.893996066672377, 42.621331214682534 ], [ -2.893995960454066, 42.621331214246801 ], [ -2.893995991134981, 42.62133117588818 ], [ -2.893996021681199, 42.621331139893684 ], [ -2.888289114115762, 42.621307630491415 ], [ -2.88599974551115, 42.621096800956096 ], [ -2.885521673063107, 42.62105276195124 ], [ -2.885521569430694, 42.621052752841997 ], [ -2.88366867580287, 42.620798715482699 ], [ -2.883668572171152, 42.620798706371794 ], [ -2.882144542637975, 42.620725088859402 ], [ -2.882144493862284, 42.620725088809223 ], [ -2.880331295228148, 42.618840950880298 ], [ -2.880277304195444, 42.618836652793611 ] ], [ [ -2.929728247939024, 42.611240447581373 ], [ -2.929728247939024, 42.611240447581373 ], [ -2.92814642051107, 42.615486283598173 ], [ -2.929728247939024, 42.611240447581373 ] ], [ [ -2.929674016097372, 42.611036690512087 ], [ -2.929674009059913, 42.611036490486825 ], [ -2.929736458138831, 42.611218578574665 ], [ -2.93217300165693, 42.61291316760979 ], [ -2.934500390852259, 42.614076298548611 ], [ -2.935183982712243, 42.613554358527104 ], [ -2.938004263526882, 42.609836639562076 ], [ -2.939251314639563, 42.608424580465559 ], [ -2.940262146532653, 42.607280034233739 ], [ -2.940542785365236, 42.60703711609051 ], [ -2.942335101786151, 42.606578756230981 ], [ -2.942335111588873, 42.60657874859897 ], [ -2.942335278604836, 42.606578705887998 ], [ -2.942465643350205, 42.606477193485816 ], [ -2.942456524793156, 42.606484221054536 ], [ -2.943019805448944, 42.60604567289554 ], [ -2.943019161807931, 42.606046179808494 ], [ -2.943067812704975, 42.606008296334608 ], [ -2.943213753298768, 42.605894672729619 ], [ -2.943762653157648, 42.605570740511489 ], [ -2.94521490498607, 42.603887462919133 ], [ -2.945170655536052, 42.603830213326333 ], [ -2.945111413823675, 42.603753489574352 ], [ -2.945111473032015, 42.603753643464884 ], [ -2.944971254525535, 42.603572229856447 ], [ -2.943402637729905, 42.599428678157345 ], [ -2.94312312053541, 42.598518947282557 ], [ -2.942794508667266, 42.597978430314043 ], [ -2.940395429255284, 42.59566259065668 ], [ -2.939604332684921, 42.594455475290268 ], [ -2.939177884061177, 42.594293140257285 ], [ -2.939177812606508, 42.594293135578802 ], [ -2.939177798749289, 42.59429313030568 ], [ -2.939144042380001, 42.594290919904608 ], [ -2.939144060021329, 42.594290925634681 ], [ -2.936264705443045, 42.594102400438793 ], [ -2.934887408886262, 42.594407898316341 ], [ -2.930376013355376, 42.595629897069706 ], [ -2.927657359989853, 42.596141424026214 ], [ -2.922629487699708, 42.600830208605984 ], [ -2.929559306377984, 42.606247257013933 ], [ -2.929557600133559, 42.6077276180214 ], [ -2.929557537581456, 42.607725839887578 ], [ -2.929554929234088, 42.609968042756385 ], [ -2.92955503007088, 42.609957439565349 ], [ -2.929554198913271, 42.610678563278498 ], [ -2.929554102976532, 42.610678315125043 ], [ -2.929554092744165, 42.610687111132187 ], [ -2.929674016097372, 42.611036690512087 ] ], [ [ -2.982838826239223, 42.610774450190696 ], [ -2.982838826239223, 42.610774450190696 ], [ -2.982175250654393, 42.609942447797991 ], [ -2.982838826239223, 42.610774450190696 ] ], [ [ -2.985222086132707, 42.614220685663717 ], [ -2.985222115073109, 42.61422068967881 ], [ -2.985222136113321, 42.614220725295212 ], [ -2.986453473099016, 42.614752234464518 ], [ -2.992119163958312, 42.615271201608365 ], [ -2.992414350439963, 42.615298152171697 ], [ -2.993635181641879, 42.615409961470185 ], [ -2.993635385100437, 42.615409989920039 ], [ -2.993952611340442, 42.615439033132063 ], [ -2.994525171592911, 42.615491470815563 ], [ -2.994854498315271, 42.613366118535218 ], [ -2.994757045871345, 42.612582608174009 ], [ -2.994086726459646, 42.610448189498747 ], [ -2.994185584381345, 42.610158800251419 ], [ -2.994273833800856, 42.610001206420861 ], [ -2.994355871585298, 42.609854627731181 ], [ -2.994438053224288, 42.609706961967355 ], [ -2.994488264105843, 42.609617847085119 ], [ -2.99454512754031, 42.609515226222406 ], [ -2.994548555732185, 42.609509987166753 ], [ -2.994580235116351, 42.609451957741264 ], [ -2.994546591346471, 42.609512260868044 ], [ -2.994192067787758, 42.610139821214936 ], [ -2.994415901158483, 42.60948458823443 ], [ -2.99506688245948, 42.608579690556766 ], [ -2.994619390126903, 42.609381776261195 ], [ -2.99466542835898, 42.609301103851422 ], [ -2.994740463579784, 42.609165046576663 ], [ -2.994830238214139, 42.609004665036977 ], [ -2.99489944668566, 42.60888074440404 ], [ -2.994962275247139, 42.608769041656892 ], [ -2.995069162698297, 42.608576520906873 ], [ -2.996281714819364, 42.606891010744413 ], [ -2.997866551618867, 42.605432306834494 ], [ -2.998049436830482, 42.605080904441671 ], [ -2.998013086674105, 42.603333684257684 ], [ -2.998976090771394, 42.601766874884646 ], [ -2.999378400389487, 42.600947262702185 ], [ -2.999307296999314, 42.600979582718473 ], [ -2.999313476111696, 42.600968171141012 ], [ -2.999313421959268, 42.600968188910564 ], [ -2.999306986483846, 42.600979723863148 ], [ -2.998268946650238, 42.601451564435671 ], [ -2.997159709839471, 42.602099949590155 ], [ -2.994721433203831, 42.603919011791334 ], [ -2.994270415811615, 42.603576853963489 ], [ -2.991941967967116, 42.604558232400954 ], [ -2.990966534989731, 42.604810311551759 ], [ -2.988967072460205, 42.605566602014981 ], [ -2.986247980017303, 42.607052237799586 ], [ -2.986113799374199, 42.6073584175791 ], [ -2.986430647003101, 42.608394127455895 ], [ -2.985771930142277, 42.609853072147359 ], [ -2.982857904457887, 42.610798160647235 ], [ -2.98455184838379, 42.613086077118773 ], [ -2.985219397973812, 42.614216090233491 ], [ -2.985219369188675, 42.614216085985873 ], [ -2.985222086132707, 42.614220685663717 ] ], [ [ -2.999360356609827, 42.600952787801639 ], [ -2.999378385761728, 42.600947227579788 ], [ -3.000609534100573, 42.600722082825328 ], [ -2.999377301321238, 42.600947227573897 ], [ -2.999360356609827, 42.600952787801639 ] ] ], [ [ [ -2.681579497702424, 42.595624048688705 ], [ -2.681579247647286, 42.595624084016649 ], [ -2.680542206757838, 42.594518187766347 ], [ -2.680542006726022, 42.594517975574234 ], [ -2.684165169010209, 42.589097494368723 ], [ -2.684978645629288, 42.587298569115724 ], [ -2.685092919812437, 42.586398300226556 ], [ -2.685973341497779, 42.583401737730277 ], [ -2.686060119764436, 42.583104772703877 ], [ -2.686360417897085, 42.581547587964401 ], [ -2.686422146904246, 42.578972095923426 ], [ -2.686848705441069, 42.575917266156438 ], [ -2.687532034247325, 42.571022890522634 ], [ -2.687564605902364, 42.570790095884178 ], [ -2.687584931727606, 42.570644804696173 ], [ -2.687543833780107, 42.569131701886796 ], [ -2.687531378250975, 42.56903258475792 ], [ -2.687168680048838, 42.566185734865876 ], [ -2.687188107435226, 42.562313252351466 ], [ -2.687079360241649, 42.55971022432221 ], [ -2.687537659501244, 42.55819845338425 ], [ -2.690745987238804, 42.547472263966107 ], [ -2.691371284265447, 42.544177810394594 ], [ -2.691426968681223, 42.542764051589238 ], [ -2.691445618473096, 42.542534435868056 ], [ -2.691504820754299, 42.541800638621083 ], [ -2.693909807997418, 42.53814175916046 ], [ -2.694151427798722, 42.536053040152737 ], [ -2.694738879959997, 42.53545123780988 ], [ -2.695058362356588, 42.534866722253966 ], [ -2.695897779833273, 42.532536410638585 ], [ -2.697959804942532, 42.529164709371315 ], [ -2.699112392417588, 42.527492709416656 ], [ -2.701917990960635, 42.528950000718638 ], [ -2.702610067828644, 42.529366059444264 ], [ -2.703192104936412, 42.529871908851348 ], [ -2.704389972339586, 42.531478063672033 ], [ -2.70592510783277, 42.533868558658384 ], [ -2.706251896187531, 42.534292689931917 ], [ -2.707111082673012, 42.535429610891015 ], [ -2.708298984339847, 42.536603445089028 ], [ -2.711673970922524, 42.53883648719146 ], [ -2.713628676634653, 42.540147269454636 ], [ -2.714697081264383, 42.543536114903475 ], [ -2.717888748108384, 42.546047718141466 ], [ -2.718879431089198, 42.550526071186447 ], [ -2.719617890696923, 42.55423829199303 ], [ -2.724056961026035, 42.555816189280975 ], [ -2.727900772844758, 42.559869098621988 ], [ -2.727159533122866, 42.562217844171805 ], [ -2.725704949539369, 42.56609591403415 ], [ -2.726089729488404, 42.567258598952357 ], [ -2.726522433814013, 42.56859252334263 ], [ -2.726642467784722, 42.568998099687093 ], [ -2.726526279873311, 42.570501753894384 ], [ -2.726142915958654, 42.571779708263733 ], [ -2.725737737401547, 42.572490194881127 ], [ -2.725370533980859, 42.572858561288051 ], [ -2.724686173917859, 42.573325206586418 ], [ -2.723890978762166, 42.574034780223222 ], [ -2.722066461291537, 42.576056648167537 ], [ -2.719146220841476, 42.580525326210704 ], [ -2.718395823114533, 42.582072572955262 ], [ -2.717816929286494, 42.583422019640373 ], [ -2.717115104148592, 42.585014290202579 ], [ -2.71662379943279, 42.585850652810684 ], [ -2.713929995178896, 42.588599663530808 ], [ -2.710042136970025, 42.591210606245298 ], [ -2.709466429053375, 42.591830536636103 ], [ -2.70909714728958, 42.592604082048027 ], [ -2.708542097546474, 42.594016582537499 ], [ -2.708441052887681, 42.594772822223291 ], [ -2.707762199259561, 42.596563256929919 ], [ -2.706320678763997, 42.599828700525364 ], [ -2.699953591224423, 42.598137005806059 ], [ -2.691109930587916, 42.596425392827506 ], [ -2.68867698117009, 42.59595438132876 ], [ -2.688676877743424, 42.595954345024857 ], [ -2.68753316422977, 42.595554984606643 ], [ -2.687533115564317, 42.595554966462501 ], [ -2.686158134155043, 42.595091893420495 ], [ -2.686158079328186, 42.595091888767463 ], [ -2.685074017556441, 42.594962826083993 ], [ -2.681579497702424, 42.595624048688705 ] ] ], [ [ [ -2.231426274840958, 42.336111303451311 ], [ -2.232404551555276, 42.333533154342391 ], [ -2.232442097608521, 42.333434321854966 ], [ -2.232454447864202, 42.333416383391558 ], [ -2.232687991585344, 42.331184431859803 ], [ -2.232490183047532, 42.330480670541093 ], [ -2.231957929628454, 42.331332659753976 ], [ -2.229947942182867, 42.330931931977638 ], [ -2.229074926638177, 42.330853974707402 ], [ -2.227371016204992, 42.330239091978996 ], [ -2.226165827304261, 42.330528125327852 ], [ -2.224767952047221, 42.330689791741705 ], [ -2.223529794433094, 42.330699396220595 ], [ -2.222547500310623, 42.330638685639123 ], [ -2.221555211337666, 42.330388809183468 ], [ -2.217673626494394, 42.329209490082626 ], [ -2.217083068413905, 42.328872273398957 ], [ -2.215170539957537, 42.327481268045801 ], [ -2.212689922787755, 42.326878841374352 ], [ -2.212049550094138, 42.32664926556599 ], [ -2.211614265719002, 42.32748386426077 ], [ -2.21144933240408, 42.32805907807419 ], [ -2.20982431518079, 42.326976178582527 ], [ -2.209463091590822, 42.326748497299143 ], [ -2.204614468822187, 42.324328311926202 ], [ -2.20427909339347, 42.325902049585608 ], [ -2.203870798162579, 42.326520617219501 ], [ -2.203552060013535, 42.326770572770286 ], [ -2.201862176329537, 42.326992952235443 ], [ -2.201631165904381, 42.327027360164664 ], [ -2.20047513079969, 42.327262443757448 ], [ -2.199943797197907, 42.328006239451923 ], [ -2.198951293202503, 42.328746810770355 ], [ -2.196972831359012, 42.328750965894777 ], [ -2.196351818280105, 42.328908697136299 ], [ -2.195949737679536, 42.328077350857541 ], [ -2.195338331256221, 42.327478628988295 ], [ -2.194759859527924, 42.327159349332611 ], [ -2.192548175955157, 42.326423275413426 ], [ -2.189134868768062, 42.325696685965056 ], [ -2.188031712272441, 42.325598822324267 ], [ -2.187524680362527, 42.325388057817591 ], [ -2.186057541675757, 42.325278584936932 ], [ -2.184942310183761, 42.324234923545141 ], [ -2.183242284267953, 42.322430641015515 ], [ -2.182954161317027, 42.322185417163936 ], [ -2.182676701458655, 42.322057347538767 ], [ -2.182325610298891, 42.321991779396683 ], [ -2.181172398326038, 42.322010593405629 ], [ -2.179923688820272, 42.321911569967064 ], [ -2.178490972227949, 42.321964301779424 ], [ -2.176837165074156, 42.322213630724676 ], [ -2.171453550424298, 42.319076683775464 ], [ -2.169923969240915, 42.318192025450308 ], [ -2.166009602114289, 42.316866693806318 ], [ -2.164811081163413, 42.316650860329545 ], [ -2.159547608267296, 42.3164141646564 ], [ -2.154189889773252, 42.315969442021412 ], [ -2.153267712589584, 42.315962588294255 ], [ -2.15177382083724, 42.316059649729866 ], [ -2.151058432388163, 42.316018303256435 ], [ -2.146845577797593, 42.316167105516946 ], [ -2.145872572811987, 42.316330941225033 ], [ -2.140854071372434, 42.317716362522887 ], [ -2.1386011103835, 42.318293818805451 ], [ -2.136893372406313, 42.318938385707327 ], [ -2.135954834463537, 42.319237536135198 ], [ -2.134990913687088, 42.31961747441985 ], [ -2.132113334508442, 42.320604393252573 ], [ -2.128655731501444, 42.322280281112405 ], [ -2.125763944145671, 42.323401965939254 ], [ -2.124006880888901, 42.324082001537647 ], [ -2.122663345170584, 42.324693140896258 ], [ -2.120580302761137, 42.325244505521759 ], [ -2.120105616236685, 42.325339973654344 ], [ -2.118011786154659, 42.325792164628368 ], [ -2.117038942984484, 42.325928752490434 ], [ -2.115844599561192, 42.325415193926965 ], [ -2.115202205312647, 42.325356167167577 ], [ -2.113959728464049, 42.325679793940814 ], [ -2.112901880959002, 42.325815724909816 ], [ -2.111003340698035, 42.326188215193554 ], [ -2.109601863333117, 42.326591657618387 ], [ -2.110449013114035, 42.325904736531129 ], [ -2.112141185126939, 42.324675043883701 ], [ -2.112879843186427, 42.323933258680327 ], [ -2.113151952413215, 42.323566164906765 ], [ -2.113130859357317, 42.323340834165656 ], [ -2.112987077661266, 42.322349059385189 ], [ -2.112574374690588, 42.320625689977668 ], [ -2.112304798315614, 42.31994816769955 ], [ -2.112552819173937, 42.319571814980073 ], [ -2.113755470722536, 42.318617510379482 ], [ -2.118701813267412, 42.315494595992078 ], [ -2.120932086444008, 42.313935675127148 ], [ -2.121878757622804, 42.313051321246732 ], [ -2.120903074918487, 42.311665947385691 ], [ -2.120785607159996, 42.311385836795317 ], [ -2.120913063408809, 42.310945497364841 ], [ -2.120826745439499, 42.310179339747151 ], [ -2.121045123113055, 42.309307417983305 ], [ -2.120973408340821, 42.307487644515433 ], [ -2.121081369552774, 42.306704958221097 ], [ -2.122030060237386, 42.303920406092828 ], [ -2.121791187809991, 42.303648365455722 ], [ -2.1217103271474, 42.30335957023987 ], [ -2.121835122943007, 42.303108353743916 ], [ -2.121584128946234, 42.30283625583801 ], [ -2.121734677449096, 42.302477138409401 ], [ -2.122402970733984, 42.301536673114349 ], [ -2.123017965690573, 42.300928920692805 ], [ -2.123606557862591, 42.300483130422379 ], [ -2.125342785097125, 42.299505756023017 ], [ -2.126442269634385, 42.29895576639349 ], [ -2.128146078721333, 42.298563494927038 ], [ -2.129319429440062, 42.297932995059249 ], [ -2.130904030173936, 42.297386687994596 ], [ -2.134187435949143, 42.296808121643302 ], [ -2.134782799049088, 42.296740597102023 ], [ -2.135484236076941, 42.29689898572483 ], [ -2.13616056713671, 42.297120240754083 ], [ -2.136766325145568, 42.297178833618226 ], [ -2.137227920116019, 42.297137310326235 ], [ -2.139568064805754, 42.296335363182379 ], [ -2.140443129938117, 42.296215852067604 ], [ -2.141389704378255, 42.296186949667131 ], [ -2.142068421245539, 42.29623708169229 ], [ -2.142457655830047, 42.296158952599093 ], [ -2.142812230716299, 42.2959543830763 ], [ -2.143341023822405, 42.29542699785511 ], [ -2.14381918953349, 42.295052334151052 ], [ -2.144344054474608, 42.294813126498504 ], [ -2.145135701291727, 42.294584851309331 ], [ -2.145861441668691, 42.29384280634374 ], [ -2.146253213656685, 42.293575555817263 ], [ -2.14804123924965, 42.293219600582646 ], [ -2.149839303406562, 42.292116216105192 ], [ -2.150644418018586, 42.291779971512717 ], [ -2.152165658146672, 42.291412934187107 ], [ -2.154281270517536, 42.291041345580688 ], [ -2.155228292547005, 42.290976329227618 ], [ -2.158102285439607, 42.291042541534644 ], [ -2.160125525082535, 42.291228496456313 ], [ -2.161665683002326, 42.291257788344502 ], [ -2.162042501017054, 42.291197505064254 ], [ -2.165881374341014, 42.289847612245296 ], [ -2.168313764027424, 42.289360965146585 ], [ -2.171455949682215, 42.288393078009364 ], [ -2.172697286485888, 42.28807784125717 ], [ -2.173672195121295, 42.287733609920991 ], [ -2.177756544737216, 42.286123989934424 ], [ -2.178159665141296, 42.285901696725929 ], [ -2.17846652153592, 42.285624741477157 ], [ -2.178849145685647, 42.285114140679312 ], [ -2.179445220323502, 42.284046640932075 ], [ -2.179752529681333, 42.283733630225321 ], [ -2.180070857622469, 42.283501775159088 ], [ -2.180423837045928, 42.283405217404393 ], [ -2.181053407242544, 42.283490786473273 ], [ -2.182513619146162, 42.284059650899302 ], [ -2.183155015726659, 42.284172257996659 ], [ -2.185724482457414, 42.28431664881645 ], [ -2.187518820021911, 42.284374442275031 ], [ -2.187820254531939, 42.284511667699682 ], [ -2.18886659384304, 42.284257915376884 ], [ -2.189525678011674, 42.283938363505406 ], [ -2.190534480748589, 42.282828723513767 ], [ -2.19115933738914, 42.282328795112541 ], [ -2.191684831952915, 42.282026295245693 ], [ -2.193925525144682, 42.281312614820209 ], [ -2.195570848295295, 42.28068475548428 ], [ -2.196803459627075, 42.280081013625789 ], [ -2.197525455617099, 42.279572711737679 ], [ -2.198543480635533, 42.278679220219921 ], [ -2.199999752971087, 42.277644747623448 ], [ -2.20317105037615, 42.275253215789064 ], [ -2.204069790302896, 42.275142325614425 ], [ -2.204497944223446, 42.274848180758141 ], [ -2.205236258597647, 42.274006703548658 ], [ -2.205923633433938, 42.273336018969381 ], [ -2.206135054687495, 42.272923204126492 ], [ -2.206168115897258, 42.272220952032164 ], [ -2.206646515102205, 42.270819295844092 ], [ -2.207038730162774, 42.27048880942651 ], [ -2.209609661128197, 42.269506931852732 ], [ -2.210416226269329, 42.269008114900146 ], [ -2.210955539953805, 42.268543509957006 ], [ -2.212764494650615, 42.266421503320906 ], [ -2.21361174514144, 42.265571722119475 ], [ -2.214848654130637, 42.264580572567851 ], [ -2.21633655138068, 42.262906611631649 ], [ -2.216523362091783, 42.262511665049452 ], [ -2.216603142852231, 42.261944820264446 ], [ -2.216606940825948, 42.260656973218694 ], [ -2.216465963421185, 42.260295784756963 ], [ -2.218006514201047, 42.260234238235547 ], [ -2.219538770136277, 42.260848087666751 ], [ -2.22016867871761, 42.260888423379363 ], [ -2.221418472074366, 42.260806845773836 ], [ -2.22189341475588, 42.260638967926539 ], [ -2.22441557632589, 42.258638706870812 ], [ -2.224890777381158, 42.258443790711674 ], [ -2.22595872749879, 42.258360932589362 ], [ -2.22722851293374, 42.258621687453534 ], [ -2.229198337721194, 42.260139012231775 ], [ -2.229545076070925, 42.260537612143658 ], [ -2.229920536955738, 42.261566833534133 ], [ -2.230724184634787, 42.262283722029977 ], [ -2.231219052159958, 42.262467173771256 ], [ -2.231667921956282, 42.262443110151601 ], [ -2.237194321027001, 42.261642538719634 ], [ -2.239086497548992, 42.260574390293328 ], [ -2.240147831577599, 42.259023390056306 ], [ -2.240307054686787, 42.259898057107286 ], [ -2.241877656900571, 42.263393809712184 ], [ -2.242660763963055, 42.264822011591981 ], [ -2.242785769148881, 42.266533978300465 ], [ -2.243906760418905, 42.269117132420952 ], [ -2.244495939054979, 42.26953532237652 ], [ -2.245291980861389, 42.269891794300975 ], [ -2.245969813442386, 42.269995346004926 ], [ -2.248504650640593, 42.269958008413411 ], [ -2.250331166039401, 42.27033920731607 ], [ -2.253099731793312, 42.27206847823529 ], [ -2.254880140973126, 42.272251210180968 ], [ -2.259419850688046, 42.271884366921434 ], [ -2.26341167751725, 42.271693951369777 ], [ -2.266245463101286, 42.275152502038452 ], [ -2.267634074543354, 42.276719481973707 ], [ -2.270160443347086, 42.278482774569497 ], [ -2.272491281383996, 42.279335236455118 ], [ -2.274444727432102, 42.281373990853822 ], [ -2.276297820581067, 42.282655553272555 ], [ -2.278057119135044, 42.283657354869888 ], [ -2.280895152091833, 42.285800659216683 ], [ -2.283464326834796, 42.288131357587119 ], [ -2.284490862298345, 42.288534057263654 ], [ -2.286804293802937, 42.289899408754984 ], [ -2.287762792681665, 42.289878341063549 ], [ -2.289410624731357, 42.290041709445859 ], [ -2.29266586813662, 42.290728289676004 ], [ -2.293658186850526, 42.29203130681897 ], [ -2.293702018183689, 42.292445823266874 ], [ -2.293905685081719, 42.292672268829826 ], [ -2.294732209286244, 42.293614013382872 ], [ -2.295132186769638, 42.29364348289424 ], [ -2.296416804502167, 42.293750470785291 ], [ -2.298209474995189, 42.293995646671569 ], [ -2.300282391908084, 42.294125401627987 ], [ -2.301811771177047, 42.294044672637462 ], [ -2.30242566709507, 42.294471680072618 ], [ -2.302892403231356, 42.293952154953971 ], [ -2.30462937919, 42.292638865450506 ], [ -2.304399304477539, 42.290403945363408 ], [ -2.304537555211019, 42.289963480884403 ], [ -2.305885698874928, 42.288701795395518 ], [ -2.307346653473302, 42.288215333829022 ], [ -2.307913716700658, 42.288488974396422 ], [ -2.308491730284438, 42.287762912641398 ], [ -2.308854345493942, 42.286774446232855 ], [ -2.30902121580099, 42.285937865130045 ], [ -2.309385461047504, 42.284796298277897 ], [ -2.309084443289284, 42.283479587118265 ], [ -2.309406777361066, 42.282842114807572 ], [ -2.310267085572838, 42.281802566918358 ], [ -2.311722840824393, 42.279550796925626 ], [ -2.311960478982984, 42.278885747774517 ], [ -2.312002431376656, 42.278372691234082 ], [ -2.311861155717242, 42.277984541519835 ], [ -2.311490834075364, 42.277469000632834 ], [ -2.310022250184317, 42.276460464522337 ], [ -2.308711502910521, 42.275443860241431 ], [ -2.308866000573173, 42.273517483265266 ], [ -2.309752841097098, 42.272261940990816 ], [ -2.311162472832693, 42.269766726092826 ], [ -2.311458491336067, 42.268192416650734 ], [ -2.31216045943042, 42.26608924495963 ], [ -2.312657851512215, 42.264948445850088 ], [ -2.313584217343329, 42.263386913575061 ], [ -2.314639061622915, 42.261150734340923 ], [ -2.316157581546859, 42.260880600421103 ], [ -2.317166631534967, 42.260625425701186 ], [ -2.318214254492923, 42.260172341392106 ], [ -2.321350638347989, 42.260524216620084 ], [ -2.321772555433288, 42.259617120833781 ], [ -2.322724506630531, 42.259037301169997 ], [ -2.323407058075881, 42.257564329294262 ], [ -2.32491971076795, 42.255555875193672 ], [ -2.325635460384214, 42.255515125160478 ], [ -2.327019545826241, 42.255325138343181 ], [ -2.328491445903469, 42.254856430494904 ], [ -2.329816024413005, 42.254557972563077 ], [ -2.330582936798745, 42.25425624483065 ], [ -2.332954813475916, 42.254666386870333 ], [ -2.334590706347792, 42.254738914121198 ], [ -2.337130705496414, 42.255294005679119 ], [ -2.339084980696701, 42.250423956434879 ], [ -2.339137061832207, 42.250082071708292 ], [ -2.339798713107554, 42.24476319845855 ], [ -2.338174915498093, 42.241241401174236 ], [ -2.336904753962293, 42.236379716582128 ], [ -2.337466823064229, 42.235941684283468 ], [ -2.341797939988121, 42.23551629502083 ], [ -2.344434121575729, 42.236089836097079 ], [ -2.347072670775213, 42.236429173283739 ], [ -2.351308029796296, 42.237065630264503 ], [ -2.354078561244964, 42.23754961555214 ], [ -2.354199598955621, 42.237568337507149 ], [ -2.358287083798646, 42.238455891352402 ], [ -2.359071549740227, 42.238784543565615 ], [ -2.360094090698952, 42.239537749821579 ], [ -2.361425274102865, 42.239743315976639 ], [ -2.36498939857705, 42.240879867041926 ], [ -2.366365376275517, 42.241454901948217 ], [ -2.368534875251855, 42.242673719911373 ], [ -2.371405492018549, 42.244094466684039 ], [ -2.373433004741866, 42.244988175657468 ], [ -2.374689206752516, 42.245436345485942 ], [ -2.376450993095129, 42.246238523914961 ], [ -2.377293075630011, 42.246891548142955 ], [ -2.379173968733566, 42.24791946074982 ], [ -2.380353419813532, 42.248781463603386 ], [ -2.38083547121329, 42.249072251687913 ], [ -2.381710371309721, 42.250094642226919 ], [ -2.384119483373287, 42.252917543008991 ], [ -2.383994860784383, 42.254511008407654 ], [ -2.384123668529224, 42.254979996350002 ], [ -2.386450723527636, 42.258784154440434 ], [ -2.389357278231542, 42.262879466619005 ], [ -2.389689143575534, 42.263664746668482 ], [ -2.391591259651321, 42.266340727113096 ], [ -2.392472328239014, 42.268029544972187 ], [ -2.393523999952513, 42.268368343097173 ], [ -2.393348280685291, 42.268988775480096 ], [ -2.393331317461358, 42.269493107395306 ], [ -2.393425115969498, 42.269826804787769 ], [ -2.394094619477155, 42.27082103226293 ], [ -2.393433781862892, 42.271447969753574 ], [ -2.390768995751676, 42.274910192035485 ], [ -2.389744946793566, 42.276714962481314 ], [ -2.389476312775563, 42.278163535080985 ], [ -2.388111530463401, 42.278831729399833 ], [ -2.387476047086744, 42.279332645187573 ], [ -2.386825059217052, 42.280175765955832 ], [ -2.386833502789588, 42.280554020064919 ], [ -2.386974067953679, 42.281068159559204 ], [ -2.387049744473852, 42.282023220340719 ], [ -2.387633307900253, 42.283125101775553 ], [ -2.386451898703334, 42.284883999398119 ], [ -2.385723907062391, 42.284907100984967 ], [ -2.385006776734315, 42.285065340619504 ], [ -2.38415374684595, 42.285475061078493 ], [ -2.383314366682255, 42.285731716692148 ], [ -2.381730805127212, 42.285182827426503 ], [ -2.380821154846043, 42.285177853938784 ], [ -2.379922967927741, 42.285245097135068 ], [ -2.377276398700697, 42.283033209104673 ], [ -2.376847116325743, 42.283517219466773 ], [ -2.3767681219188, 42.284147205826706 ], [ -2.376605821313944, 42.284614650742718 ], [ -2.376963515273383, 42.285247031701743 ], [ -2.376862470647105, 42.285651749391079 ], [ -2.3761700830342, 42.28575606177349 ], [ -2.37555132397271, 42.286995523367139 ], [ -2.374016986599822, 42.287608578264006 ], [ -2.373431509542031, 42.287938599020734 ], [ -2.373135624274776, 42.288414323006336 ], [ -2.372935582154709, 42.289016602503992 ], [ -2.372702834064083, 42.289249464549179 ], [ -2.371522258638014, 42.289648312088119 ], [ -2.371373737777243, 42.289944713000502 ], [ -2.371055400078209, 42.290240140154424 ], [ -2.370739627353883, 42.291499241972232 ], [ -2.370395510013893, 42.291947692527771 ], [ -2.370055419037245, 42.293206671157797 ], [ -2.369931531887867, 42.293467185208456 ], [ -2.369014169141891, 42.294227619206005 ], [ -2.368901500525217, 42.294578255328894 ], [ -2.368897219749641, 42.295001532562992 ], [ -2.367851685534144, 42.29522990226716 ], [ -2.367699207825935, 42.295922536939386 ], [ -2.366621133409167, 42.296970299687494 ], [ -2.366053969615798, 42.297876788286956 ], [ -2.365552300884585, 42.298306313346281 ], [ -2.365158022531057, 42.298907560075072 ], [ -2.364147054992619, 42.299307212833916 ], [ -2.363900030511743, 42.299747091609198 ], [ -2.361907454480079, 42.301240063216518 ], [ -2.361322128639959, 42.301534015441852 ], [ -2.361049501300942, 42.30209984832085 ], [ -2.360694810607193, 42.302377062647878 ], [ -2.360218964458088, 42.302644597447184 ], [ -2.359101255825852, 42.3028004747162 ], [ -2.357994331024927, 42.303082452234932 ], [ -2.35582441529996, 42.3040969628874 ], [ -2.354402155438175, 42.30554793371568 ], [ -2.353516887983069, 42.305506915484351 ], [ -2.352772792639715, 42.305899012211313 ], [ -2.352002581912659, 42.306462009924722 ], [ -2.35123884088526, 42.306403639497447 ], [ -2.350838537578016, 42.307572190618671 ], [ -2.350326784832155, 42.307785402562679 ], [ -2.350370836210528, 42.308217972343179 ], [ -2.349489950265877, 42.308924446374462 ], [ -2.349651705586179, 42.310888709698972 ], [ -2.349441727249034, 42.311247737392996 ], [ -2.349448679076255, 42.311752123235699 ], [ -2.349251065367757, 42.312084256344278 ], [ -2.347823279749854, 42.312868652736597 ], [ -2.347901235438168, 42.313544495526173 ], [ -2.346306952194655, 42.31399476164561 ], [ -2.345983364801736, 42.313605615655135 ], [ -2.344797721274574, 42.314436414277473 ], [ -2.342671704988103, 42.31350559865146 ], [ -2.341726248798543, 42.312239321234948 ], [ -2.341279576973992, 42.31202060124199 ], [ -2.340587593244712, 42.312052671958156 ], [ -2.33895678956463, 42.312511573535453 ], [ -2.336001522050864, 42.315448443645785 ], [ -2.335177926978876, 42.316452371458489 ], [ -2.333660362125331, 42.317668370465086 ], [ -2.331801426711711, 42.319017478928245 ], [ -2.330695723581516, 42.319155106449323 ], [ -2.327483197536035, 42.321108581266607 ], [ -2.326413083109638, 42.321309455742799 ], [ -2.325742001322224, 42.321647703877055 ], [ -2.325589042517244, 42.322331295945126 ], [ -2.321509956437566, 42.324711788258192 ], [ -2.317989484010763, 42.325915667991659 ], [ -2.316439899410576, 42.326671958674851 ], [ -2.315226382181721, 42.327772441973885 ], [ -2.314645290031788, 42.327633841940575 ], [ -2.313684952049841, 42.327772247589245 ], [ -2.31299037957406, 42.328029216123873 ], [ -2.310815573351001, 42.329340082572777 ], [ -2.30995012262925, 42.32967708538488 ], [ -2.308124968563979, 42.330089329770956 ], [ -2.306978995, 42.330550703148276 ], [ -2.306600095129749, 42.330791576726867 ], [ -2.306545457092815, 42.331340633604945 ], [ -2.306594323182499, 42.332412659216274 ], [ -2.306504959292647, 42.332817376201469 ], [ -2.305611648670794, 42.333469393864114 ], [ -2.305024967066363, 42.333835090485273 ], [ -2.304901876204092, 42.333996469982594 ], [ -2.30472306333443, 42.334796904274349 ], [ -2.304525637935182, 42.335083915844002 ], [ -2.303802116808368, 42.335754913235014 ], [ -2.303178635784075, 42.33834487868473 ], [ -2.302803638917249, 42.33932428063347 ], [ -2.301976756389132, 42.340553059553898 ], [ -2.30166518023124, 42.341280630350113 ], [ -2.301234225876545, 42.341827386543379 ], [ -2.297886254727107, 42.347039412395944 ], [ -2.297687253264254, 42.347461488189069 ], [ -2.297259133491288, 42.347747035383627 ], [ -2.293579624464975, 42.348895190625242 ], [ -2.293029683598151, 42.349215974785174 ], [ -2.292429329949134, 42.349698601852928 ], [ -2.292219369832185, 42.350021515697343 ], [ -2.291993147856713, 42.350704551831534 ], [ -2.291659234754716, 42.35124284609072 ], [ -2.28806471271057, 42.352364286894833 ], [ -2.286868705073962, 42.35397794869278 ], [ -2.286631986727132, 42.356651249916204 ], [ -2.28546486026521, 42.35892248188933 ], [ -2.285136850623682, 42.36107288128629 ], [ -2.288845157769252, 42.367130003059614 ], [ -2.295096912877308, 42.374976874214013 ], [ -2.294656349865602, 42.375271388219183 ], [ -2.294647645805208, 42.375274756953459 ], [ -2.293351011266055, 42.375776672794139 ], [ -2.289405523377274, 42.376661864226804 ], [ -2.288957767205572, 42.37673171525141 ], [ -2.288517267082433, 42.376800429768345 ], [ -2.288398919205622, 42.376874794560059 ], [ -2.288162491754579, 42.377023354324741 ], [ -2.287833426071213, 42.377120390285477 ], [ -2.287261037547393, 42.377166115026768 ], [ -2.286265077463705, 42.377245665146141 ], [ -2.284729042294981, 42.377731427083596 ], [ -2.283707232779911, 42.377860137590261 ], [ -2.281147583214438, 42.378731026233261 ], [ -2.281134265856011, 42.378735558307028 ], [ -2.280609054570154, 42.37898444187919 ], [ -2.280067206803697, 42.379141190707287 ], [ -2.278963734010147, 42.379460405672404 ], [ -2.277364315523223, 42.380170819094026 ], [ -2.275435796117604, 42.381639611625296 ], [ -2.273822638967326, 42.382868140335823 ], [ -2.270743474331727, 42.384075772565119 ], [ -2.267879483302436, 42.385198900415077 ], [ -2.26146944095227, 42.386904844450662 ], [ -2.257357580617363, 42.387382527990745 ], [ -2.251353823850518, 42.386550887137844 ], [ -2.250736658402616, 42.386591619460198 ], [ -2.250733764782362, 42.386591812189089 ], [ -2.250733108741269, 42.386591303566121 ], [ -2.249710663089192, 42.38579256071715 ], [ -2.248648533595741, 42.385209263645059 ], [ -2.248022046938813, 42.384772852341044 ], [ -2.246656567323211, 42.384169485069677 ], [ -2.245776694133654, 42.383587307465781 ], [ -2.245670380915091, 42.383334439349348 ], [ -2.245224750913733, 42.383016287622667 ], [ -2.243232597432728, 42.381994451971252 ], [ -2.242596972183095, 42.381314780618204 ], [ -2.242042800075782, 42.380932896976127 ], [ -2.241827940877912, 42.38061622412512 ], [ -2.241454293844297, 42.380370617647145 ], [ -2.235838812715055, 42.377649448258644 ], [ -2.234086855780271, 42.376881276829408 ], [ -2.232127937821176, 42.376156643327818 ], [ -2.228632296999534, 42.373962721765039 ], [ -2.224583900669118, 42.367360989928564 ], [ -2.229481935725491, 42.361107895527638 ], [ -2.230214764632548, 42.360761595041083 ], [ -2.232766039634019, 42.359679988417867 ], [ -2.233204427446955, 42.359574859730216 ], [ -2.23364702687963, 42.359127530330198 ], [ -2.23457379892414, 42.358809554792487 ], [ -2.234664594798076, 42.358332791042621 ], [ -2.235078426104856, 42.357254870753124 ], [ -2.235149048907146, 42.356435788670446 ], [ -2.235419770083975, 42.356140387218019 ], [ -2.236180000791723, 42.355533044270111 ], [ -2.237719338617781, 42.354759779481888 ], [ -2.237975179727866, 42.354689494049694 ], [ -2.238846205633693, 42.354956425150945 ], [ -2.239125454372665, 42.354958301192248 ], [ -2.239406327128007, 42.354825101321872 ], [ -2.239878008191046, 42.353972643517523 ], [ -2.240580880357958, 42.352077067046672 ], [ -2.241038329213657, 42.351395601085812 ], [ -2.241345186152201, 42.351118498735566 ], [ -2.241976326570864, 42.351140679859029 ], [ -2.242485945605202, 42.351171059828332 ], [ -2.244027618122932, 42.350181610541036 ], [ -2.245407708686783, 42.34950624976468 ], [ -2.246859542197355, 42.348921395879259 ], [ -2.248529098009154, 42.348401026349016 ], [ -2.249562522610315, 42.348281795840805 ], [ -2.25344266331523, 42.34665899516223 ], [ -2.255988961866657, 42.343847730846939 ], [ -2.256630420717657, 42.341960617062625 ], [ -2.25803495313487, 42.339177833359543 ], [ -2.258541012440991, 42.33846969559275 ], [ -2.260404902942284, 42.335842958170396 ], [ -2.257793786371605, 42.335952142010441 ], [ -2.256134682190631, 42.335617152243188 ], [ -2.2544488434178, 42.333444724840845 ], [ -2.254275368197781, 42.332714083404369 ], [ -2.254100133766987, 42.332136555015381 ], [ -2.253120076763078, 42.331878029621421 ], [ -2.251809719165999, 42.331824426669115 ], [ -2.251282370849529, 42.332280281439452 ], [ -2.250802838281142, 42.332799488669167 ], [ -2.250346383507552, 42.333417924993014 ], [ -2.25032180044253, 42.333444768064155 ], [ -2.248152206875216, 42.336231455286352 ], [ -2.247470957482685, 42.337370711202674 ], [ -2.246925720764582, 42.337286043540054 ], [ -2.245715102806595, 42.338025584529966 ], [ -2.244263834336345, 42.338583429804096 ], [ -2.24324117298512, 42.338828839971868 ], [ -2.241965701181961, 42.338901389923294 ], [ -2.239437649381601, 42.338146198517116 ], [ -2.239074624912057, 42.338053648255581 ], [ -2.238190695672782, 42.337867690847403 ], [ -2.23599156125743, 42.3370244567583 ], [ -2.234673451590822, 42.336610332249826 ], [ -2.233834615379221, 42.335713140825845 ], [ -2.232905586792569, 42.335247667757955 ], [ -2.231426274840958, 42.336111303451311 ] ] ] ] } }
]
}
