{
"type": "FeatureCollection",
"name": "ZBS_4258_ES24_all_original",
"crs": { "type": "name", "properties": { "name": "urn:ogc:def:crs:EPSG::4258" } },
"features": [
{ "type": "Feature", "properties": { "codatzbs": "20901", "n_zbs": "ALCANIZ", "ccaa_cd": "ES24", "area": "Alcañiz" }, "geometry": { "type": "MultiPolygon", "coordinates": [ [ [ [ 0.05261150406368, 40.996903477885844 ], [ 0.054407719899827, 40.990497246436114 ], [ 0.068325736544597, 40.977158042311963 ], [ 0.064924235079778, 40.967863809609618 ], [ 0.074931998969598, 40.968182554746996 ], [ 0.072686637691624, 40.961280461177346 ], [ 0.075707301626244, 40.958020579661316 ], [ 0.053442726951242, 40.96290004411297 ], [ 0.046230754700274, 40.962640676224758 ], [ 0.040694778640692, 40.951276638352468 ], [ 0.031000903488681, 40.947893408546712 ], [ 0.031809122473021, 40.944530769635584 ], [ 0.026705976357885, 40.938648559345225 ], [ 0.020912815373888, 40.938971798437954 ], [ 0.01726621973894, 40.935833949385206 ], [ 0.007990788769114, 40.933743829381655 ], [ 0.000678533392979, 40.928575614851269 ], [ -0.011424744880219, 40.929574756501964 ], [ -0.018760761143545, 40.924892249015109 ], [ -0.016834316289489, 40.921257762831814 ], [ -0.020144866717017, 40.913912953652101 ], [ -0.029257232659638, 40.905033508119104 ], [ -0.034352706573584, 40.909217745087162 ], [ -0.067235201319757, 40.913301858563969 ], [ -0.082703380347639, 40.920359477933296 ], [ -0.088253409922112, 40.919437024984312 ], [ -0.095674767404738, 40.924307853276325 ], [ -0.097955700177919, 40.930796060582928 ], [ -0.096080900425988, 40.933468919316184 ], [ -0.097549445948541, 40.940882339320297 ], [ -0.09570068273579, 40.945122954589124 ], [ -0.102197412827753, 40.945682854685913 ], [ -0.10796873656732, 40.941639717548021 ], [ -0.117489416796511, 40.940941629803284 ], [ -0.120220940825823, 40.94395516207711 ], [ -0.138953086270828, 40.950825605190389 ], [ -0.146222063100163, 40.948096773590343 ], [ -0.148300183936423, 40.927693941901239 ], [ -0.15264937746012, 40.919335066872208 ], [ -0.161218716531727, 40.925518044470977 ], [ -0.166051249475514, 40.934418619618363 ], [ -0.169634102010392, 40.935065086112161 ], [ -0.173996575832477, 40.9397115588975 ], [ -0.173187743103575, 40.94335753502066 ], [ -0.169233773618926, 40.944989669401139 ], [ -0.167309310343464, 40.953048504667024 ], [ -0.169617153085029, 40.957977874287096 ], [ -0.177348338862082, 40.963625615261385 ], [ -0.177323868857102, 40.975621978209531 ], [ -0.208030706655528, 40.990862192984743 ], [ -0.247722557238499, 41.005381556183359 ], [ -0.268813914666015, 41.008270450312196 ], [ -0.289642675539858, 41.004853480921376 ], [ -0.300757019184485, 41.00490735207169 ], [ -0.315849335053119, 40.998351746120669 ], [ -0.327576355106044, 40.996165584123737 ], [ -0.335746021292751, 40.990491282819825 ], [ -0.363866321183873, 40.986121390348202 ], [ -0.368973200973726, 40.983536071228457 ], [ -0.375885020232404, 40.983675707123226 ], [ -0.371948711752285, 40.994799559677809 ], [ -0.364655946887144, 40.999415635619947 ], [ -0.366436917335854, 41.004248050145051 ], [ -0.363110024260105, 41.008666363136633 ], [ -0.36288009129551, 41.016515120671208 ], [ -0.357624944877891, 41.019168775991027 ], [ -0.35685988188842, 41.023132256537735 ], [ -0.346468158085582, 41.023658925758539 ], [ -0.34152306281794, 41.028624708108396 ], [ -0.343079495707647, 41.033398245060717 ], [ -0.342434288015851, 41.06183586226549 ], [ -0.336399872623154, 41.068055203685986 ], [ -0.33407880342438, 41.075720350869972 ], [ -0.328394193872322, 41.077074685950784 ], [ -0.32470536294265, 41.090544237067498 ], [ -0.321113824637035, 41.092793453480049 ], [ -0.300873265588457, 41.093122363951764 ], [ -0.292305797746931, 41.095334958929506 ], [ -0.308843812137229, 41.101432965995855 ], [ -0.296798320757306, 41.108293083867515 ], [ -0.276348235603821, 41.125374130122687 ], [ -0.270353214938484, 41.134653057040431 ], [ -0.248389037921227, 41.14369518673896 ], [ -0.231398988139177, 41.147376758884604 ], [ -0.228957120228471, 41.156973061239675 ], [ -0.236155924460224, 41.169422120559481 ], [ -0.236398353432432, 41.174426554634422 ], [ -0.228512457918708, 41.176848831689703 ], [ -0.222557625803447, 41.181514778787999 ], [ -0.216171805273959, 41.190421004909545 ], [ -0.205106364547886, 41.19212527095786 ], [ -0.180591511967127, 41.188257958784057 ], [ -0.150112817847378, 41.174357752934768 ], [ -0.132241045259345, 41.161610967789272 ], [ -0.122037749765101, 41.156754014959844 ], [ -0.103137483589454, 41.149732149754058 ], [ -0.078073909067701, 41.150665653659878 ], [ -0.070586139290746, 41.143819579732579 ], [ -0.052929738267057, 41.138757596754616 ], [ -0.042978381608301, 41.134071218162916 ], [ -0.037910473471257, 41.129158494723086 ], [ -0.025422981116138, 41.128197043107669 ], [ -0.011866456919123, 41.120361597690362 ], [ -0.007566528734674, 41.102291124758018 ], [ -0.000291786134494, 41.090519580902871 ], [ 0.011720030010473, 41.079065067870523 ], [ 0.019358008864688, 41.068336506229826 ], [ 0.025057997994805, 41.065475965893654 ], [ 0.037282409119639, 41.046681983333919 ], [ 0.026861391072187, 41.041759677492585 ], [ 0.020128333300773, 41.039937094865522 ], [ 0.026316155594101, 41.008062911113264 ], [ 0.044731454881874, 40.995382828734677 ], [ 0.05261150406368, 40.996903477885844 ] ] ] ] } },
{ "type": "Feature", "properties": { "codatzbs": "20907", "n_zbs": "CASPE", "ccaa_cd": "ES24", "area": "Alcañiz" }, "geometry": { "type": "MultiPolygon", "coordinates": [ [ [ [ 0.10665883619103, 41.350932257488608 ], [ 0.116861834423227, 41.329320954497213 ], [ 0.118550848599818, 41.31989992698977 ], [ 0.117976711808094, 41.316628250726531 ], [ 0.113850849748591, 41.313020597949077 ], [ 0.106903980309217, 41.312118717219917 ], [ 0.096679544148644, 41.315150327005064 ], [ 0.090198467030412, 41.307678560580101 ], [ 0.08967433869452, 41.305432133501512 ], [ 0.098483615740832, 41.29751299198854 ], [ 0.096674284860152, 41.289816468113116 ], [ 0.099322832627327, 41.284224448427139 ], [ 0.089015462339678, 41.284654820958387 ], [ 0.088072268576691, 41.278583010575979 ], [ 0.092115205492522, 41.270152746540134 ], [ 0.090158766426384, 41.261073198052337 ], [ 0.094560099993762, 41.257982830217905 ], [ 0.091943944949333, 41.24933524189278 ], [ 0.093997255116327, 41.241768926157484 ], [ 0.090644275045402, 41.239742601949501 ], [ 0.08768233313598, 41.227267618589579 ], [ 0.095876164416399, 41.217888222548908 ], [ 0.094559982569365, 41.217041030887643 ], [ 0.099206678573688, 41.207594498759896 ], [ 0.096879607307312, 41.189365666140105 ], [ 0.091380785127602, 41.17791358390653 ], [ 0.074519481640173, 41.183129648992001 ], [ 0.066676964016461, 41.179844509292529 ], [ 0.042423424924473, 41.151632279832207 ], [ 0.033571715392835, 41.144174515208505 ], [ 0.027590865671336, 41.143656580793831 ], [ 0.026338148559895, 41.139735751846807 ], [ 0.017624115280784, 41.13728067908302 ], [ 0.012310621933802, 41.129728403779005 ], [ 0.002890403288637, 41.132118086421798 ], [ 0.000279459131544, 41.139382222755302 ], [ -0.010596083932674, 41.134954947479542 ], [ -0.007044736102418, 41.125559085497258 ], [ -0.011866456919123, 41.120361597690362 ], [ -0.025422981116138, 41.128197043107669 ], [ -0.037910473471257, 41.129158494723086 ], [ -0.042978381608301, 41.134071218162916 ], [ -0.052929738267057, 41.138757596754616 ], [ -0.070586139290746, 41.143819579732579 ], [ -0.078073909067701, 41.150665653659878 ], [ -0.103137483589454, 41.149732149754058 ], [ -0.122037749765101, 41.156754014959844 ], [ -0.132241045259345, 41.161610967789272 ], [ -0.150112817847378, 41.174357752934768 ], [ -0.180591511967127, 41.188257958784057 ], [ -0.205106364547886, 41.19212527095786 ], [ -0.216171805273959, 41.190421004909545 ], [ -0.21088081394507, 41.192319395626178 ], [ -0.210438499370661, 41.223209945662894 ], [ -0.212337176632384, 41.237477151148724 ], [ -0.200815589590546, 41.269503458511039 ], [ -0.203670755278802, 41.289855309473012 ], [ -0.193084437934184, 41.295577652757963 ], [ -0.181941861208505, 41.293098647621484 ], [ -0.170023779001152, 41.287032980519186 ], [ -0.161701227998966, 41.281253049955481 ], [ -0.155345557913158, 41.270351502750422 ], [ -0.143338011391877, 41.26785639706565 ], [ -0.139845943439972, 41.256250417484601 ], [ -0.130005069371583, 41.259400756215427 ], [ -0.130741476656189, 41.264931054660337 ], [ -0.139838290442168, 41.275559864457385 ], [ -0.140127498536071, 41.278503152741585 ], [ -0.136997244580112, 41.280739890667881 ], [ -0.138247184203284, 41.285193099849991 ], [ -0.135194303551764, 41.291925845299964 ], [ -0.135759261501059, 41.302477308194504 ], [ -0.141383608485337, 41.307417602560839 ], [ -0.146133337260103, 41.332410902235715 ], [ -0.140337716721357, 41.348253032210039 ], [ -0.142197337021746, 41.350821038227316 ], [ -0.14156603175254, 41.357596023273544 ], [ -0.14730318999514, 41.371554130714166 ], [ -0.118717780998277, 41.369364308494447 ], [ -0.098872679544987, 41.371495120201679 ], [ -0.072346502771381, 41.37727120721555 ], [ -0.069641342409829, 41.373077507717603 ], [ -0.050748144783393, 41.366524279038245 ], [ -0.049080474837571, 41.36057349603243 ], [ -0.03302913129392, 41.358152025833114 ], [ -0.007571655560577, 41.347918786857925 ], [ -0.028925181256678, 41.377931557034437 ], [ -0.027613492022406, 41.383625535132872 ], [ -0.02374200358341, 41.386443297270525 ], [ -0.025368198803815, 41.392213257861094 ], [ -0.023571273535461, 41.396994014870948 ], [ -0.002622220578879, 41.388029066431166 ], [ 0.006621306354402, 41.372972772866781 ], [ 0.005989860290834, 41.368351109658668 ], [ 0.010053135657107, 41.360544646433674 ], [ 0.017240775408251, 41.360878591093929 ], [ 0.037117399650359, 41.355176764271917 ], [ 0.077604227011124, 41.352965483728816 ], [ 0.079666978561551, 41.355900179431032 ], [ 0.080658029502375, 41.352586474111177 ], [ 0.087270936811953, 41.350634918314256 ], [ 0.10665883619103, 41.350932257488608 ] ] ] ] } },
{ "type": "Feature", "properties": { "codatzbs": "20114", "n_zbs": "HUESCA CAPITAL-N3-(PIRINEOS)", "ccaa_cd": "ES24", "area": "Huesca-Jaca" }, "geometry": { "type": "MultiPolygon", "coordinates": [ [ [ [ -0.407372616703372, 42.140254013722462 ], [ -0.407242518591355, 42.140107394990657 ], [ -0.407282814095732, 42.14007321333446 ], [ -0.407278155881353, 42.139853986081143 ], [ -0.407276539291019, 42.139851526993148 ], [ -0.407001047988511, 42.139415422324774 ], [ -0.407021595792981, 42.139380320978631 ], [ -0.40702487335246, 42.139376686077874 ], [ -0.407024611742266, 42.139375168897431 ], [ -0.407025963880329, 42.13937285906875 ], [ -0.407000328956882, 42.139234343199448 ], [ -0.406966860722774, 42.139040246480612 ], [ -0.407026875074335, 42.138812538374296 ], [ -0.407025107289281, 42.138810688641904 ], [ -0.407025850280854, 42.138807896545622 ], [ -0.406996755149767, 42.138781022194202 ], [ -0.406971116736809, 42.138754195243024 ], [ -0.407062967423477, 42.138564770834662 ], [ -0.407061789618309, 42.13856430966112 ], [ -0.407064998098732, 42.138558646878138 ], [ -0.406921730066782, 42.138509468741979 ], [ -0.406886786858936, 42.138495786537931 ], [ -0.406883027266774, 42.138494002601718 ], [ -0.406875484926734, 42.138345171818457 ], [ -0.406874455585936, 42.138270442730551 ], [ -0.406860646391294, 42.138226398991115 ], [ -0.406843225337817, 42.138147981501021 ], [ -0.406846671086495, 42.138145204835794 ], [ -0.406819495508973, 42.138023060405544 ], [ -0.406788840273422, 42.137948954001004 ], [ -0.406741068291714, 42.137825309779281 ], [ -0.406623411534031, 42.137625126075392 ], [ -0.406473027130751, 42.137359147202574 ], [ -0.406472135738244, 42.137142316981368 ], [ -0.406467935392383, 42.137144807449033 ], [ -0.406467922564561, 42.137141098899484 ], [ -0.405973615820677, 42.137433151906215 ], [ -0.40571712688692, 42.137648103895117 ], [ -0.405473615748789, 42.13746550498508 ], [ -0.405443746838944, 42.137447328678867 ], [ -0.405257127584809, 42.137330881441002 ], [ -0.405150711473097, 42.137246709843822 ], [ -0.405102823621559, 42.13720724881518 ], [ -0.405061676869437, 42.137146085357621 ], [ -0.404960968965822, 42.136990278993686 ], [ -0.405030196351839, 42.136609169962334 ], [ -0.4050291307202, 42.136608762892301 ], [ -0.405029590593505, 42.136606399595863 ], [ -0.404829910492481, 42.136532660732421 ], [ -0.404766031477418, 42.13650825882771 ], [ -0.404804206027061, 42.136327441879281 ], [ -0.404847029780557, 42.136269122703915 ], [ -0.404871860268506, 42.136238948099823 ], [ -0.404876769580356, 42.136228621727355 ], [ -0.404881050813963, 42.136222791348715 ], [ -0.404948783004077, 42.136077146409647 ], [ -0.405043012496605, 42.135878939878886 ], [ -0.40487093318453, 42.135702346434172 ], [ -0.404729736611569, 42.135549844577795 ], [ -0.403846127566702, 42.135505561734455 ], [ -0.403743708097562, 42.135500201142044 ], [ -0.403424429582012, 42.13477481312168 ], [ -0.403057385196004, 42.133934621438826 ], [ -0.403032247348181, 42.133859011092838 ], [ -0.402991266336106, 42.133735746849965 ], [ -0.40297130735192, 42.13367392492038 ], [ -0.404278153490688, 42.133478489795792 ], [ -0.404277280377002, 42.133474932306136 ], [ -0.404279512810213, 42.133474593797096 ], [ -0.404248103428146, 42.133356051021082 ], [ -0.404239931695422, 42.133322755277085 ], [ -0.404216882088262, 42.133228839928407 ], [ -0.404206248756538, 42.133185514997905 ], [ -0.404196524639797, 42.133158847742102 ], [ -0.404195758773608, 42.13315849510424 ], [ -0.404194802492297, 42.133154885956564 ], [ -0.404057610032672, 42.133094885307493 ], [ -0.403907660238821, 42.13302584145611 ], [ -0.403144922527758, 42.132213435336531 ], [ -0.403146075636404, 42.132041717794451 ], [ -0.403153418816439, 42.131767713779752 ], [ -0.40315574875202, 42.131757748821826 ], [ -0.403153720420779, 42.131756459592964 ], [ -0.403153866980611, 42.131750990797777 ], [ -0.402859445199921, 42.131569414221211 ], [ -0.402654842982488, 42.131439365168504 ], [ -0.402652327089073, 42.131441678739122 ], [ -0.40265160193194, 42.131441231513072 ], [ -0.401803361240268, 42.132220128408285 ], [ -0.401803266434514, 42.132222446549818 ], [ -0.401801299623291, 42.132224255133146 ], [ -0.401790889327602, 42.132478800456262 ], [ -0.40167443155316, 42.132583514593705 ], [ -0.401068537265857, 42.132313655790028 ], [ -0.397289840542362, 42.130611427302789 ], [ -0.39698128392354, 42.13001207975622 ], [ -0.397462052309225, 42.129742163938801 ], [ -0.400540950778866, 42.128020379804987 ], [ -0.40035347608844, 42.127761542710417 ], [ -0.400104564943711, 42.127463007588489 ], [ -0.400079096656056, 42.127428848674221 ], [ -0.394687230908431, 42.120196176493415 ], [ -0.410247255509473, 42.116831576348176 ], [ -0.410233525482658, 42.117168571647134 ], [ -0.410428868815227, 42.117867281862914 ], [ -0.410516898665579, 42.119368953866719 ], [ -0.410988927774317, 42.120601576995298 ], [ -0.411041961592924, 42.122046913590374 ], [ -0.411584015809246, 42.124308676480979 ], [ -0.41156480284762, 42.124780365226989 ], [ -0.411816186543784, 42.125284300543804 ], [ -0.411789762277922, 42.125372965177426 ], [ -0.411349993138671, 42.127313419680362 ], [ -0.410855756650268, 42.129494054110559 ], [ -0.410836247576851, 42.129490872310498 ], [ -0.410843292202034, 42.129497850366292 ], [ -0.410832705288669, 42.129514800166262 ], [ -0.410797644117458, 42.12964660768889 ], [ -0.410766080087859, 42.129773582550378 ], [ -0.41076368062034, 42.129832461451826 ], [ -0.410769968582019, 42.129921002613088 ], [ -0.410792239191057, 42.129941150160079 ], [ -0.410797805123035, 42.129950105432457 ], [ -0.410685683882739, 42.130424011904744 ], [ -0.411388345154958, 42.131575189366359 ], [ -0.412612110363649, 42.132495534224233 ], [ -0.413837489862383, 42.133457142446403 ], [ -0.414130546437616, 42.133718350594144 ], [ -0.414136267667064, 42.133723450030971 ], [ -0.413942575976615, 42.13383794995088 ], [ -0.413925654630478, 42.133839361496776 ], [ -0.413919684159807, 42.133839859541276 ], [ -0.413693923324667, 42.134101614476172 ], [ -0.413756284174304, 42.134411107880503 ], [ -0.413844892684844, 42.134796395535396 ], [ -0.413973760956907, 42.1351534805368 ], [ -0.414200713260674, 42.135583127870994 ], [ -0.413967348502998, 42.135631234325373 ], [ -0.412916518074862, 42.138705377862479 ], [ -0.413540364327028, 42.139233738174092 ], [ -0.413327803210819, 42.139651046073283 ], [ -0.412684048261111, 42.140211454863049 ], [ -0.412274020447334, 42.140435086218261 ], [ -0.411181469503016, 42.14033036983151 ], [ -0.410450340593651, 42.140275046021799 ], [ -0.409899885436816, 42.140425146821883 ], [ -0.409026737918176, 42.140575231219515 ], [ -0.407365295437329, 42.140433363100023 ], [ -0.407366617273373, 42.140431247484926 ], [ -0.407366645973445, 42.140431241347486 ], [ -0.40740131705457, 42.140382479411365 ], [ -0.40738174043144, 42.140302965712721 ], [ -0.407372616703372, 42.140254013722462 ] ] ] ] } },
{ "type": "Feature", "properties": { "codatzbs": "20106", "n_zbs": "HECHO", "ccaa_cd": "ES24", "area": "Huesca-Jaca" }, "geometry": { "type": "MultiPolygon", "coordinates": [ [ [ [ -0.630375152568146, 42.708436369668114 ], [ -0.628423925089237, 42.702281692007631 ], [ -0.630214672899648, 42.695006725194169 ], [ -0.639731888707239, 42.686108387488275 ], [ -0.644956239270224, 42.681902576468694 ], [ -0.647702878079587, 42.676069730282478 ], [ -0.658440962134818, 42.669932368275632 ], [ -0.663809642388076, 42.663108167023452 ], [ -0.681796450320097, 42.659115419380527 ], [ -0.678888304189583, 42.652347686066022 ], [ -0.679815746084621, 42.646765416293853 ], [ -0.666849674689732, 42.637613981988302 ], [ -0.670994512257243, 42.631781996764282 ], [ -0.669866982644768, 42.628337114713588 ], [ -0.676058838455896, 42.626121662279573 ], [ -0.677284171873457, 42.622355445996661 ], [ -0.684640373460371, 42.617326486716209 ], [ -0.691779353755114, 42.607916185389193 ], [ -0.694644307189167, 42.606587127285202 ], [ -0.717213300014677, 42.613468941614386 ], [ -0.738956303625435, 42.617367303613086 ], [ -0.74629709870675, 42.615314764121756 ], [ -0.753353438003701, 42.617767714135915 ], [ -0.757444009264195, 42.628464911571982 ], [ -0.759029121748243, 42.632548222406072 ], [ -0.762679407062313, 42.633123874855023 ], [ -0.764726052535115, 42.635910379223354 ], [ -0.76483774695371, 42.641306678039321 ], [ -0.766136755811705, 42.638747554841757 ], [ -0.77751970214013, 42.638996065545456 ], [ -0.770044611146803, 42.648170988916398 ], [ -0.792729853398075, 42.649664097926433 ], [ -0.798135526181944, 42.647543919360679 ], [ -0.79852666750125, 42.64440867255032 ], [ -0.804766522978178, 42.639710730086762 ], [ -0.806468280145423, 42.635015631126755 ], [ -0.815200639983801, 42.637803160345797 ], [ -0.823272208016014, 42.652563161318312 ], [ -0.825347462086147, 42.666524417108221 ], [ -0.829887766817182, 42.675606598327512 ], [ -0.838733982482538, 42.676359312926735 ], [ -0.850004932540072, 42.672276059756655 ], [ -0.846465684684497, 42.679701776266135 ], [ -0.851457652272733, 42.68182164859833 ], [ -0.851404364325173, 42.685845905948526 ], [ -0.857629398349668, 42.69010494112775 ], [ -0.868777160510114, 42.694302233248244 ], [ -0.879771815960444, 42.694074117353544 ], [ -0.889282370925159, 42.694772118552741 ], [ -0.90236010322346, 42.702288609314301 ], [ -0.922113792669291, 42.700919830631562 ], [ -0.911437406974051, 42.709397399140784 ], [ -0.904000856932092, 42.712305218575047 ], [ -0.906495573040093, 42.726722962398021 ], [ -0.89651585966823, 42.735779201565862 ], [ -0.90061062219929, 42.737880442079657 ], [ -0.900736529371208, 42.742835491722062 ], [ -0.89906715059838, 42.74704626297433 ], [ -0.900186092599378, 42.760583241527783 ], [ -0.890134694051231, 42.762919848582108 ], [ -0.872960315111425, 42.7590990762884 ], [ -0.864488046787896, 42.763470817329527 ], [ -0.862595699014819, 42.769099637245979 ], [ -0.859193463132409, 42.768874003878388 ], [ -0.847183123412468, 42.786037268508373 ], [ -0.849558560651891, 42.79228631043798 ], [ -0.859657578070895, 42.798679985270468 ], [ -0.860043054359313, 42.802397272080157 ], [ -0.85109115803182, 42.807704504874422 ], [ -0.85447800471822, 42.823643673169123 ], [ -0.854055273717014, 42.828435360566566 ], [ -0.856902238145156, 42.833495384043168 ], [ -0.856418895587955, 42.847119704540731 ], [ -0.840939225935084, 42.853060064726492 ], [ -0.837004418861955, 42.861648355419348 ], [ -0.826574330198927, 42.867258929636087 ], [ -0.81980226005414, 42.868021589889466 ], [ -0.818183819311129, 42.869485508322455 ], [ -0.819650107344959, 42.872692131343854 ], [ -0.814367162846236, 42.877030715138659 ], [ -0.816088911587296, 42.884447537599222 ], [ -0.81328269629858, 42.888320041611834 ], [ -0.818892524994371, 42.889327577457756 ], [ -0.818745560744075, 42.900787851707094 ], [ -0.800779442479417, 42.907962936472828 ], [ -0.788663748819671, 42.917229385386818 ], [ -0.789504080578311, 42.918740463110687 ], [ -0.782862443770466, 42.92184462911947 ], [ -0.753122999540921, 42.924614293851434 ], [ -0.745498443197089, 42.92201499602006 ], [ -0.74377101266396, 42.919324561070411 ], [ -0.727180026321311, 42.919374415255696 ], [ -0.73377634027923, 42.912562601778177 ], [ -0.732689379135612, 42.898106477685104 ], [ -0.727387263304462, 42.894741619043238 ], [ -0.726869556525428, 42.89216497055682 ], [ -0.723586548003891, 42.892522932525758 ], [ -0.723315505678043, 42.889573052351132 ], [ -0.717227873857952, 42.885957925466926 ], [ -0.703993379525685, 42.884234312519297 ], [ -0.698075164334643, 42.879072798344758 ], [ -0.67840881159479, 42.884690678562286 ], [ -0.675755824980628, 42.880665739761788 ], [ -0.666173675089006, 42.876634667921223 ], [ -0.661656638839457, 42.869482745180498 ], [ -0.661689977949994, 42.864710899152108 ], [ -0.655861798577718, 42.858927661738662 ], [ -0.648389422183914, 42.855217480032962 ], [ -0.635649631265771, 42.85326206209605 ], [ -0.619602849513829, 42.838017605481198 ], [ -0.601785498995927, 42.832062625460104 ], [ -0.600980495105973, 42.830100763022074 ], [ -0.603794993911619, 42.826602855826941 ], [ -0.601043079042251, 42.825005341630977 ], [ -0.601717856147428, 42.820526124133487 ], [ -0.598120636359097, 42.815498079747627 ], [ -0.600439734884714, 42.80392158823792 ], [ -0.600050386924978, 42.802607726053253 ], [ -0.596273664588529, 42.802555474643931 ], [ -0.591619014812288, 42.802439612021431 ], [ -0.586778028714982, 42.805228122430727 ], [ -0.581190492261107, 42.804569899016407 ], [ -0.576195721280093, 42.808462338011623 ], [ -0.568865059368925, 42.807028160526869 ], [ -0.564359357746335, 42.79968355559096 ], [ -0.570107301919009, 42.790917940783864 ], [ -0.569333406171617, 42.783517642495113 ], [ -0.567162798986306, 42.781193323768235 ], [ -0.562377559645184, 42.782577264201073 ], [ -0.552807375618397, 42.780671113812403 ], [ -0.550720981361596, 42.777781009373555 ], [ -0.55710144190933, 42.770641446246444 ], [ -0.565119324244196, 42.769083457320605 ], [ -0.56544142397253, 42.763669343635868 ], [ -0.571467213982985, 42.763023011151972 ], [ -0.583638348455972, 42.769646983383204 ], [ -0.585485619679441, 42.773377912343683 ], [ -0.580911689380973, 42.775640650868851 ], [ -0.580286367343677, 42.779454416902261 ], [ -0.583377665758057, 42.781689896376569 ], [ -0.587582945006201, 42.782003776690374 ], [ -0.598622305692146, 42.776301705209114 ], [ -0.601247650793072, 42.77732034806197 ], [ -0.6062606881192, 42.755399455589512 ], [ -0.603653095270038, 42.752355261015616 ], [ -0.60410893969029, 42.747502180655978 ], [ -0.611347055821415, 42.743871372644875 ], [ -0.614296524776625, 42.734820005035438 ], [ -0.61994845657033, 42.729489643482985 ], [ -0.619262369603769, 42.72475687165943 ], [ -0.624413372571545, 42.713958912072158 ], [ -0.630375152568146, 42.708436369668114 ] ] ] ] } },
{ "type": "Feature", "properties": { "codatzbs": "20507", "n_zbs": "INDEPENDENCIA", "ccaa_cd": "ES24", "area": "Zaragoza II-Miguel Servet" }, "geometry": { "type": "MultiPolygon", "coordinates": [ [ [ [ -0.87781845153049, 41.651108950326034 ], [ -0.876465308886931, 41.650657826662993 ], [ -0.876269907368605, 41.650723103768286 ], [ -0.876159130989656, 41.650184818086487 ], [ -0.876327346898578, 41.650108501980569 ], [ -0.876457379710123, 41.649837939534784 ], [ -0.876485487367659, 41.649689104476224 ], [ -0.876135322815517, 41.649608774389336 ], [ -0.875946571900376, 41.649133803651729 ], [ -0.875777680812516, 41.648850847896902 ], [ -0.875616576289729, 41.648580776437981 ], [ -0.875946848451868, 41.648446133761439 ], [ -0.876298240759247, 41.648135781152568 ], [ -0.876658533819297, 41.647740062708586 ], [ -0.876921772107178, 41.647307220857975 ], [ -0.877303210163673, 41.647114882903445 ], [ -0.877707857984064, 41.64657221189308 ], [ -0.878263497841096, 41.645961948352713 ], [ -0.879270811146525, 41.646968648758268 ], [ -0.879741218514861, 41.64731437235892 ], [ -0.880590884941342, 41.647790559736997 ], [ -0.882051642668696, 41.648296226420747 ], [ -0.882281896760964, 41.648293847264334 ], [ -0.882872032787187, 41.648221318366183 ], [ -0.883354936670974, 41.648027663206477 ], [ -0.883923453629179, 41.647644945044568 ], [ -0.884680522390261, 41.647325269013677 ], [ -0.885388165550612, 41.646929525384778 ], [ -0.885741685673461, 41.646797452778813 ], [ -0.885777811226224, 41.646864392742074 ], [ -0.886345590023621, 41.64790457435393 ], [ -0.886949625971289, 41.6487842946147 ], [ -0.887780987046498, 41.64977434876085 ], [ -0.890754743446192, 41.651328932095176 ], [ -0.8910032537372, 41.651540766763553 ], [ -0.8916077976746, 41.652234362559533 ], [ -0.892466674788198, 41.653232025401714 ], [ -0.893195774416064, 41.654124254352887 ], [ -0.893460630929724, 41.654812942108137 ], [ -0.892611118090915, 41.654995352049319 ], [ -0.892331932297794, 41.655002471531645 ], [ -0.892029024760651, 41.655913031026024 ], [ -0.891102749079803, 41.655721016667442 ], [ -0.887974659298277, 41.655023153936284 ], [ -0.886157147503395, 41.654641827226051 ], [ -0.88503954551644, 41.654301570824728 ], [ -0.884171904363316, 41.65407034896608 ], [ -0.883864291168352, 41.653994974342083 ], [ -0.883475320892812, 41.653777768335026 ], [ -0.882733828730251, 41.653363702336883 ], [ -0.882122438368578, 41.65302228045956 ], [ -0.880623958992111, 41.65227624349852 ], [ -0.880098812761654, 41.651987784658125 ], [ -0.879375042454664, 41.65167107252433 ], [ -0.87781845153049, 41.651108950326034 ] ] ] ] } },
{ "type": "Feature", "properties": { "codatzbs": "20104", "n_zbs": "BROTO", "ccaa_cd": "ES24", "area": "Huesca-Jaca" }, "geometry": { "type": "MultiPolygon", "coordinates": [ [ [ [ 0.024421972176756, 42.493905045074314 ], [ 0.021990261937405, 42.485864972580643 ], [ 0.019348538772228, 42.48321216547766 ], [ -0.001905918103308, 42.481864966202778 ], [ -0.024454430769389, 42.482453104966766 ], [ -0.033500927466859, 42.479609511276429 ], [ -0.045657663972406, 42.473767076747642 ], [ -0.053250230934975, 42.468099210814721 ], [ -0.076831439326405, 42.459175271844487 ], [ -0.086006437646515, 42.444896861288044 ], [ -0.085621049782908, 42.428726779153912 ], [ -0.123104149378021, 42.437040404854137 ], [ -0.12851620507721, 42.443110531983052 ], [ -0.128322478064448, 42.449210953326805 ], [ -0.132559955688448, 42.457601689959397 ], [ -0.130970465978095, 42.461515051399125 ], [ -0.133731377472037, 42.46524024882784 ], [ -0.153374633489016, 42.471655392074503 ], [ -0.163612033779198, 42.467983231995099 ], [ -0.173662056559146, 42.472770161057234 ], [ -0.178643818213487, 42.468831781125729 ], [ -0.17592128479163, 42.475005095990056 ], [ -0.178120345418475, 42.477499684926727 ], [ -0.18210269161233, 42.477399581923819 ], [ -0.179203128473366, 42.48453212413105 ], [ -0.182605904646165, 42.491657750025894 ], [ -0.175034340520508, 42.493623412659367 ], [ -0.174337785711132, 42.502872286593721 ], [ -0.179840748990515, 42.505799433726914 ], [ -0.181387472108356, 42.510105872038999 ], [ -0.181770841510683, 42.514302543918411 ], [ -0.187706255541879, 42.519014010460623 ], [ -0.189537902423898, 42.52322820819284 ], [ -0.184976160398105, 42.535885089821967 ], [ -0.196642586313706, 42.541015935505477 ], [ -0.206271092948623, 42.536730829472646 ], [ -0.213124919055287, 42.537312075146694 ], [ -0.245791014360962, 42.546522029483221 ], [ -0.24403074850286, 42.549991591708242 ], [ -0.238520966385868, 42.552587312739405 ], [ -0.236699873777013, 42.558801759830899 ], [ -0.231362845167288, 42.558843981559768 ], [ -0.229542717617156, 42.561438297753028 ], [ -0.225625102502137, 42.559956700338873 ], [ -0.223181991989443, 42.561212190177329 ], [ -0.225372477288033, 42.568127044828998 ], [ -0.217792605776832, 42.569275826473962 ], [ -0.226070304857925, 42.57216911674513 ], [ -0.229040202736083, 42.578283320893021 ], [ -0.229978692955389, 42.598629870358344 ], [ -0.226925633044304, 42.601509571872072 ], [ -0.206146725485772, 42.600617159187301 ], [ -0.204634939994697, 42.602804441840824 ], [ -0.207292308875081, 42.612891671682441 ], [ -0.205089676718008, 42.616890060559427 ], [ -0.205645504743874, 42.626808947019796 ], [ -0.200620847324788, 42.632809354544257 ], [ -0.196664719629691, 42.648119695480837 ], [ -0.193424342264661, 42.652632767545846 ], [ -0.200207757601718, 42.670277026967184 ], [ -0.200972814834661, 42.67796772759349 ], [ -0.198874890779985, 42.680113558505504 ], [ -0.187680029545519, 42.690734758452706 ], [ -0.192644411798441, 42.696502593482812 ], [ -0.190004669630108, 42.700354865052361 ], [ -0.188201149441261, 42.718391957068086 ], [ -0.190785511063752, 42.724713553865755 ], [ -0.197352371713895, 42.728593532924279 ], [ -0.202850712753785, 42.728818079125837 ], [ -0.205592627122091, 42.737655607191755 ], [ -0.199970917541822, 42.740696820659458 ], [ -0.196725299516389, 42.752800667895123 ], [ -0.202830597645613, 42.755606425579707 ], [ -0.201603611602304, 42.758160767074479 ], [ -0.203649813003007, 42.762109712459335 ], [ -0.199630478732758, 42.769404233344922 ], [ -0.194417458534338, 42.769006458927336 ], [ -0.193086556353851, 42.772494622077815 ], [ -0.18677068296076, 42.775121915466443 ], [ -0.184404527485029, 42.779052748750189 ], [ -0.179378224457572, 42.780180614786325 ], [ -0.177623306197053, 42.785441037743261 ], [ -0.159218550552986, 42.797862092216661 ], [ -0.153695526025033, 42.792979416955696 ], [ -0.159168582895937, 42.78078817871156 ], [ -0.147341434384602, 42.774010621227305 ], [ -0.149675658912668, 42.772952269727057 ], [ -0.149667966621418, 42.769125194047213 ], [ -0.140491691770666, 42.768013714195199 ], [ -0.126124036600556, 42.753111380534371 ], [ -0.122624027293949, 42.751645736584571 ], [ -0.117892663234572, 42.74459320541542 ], [ -0.117389062096861, 42.738592428961056 ], [ -0.108773346347474, 42.734728241600195 ], [ -0.107697663783071, 42.731855648014921 ], [ -0.110156254809709, 42.725470430638275 ], [ -0.106013486133536, 42.721061518456338 ], [ -0.099620701584814, 42.722493527828981 ], [ -0.094513876352978, 42.720968286683039 ], [ -0.087964474096645, 42.721567142065723 ], [ -0.078817610013933, 42.717660179753615 ], [ -0.068389952164073, 42.718933358249963 ], [ -0.062607703453668, 42.710266683671513 ], [ -0.064813789247105, 42.70801813060335 ], [ -0.061260907525027, 42.694825228831284 ], [ -0.054369723883589, 42.693153339150264 ], [ -0.048634658171369, 42.694653450133828 ], [ -0.014227584891364, 42.684882450628628 ], [ 0.001074285345218, 42.6853196495763 ], [ 0.012143496222002, 42.692871753058341 ], [ 0.022317704071402, 42.687461964952341 ], [ 0.034661600625752, 42.675519361824897 ], [ 0.041297369942933, 42.674712932070776 ], [ 0.045832134548367, 42.666875374505267 ], [ 0.06196884496792, 42.665760483090217 ], [ 0.074646382099985, 42.662800264767448 ], [ 0.077431939457682, 42.660159080836593 ], [ 0.077847853772984, 42.653754703428497 ], [ 0.075910588461192, 42.638715141489591 ], [ 0.065689970078323, 42.636224976560726 ], [ 0.059298415402142, 42.631974740634959 ], [ 0.054557454577753, 42.611597807715896 ], [ 0.032299640514914, 42.589060111406127 ], [ 0.009081854510187, 42.582093278412685 ], [ -0.011004228088839, 42.569015243388037 ], [ -0.026511938245192, 42.551113745167115 ], [ -0.026410741419664, 42.548373599325707 ], [ -0.017383943244412, 42.541781475253472 ], [ -0.009860312910033, 42.539703260520582 ], [ -0.003913397674155, 42.532929298200649 ], [ -0.009064356564027, 42.526031247063933 ], [ -0.005995493158456, 42.521466678089119 ], [ 0.004722056072869, 42.521573137391641 ], [ 0.009874579610432, 42.514801296258732 ], [ 0.01553347319671, 42.512248075654284 ], [ 0.017008827812282, 42.504212985312549 ], [ 0.02344039015662, 42.500297397425449 ], [ 0.031028861941228, 42.498935122498146 ], [ 0.024421972176756, 42.493905045074314 ] ] ] ] } },
{ "type": "Feature", "properties": { "codatzbs": "20619", "n_zbs": "CARINENA", "ccaa_cd": "ES24", "area": "Zaragoza III-Clinico" }, "geometry": { "type": "MultiPolygon", "coordinates": [ [ [ [ -1.100384667784302, 41.382364881284772 ], [ -1.084866677091582, 41.374055331035031 ], [ -1.067009723066903, 41.374612329600374 ], [ -1.044859854228344, 41.379957436385304 ], [ -1.02198250820396, 41.396553475490236 ], [ -1.007366869045341, 41.403164428741412 ], [ -1.001057901554305, 41.404487032337727 ], [ -0.993734557373502, 41.402999486276016 ], [ -0.98257890033713, 41.402047839284158 ], [ -0.959272675517309, 41.390728022115852 ], [ -0.959083060084332, 41.390635891202166 ], [ -0.956208218378216, 41.380848383458137 ], [ -0.964302588274955, 41.36211336899607 ], [ -0.972909660677171, 41.352889138261055 ], [ -0.977294395321087, 41.352570000837915 ], [ -0.987847505406164, 41.345252250699225 ], [ -0.979751042311135, 41.335364806888663 ], [ -0.978529953907683, 41.332344011151768 ], [ -0.980665074987295, 41.328211304395246 ], [ -0.97591243283546, 41.322327203766484 ], [ -0.982549273303894, 41.315166141342736 ], [ -1.036722634055596, 41.315706926356036 ], [ -1.042765626363639, 41.324555747813342 ], [ -1.056471226119078, 41.329750940239244 ], [ -1.056820669020892, 41.313165879061302 ], [ -1.062060621732188, 41.299203173759935 ], [ -1.082972805957622, 41.29639197178026 ], [ -1.085804112214058, 41.294322411971244 ], [ -1.072166379737901, 41.286582813466154 ], [ -1.06878481860579, 41.281392109508005 ], [ -1.074986020786121, 41.268660834410262 ], [ -1.085809095343985, 41.26392336737679 ], [ -1.089246225176643, 41.256990990990914 ], [ -1.092571359188153, 41.255109545291411 ], [ -1.104199039448429, 41.255031496223907 ], [ -1.109496079867106, 41.257181210527165 ], [ -1.114388799929956, 41.255144852617065 ], [ -1.121118108183905, 41.25689414638255 ], [ -1.128572151714346, 41.239541638453353 ], [ -1.132218965939863, 41.236772546643238 ], [ -1.127026139602363, 41.233508633303011 ], [ -1.127313334185501, 41.227208262397006 ], [ -1.120983784353215, 41.219097685888649 ], [ -1.130004928084806, 41.204346536069409 ], [ -1.138173151467188, 41.199768172776288 ], [ -1.141233575025263, 41.200349037107763 ], [ -1.14854368680144, 41.19063078775747 ], [ -1.15200480131336, 41.189245248009414 ], [ -1.164566666756567, 41.19201329494301 ], [ -1.175706957585035, 41.185461898284373 ], [ -1.181182344197871, 41.189241499158747 ], [ -1.194210677945471, 41.19026625611675 ], [ -1.190315638697764, 41.195312298766574 ], [ -1.192634518744389, 41.202482515520813 ], [ -1.185270821012497, 41.211734265231492 ], [ -1.184755384669582, 41.216139718301797 ], [ -1.189428628546185, 41.219699146675872 ], [ -1.189836304140049, 41.226109698524127 ], [ -1.196259157329334, 41.241576958495145 ], [ -1.205510089450143, 41.24322572727921 ], [ -1.208708423058196, 41.245842634322614 ], [ -1.21251993008695, 41.243487978246065 ], [ -1.224084580825055, 41.244333474999451 ], [ -1.231457796023834, 41.251481690822921 ], [ -1.237432792864125, 41.248988236340054 ], [ -1.236975757405077, 41.241126948497239 ], [ -1.244286181896895, 41.23416785634678 ], [ -1.250658219883556, 41.231022262409112 ], [ -1.256979429881939, 41.242341318927757 ], [ -1.257741429162006, 41.248693965406439 ], [ -1.273168809098272, 41.252024953080202 ], [ -1.282925674069041, 41.259547923940886 ], [ -1.288034846545619, 41.260452620612362 ], [ -1.291213803698101, 41.257104166627173 ], [ -1.294432925398673, 41.258160704652276 ], [ -1.297415199557542, 41.264663129253833 ], [ -1.301288316214364, 41.265377845759097 ], [ -1.313082142071281, 41.275603473732637 ], [ -1.313144411243088, 41.278747921849913 ], [ -1.310570784440586, 41.279926179113303 ], [ -1.31938099663567, 41.289765022477816 ], [ -1.317778964124188, 41.296343863655657 ], [ -1.319775264544357, 41.300462393195652 ], [ -1.333076920891199, 41.299214689655003 ], [ -1.335880635417576, 41.301687184715789 ], [ -1.340162847035693, 41.31321528117347 ], [ -1.341768427910008, 41.328109335666603 ], [ -1.344484708918861, 41.330787660428648 ], [ -1.343224491168949, 41.333363616386578 ], [ -1.345752907952203, 41.339227563919835 ], [ -1.357658546383795, 41.347225415996235 ], [ -1.35490300177422, 41.350329558443654 ], [ -1.351069962542589, 41.350644001106247 ], [ -1.347933744995478, 41.353184094501358 ], [ -1.351343560121645, 41.361591694097768 ], [ -1.349174217350057, 41.368901481192793 ], [ -1.336764587560747, 41.371190660510372 ], [ -1.334499686019084, 41.374670694864705 ], [ -1.330877825944356, 41.375554939585278 ], [ -1.316618185802145, 41.374851788519791 ], [ -1.306554104891376, 41.383441035839461 ], [ -1.296597722718395, 41.387806594342152 ], [ -1.29248671364894, 41.392708550035337 ], [ -1.286824328752759, 41.395623748223393 ], [ -1.25926110562033, 41.401595934433729 ], [ -1.261701819917175, 41.402479517493809 ], [ -1.268020882632316, 41.413635525676682 ], [ -1.279394932640379, 41.421056974298033 ], [ -1.290469260732724, 41.438632715708366 ], [ -1.292840110641784, 41.449557476967975 ], [ -1.301382054589634, 41.455736619758547 ], [ -1.302301599812729, 41.460875232561662 ], [ -1.28998978871674, 41.477391827734728 ], [ -1.27794740576557, 41.49887388321013 ], [ -1.249151567691002, 41.516461799722997 ], [ -1.243437289472709, 41.517716665258746 ], [ -1.216698079377215, 41.51695374222836 ], [ -1.192536534989298, 41.499805693403026 ], [ -1.189281293213151, 41.497962106638049 ], [ -1.18421645251663, 41.489712923241612 ], [ -1.178967702253314, 41.487648440372574 ], [ -1.172834184879034, 41.478292027356751 ], [ -1.160640865198477, 41.472828574844421 ], [ -1.162665457495969, 41.469834601793579 ], [ -1.161280921020839, 41.467128414183883 ], [ -1.166504427935058, 41.458114772992253 ], [ -1.169983526790362, 41.454036031752771 ], [ -1.173880106742214, 41.452981157209621 ], [ -1.175000738885852, 41.450161702724522 ], [ -1.169532440971518, 41.433033657519019 ], [ -1.147538675105523, 41.424476114582085 ], [ -1.13371367320317, 41.422090927584129 ], [ -1.133221978094054, 41.417534450683 ], [ -1.120353003794666, 41.404471904696059 ], [ -1.116849961240293, 41.396938793155321 ], [ -1.112771033800759, 41.395286674351468 ], [ -1.114763394083104, 41.390914917713594 ], [ -1.111653955138798, 41.38553177142277 ], [ -1.100384667784302, 41.382364881284772 ] ] ] ] } },
{ "type": "Feature", "properties": { "codatzbs": "20910", "n_zbs": "MAS DE LAS MATAS", "ccaa_cd": "ES24", "area": "Alcañiz" }, "geometry": { "type": "MultiPolygon", "coordinates": [ [ [ [ -0.19681078108073, 40.78456685195998 ], [ -0.193765566600663, 40.782313084659371 ], [ -0.201378391348554, 40.779642934080478 ], [ -0.201876198778019, 40.775124519678855 ], [ -0.210086754798772, 40.76748734018306 ], [ -0.212469557876902, 40.758384796360829 ], [ -0.223668737441624, 40.754268519538314 ], [ -0.226350834704956, 40.744173097150743 ], [ -0.230144622120432, 40.738652931899445 ], [ -0.228866058561448, 40.735793943613466 ], [ -0.231306355235255, 40.732916300518447 ], [ -0.230915249727844, 40.729213949629539 ], [ -0.237057733738522, 40.723551690874515 ], [ -0.238891082690511, 40.718155329799906 ], [ -0.236018380946253, 40.709763944569168 ], [ -0.233199655497884, 40.708660582508422 ], [ -0.237165915577965, 40.698046198846676 ], [ -0.235625875952365, 40.691217870097894 ], [ -0.250076365190521, 40.690878739103745 ], [ -0.260627500797931, 40.685202994112593 ], [ -0.278613188786467, 40.680242369362901 ], [ -0.288501559280527, 40.672431767587931 ], [ -0.293261661941687, 40.674074723463065 ], [ -0.298710464605925, 40.667753298439138 ], [ -0.306176370139565, 40.663892613513269 ], [ -0.306632721460813, 40.659606782404211 ], [ -0.316556572489157, 40.663729064917376 ], [ -0.320068675138639, 40.668476493098161 ], [ -0.321740658424334, 40.67782881098141 ], [ -0.328453079896388, 40.680389421019264 ], [ -0.355803191989406, 40.677803901387001 ], [ -0.370142175911491, 40.672393968896394 ], [ -0.369257961299667, 40.670212048141444 ], [ -0.372612065229099, 40.670351510498165 ], [ -0.370131398136297, 40.669358247309106 ], [ -0.370907821024651, 40.667961720928844 ], [ -0.377592041743128, 40.667645543531641 ], [ -0.381149154970108, 40.661691389335417 ], [ -0.38063647408843, 40.67085824189725 ], [ -0.401360823648696, 40.677902128261046 ], [ -0.403787985914453, 40.681208474498405 ], [ -0.406662049682793, 40.694351700677394 ], [ -0.427846188520611, 40.701086020877675 ], [ -0.430079847846111, 40.697785120163921 ], [ -0.43305864021864, 40.699724941761268 ], [ -0.440554454226328, 40.700233777418724 ], [ -0.445151538164084, 40.698552217012811 ], [ -0.447665348176442, 40.695329124502805 ], [ -0.459928031567899, 40.693086755237644 ], [ -0.468110625511684, 40.684196120315953 ], [ -0.47196506713391, 40.686775718911271 ], [ -0.478565813388289, 40.697494852118162 ], [ -0.469729441994623, 40.703012086105197 ], [ -0.477146696991001, 40.712199878603109 ], [ -0.483357727972606, 40.7132362709673 ], [ -0.48976523194702, 40.727634524880195 ], [ -0.489948206636204, 40.731583739718161 ], [ -0.479194957369568, 40.751381637250347 ], [ -0.438466406001098, 40.783964250666799 ], [ -0.405930786964714, 40.794198750356585 ], [ -0.405603689752537, 40.802595100086556 ], [ -0.401873320142078, 40.810707678972541 ], [ -0.404749648228728, 40.818725787739623 ], [ -0.397956956451572, 40.820824471211587 ], [ -0.396033506754754, 40.823014814968097 ], [ -0.389581023426772, 40.821562863339899 ], [ -0.385986726851001, 40.824624910674522 ], [ -0.378343565426582, 40.825406107470641 ], [ -0.375385132972417, 40.828563321801283 ], [ -0.364853268903677, 40.830710018058994 ], [ -0.363190343501519, 40.832275205325367 ], [ -0.367333027112629, 40.841160823039999 ], [ -0.357230896799242, 40.843181445010238 ], [ -0.351430224288373, 40.84707447529992 ], [ -0.34837295757222, 40.852651643508452 ], [ -0.337615086923309, 40.858249236899482 ], [ -0.334956697909848, 40.857980686656838 ], [ -0.331563321668191, 40.861243743293763 ], [ -0.316984523870722, 40.86267070329523 ], [ -0.316130694115678, 40.867946951780148 ], [ -0.306017902579961, 40.870386111239206 ], [ -0.304427891357413, 40.880616973938416 ], [ -0.306286936719859, 40.886568984286072 ], [ -0.2992408069175, 40.886773295623556 ], [ -0.290617797630045, 40.891299587055315 ], [ -0.292469990513182, 40.895936626391261 ], [ -0.283893237425273, 40.894942271211619 ], [ -0.284186233361993, 40.893003711557185 ], [ -0.272166694672081, 40.894638290965958 ], [ -0.232002665686334, 40.89031200722269 ], [ -0.223951265645248, 40.885876156780022 ], [ -0.220459001990876, 40.890484513608314 ], [ -0.21540402372839, 40.892154847292453 ], [ -0.21385989709629, 40.889919847899904 ], [ -0.202156365709221, 40.888258271903126 ], [ -0.188836704101506, 40.891140641434973 ], [ -0.165077864032744, 40.885523763581041 ], [ -0.148445356462513, 40.887869476650117 ], [ -0.137160935727885, 40.885617256008494 ], [ -0.12246165870297, 40.886052779456762 ], [ -0.113057460444547, 40.882890342933031 ], [ -0.110826923550023, 40.879880286239 ], [ -0.117673299952209, 40.868414895299395 ], [ -0.113694795283299, 40.847203371394329 ], [ -0.118103426454741, 40.832785753925116 ], [ -0.132001164984883, 40.79207903441479 ], [ -0.14004939485071, 40.790666685912342 ], [ -0.144167546732772, 40.785553740214695 ], [ -0.164591401362665, 40.788741860287686 ], [ -0.166420547720377, 40.785859626677045 ], [ -0.19681078108073, 40.78456685195998 ] ] ] ] } },
{ "type": "Feature", "properties": { "codatzbs": "20905", "n_zbs": "CALANDA", "ccaa_cd": "ES24", "area": "Alcañiz" }, "geometry": { "type": "MultiPolygon", "coordinates": [ [ [ [ -0.034594719543367, 40.851202961833877 ], [ -0.032456797659726, 40.837718951554962 ], [ -0.025205192681774, 40.833605083143212 ], [ -0.034876403009582, 40.826540762739484 ], [ -0.038835899041388, 40.827624351777757 ], [ -0.046645330699315, 40.824519177584648 ], [ -0.056416626349723, 40.813501679148345 ], [ -0.06309205670395, 40.808907325242224 ], [ -0.065111186980447, 40.809355055725391 ], [ -0.069888915977068, 40.80476599900377 ], [ -0.068370599201044, 40.80236764616852 ], [ -0.085112365308661, 40.798991240117651 ], [ -0.092187134812066, 40.801727858413784 ], [ -0.096159570294551, 40.79978339594895 ], [ -0.10627805043378, 40.799317317332068 ], [ -0.111786651542643, 40.798014373781896 ], [ -0.11563624714044, 40.792049095364682 ], [ -0.125209384271645, 40.794026526088878 ], [ -0.132001164984883, 40.79207903441479 ], [ -0.118103426454741, 40.832785753925116 ], [ -0.113694795283299, 40.847203371394329 ], [ -0.117673299952209, 40.868414895299395 ], [ -0.110826923550023, 40.879880286239 ], [ -0.113057460444547, 40.882890342933031 ], [ -0.12246165870297, 40.886052779456762 ], [ -0.137160935727885, 40.885617256008494 ], [ -0.148445356462513, 40.887869476650117 ], [ -0.165077864032744, 40.885523763581041 ], [ -0.188836704101506, 40.891140641434973 ], [ -0.202156365709221, 40.888258271903126 ], [ -0.21385989709629, 40.889919847899904 ], [ -0.21540402372839, 40.892154847292453 ], [ -0.220459001990876, 40.890484513608314 ], [ -0.223951265645248, 40.885876156780022 ], [ -0.232002665686334, 40.89031200722269 ], [ -0.272166694672081, 40.894638290965958 ], [ -0.284186233361993, 40.893003711557185 ], [ -0.283893237425273, 40.894942271211619 ], [ -0.292469990513182, 40.895936626391261 ], [ -0.293829903966351, 40.89839148335971 ], [ -0.297378993059108, 40.898979144089871 ], [ -0.305892543961852, 40.895116356541607 ], [ -0.312668314151901, 40.89985015079592 ], [ -0.321775392068398, 40.910672362411709 ], [ -0.321847063046614, 40.916834795009009 ], [ -0.31524452194543, 40.91773493873761 ], [ -0.319137948072012, 40.928336708048278 ], [ -0.318101804016852, 40.93809411435727 ], [ -0.307488256894855, 40.942359035637566 ], [ -0.30987453832401, 40.948530479957419 ], [ -0.314592386183447, 40.952882736084923 ], [ -0.322181388114767, 40.952942300209372 ], [ -0.323345112901182, 40.98292629704455 ], [ -0.312597070264709, 40.99237646039942 ], [ -0.289642675539858, 41.004853480921376 ], [ -0.268813914666015, 41.008270450312196 ], [ -0.247722557238499, 41.005381556183359 ], [ -0.208030706655528, 40.990862192984743 ], [ -0.177323868857102, 40.975621978209531 ], [ -0.177348338862082, 40.963625615261385 ], [ -0.169617153085029, 40.957977874287096 ], [ -0.167309310343464, 40.953048504667024 ], [ -0.169233773618926, 40.944989669401139 ], [ -0.173187743103575, 40.94335753502066 ], [ -0.173996575832477, 40.9397115588975 ], [ -0.169634102010392, 40.935065086112161 ], [ -0.166051249475514, 40.934418619618363 ], [ -0.161218716531727, 40.925518044470977 ], [ -0.15264937746012, 40.919335066872208 ], [ -0.148300183936423, 40.927693941901239 ], [ -0.146222063100163, 40.948096773590343 ], [ -0.138953086270828, 40.950825605190389 ], [ -0.120220940825823, 40.94395516207711 ], [ -0.117489416796511, 40.940941629803284 ], [ -0.10796873656732, 40.941639717548021 ], [ -0.102197412827753, 40.945682854685913 ], [ -0.09570068273579, 40.945122954589124 ], [ -0.097549445948541, 40.940882339320297 ], [ -0.096080900425988, 40.933468919316184 ], [ -0.097955700177919, 40.930796060582928 ], [ -0.095674767404738, 40.924307853276325 ], [ -0.088253409922112, 40.919437024984312 ], [ -0.082703380347639, 40.920359477933296 ], [ -0.067235201319757, 40.913301858563969 ], [ -0.034352706573584, 40.909217745087162 ], [ -0.029257232659638, 40.905033508119104 ], [ -0.028303561194178, 40.900352528371009 ], [ -0.032476375874799, 40.897821026052178 ], [ -0.033070868843738, 40.890631031329164 ], [ -0.031436064817458, 40.885788361574846 ], [ -0.026800530905189, 40.881444776087989 ], [ -0.026386127486753, 40.874534936145736 ], [ -0.034594719543367, 40.851202961833877 ] ] ] ] } },
{ "type": "Feature", "properties": { "codatzbs": "20519", "n_zbs": "SAN JOSE SUR", "ccaa_cd": "ES24", "area": "Zaragoza II-Miguel Servet" }, "geometry": { "type": "MultiPolygon", "coordinates": [ [ [ [ -0.865610214146195, 41.631831519835558 ], [ -0.844259913003483, 41.61491936090097 ], [ -0.836689677802773, 41.606412490003898 ], [ -0.827429434981966, 41.596003029280972 ], [ -0.830065882326538, 41.596682022435459 ], [ -0.831892081196289, 41.599669178838724 ], [ -0.83403988064302, 41.600454189462887 ], [ -0.835565157686296, 41.601105765514717 ], [ -0.836677572819211, 41.601580952176583 ], [ -0.839306574775275, 41.602731933061428 ], [ -0.841865213574386, 41.60382967030958 ], [ -0.843310185225784, 41.604432354164899 ], [ -0.844471325419288, 41.604967932141278 ], [ -0.844812950582255, 41.605274080533576 ], [ -0.844821136566193, 41.605722503163726 ], [ -0.844666167658251, 41.606554156354441 ], [ -0.844329127404171, 41.607523625977635 ], [ -0.844337680138037, 41.607837833885888 ], [ -0.844509325293992, 41.608394122479432 ], [ -0.844707205137122, 41.609018667898745 ], [ -0.845254365735887, 41.609435728467552 ], [ -0.845580783534192, 41.609627413709205 ], [ -0.846020980882948, 41.609828316281913 ], [ -0.846541998758459, 41.609888074841329 ], [ -0.846901947433648, 41.609930458593702 ], [ -0.847124548985247, 41.610098852357162 ], [ -0.847633865522217, 41.61043926676178 ], [ -0.847877670413662, 41.610612488331341 ], [ -0.84832644282433, 41.610842129393838 ], [ -0.848665702797454, 41.61093411093438 ], [ -0.849161817509955, 41.610996816593961 ], [ -0.849594288303613, 41.611033567491532 ], [ -0.850063026313769, 41.610949582019359 ], [ -0.850482835057369, 41.610907491862285 ], [ -0.850707798815858, 41.611004447156688 ], [ -0.850998345173868, 41.611241620751706 ], [ -0.8511585259498, 41.611462522719435 ], [ -0.851606960016988, 41.611682133040411 ], [ -0.851947350028536, 41.611762723788416 ], [ -0.852166621394363, 41.611745353637659 ], [ -0.8524257557129, 41.611671731211032 ], [ -0.852770486260441, 41.611474590894531 ], [ -0.853172271664032, 41.611230752985499 ], [ -0.853542318693608, 41.610978994893102 ], [ -0.853917246430662, 41.610857551153259 ], [ -0.854588241431785, 41.610980683542351 ], [ -0.85502053414738, 41.611068420032552 ], [ -0.855737656107916, 41.611201458295014 ], [ -0.856592048884328, 41.61134635729583 ], [ -0.856950074989097, 41.611488209346227 ], [ -0.857551513029552, 41.611949459711532 ], [ -0.858342934403875, 41.612169139878681 ], [ -0.859128409414472, 41.612387162807309 ], [ -0.859577400004339, 41.612511784997842 ], [ -0.859965121944935, 41.612776119259969 ], [ -0.860226083036182, 41.613023370675997 ], [ -0.860473947362705, 41.613292054552872 ], [ -0.860744164512711, 41.613891211613854 ], [ -0.861031597128562, 41.614600120422992 ], [ -0.861341532218717, 41.615079394580043 ], [ -0.861554541836124, 41.615506993243955 ], [ -0.861988545933107, 41.616378201099685 ], [ -0.862933297106055, 41.616711567474624 ], [ -0.863486531046917, 41.616821609597999 ], [ -0.86408116971921, 41.616939884206204 ], [ -0.865332986011524, 41.617103147107457 ], [ -0.866055440912404, 41.617224290261241 ], [ -0.866603382089935, 41.617272921614777 ], [ -0.867463205594708, 41.617349226516936 ], [ -0.868169113872191, 41.617411868068587 ], [ -0.868945206431669, 41.617588086757713 ], [ -0.869452871353218, 41.617703352498978 ], [ -0.869821185271621, 41.617902772829474 ], [ -0.870288180295701, 41.618155612155824 ], [ -0.870692126825346, 41.618365392842712 ], [ -0.870758217274999, 41.618639201777135 ], [ -0.870614368242341, 41.61896480866011 ], [ -0.870270355551355, 41.61930455295861 ], [ -0.869689732908839, 41.619900808073133 ], [ -0.869463200002158, 41.620133435462002 ], [ -0.869239635932694, 41.620568196745666 ], [ -0.869313349990318, 41.620766846953963 ], [ -0.869405625258843, 41.621015513132178 ], [ -0.869857324742751, 41.621356329080044 ], [ -0.870293716718351, 41.62168558968672 ], [ -0.870700135933582, 41.621992231757837 ], [ -0.87104718456473, 41.622094363765981 ], [ -0.871626096123578, 41.622241044319736 ], [ -0.872033007082316, 41.622384471946049 ], [ -0.872487726017567, 41.622728309260999 ], [ -0.872733322382318, 41.623067362911648 ], [ -0.873081352437129, 41.623424619336106 ], [ -0.873296679490006, 41.623689777701969 ], [ -0.873273666546372, 41.623915617145137 ], [ -0.873224467934536, 41.624079610499948 ], [ -0.872989264246677, 41.624285749146019 ], [ -0.872709126047733, 41.624415396162661 ], [ -0.872140189428913, 41.6245899160226 ], [ -0.871734069103321, 41.624720194333882 ], [ -0.871544415816459, 41.624913471121516 ], [ -0.871413596202924, 41.625263552930839 ], [ -0.871320074184284, 41.625513824528589 ], [ -0.871180969974631, 41.625886067993349 ], [ -0.87108777321649, 41.626361725307405 ], [ -0.871205057265102, 41.626659763128131 ], [ -0.871497866162383, 41.627056712379236 ], [ -0.87176468179482, 41.627432238394157 ], [ -0.871883570939095, 41.627675653708529 ], [ -0.871985775093938, 41.628069294740719 ], [ -0.872194102030058, 41.628311313763533 ], [ -0.872657866385583, 41.628657893676554 ], [ -0.872895012221632, 41.628865576271075 ], [ -0.873013908080006, 41.629108990520741 ], [ -0.873184440644712, 41.629566067206888 ], [ -0.873493998336455, 41.630155520269653 ], [ -0.873807464072486, 41.630321487524306 ], [ -0.875646159778754, 41.630838784091551 ], [ -0.87597482234185, 41.630817565791297 ], [ -0.876375961138497, 41.630643963828234 ], [ -0.876821817588209, 41.630433557540549 ], [ -0.878538271799191, 41.629705683471201 ], [ -0.879042987680207, 41.629627247750314 ], [ -0.879541885719393, 41.629800712846425 ], [ -0.880248847930715, 41.630248511540351 ], [ -0.880874027257813, 41.63063708297971 ], [ -0.881194023196268, 41.631210023495726 ], [ -0.881494721503672, 41.63185943196428 ], [ -0.881551172594478, 41.632851684567484 ], [ -0.881558158765379, 41.632974481169533 ], [ -0.881868869645044, 41.6330491172303 ], [ -0.882582529487703, 41.633173824548791 ], [ -0.884976054695625, 41.633525291756342 ], [ -0.884692542441218, 41.635501732431948 ], [ -0.884630326868348, 41.635916947221176 ], [ -0.884519606096395, 41.63672263687419 ], [ -0.883222317839806, 41.637450779043398 ], [ -0.882429002459852, 41.637904480667572 ], [ -0.881277245359495, 41.638610877575545 ], [ -0.881313906837675, 41.63870933721843 ], [ -0.881117177250964, 41.638927563971585 ], [ -0.880640725539172, 41.639427069456552 ], [ -0.877034105341358, 41.637600937456277 ], [ -0.876929959521862, 41.637527324078732 ], [ -0.870061427928806, 41.633956944786462 ], [ -0.865610214146195, 41.631831519835558 ] ] ] ] } },
{ "type": "Feature", "properties": { "codatzbs": "20804", "n_zbs": "BAGUENA", "ccaa_cd": "ES24", "area": "Teruel" }, "geometry": { "type": "MultiPolygon", "coordinates": [ [ [ [ -1.096541391002723, 41.024983650701174 ], [ -1.105826454811062, 41.014751044834981 ], [ -1.105949679812748, 41.008790039077631 ], [ -1.117051369897513, 40.996838766636571 ], [ -1.123177150363322, 41.001343489904329 ], [ -1.136550652460433, 41.00564994181854 ], [ -1.137899410577311, 40.99955559296906 ], [ -1.145512364193856, 41.000696189433192 ], [ -1.14530583219865, 41.007637726875828 ], [ -1.148746838395949, 41.010872713615669 ], [ -1.168319987603042, 41.01731967768319 ], [ -1.175511684970069, 41.01701041487263 ], [ -1.186471973400446, 41.007644455738195 ], [ -1.209943564085733, 41.006804416715212 ], [ -1.231478381952289, 41.023674869946753 ], [ -1.238663798134482, 41.032098962772409 ], [ -1.26755795981276, 41.032086652424482 ], [ -1.274980050591969, 41.028468892618498 ], [ -1.279362055427497, 41.020517541359773 ], [ -1.285927006453925, 41.014102920640617 ], [ -1.289417938272529, 41.006038925629532 ], [ -1.293436627369162, 41.009737585234895 ], [ -1.299094593478075, 41.010289630225074 ], [ -1.310110985039773, 41.00219163868578 ], [ -1.328037746251049, 40.993391417868914 ], [ -1.339002587862653, 40.98424499869531 ], [ -1.354476284576851, 40.979107279601521 ], [ -1.356875300289644, 40.973439590126574 ], [ -1.365915227704235, 40.965434130713511 ], [ -1.369089953453771, 40.959570024322048 ], [ -1.373091606016069, 40.966454432777098 ], [ -1.371109335066965, 40.971191567514225 ], [ -1.368779375970861, 40.9716990622887 ], [ -1.368650499556497, 40.976444352666448 ], [ -1.373953865504014, 40.98118526434488 ], [ -1.371341667236543, 40.983004050727239 ], [ -1.376449944739453, 40.987003513003565 ], [ -1.377933619228361, 40.997275198685927 ], [ -1.379070268876325, 40.996498491684541 ], [ -1.38149335885793, 41.003396482560028 ], [ -1.390299689937413, 41.005042092140975 ], [ -1.393632755235824, 41.007826933020908 ], [ -1.395130936787284, 41.01272999127309 ], [ -1.409987567377048, 41.017529932071724 ], [ -1.415640171982783, 41.020859544706589 ], [ -1.41757372044847, 41.02504764391292 ], [ -1.4219452687766, 41.027269455814022 ], [ -1.41444340879065, 41.032571082055789 ], [ -1.41078762918179, 41.035205008322464 ], [ -1.412692440606032, 41.0410863356134 ], [ -1.416432598771281, 41.043876121271147 ], [ -1.404464377789581, 41.050737011569971 ], [ -1.409655444885228, 41.058014891854491 ], [ -1.40485899530433, 41.066415768768984 ], [ -1.39695312585953, 41.066053782746195 ], [ -1.377782927777419, 41.073180737385918 ], [ -1.360356787422381, 41.088039775009051 ], [ -1.35543667417242, 41.088636244777405 ], [ -1.345020212044379, 41.086226171174495 ], [ -1.322734984511321, 41.096938120649149 ], [ -1.310407333326444, 41.094298857711188 ], [ -1.304493152991662, 41.079808922015239 ], [ -1.295952915293945, 41.068486434513034 ], [ -1.281137883519365, 41.056034109493623 ], [ -1.270565374671805, 41.054885076136685 ], [ -1.263439555923274, 41.061596584085542 ], [ -1.252940266663697, 41.077435238063394 ], [ -1.256489627544699, 41.086811803335856 ], [ -1.241595423197243, 41.093088858046848 ], [ -1.226673709943932, 41.103380872727428 ], [ -1.223727023864652, 41.109766759084046 ], [ -1.203209528867451, 41.110115017132017 ], [ -1.197034074079107, 41.11339634080678 ], [ -1.196504226195671, 41.116216438615915 ], [ -1.190078101313853, 41.117313558656562 ], [ -1.190915304182745, 41.120659506268879 ], [ -1.176652138401737, 41.128162904694975 ], [ -1.17362820594017, 41.123800504650134 ], [ -1.166560351867588, 41.126516496257707 ], [ -1.154397119064033, 41.12781741115883 ], [ -1.157519850283878, 41.123498809362736 ], [ -1.159307235518161, 41.11324994790678 ], [ -1.157071277972274, 41.104197789543065 ], [ -1.145333318061552, 41.090101842453784 ], [ -1.144373875316841, 41.084429781636942 ], [ -1.148089875242351, 41.07504069714151 ], [ -1.14416829188175, 41.065078404539022 ], [ -1.148941768618409, 41.062921353319375 ], [ -1.148427455100927, 41.05792296269378 ], [ -1.138905400132319, 41.0491312994981 ], [ -1.112889400193024, 41.031864083218153 ], [ -1.096541391002723, 41.024983650701174 ] ] ] ] } },
{ "type": "Feature", "properties": { "codatzbs": "20615", "n_zbs": "EPILA", "ccaa_cd": "ES24", "area": "Zaragoza III-Clinico" }, "geometry": { "type": "MultiPolygon", "coordinates": [ [ [ [ -1.038488608125776, 41.609983998118281 ], [ -1.037885010719361, 41.608121736880172 ], [ -1.038002900788561, 41.608390562645162 ], [ -1.037775301980873, 41.607783244630639 ], [ -1.037885010719361, 41.608121736880172 ], [ -1.037127420531325, 41.606394143010334 ], [ -1.035651473212921, 41.604612639526266 ], [ -1.034946706138557, 41.601427880175606 ], [ -1.033915158683331, 41.600147175157993 ], [ -1.033366010986012, 41.598277903005396 ], [ -1.032521629850063, 41.596254940603195 ], [ -1.032403787824543, 41.594208407466567 ], [ -1.032738582102683, 41.592471342223718 ], [ -1.033799896215159, 41.589918128253792 ], [ -1.034644841330465, 41.588563565805167 ], [ -1.03530927866965, 41.587620217410219 ], [ -1.036274659922814, 41.587328389638145 ], [ -1.042034804909261, 41.587273581960993 ], [ -1.043108813627817, 41.589444482368854 ], [ -1.052065462230329, 41.588020427388329 ], [ -1.056155776411336, 41.582046156567941 ], [ -1.05733724933876, 41.583047933704265 ], [ -1.062300082241342, 41.581159193240289 ], [ -1.062106250159514, 41.578012594741921 ], [ -1.055875266299939, 41.573800334322854 ], [ -1.062038414550034, 41.574264700719965 ], [ -1.060349830371367, 41.570570420289627 ], [ -1.066960803105218, 41.56968207000233 ], [ -1.065906343258501, 41.565629329474866 ], [ -1.071279203815854, 41.568448634817706 ], [ -1.07276676971659, 41.567626946032632 ], [ -1.075184478397663, 41.564560138236381 ], [ -1.073640581841046, 41.560418222153722 ], [ -1.077353186822557, 41.565434070007747 ], [ -1.084874959282888, 41.565352527647882 ], [ -1.083391410398794, 41.560365104359441 ], [ -1.077315595627491, 41.554166047613705 ], [ -1.084867143153332, 41.55749849247173 ], [ -1.085374107352168, 41.555759623326423 ], [ -1.092356268034829, 41.555641491401957 ], [ -1.08546074321031, 41.552014207773006 ], [ -1.101547645725891, 41.552145942043069 ], [ -1.103940206157098, 41.5502850293908 ], [ -1.095054811937943, 41.548273743394105 ], [ -1.095200093600993, 41.546591867381665 ], [ -1.099848724608108, 41.54465124486714 ], [ -1.094995675088097, 41.544570922799167 ], [ -1.093369406758194, 41.542796640849389 ], [ -1.091378234466811, 41.544871204892445 ], [ -1.08741579154438, 41.544670272578642 ], [ -1.087332798507228, 41.542606310227313 ], [ -1.083421898219084, 41.541883720870004 ], [ -1.087971993821736, 41.539221359250647 ], [ -1.087582263893712, 41.537395516670678 ], [ -1.084303462197257, 41.538827100632282 ], [ -1.08331444312293, 41.537810884961992 ], [ -1.079803503542489, 41.541003707324258 ], [ -1.076599770317038, 41.540697919287709 ], [ -1.080156861298784, 41.53675837573514 ], [ -1.076631471737214, 41.537203812263463 ], [ -1.07878123862247, 41.533826256542021 ], [ -1.074145989365946, 41.531280801590221 ], [ -1.073494061562526, 41.533458530120399 ], [ -1.070961429374565, 41.532362300717892 ], [ -1.069925869211321, 41.536551037380129 ], [ -1.065730708783221, 41.534931406137304 ], [ -1.055068722930951, 41.538714490533991 ], [ -1.039909404198049, 41.527829036986738 ], [ -1.04840003795985, 41.521290384584638 ], [ -1.057562845332641, 41.509448529415081 ], [ -1.052044187543566, 41.503680856938345 ], [ -1.059917820278966, 41.499202539752389 ], [ -1.072755574834445, 41.489682064358156 ], [ -1.077804989036848, 41.480552569899004 ], [ -1.09390981772281, 41.487233597902168 ], [ -1.114303509396753, 41.504340639592556 ], [ -1.120149516636081, 41.50603053000264 ], [ -1.122495592806053, 41.511914377714177 ], [ -1.127831385208814, 41.516783947815597 ], [ -1.129537229012223, 41.523710983681418 ], [ -1.127561163244711, 41.523660806315682 ], [ -1.125752495504482, 41.531097999285691 ], [ -1.138615812212989, 41.53395499985632 ], [ -1.144417419215865, 41.541920766594387 ], [ -1.151883050567648, 41.543716228087597 ], [ -1.156493223154625, 41.54179978946604 ], [ -1.161880433149496, 41.533599749210573 ], [ -1.164480752045511, 41.525147863391673 ], [ -1.168919983579848, 41.524561106637194 ], [ -1.187861904200879, 41.514062036337435 ], [ -1.191561556242026, 41.508581011937935 ], [ -1.190583623889597, 41.503251561652512 ], [ -1.192536534989298, 41.499805693403026 ], [ -1.216698079377215, 41.51695374222836 ], [ -1.223771706829936, 41.527790512460349 ], [ -1.232387918615927, 41.534453318219697 ], [ -1.257229675634636, 41.543208900464428 ], [ -1.268593297098713, 41.543722889475774 ], [ -1.277708609192118, 41.542220530856035 ], [ -1.279496161122116, 41.539914535973388 ], [ -1.292370535109852, 41.5358462789886 ], [ -1.322060302057338, 41.550793502571153 ], [ -1.326911246558698, 41.553314123149448 ], [ -1.327979687923339, 41.549078373357034 ], [ -1.329471288209471, 41.551216701088237 ], [ -1.33479776830609, 41.552041580070544 ], [ -1.336480344734101, 41.549084628855852 ], [ -1.338968654216428, 41.550237508044006 ], [ -1.367989792935744, 41.565280390263034 ], [ -1.379872625551566, 41.567763230571117 ], [ -1.39662804210697, 41.581796722665707 ], [ -1.408988818033604, 41.58257190386351 ], [ -1.411029271169448, 41.584969001177619 ], [ -1.41896666110869, 41.585636853924441 ], [ -1.42069103874061, 41.595613137970609 ], [ -1.430085270926496, 41.597119965396601 ], [ -1.4316350509498, 41.595555870671539 ], [ -1.44150270658362, 41.595852178959966 ], [ -1.447573689467014, 41.59235859874078 ], [ -1.450551542058276, 41.58623804132251 ], [ -1.45623245843666, 41.58999836794932 ], [ -1.461641927441742, 41.589044041019982 ], [ -1.474335975761516, 41.598688560884916 ], [ -1.47828102491088, 41.604415226688666 ], [ -1.493824044834578, 41.611519192254718 ], [ -1.503973370911224, 41.621036917820511 ], [ -1.501384596876457, 41.628641101452004 ], [ -1.498491716303754, 41.629666119884021 ], [ -1.489625280242733, 41.626874903023321 ], [ -1.483167200862716, 41.629933241753704 ], [ -1.480712883533663, 41.634251156599532 ], [ -1.461715780197063, 41.643509641657808 ], [ -1.458463894289829, 41.647951550523516 ], [ -1.442669424358576, 41.674515790175683 ], [ -1.439920475134464, 41.691339173940001 ], [ -1.432549805298244, 41.695985444572266 ], [ -1.424802799636332, 41.697788899519978 ], [ -1.420389565127159, 41.704285232145111 ], [ -1.396714732072724, 41.711459896266192 ], [ -1.389304118651273, 41.717003466059261 ], [ -1.382356006259845, 41.727065392114682 ], [ -1.377010755292292, 41.730214366144523 ], [ -1.334824933285503, 41.735618099847343 ], [ -1.328285004464128, 41.737116906859576 ], [ -1.321811984498924, 41.726725849184795 ], [ -1.310865915292359, 41.721183810421003 ], [ -1.310160631243976, 41.717816031373523 ], [ -1.306787555896254, 41.708495471074464 ], [ -1.30893894127375, 41.693684012818139 ], [ -1.292715360734657, 41.674444091509571 ], [ -1.27316955893117, 41.66135416140186 ], [ -1.278954101412656, 41.653681262064147 ], [ -1.277650317237786, 41.65260874245088 ], [ -1.279227896827746, 41.648320595962367 ], [ -1.260317478823111, 41.651350224006386 ], [ -1.246789786244901, 41.634502603186817 ], [ -1.219193924846817, 41.623531501722191 ], [ -1.209891302694523, 41.62155164290462 ], [ -1.198162021755798, 41.628822538635887 ], [ -1.180475728678843, 41.642641530339212 ], [ -1.173861402738697, 41.647029244155391 ], [ -1.172962414979962, 41.645939390517526 ], [ -1.172266034849537, 41.64508513850781 ], [ -1.170383499691207, 41.642859373159631 ], [ -1.165290875673936, 41.641721595116472 ], [ -1.16464925328612, 41.64268506944736 ], [ -1.16358229769314, 41.644337248994852 ], [ -1.160517453522114, 41.644280397315534 ], [ -1.155767825097483, 41.64353995526205 ], [ -1.150551370667947, 41.641917135973102 ], [ -1.144160503973602, 41.64079791704183 ], [ -1.13996824981956, 41.641354862244107 ], [ -1.136922553111849, 41.642755746159395 ], [ -1.133189175673333, 41.643810119858713 ], [ -1.130951137854558, 41.644179023210881 ], [ -1.129373312343031, 41.643838389890163 ], [ -1.123435280687136, 41.644121051594198 ], [ -1.11786189805161, 41.644741806651361 ], [ -1.114313113137686, 41.643947525357625 ], [ -1.109535411199395, 41.641694493895322 ], [ -1.10865602310382, 41.640094497755278 ], [ -1.107168064359945, 41.639080932747767 ], [ -1.105211591409643, 41.639002870719956 ], [ -1.102869336253476, 41.638697498075466 ], [ -1.100917114679174, 41.637801686172942 ], [ -1.098892895977838, 41.63652528279556 ], [ -1.09634617432133, 41.634701706673887 ], [ -1.094805098979265, 41.632805055420548 ], [ -1.093405419789191, 41.632199874203899 ], [ -1.090505476918294, 41.631339273997838 ], [ -1.08956137643068, 41.630226507027508 ], [ -1.086688216668431, 41.628633069472798 ], [ -1.084116236437379, 41.627268543249222 ], [ -1.080975030619524, 41.624866667179894 ], [ -1.07854305794767, 41.623053701969276 ], [ -1.076151628424669, 41.621295471591324 ], [ -1.073334471073077, 41.620106888750257 ], [ -1.070178281799586, 41.618813199818618 ], [ -1.067887854401704, 41.617870204907568 ], [ -1.064671139565825, 41.617208586552501 ], [ -1.060512271341447, 41.615512497169597 ], [ -1.059153846576666, 41.614991421092327 ], [ -1.050060368678206, 41.617053056884423 ], [ -1.048491902983768, 41.616927392406225 ], [ -1.048077560434263, 41.616537553125411 ], [ -1.044533992566638, 41.616040462986831 ], [ -1.043089046746525, 41.615997855783171 ], [ -1.043056166818026, 41.614903011153558 ], [ -1.038488608125776, 41.609983998118281 ] ] ] ] } },
{ "type": "Feature", "properties": { "codatzbs": "20613", "n_zbs": "BORJA", "ccaa_cd": "ES24", "area": "Zaragoza III-Clinico" }, "geometry": { "type": "MultiPolygon", "coordinates": [ [ [ [ -1.346114650761279, 41.77407730232882 ], [ -1.347540643288961, 41.767270862461174 ], [ -1.342132133581035, 41.766607435389467 ], [ -1.334823876563493, 41.742174844153048 ], [ -1.334824933285503, 41.735618099847343 ], [ -1.377010755292292, 41.730214366144523 ], [ -1.382356006259845, 41.727065392114682 ], [ -1.389304118651273, 41.717003466059261 ], [ -1.396714732072724, 41.711459896266192 ], [ -1.420389565127159, 41.704285232145111 ], [ -1.424802799636332, 41.697788899519978 ], [ -1.432549805298244, 41.695985444572266 ], [ -1.439920475134464, 41.691339173940001 ], [ -1.442669424358576, 41.674515790175683 ], [ -1.458463894289829, 41.647951550523516 ], [ -1.461715780197063, 41.643509641657808 ], [ -1.480712883533663, 41.634251156599532 ], [ -1.483167200862716, 41.629933241753704 ], [ -1.489625280242733, 41.626874903023321 ], [ -1.498491716303754, 41.629666119884021 ], [ -1.501384596876457, 41.628641101452004 ], [ -1.503973370911224, 41.621036917820511 ], [ -1.515297600399214, 41.626047486455072 ], [ -1.513047298985743, 41.638294802322605 ], [ -1.520490440058649, 41.644632617121786 ], [ -1.525740010090856, 41.644537988908823 ], [ -1.534907056466219, 41.654373635473959 ], [ -1.547185454120038, 41.663248182989392 ], [ -1.551138276071445, 41.66908948647832 ], [ -1.5652676042881, 41.672203031260473 ], [ -1.568744014053014, 41.675245593896719 ], [ -1.572691748517522, 41.685238297895395 ], [ -1.580655465219343, 41.684256071350013 ], [ -1.592756525974338, 41.689133527484557 ], [ -1.599587739056134, 41.696053133848288 ], [ -1.599229720208898, 41.698705783513084 ], [ -1.607064568804267, 41.70430425246898 ], [ -1.615887393355887, 41.706500391793263 ], [ -1.619472084318742, 41.710857808254353 ], [ -1.619525189928417, 41.717361393468991 ], [ -1.621157649282127, 41.712976660386161 ], [ -1.616186220361984, 41.698731149196689 ], [ -1.61837350757212, 41.695920263715628 ], [ -1.623449491187636, 41.696827837456034 ], [ -1.632260515078532, 41.691619016523639 ], [ -1.640424037530787, 41.693697452493296 ], [ -1.661035137524947, 41.694173607274202 ], [ -1.663372927655148, 41.695596874112574 ], [ -1.674247468411254, 41.69272364035043 ], [ -1.683363802960801, 41.704132025219089 ], [ -1.690200757658076, 41.703030325718572 ], [ -1.697806364174548, 41.704332631502659 ], [ -1.706374712009749, 41.715778087904681 ], [ -1.713992685291966, 41.717755018824612 ], [ -1.727007281778327, 41.725294598145645 ], [ -1.720432836542457, 41.730040234081329 ], [ -1.715144291144181, 41.738393585596391 ], [ -1.704019945176739, 41.741430014897503 ], [ -1.690087507583127, 41.755358642008282 ], [ -1.681819079278665, 41.757948077683274 ], [ -1.687101569630987, 41.762583981068111 ], [ -1.683352077715022, 41.769458294353726 ], [ -1.682447101081554, 41.782516752139763 ], [ -1.678510949001555, 41.784335911456076 ], [ -1.676006101727153, 41.79261119981178 ], [ -1.672238214902749, 41.795566963038276 ], [ -1.66116366722811, 41.795636607579247 ], [ -1.653263902721838, 41.801587693677291 ], [ -1.654868549467876, 41.807163667450013 ], [ -1.651624035704466, 41.812628668352147 ], [ -1.652034390753766, 41.818893201835209 ], [ -1.648274933112334, 41.824757357884138 ], [ -1.649534731613524, 41.841011105138719 ], [ -1.653020134700088, 41.844240459286844 ], [ -1.64157750626084, 41.844231743262384 ], [ -1.628471654738713, 41.852731366678682 ], [ -1.621969461783573, 41.859327410210412 ], [ -1.620451275283444, 41.865496712235249 ], [ -1.622629464611872, 41.871233044646239 ], [ -1.615979431617914, 41.875629340962192 ], [ -1.614117118191321, 41.879272527142803 ], [ -1.620235913107274, 41.884470899316661 ], [ -1.623913120780198, 41.904068316861697 ], [ -1.607755671396383, 41.900279930595303 ], [ -1.589288384543672, 41.904035392004282 ], [ -1.576291514668922, 41.904586421220387 ], [ -1.579001034185445, 41.910167949802307 ], [ -1.579808194144886, 41.921075923126025 ], [ -1.558898387334245, 41.914051417744815 ], [ -1.522950240908845, 41.910000977273292 ], [ -1.50272617644725, 41.902948150154245 ], [ -1.473957237713565, 41.903596066249811 ], [ -1.453688250162854, 41.901712669709518 ], [ -1.453934483184836, 41.899500396648214 ], [ -1.441926138473426, 41.889638086844954 ], [ -1.442318153425909, 41.887391795108769 ], [ -1.43020651427657, 41.881417671519372 ], [ -1.415365241877731, 41.877250944750706 ], [ -1.407568216893683, 41.87191028918479 ], [ -1.409419520311605, 41.867711956896372 ], [ -1.377258326582147, 41.856823380533442 ], [ -1.369830766527531, 41.867985325115349 ], [ -1.358518170340355, 41.873570278184062 ], [ -1.359449049045118, 41.856489269336706 ], [ -1.355892303688455, 41.846252060932443 ], [ -1.337209196529634, 41.825826447359773 ], [ -1.324644078843171, 41.816817430233669 ], [ -1.317691596042073, 41.80552971256116 ], [ -1.317010750606149, 41.804411978338976 ], [ -1.320845635959434, 41.802756858406603 ], [ -1.339248772892895, 41.776247882409024 ], [ -1.346114650761279, 41.77407730232882 ] ] ] ] } },
{ "type": "Feature", "properties": { "codatzbs": "20410", "n_zbs": "ZALFONADA", "ccaa_cd": "ES24", "area": "Zaragoza I-Royo Villanova" }, "geometry": { "type": "MultiPolygon", "coordinates": [ [ [ [ -0.862606281511722, 41.679331901429563 ], [ -0.863200262828481, 41.678413468828069 ], [ -0.864153439993223, 41.675736930994873 ], [ -0.86632340697348, 41.670916065501302 ], [ -0.867509039237719, 41.668281690120352 ], [ -0.867509719643387, 41.668266174721346 ], [ -0.867957129821192, 41.66727279864503 ], [ -0.868702948455984, 41.665616793828896 ], [ -0.869065629142549, 41.665841682224922 ], [ -0.871423894897691, 41.666527162978866 ], [ -0.872656678786451, 41.666551822604028 ], [ -0.873811884236745, 41.666573126613997 ], [ -0.875260673378862, 41.666586317680377 ], [ -0.876947527527925, 41.666637259893285 ], [ -0.879946496886443, 41.666717818866665 ], [ -0.880107096325317, 41.666722130635989 ], [ -0.879998285459642, 41.668071047445331 ], [ -0.880050786780741, 41.669036513862189 ], [ -0.880170141345804, 41.670118944923132 ], [ -0.880320662012668, 41.672878910966439 ], [ -0.880322149841512, 41.674026430326833 ], [ -0.877886050828194, 41.679672040917957 ], [ -0.871064407727996, 41.679623634914478 ], [ -0.871053497619583, 41.679440493881799 ], [ -0.863390112641418, 41.679568220759705 ], [ -0.863022587740093, 41.679677896471162 ], [ -0.862606281511722, 41.679331901429563 ] ] ] ] } },
{ "type": "Feature", "properties": { "codatzbs": "20908", "n_zbs": "MAELLA", "ccaa_cd": "ES24", "area": "Alcañiz" }, "geometry": { "type": "MultiPolygon", "coordinates": [ [ [ [ 0.253352107144188, 41.150266406347832 ], [ 0.256511916007226, 41.143818706820262 ], [ 0.250885241458749, 41.138448132478878 ], [ 0.25237442750098, 41.134596457787218 ], [ 0.249202914313666, 41.130678356965213 ], [ 0.237320765794208, 41.130544916067663 ], [ 0.214310038020112, 41.137413131665696 ], [ 0.2134686349856, 41.136283814245751 ], [ 0.219731394701644, 41.134514738650381 ], [ 0.220194531404153, 41.132538400880335 ], [ 0.204284847142647, 41.128470436502397 ], [ 0.201220836568869, 41.125475608307916 ], [ 0.209336747335443, 41.117027034614203 ], [ 0.206751339160299, 41.109669022269571 ], [ 0.201271818601936, 41.102769743174441 ], [ 0.201564940860892, 41.084794265713278 ], [ 0.208340910333966, 41.082903514096827 ], [ 0.215981978493953, 41.084356355187182 ], [ 0.220440069339918, 41.083024956050991 ], [ 0.220092584103954, 41.079324088082274 ], [ 0.216902177217986, 41.077359856127657 ], [ 0.218577849392449, 41.075358716014023 ], [ 0.22071218658816, 41.071543495152042 ], [ 0.197266571173559, 41.068081184118412 ], [ 0.168395812698943, 41.071031912852419 ], [ 0.146218027146919, 41.063156295579475 ], [ 0.144898631035696, 41.065930231495386 ], [ 0.136286971900835, 41.068011430047648 ], [ 0.117350390636213, 41.07725287523904 ], [ 0.093590492468721, 41.080217429160285 ], [ 0.072812948517594, 41.079540021699977 ], [ 0.057898689174683, 41.07516385394819 ], [ 0.055033270609299, 41.068548217635986 ], [ 0.056064455386881, 41.066404334958442 ], [ 0.051377692643168, 41.059242446460537 ], [ 0.052189709495414, 41.054933949581226 ], [ 0.049976910661818, 41.053137290974654 ], [ 0.046523965755343, 41.053336762106724 ], [ 0.037282409119639, 41.046681983333919 ], [ 0.025057997994805, 41.065475965893654 ], [ 0.019358008864688, 41.068336506229826 ], [ 0.011720030010473, 41.079065067870523 ], [ -0.000291786134494, 41.090519580902871 ], [ -0.007566528734674, 41.102291124758018 ], [ -0.011866456919123, 41.120361597690362 ], [ -0.007044736102418, 41.125559085497258 ], [ -0.010596083932674, 41.134954947479542 ], [ 0.000279459131544, 41.139382222755302 ], [ 0.002890403288637, 41.132118086421798 ], [ 0.012310621933802, 41.129728403779005 ], [ 0.017624115280784, 41.13728067908302 ], [ 0.026338148559895, 41.139735751846807 ], [ 0.027590865671336, 41.143656580793831 ], [ 0.033571715392835, 41.144174515208505 ], [ 0.042423424924473, 41.151632279832207 ], [ 0.066676964016461, 41.179844509292529 ], [ 0.074519481640173, 41.183129648992001 ], [ 0.091380785127602, 41.17791358390653 ], [ 0.096879607307312, 41.189365666140105 ], [ 0.099206678573688, 41.207594498759896 ], [ 0.094559982569365, 41.217041030887643 ], [ 0.095876164416399, 41.217888222548908 ], [ 0.08768233313598, 41.227267618589579 ], [ 0.090644275045402, 41.239742601949501 ], [ 0.093997255116327, 41.241768926157484 ], [ 0.091943944949333, 41.24933524189278 ], [ 0.094560099993762, 41.257982830217905 ], [ 0.090158766426384, 41.261073198052337 ], [ 0.092115205492522, 41.270152746540134 ], [ 0.088072268576691, 41.278583010575979 ], [ 0.089015462339678, 41.284654820958387 ], [ 0.099322832627327, 41.284224448427139 ], [ 0.117539476708337, 41.266863763271679 ], [ 0.124685660370062, 41.26328353522721 ], [ 0.128177985178911, 41.261684631822085 ], [ 0.130486970736176, 41.264044399167098 ], [ 0.139599968053561, 41.26242709715612 ], [ 0.155398120483249, 41.255150145432914 ], [ 0.161320172253629, 41.254465199286486 ], [ 0.165387749138844, 41.260351384795868 ], [ 0.172493146846286, 41.263145637085906 ], [ 0.184006424891225, 41.259369168955743 ], [ 0.188194688470071, 41.262783501517923 ], [ 0.194148798307733, 41.26201484321868 ], [ 0.198064324024706, 41.264229647227523 ], [ 0.227096114383217, 41.253413074326865 ], [ 0.245940437163166, 41.256323091897229 ], [ 0.248894738180082, 41.258860408974797 ], [ 0.252293725240873, 41.255207007063873 ], [ 0.267733580964527, 41.249410864692415 ], [ 0.273678895264308, 41.240388986932714 ], [ 0.285135417031104, 41.231632727376116 ], [ 0.293807191645769, 41.232798730263994 ], [ 0.300236105967458, 41.238459255609925 ], [ 0.301225007674604, 41.242222303110367 ], [ 0.297429554348978, 41.249310756815959 ], [ 0.299148947168649, 41.253359189416038 ], [ 0.308317394410125, 41.253428973152893 ], [ 0.315605944724293, 41.241817645633503 ], [ 0.315977440245051, 41.23548484198006 ], [ 0.322765393943919, 41.225355513656957 ], [ 0.319191969289273, 41.22121687828372 ], [ 0.317942051088789, 41.210418895917165 ], [ 0.314416813740777, 41.205558199227042 ], [ 0.312886626714106, 41.196506356346653 ], [ 0.306301700372686, 41.185789584762873 ], [ 0.305283245972753, 41.171949725764122 ], [ 0.300864152577109, 41.167024197638206 ], [ 0.303680682095994, 41.164493787129381 ], [ 0.2923503632406, 41.156470003734228 ], [ 0.273373794340381, 41.148924048676044 ], [ 0.253352107144188, 41.150266406347832 ] ] ] ] } },
{ "type": "Feature", "properties": { "codatzbs": "20802", "n_zbs": "ALFAMBRA", "ccaa_cd": "ES24", "area": "Teruel" }, "geometry": { "type": "MultiPolygon", "coordinates": [ [ [ [ -0.911183081890705, 40.563569813002289 ], [ -0.908810020643387, 40.551014694346321 ], [ -0.910386003347748, 40.548944423326105 ], [ -0.906765861842981, 40.544987386665433 ], [ -0.914756894591354, 40.535574398413679 ], [ -0.912636808426944, 40.523618464799625 ], [ -0.912882480490368, 40.519506254225007 ], [ -0.915361206410197, 40.519127634555943 ], [ -0.914178196041157, 40.496748215088715 ], [ -0.909370436474035, 40.492733862282144 ], [ -0.908717982925374, 40.48904669245146 ], [ -0.913474759586758, 40.485556498021509 ], [ -0.920059762906502, 40.483972695520031 ], [ -0.937474876768786, 40.484681285558793 ], [ -0.934816237070897, 40.482895217608799 ], [ -0.934232550709386, 40.466147750972738 ], [ -0.924372819249835, 40.463070387348552 ], [ -0.915375648308662, 40.463016484091042 ], [ -0.917558185823745, 40.451543443210483 ], [ -0.926297162459241, 40.44997103419022 ], [ -0.940714279279877, 40.450490142307785 ], [ -0.94226838882357, 40.457138833104615 ], [ -0.945575983214823, 40.456954427802621 ], [ -0.953083057897952, 40.464114040300736 ], [ -0.967907835878196, 40.471951578331044 ], [ -0.977387112096445, 40.462271995091619 ], [ -0.988284467596315, 40.458327417170693 ], [ -1.013177058252134, 40.468027667804051 ], [ -1.028196543022022, 40.46666344838107 ], [ -1.03886703647887, 40.468007145724307 ], [ -1.043954000070019, 40.472768596316207 ], [ -1.046522979249883, 40.48058619570142 ], [ -1.052893774629921, 40.485062735632191 ], [ -1.072124996659856, 40.492465707804655 ], [ -1.076199918366743, 40.494794689699511 ], [ -1.08407785593378, 40.505726429118461 ], [ -1.099301485886381, 40.511175674818737 ], [ -1.135623566642801, 40.532702695843057 ], [ -1.1353598244672, 40.546895371161128 ], [ -1.131432827464939, 40.563686214633016 ], [ -1.133617132509541, 40.565847481451037 ], [ -1.138940509221588, 40.566843210524624 ], [ -1.153520954389175, 40.56541080506738 ], [ -1.160116140920377, 40.569146346291092 ], [ -1.171866728724696, 40.564054140878575 ], [ -1.173675863358081, 40.565722193538463 ], [ -1.176738985878625, 40.563410472442904 ], [ -1.187616791105579, 40.563878988325683 ], [ -1.189003288283098, 40.559333508139858 ], [ -1.191257320671111, 40.560720059777339 ], [ -1.198295259194491, 40.558578016643473 ], [ -1.202400446632377, 40.559650971334072 ], [ -1.189874820492348, 40.580021042478307 ], [ -1.189992704295635, 40.583977492898114 ], [ -1.192268672707712, 40.591598026280749 ], [ -1.192162173525456, 40.625367917821009 ], [ -1.185415419610605, 40.64006246595735 ], [ -1.189648426521515, 40.640957681680092 ], [ -1.202409376373851, 40.639148235763635 ], [ -1.213049596745471, 40.647663966209031 ], [ -1.214167205406764, 40.651437691496106 ], [ -1.212237175631143, 40.655947881970953 ], [ -1.205701245356272, 40.658404794977763 ], [ -1.207607955099437, 40.663623015473242 ], [ -1.213352364501245, 40.666901007019938 ], [ -1.21358942985401, 40.683281367075359 ], [ -1.225349767515588, 40.699398057034244 ], [ -1.228710026854154, 40.710160231660964 ], [ -1.22771298485882, 40.716954964937557 ], [ -1.232702261364153, 40.724823462157161 ], [ -1.21395506040097, 40.735587646291116 ], [ -1.200604834454666, 40.738370904237968 ], [ -1.190216571138807, 40.738451602264803 ], [ -1.176681688405251, 40.743598245236221 ], [ -1.162382739537792, 40.743731735974315 ], [ -1.153889179758099, 40.754063398834681 ], [ -1.143457932166594, 40.76028258861303 ], [ -1.143545125919073, 40.778002518973103 ], [ -1.146226381584709, 40.785558210811672 ], [ -1.137724341946533, 40.789799282525806 ], [ -1.127447598765436, 40.793964540690276 ], [ -1.12117946904157, 40.798781877292818 ], [ -1.122546349458152, 40.80664097400247 ], [ -1.111571047314542, 40.823279381665884 ], [ -1.105377943070907, 40.821313217105917 ], [ -1.077323356498552, 40.822947686414047 ], [ -1.069006040197849, 40.82761888524972 ], [ -1.064368268564829, 40.834179850635643 ], [ -1.056548642653429, 40.835534583353962 ], [ -1.05438782932489, 40.837642003556297 ], [ -1.054134894287668, 40.847501258269752 ], [ -1.051206619046321, 40.855135353271365 ], [ -1.048205611404457, 40.85512062021003 ], [ -1.046253357085438, 40.854943464973019 ], [ -1.044166642948197, 40.846431854104949 ], [ -1.040463353142286, 40.842891994833543 ], [ -1.014887902664745, 40.849336393730141 ], [ -1.006770290358018, 40.846295941425417 ], [ -1.004076268555075, 40.847528443835358 ], [ -1.003683741191064, 40.852304651258251 ], [ -0.999251063921413, 40.852957478296922 ], [ -0.982482106995401, 40.848873039209835 ], [ -0.97049994385378, 40.851247984215433 ], [ -0.963887760810509, 40.854112969751775 ], [ -0.956043477117392, 40.847254509194457 ], [ -0.950913728066173, 40.845506040263238 ], [ -0.948453501421888, 40.845297940196431 ], [ -0.930832988897363, 40.814206199587325 ], [ -0.935549758497355, 40.809678838449365 ], [ -0.934360179196791, 40.805225763208007 ], [ -0.942017864164772, 40.7983276421608 ], [ -0.94610168802563, 40.797355576073464 ], [ -0.951965492558822, 40.799396467263939 ], [ -0.96078013365575, 40.797597922817864 ], [ -0.954830400093625, 40.796808042152414 ], [ -0.952090810877434, 40.783364985468808 ], [ -0.949625554786039, 40.780294581222144 ], [ -0.940034945226202, 40.778889630193135 ], [ -0.942952108361381, 40.775365629336257 ], [ -0.93188102247559, 40.777023243586072 ], [ -0.92019132866115, 40.774561149452595 ], [ -0.906655958609661, 40.767515529536411 ], [ -0.900916741655892, 40.75751170925917 ], [ -0.923741582732502, 40.733216576965525 ], [ -0.902566802159824, 40.715187365470591 ], [ -0.893854861883347, 40.712146145197607 ], [ -0.888470401261631, 40.703850712706434 ], [ -0.881150731483941, 40.698401953936447 ], [ -0.890411926089105, 40.690338475910309 ], [ -0.908123808704703, 40.680617152316898 ], [ -0.910055766189691, 40.677103071563231 ], [ -0.908229099590601, 40.669683614737302 ], [ -0.910151254612868, 40.66268329815783 ], [ -0.908081685239363, 40.658880479725795 ], [ -0.912156986005089, 40.649955442314578 ], [ -0.91428590562507, 40.632860909002751 ], [ -0.909733609861326, 40.623770700941577 ], [ -0.90744535144201, 40.623224815520231 ], [ -0.908020271778464, 40.619577958728513 ], [ -0.904886803068148, 40.615440572142525 ], [ -0.889974119879252, 40.608521143465957 ], [ -0.878002000101572, 40.596906691034548 ], [ -0.877450503498549, 40.5937978311172 ], [ -0.87372980811528, 40.592999788600025 ], [ -0.872428350828329, 40.590813903528321 ], [ -0.874572019829855, 40.588421201551427 ], [ -0.890821862759923, 40.574792945881782 ], [ -0.892735824470633, 40.568765505312953 ], [ -0.911183081890705, 40.563569813002289 ] ] ] ] } },
{ "type": "Feature", "properties": { "codatzbs": "20909", "n_zbs": "HIJAR", "ccaa_cd": "ES24", "area": "Alcañiz" }, "geometry": { "type": "MultiPolygon", "coordinates": [ [ [ [ -0.308843812137229, 41.101432965995855 ], [ -0.292305797746931, 41.095334958929506 ], [ -0.300873265588457, 41.093122363951764 ], [ -0.321113824637035, 41.092793453480049 ], [ -0.32470536294265, 41.090544237067498 ], [ -0.328394193872322, 41.077074685950784 ], [ -0.33407880342438, 41.075720350869972 ], [ -0.336399872623154, 41.068055203685986 ], [ -0.342434288015851, 41.06183586226549 ], [ -0.343079495707647, 41.033398245060717 ], [ -0.349676567571062, 41.034396893582688 ], [ -0.353072600219514, 41.037807474696912 ], [ -0.36299150292637, 41.042322293697495 ], [ -0.364375701442554, 41.046389033122573 ], [ -0.37634306655869, 41.052399648855754 ], [ -0.380130790627493, 41.05679117314984 ], [ -0.389116872941287, 41.057931950688463 ], [ -0.398914189991617, 41.067781997461026 ], [ -0.409348453926375, 41.072097288379425 ], [ -0.419810428975888, 41.083644821203521 ], [ -0.43300388664765, 41.087209144508904 ], [ -0.449003796888968, 41.087816852834457 ], [ -0.458447303857086, 41.081558785974757 ], [ -0.47009857450153, 41.053380537201122 ], [ -0.497472607048537, 41.04125172702819 ], [ -0.504008154332079, 41.041132302008798 ], [ -0.516696364193186, 41.045693918099083 ], [ -0.556263378704933, 41.064725356558256 ], [ -0.573867185323016, 41.059143848955003 ], [ -0.57823554824901, 41.066891818919565 ], [ -0.567315591348375, 41.064815255999669 ], [ -0.558640105913177, 41.068675811388097 ], [ -0.559172670898656, 41.070686606284241 ], [ -0.57321334914443, 41.076918996106734 ], [ -0.622143554771992, 41.084902047514419 ], [ -0.65633008253257, 41.105733654531186 ], [ -0.66135493636462, 41.106412237683479 ], [ -0.676063556541593, 41.100954505236189 ], [ -0.691481973066076, 41.099976606003381 ], [ -0.690607097959268, 41.107272849617495 ], [ -0.693606995838101, 41.112403909482417 ], [ -0.675519436853416, 41.125487771152379 ], [ -0.664640590495278, 41.146064816445808 ], [ -0.646150503081698, 41.163305915227333 ], [ -0.640460506090965, 41.171079441982165 ], [ -0.623749248349747, 41.179967805025399 ], [ -0.621514585045433, 41.184398075840278 ], [ -0.609538010081266, 41.191787891723131 ], [ -0.610997788667948, 41.194925572117569 ], [ -0.62211870580513, 41.199326004431818 ], [ -0.63909349043291, 41.217743267643527 ], [ -0.660194526154494, 41.229793040544905 ], [ -0.66885201970365, 41.236958085500312 ], [ -0.662782937939467, 41.239519032337078 ], [ -0.642416118839253, 41.238473066902316 ], [ -0.625093211371002, 41.248285598838095 ], [ -0.628383409109757, 41.259927294139921 ], [ -0.626900396129806, 41.280107915732764 ], [ -0.631603760993084, 41.301911149278538 ], [ -0.629355724993171, 41.311871386978439 ], [ -0.604898120041753, 41.323424773784538 ], [ -0.612303927446777, 41.333612231407372 ], [ -0.611999496670894, 41.339982618227225 ], [ -0.590982417792153, 41.343111019560894 ], [ -0.581423031330918, 41.348233352072647 ], [ -0.56736665188938, 41.35402544248457 ], [ -0.558554540857543, 41.354415127646341 ], [ -0.550302355796212, 41.345611359731308 ], [ -0.543048795243135, 41.349077294584255 ], [ -0.522178668786658, 41.348485516117123 ], [ -0.521083324077564, 41.350578396187252 ], [ -0.510176144783555, 41.354197649488306 ], [ -0.502191773240708, 41.354501870771095 ], [ -0.499919895308705, 41.352336034006996 ], [ -0.492611685449309, 41.351222261942695 ], [ -0.479567931007294, 41.346046511061964 ], [ -0.474353441995208, 41.324190248482985 ], [ -0.469799905224488, 41.318361978653584 ], [ -0.459410483718131, 41.316106555385552 ], [ -0.458897657612364, 41.318544972003401 ], [ -0.442981876987906, 41.313121617881471 ], [ -0.423908212200298, 41.313641730490367 ], [ -0.42386592618875, 41.312289803367676 ], [ -0.420395033728737, 41.311851740799717 ], [ -0.426233515007371, 41.308587015637563 ], [ -0.424360028696861, 41.305203694191633 ], [ -0.426621083025902, 41.302984650984534 ], [ -0.425363592565986, 41.297912864444704 ], [ -0.428388539637226, 41.294179706793592 ], [ -0.405496292094171, 41.272473193799947 ], [ -0.40058139813201, 41.270876197721861 ], [ -0.397777697360494, 41.269632924560085 ], [ -0.385489677915862, 41.265553523608752 ], [ -0.37757487545073, 41.265571586666191 ], [ -0.336846460572785, 41.241498128248594 ], [ -0.32271505842852, 41.245673446007565 ], [ -0.323887502968747, 41.254950454919893 ], [ -0.317723032778419, 41.25772506068494 ], [ -0.314432984341255, 41.256459421471071 ], [ -0.278255635318815, 41.226914600625776 ], [ -0.268308288872994, 41.215123421651725 ], [ -0.246050093241613, 41.212035098935381 ], [ -0.224924020298839, 41.190119030935307 ], [ -0.222111181193639, 41.188970425259932 ], [ -0.216171805273959, 41.190421004909545 ], [ -0.222557625803447, 41.181514778787999 ], [ -0.228512457918708, 41.176848831689703 ], [ -0.236398353432432, 41.174426554634422 ], [ -0.236155924460224, 41.169422120559481 ], [ -0.228957120228471, 41.156973061239675 ], [ -0.231398988139177, 41.147376758884604 ], [ -0.248389037921227, 41.14369518673896 ], [ -0.270353214938484, 41.134653057040431 ], [ -0.276348235603821, 41.125374130122687 ], [ -0.296798320757306, 41.108293083867515 ], [ -0.308843812137229, 41.101432965995855 ] ] ] ] } },
{ "type": "Feature", "properties": { "codatzbs": "20704", "n_zbs": "CALATAYUD RURAL", "ccaa_cd": "ES24", "area": "Calatayud" }, "geometry": { "type": "MultiPolygon", "coordinates": [ [ [ [ -1.607025957448649, 41.413782742805346 ], [ -1.593966517993767, 41.404613349145507 ], [ -1.60344060629162, 41.397333260242974 ], [ -1.611214976812754, 41.379080390323857 ], [ -1.609186880154958, 41.360827520404669 ], [ -1.605299694894503, 41.358292399582581 ], [ -1.595328219660831, 41.35203910155478 ], [ -1.58113154305711, 41.345954811581706 ], [ -1.567103874508243, 41.342067626321111 ], [ -1.56689365558561, 41.341436969553207 ], [ -1.5671651127309, 41.341404495997295 ], [ -1.571253875046476, 41.339707921938086 ], [ -1.573067097533293, 41.336577857515856 ], [ -1.576879743397183, 41.334046317087214 ], [ -1.584022677968746, 41.329106198350566 ], [ -1.591219073389838, 41.327217662127389 ], [ -1.603393775022274, 41.32896937108395 ], [ -1.607524333608543, 41.326911695553548 ], [ -1.636312680632242, 41.326779060666382 ], [ -1.65761306959334, 41.319454272619026 ], [ -1.670288008545672, 41.310134602770908 ], [ -1.675214751893212, 41.308119684596036 ], [ -1.680563042887662, 41.308289223153125 ], [ -1.688830755831397, 41.315382482818478 ], [ -1.69094356810465, 41.314280625021276 ], [ -1.698224708367186, 41.318209387780122 ], [ -1.699476799662457, 41.321934609567386 ], [ -1.697017794202489, 41.321816699282778 ], [ -1.692781952321049, 41.324515932439262 ], [ -1.69671779932535, 41.335072226410801 ], [ -1.702027056888634, 41.340293927461779 ], [ -1.705881912230762, 41.34477333639942 ], [ -1.711757419364215, 41.351157675186464 ], [ -1.711826996655003, 41.357833459229681 ], [ -1.721267844450535, 41.358623363574161 ], [ -1.731185896732298, 41.365632759382272 ], [ -1.742666105184796, 41.370487682902038 ], [ -1.736610671003164, 41.373222616887801 ], [ -1.73763427563931, 41.376566621144946 ], [ -1.733831976810265, 41.37962337469623 ], [ -1.727719836278809, 41.386428513496234 ], [ -1.717623926255085, 41.390766049516699 ], [ -1.714697309789627, 41.389462833911942 ], [ -1.708428083219684, 41.390158251588403 ], [ -1.705763074807334, 41.388840257957042 ], [ -1.69614389473433, 41.387785869121949 ], [ -1.690953450761053, 41.388366451317196 ], [ -1.686414576454674, 41.387468038141876 ], [ -1.680431107700237, 41.387039297645082 ], [ -1.682259502007334, 41.390077702956226 ], [ -1.681387611911454, 41.392382589392092 ], [ -1.679501522251805, 41.39455873133678 ], [ -1.677334961005307, 41.396992862309283 ], [ -1.675526882710053, 41.399440043540999 ], [ -1.677869376870468, 41.402164735989004 ], [ -1.676326313536471, 41.40484460922557 ], [ -1.675155364420426, 41.405362587089883 ], [ -1.672302190365066, 41.409761274784671 ], [ -1.667533961571598, 41.41241732615071 ], [ -1.66046661550266, 41.410479749025313 ], [ -1.654874378624047, 41.411873683789693 ], [ -1.652266674225219, 41.411843162875712 ], [ -1.647965665650164, 41.410964022102014 ], [ -1.645415375829913, 41.411627587123803 ], [ -1.643822525161143, 41.415738665131755 ], [ -1.63783987169191, 41.417857963789722 ], [ -1.634101475391645, 41.419347899710864 ], [ -1.628917940777653, 41.421460297490583 ], [ -1.624711817245864, 41.419871317489672 ], [ -1.607025957448649, 41.413782742805346 ] ] ] ] } },
{ "type": "Feature", "properties": { "codatzbs": "20626", "n_zbs": "OLIVER", "ccaa_cd": "ES24", "area": "Zaragoza III-Clinico" }, "geometry": { "type": "MultiPolygon", "coordinates": [ [ [ [ -0.923561097011731, 41.659039879990011 ], [ -0.922924527507223, 41.658858486545412 ], [ -0.92272046117333, 41.658858924839869 ], [ -0.922685798271689, 41.658779058888982 ], [ -0.921944005416872, 41.658608298139228 ], [ -0.922186171576219, 41.658298002353568 ], [ -0.921908008623562, 41.658256375347051 ], [ -0.920592860711153, 41.65507376521429 ], [ -0.920347294494839, 41.654431856968699 ], [ -0.919574206592101, 41.652392224768121 ], [ -0.919222257327699, 41.651499761929479 ], [ -0.918939708265605, 41.65097619185287 ], [ -0.918377443120829, 41.650442761289021 ], [ -0.918698928041852, 41.650278746795259 ], [ -0.918856972731442, 41.65014402790036 ], [ -0.918908813679759, 41.649884485886155 ], [ -0.918952909420765, 41.649663716200969 ], [ -0.919256447471112, 41.649447931622674 ], [ -0.919899724416078, 41.649115267486096 ], [ -0.920617335263672, 41.648752954476265 ], [ -0.921001000168147, 41.648580120937794 ], [ -0.921229611920282, 41.648436378397271 ], [ -0.921648185953882, 41.648183708215896 ], [ -0.922148855239145, 41.647769930960266 ], [ -0.923512314588155, 41.646552853807812 ], [ -0.923918563589637, 41.646198699294104 ], [ -0.924219675782214, 41.64593619558655 ], [ -0.92512409325652, 41.645319514167113 ], [ -0.925857452787368, 41.645061950454036 ], [ -0.926755160816225, 41.644960274876659 ], [ -0.927783724033591, 41.644948821811646 ], [ -0.931320335715945, 41.644962442774712 ], [ -0.932506489693849, 41.644980972606177 ], [ -0.933775983292686, 41.644981887852623 ], [ -0.934280321333513, 41.64494620006537 ], [ -0.934384155209259, 41.64493117685064 ], [ -0.934780560487918, 41.644849406320979 ], [ -0.935208280631047, 41.644724636166387 ], [ -0.936806209503272, 41.644208574909435 ], [ -0.938897662612679, 41.643508384708454 ], [ -0.944381098743028, 41.641748489819754 ], [ -0.946658317430326, 41.643318255507374 ], [ -0.945663688408173, 41.644188171181085 ], [ -0.944029324014589, 41.644402195831297 ], [ -0.94268847716063, 41.644927281736543 ], [ -0.94088698866571, 41.645538126716744 ], [ -0.937515986790859, 41.646669227840867 ], [ -0.934664790350998, 41.647428767255064 ], [ -0.934631248555069, 41.648934634872298 ], [ -0.934838955468486, 41.649182179554984 ], [ -0.934952014086519, 41.649888737205025 ], [ -0.935066530530238, 41.650975098094072 ], [ -0.935153805670069, 41.652236855724347 ], [ -0.9360819051267, 41.653738804929596 ], [ -0.934451141529015, 41.654200761579851 ], [ -0.933717796118904, 41.654157840340254 ], [ -0.933429035570718, 41.654236615552222 ], [ -0.932259890519739, 41.654380442234014 ], [ -0.931609910137604, 41.654193588570557 ], [ -0.931317983450925, 41.654013926093697 ], [ -0.931281531407753, 41.65454596562649 ], [ -0.931137311884413, 41.654814674809671 ], [ -0.931054443120379, 41.654674044524967 ], [ -0.930875785080962, 41.654590068499978 ], [ -0.930624080270637, 41.654585628967709 ], [ -0.930337569383468, 41.654676665935746 ], [ -0.92990136483894, 41.654427127555365 ], [ -0.928840743697542, 41.654131028481274 ], [ -0.928011450055475, 41.654115605113674 ], [ -0.927804584323459, 41.654745255685675 ], [ -0.926411897097651, 41.654773432459898 ], [ -0.925609146743177, 41.655168831764477 ], [ -0.924656187818628, 41.655181882394118 ], [ -0.924706260282517, 41.655780086050854 ], [ -0.924829638119417, 41.657347736865468 ], [ -0.924932912671904, 41.658659917520687 ], [ -0.924707906357414, 41.659032870335054 ], [ -0.924323531041658, 41.659483776960627 ], [ -0.923561097011731, 41.659039879990011 ] ] ] ] } },
{ "type": "Feature", "properties": { "codatzbs": "20409", "n_zbs": "SANTA ISABEL", "ccaa_cd": "ES24", "area": "Zaragoza I-Royo Villanova" }, "geometry": { "type": "MultiPolygon", "coordinates": [ [ [ [ -0.793600447798818, 41.788283816428518 ], [ -0.78508549737045, 41.787264209847542 ], [ -0.78439143054331, 41.787761561793417 ], [ -0.779702417554735, 41.786682833380603 ], [ -0.774183362455149, 41.785166453698679 ], [ -0.771650388563967, 41.784991204516203 ], [ -0.7704291454271, 41.785161153309168 ], [ -0.768767044431723, 41.784858618081486 ], [ -0.766414940517251, 41.784673288129184 ], [ -0.764435913850146, 41.785179645403979 ], [ -0.760426069194579, 41.786064346436056 ], [ -0.759196869996197, 41.786518419524121 ], [ -0.756468439625582, 41.787039667483462 ], [ -0.754275300461004, 41.78685903959223 ], [ -0.750919604633802, 41.787842527599224 ], [ -0.75002600276147, 41.788275297639316 ], [ -0.747704824879343, 41.788923265932837 ], [ -0.745360450627133, 41.789330081121165 ], [ -0.745050510646786, 41.789461035137613 ], [ -0.742979863964423, 41.789312280973149 ], [ -0.739292219048695, 41.790144809514707 ], [ -0.737262376404182, 41.78986162911405 ], [ -0.735644436807762, 41.791015514025368 ], [ -0.735000616435701, 41.791892920892266 ], [ -0.734528380019609, 41.792658161764201 ], [ -0.732503455979003, 41.793086458988292 ], [ -0.730401572961852, 41.792968365966232 ], [ -0.727342008119598, 41.791003002989456 ], [ -0.725473573964555, 41.789561019777068 ], [ -0.724054180297841, 41.789033050755634 ], [ -0.720939164794331, 41.788642510375759 ], [ -0.719465351825876, 41.787275811729735 ], [ -0.717954648930035, 41.786781954461105 ], [ -0.716882570552318, 41.786981281820914 ], [ -0.716239220572044, 41.78747731603486 ], [ -0.713998918886164, 41.786518612729317 ], [ -0.712417025809762, 41.785658520198659 ], [ -0.71169146372356, 41.785252273049792 ], [ -0.71082699417476, 41.783676979378598 ], [ -0.709695957588661, 41.782154881080544 ], [ -0.709029499563519, 41.781610227977545 ], [ -0.708049861315368, 41.780906185345266 ], [ -0.706550935807001, 41.780425949982195 ], [ -0.704787026082696, 41.780458196216891 ], [ -0.704030835351639, 41.780378281764364 ], [ -0.703104285300625, 41.780744266308574 ], [ -0.702142877614101, 41.780517037631483 ], [ -0.701378567591655, 41.780214403015577 ], [ -0.700640727031481, 41.779816841286404 ], [ -0.70009104509309, 41.77971123991059 ], [ -0.699172314687778, 41.778990342955581 ], [ -0.693919612379839, 41.775989457355067 ], [ -0.692557837883552, 41.774710207358403 ], [ -0.689697957132649, 41.769873077509082 ], [ -0.690579571781799, 41.767636593178921 ], [ -0.690841729886337, 41.766175812860155 ], [ -0.692752720398489, 41.764735239208335 ], [ -0.69528450393454, 41.762228419672184 ], [ -0.697609744964987, 41.761788737268077 ], [ -0.701593712405839, 41.759480298038412 ], [ -0.702760623014219, 41.758685711870733 ], [ -0.704429511111377, 41.758097662181548 ], [ -0.707529978200563, 41.759332248869477 ], [ -0.713481869531812, 41.758233327044806 ], [ -0.714979766954166, 41.757898447347095 ], [ -0.716729249450774, 41.756559798651509 ], [ -0.713603901242152, 41.754304573020697 ], [ -0.711164477034021, 41.751018253091281 ], [ -0.712607951884157, 41.746949154554471 ], [ -0.712691814568686, 41.745145494023433 ], [ -0.71319232727137, 41.742007345668284 ], [ -0.711816584898324, 41.742385589975328 ], [ -0.711853083380325, 41.742147301313494 ], [ -0.71309426632272, 41.741657651885639 ], [ -0.712610098522659, 41.740369224996087 ], [ -0.713821137901458, 41.741084159923602 ], [ -0.71533645842982, 41.740967338399692 ], [ -0.716516535641572, 41.740895306828861 ], [ -0.717415753998061, 41.740442837450836 ], [ -0.718805746665218, 41.739985413920728 ], [ -0.719639827841042, 41.739708016053044 ], [ -0.721069897732289, 41.739780500708491 ], [ -0.722751285631785, 41.739960878266736 ], [ -0.723968799155192, 41.739940910902327 ], [ -0.725097561426428, 41.739654622781813 ], [ -0.726980492524343, 41.739684578461173 ], [ -0.72993158875231, 41.739478394814206 ], [ -0.730935909216733, 41.739380685943708 ], [ -0.733403895137478, 41.738959071818265 ], [ -0.735799100939547, 41.738932843369923 ], [ -0.73646022082199, 41.738548986306427 ], [ -0.73706581897868, 41.738068528906595 ], [ -0.738258020194891, 41.738768195462619 ], [ -0.738715300521763, 41.739159377475403 ], [ -0.739780048195792, 41.739465486299373 ], [ -0.741995591554514, 41.73999881955843 ], [ -0.74345726491999, 41.740272468454243 ], [ -0.744400171542556, 41.739801239956016 ], [ -0.74511502979359, 41.73806022224241 ], [ -0.745782757818586, 41.737665158649513 ], [ -0.744948635254225, 41.736587610018603 ], [ -0.745031678065025, 41.735772987165817 ], [ -0.745651423133287, 41.735403881021028 ], [ -0.747383124822924, 41.735533421308169 ], [ -0.748987911454779, 41.734830212953753 ], [ -0.750452607100564, 41.734046369697836 ], [ -0.751930808837046, 41.733255257891237 ], [ -0.753197361465015, 41.732871870178073 ], [ -0.753923741713132, 41.732355535505626 ], [ -0.756129230319199, 41.733174110095732 ], [ -0.756791162709705, 41.732942119031918 ], [ -0.756845909334344, 41.73216998650792 ], [ -0.756898085571103, 41.731434069300562 ], [ -0.757412333254505, 41.730750318163935 ], [ -0.759203456057091, 41.730948528435263 ], [ -0.760783911648787, 41.730938562446177 ], [ -0.761780951614487, 41.73046815443201 ], [ -0.762987338933815, 41.730246826318393 ], [ -0.764612368695486, 41.730523297850297 ], [ -0.766300284297239, 41.730556137705534 ], [ -0.767297276917015, 41.73008577062815 ], [ -0.768641595331922, 41.730601648829214 ], [ -0.769853610125936, 41.730217106780394 ], [ -0.77058623962439, 41.729884048097865 ], [ -0.771693069858005, 41.72938085982657 ], [ -0.772737369591361, 41.728973122761339 ], [ -0.774385232414042, 41.728354847296927 ], [ -0.775883682845613, 41.727807971181477 ], [ -0.77757461180207, 41.727098014734338 ], [ -0.779678604616913, 41.726413703828527 ], [ -0.789757529718123, 41.723377654167713 ], [ -0.792658439149113, 41.722984476643568 ], [ -0.791984658720417, 41.721807612637555 ], [ -0.792360617106256, 41.720134055328394 ], [ -0.795656588398093, 41.71949733931767 ], [ -0.797031420528322, 41.716495912495091 ], [ -0.799059342501331, 41.716858192682288 ], [ -0.799038028960998, 41.715885576624061 ], [ -0.799721222212382, 41.715250508242981 ], [ -0.799266730491606, 41.714403007758655 ], [ -0.797663596127868, 41.714410407992084 ], [ -0.796653680763465, 41.713437865662549 ], [ -0.79706499976925, 41.712568836080088 ], [ -0.79793921447492, 41.712299646927512 ], [ -0.799894427338992, 41.713156844295391 ], [ -0.800863127697424, 41.714040107124603 ], [ -0.802024343128784, 41.713531787083916 ], [ -0.802998685389076, 41.71371368053245 ], [ -0.803363252589968, 41.715802136295117 ], [ -0.804685304984724, 41.715915559942538 ], [ -0.806118727360991, 41.715412311782579 ], [ -0.806251173880253, 41.714721043672647 ], [ -0.806842888523277, 41.713823505333849 ], [ -0.805795709778079, 41.712100132707718 ], [ -0.806651003009539, 41.71097370496183 ], [ -0.808522573703868, 41.710397210143775 ], [ -0.809637604910391, 41.709642918398991 ], [ -0.810977225406319, 41.708688944191351 ], [ -0.812088044076943, 41.708057099248279 ], [ -0.812806869057044, 41.707744319148652 ], [ -0.811893791795029, 41.707471858153141 ], [ -0.812487445151001, 41.707130485165493 ], [ -0.812895020930538, 41.706382349396939 ], [ -0.813413798704461, 41.706498197676304 ], [ -0.813511007948424, 41.706247450177152 ], [ -0.8135364744153, 41.705846252793727 ], [ -0.813873106847183, 41.705736852625442 ], [ -0.813951166321061, 41.705525969891688 ], [ -0.813852676962022, 41.705346939315234 ], [ -0.813514001113553, 41.705213105207939 ], [ -0.813516085869248, 41.704492563399889 ], [ -0.813574151844461, 41.702779384560898 ], [ -0.813977369645866, 41.701626721151129 ], [ -0.814250070615198, 41.700952565218891 ], [ -0.814699457538983, 41.70010700042009 ], [ -0.81429985735971, 41.699604272079185 ], [ -0.813584195479647, 41.699269516503243 ], [ -0.812954507710367, 41.698563639342808 ], [ -0.813125648439551, 41.696730240614222 ], [ -0.812950749296659, 41.695461681985194 ], [ -0.812785636502303, 41.693907504298338 ], [ -0.812122385180408, 41.692588853601805 ], [ -0.811475916662109, 41.692753395475044 ], [ -0.810879095605022, 41.692320243597479 ], [ -0.810005661729752, 41.692385265902622 ], [ -0.809175054762357, 41.691185779967547 ], [ -0.809372945427639, 41.690169157641648 ], [ -0.809661175898776, 41.68809307171113 ], [ -0.810168077035305, 41.686813841465117 ], [ -0.809437338965305, 41.686840405468416 ], [ -0.80889341344234, 41.686141104357546 ], [ -0.809379949134443, 41.685149071866562 ], [ -0.809471776573854, 41.684048754841726 ], [ -0.809843495607756, 41.683433203444395 ], [ -0.80963455678946, 41.682460122653026 ], [ -0.809684376841724, 41.680991707820013 ], [ -0.809904797224186, 41.679766313560712 ], [ -0.809485708369126, 41.678398727690173 ], [ -0.80930288393326, 41.676562408009119 ], [ -0.80932928862817, 41.675784363782512 ], [ -0.808509272064157, 41.673908274188641 ], [ -0.808886781711956, 41.672997204356243 ], [ -0.807861733379142, 41.672601762984868 ], [ -0.807722943385812, 41.671417811518651 ], [ -0.807463963950994, 41.67060744664218 ], [ -0.807638084839401, 41.669697937524511 ], [ -0.803046790901337, 41.666777740757432 ], [ -0.801989664046086, 41.665227188252643 ], [ -0.80055477639486, 41.66530711237688 ], [ -0.800189498490623, 41.664467833265348 ], [ -0.795157844475076, 41.663299192574151 ], [ -0.789708611822383, 41.661459680184556 ], [ -0.782583324384704, 41.658987787164612 ], [ -0.780310230013598, 41.658460616529879 ], [ -0.777278673434285, 41.657086420342807 ], [ -0.770738033527181, 41.654704408028117 ], [ -0.76860586310916, 41.653213222167622 ], [ -0.766515679662906, 41.650771519556145 ], [ -0.765825124065512, 41.649776344789053 ], [ -0.765019459145076, 41.648572508736088 ], [ -0.765766469152882, 41.648354770088261 ], [ -0.766104712145274, 41.648122687395691 ], [ -0.766485972344138, 41.647833866490579 ], [ -0.766683419718139, 41.647598579185654 ], [ -0.766723136693214, 41.647244051891747 ], [ -0.766729450742923, 41.646882921130562 ], [ -0.770285999080009, 41.644432622005873 ], [ -0.772741639385647, 41.642621417541768 ], [ -0.773224544539768, 41.642568938057153 ], [ -0.774269995334256, 41.641323829032025 ], [ -0.775776874936657, 41.639403136298888 ], [ -0.776929656030568, 41.63782682549828 ], [ -0.778717745889774, 41.635578321902074 ], [ -0.779128790787885, 41.635393144695421 ], [ -0.779660932394896, 41.635556059750357 ], [ -0.779886410071023, 41.635456832910918 ], [ -0.78021708170226, 41.635004484451613 ], [ -0.780577609500319, 41.634893794551829 ], [ -0.778868809317667, 41.634662575848097 ], [ -0.777896694305676, 41.634227915014002 ], [ -0.777019210098962, 41.63398735894291 ], [ -0.776258124323246, 41.63412571174775 ], [ -0.77513058772149, 41.633401366144319 ], [ -0.773445260540605, 41.632837329277194 ], [ -0.77399335102037, 41.631911235702404 ], [ -0.774725318892329, 41.630178229169069 ], [ -0.774860841414457, 41.629379302163755 ], [ -0.774863763889022, 41.628595737046645 ], [ -0.768616946943477, 41.626646250204168 ], [ -0.769851661370559, 41.626346013657539 ], [ -0.769940719906942, 41.625852380669748 ], [ -0.771215410175469, 41.625435813297024 ], [ -0.7705772239595, 41.624309671879388 ], [ -0.770231721358286, 41.623699981514193 ], [ -0.769099584607938, 41.621702072346125 ], [ -0.767945837947928, 41.620612669131539 ], [ -0.766782558933355, 41.619630604275827 ], [ -0.767595323242427, 41.619033958622474 ], [ -0.769679070247141, 41.613598518197726 ], [ -0.769273931414316, 41.612122634107337 ], [ -0.767331642409398, 41.609967370577351 ], [ -0.765595057165274, 41.608142308225723 ], [ -0.763945492224588, 41.607957099546319 ], [ -0.763313318607748, 41.608539166586858 ], [ -0.762212358049777, 41.607409932654839 ], [ -0.75919390665443, 41.60759428413408 ], [ -0.753822811038668, 41.608488956099876 ], [ -0.751210730614208, 41.608612953167402 ], [ -0.747794256525269, 41.608970669741701 ], [ -0.741167594568848, 41.609717814812086 ], [ -0.738689747281834, 41.608507183179469 ], [ -0.736758997195682, 41.608126869837761 ], [ -0.736492860858539, 41.607157978777551 ], [ -0.733352490904348, 41.603628564356967 ], [ -0.729812718443931, 41.601045536715795 ], [ -0.729295551487925, 41.599900772517508 ], [ -0.725156222263408, 41.597504231327058 ], [ -0.724642551866411, 41.597097775730532 ], [ -0.724030575874889, 41.596076919726926 ], [ -0.723157198507022, 41.596005526152098 ], [ -0.723450669340901, 41.593120307952319 ], [ -0.7256477942319, 41.593073820270234 ], [ -0.727145000680484, 41.590835121319088 ], [ -0.728355274361049, 41.590452498454518 ], [ -0.73089939594979, 41.590088483854274 ], [ -0.733747657958862, 41.591657826588246 ], [ -0.737572090408117, 41.591390977161389 ], [ -0.737492889213436, 41.588849665428143 ], [ -0.736759001165375, 41.587538244634587 ], [ -0.738371730913082, 41.585754185617716 ], [ -0.739291999906293, 41.58542651503523 ], [ -0.739792248695244, 41.585184254890699 ], [ -0.740128369789975, 41.584587240502877 ], [ -0.740190507298544, 41.583742041888669 ], [ -0.741196367949602, 41.583104334520662 ], [ -0.743637618264544, 41.584305154165001 ], [ -0.747164534585001, 41.585680321731694 ], [ -0.749463082250567, 41.585897523750717 ], [ -0.751198039503912, 41.585597320524251 ], [ -0.753122003067574, 41.585121614292092 ], [ -0.755780732601162, 41.58407610145651 ], [ -0.758334035208352, 41.582651166403714 ], [ -0.760693246264115, 41.581334441597825 ], [ -0.762713814587734, 41.58176099813079 ], [ -0.764477179113064, 41.582488244369721 ], [ -0.76510127524214, 41.584562791440781 ], [ -0.765355943185587, 41.58569292512302 ], [ -0.765580331831568, 41.586688653608689 ], [ -0.765881377628984, 41.58907226246599 ], [ -0.76576883771351, 41.589898635390718 ], [ -0.765385969910688, 41.591439986862284 ], [ -0.763986444870114, 41.594961570537215 ], [ -0.764043005632042, 41.598187001761751 ], [ -0.764549826571759, 41.599493752399987 ], [ -0.764493532288865, 41.600429375518175 ], [ -0.765493943339169, 41.600386553608615 ], [ -0.769834211081301, 41.597789658737682 ], [ -0.779230133890561, 41.59542531738807 ], [ -0.781465722306746, 41.596081350588776 ], [ -0.781403138563431, 41.594199171561385 ], [ -0.784333750186691, 41.593537751966629 ], [ -0.788918660021561, 41.592461156998702 ], [ -0.790129486529866, 41.592727696420354 ], [ -0.79320518937403, 41.594716637839824 ], [ -0.794426403945938, 41.593422661402222 ], [ -0.796895432139633, 41.595241000528439 ], [ -0.798150289790401, 41.595965018704746 ], [ -0.798932061518265, 41.597378136008885 ], [ -0.79807503115193, 41.598719576897352 ], [ -0.79701719330142, 41.600375237595919 ], [ -0.795799934311092, 41.601189089448241 ], [ -0.794543212425832, 41.601390838823782 ], [ -0.794637764889372, 41.603048080100102 ], [ -0.795216098050309, 41.604615231095167 ], [ -0.79590348630928, 41.605440230435178 ], [ -0.79715397610901, 41.606862195559692 ], [ -0.79824214725059, 41.608093254446956 ], [ -0.801440920147871, 41.610380431953637 ], [ -0.801083052076066, 41.611934585538457 ], [ -0.801217615735636, 41.612739811126161 ], [ -0.800478352789347, 41.613598643932747 ], [ -0.800398234127866, 41.615987728103072 ], [ -0.800680835335034, 41.616307537427481 ], [ -0.802942037835618, 41.616846040626264 ], [ -0.804423317276387, 41.61716425902469 ], [ -0.805847093197005, 41.617191101292157 ], [ -0.810707387989824, 41.615946227040524 ], [ -0.814321714478202, 41.615038267034919 ], [ -0.818098336924677, 41.614198345422189 ], [ -0.820155388588654, 41.614079616586523 ], [ -0.822666775748768, 41.614158063965782 ], [ -0.825542563839171, 41.614620586307744 ], [ -0.828196058191803, 41.615471903470997 ], [ -0.831737099885346, 41.617361690837328 ], [ -0.834963657646297, 41.619190811047723 ], [ -0.838529788251954, 41.621041175425198 ], [ -0.840395170408748, 41.622930953441568 ], [ -0.840960797028774, 41.623570330932296 ], [ -0.840916330838732, 41.625040462408002 ], [ -0.841098834297762, 41.627015989416897 ], [ -0.840908488549772, 41.630251233083932 ], [ -0.840225365864172, 41.631905116908761 ], [ -0.839407796078686, 41.632910849998687 ], [ -0.836555448122553, 41.638289644519332 ], [ -0.835438198370404, 41.640172337738804 ], [ -0.834466289966764, 41.642589944508615 ], [ -0.834509741396149, 41.643591690746774 ], [ -0.835205995702683, 41.644952088408694 ], [ -0.836322565186928, 41.646228145562212 ], [ -0.837979539204143, 41.647547543854259 ], [ -0.840073052787253, 41.648376259718354 ], [ -0.847693452636489, 41.649648911455991 ], [ -0.847904307267207, 41.650548647028693 ], [ -0.848201518034625, 41.651591474847798 ], [ -0.848366537001135, 41.653084625226079 ], [ -0.849319129491853, 41.65457908392731 ], [ -0.849294021494085, 41.655594226480495 ], [ -0.84915770160884, 41.656181863278888 ], [ -0.848480314026505, 41.658268376942267 ], [ -0.847283520487061, 41.658729209585729 ], [ -0.846563503315439, 41.658849946432291 ], [ -0.846340169803801, 41.659701690111163 ], [ -0.846359560171059, 41.660671752064481 ], [ -0.845926140821172, 41.66190014987351 ], [ -0.845395599154595, 41.662684968021111 ], [ -0.845656461710502, 41.662430494115824 ], [ -0.844464021307463, 41.663831062998177 ], [ -0.843329772989563, 41.665609008603738 ], [ -0.842726217254351, 41.666803651815925 ], [ -0.84248867388078, 41.6672304382638 ], [ -0.842214266456433, 41.668197563818573 ], [ -0.841873347182927, 41.669867379392883 ], [ -0.841640948149252, 41.670863245499497 ], [ -0.842555026517678, 41.670978242086825 ], [ -0.843131568792004, 41.673953153135962 ], [ -0.843503800368726, 41.675678188627174 ], [ -0.843725128801596, 41.676703855731162 ], [ -0.843886189016447, 41.677203268789839 ], [ -0.84364222042994, 41.677306610031792 ], [ -0.843481993709881, 41.678645648874877 ], [ -0.844428335323229, 41.679702361088289 ], [ -0.845169124749945, 41.680863463619708 ], [ -0.845435227865653, 41.683271095834129 ], [ -0.845225276817898, 41.684371061125034 ], [ -0.844003833261309, 41.68549529900092 ], [ -0.843363115014184, 41.686522241344271 ], [ -0.843541923856531, 41.688084062313578 ], [ -0.843419210230772, 41.689163986956252 ], [ -0.843257551368099, 41.689680433553626 ], [ -0.842416271116692, 41.690660312901336 ], [ -0.840490789529385, 41.692106795154587 ], [ -0.838534705132048, 41.69274097383223 ], [ -0.836865040458405, 41.693445478639148 ], [ -0.835177702415513, 41.695534869962316 ], [ -0.834365223431858, 41.695649416807456 ], [ -0.833499163000971, 41.696498884075581 ], [ -0.831537061661424, 41.697305993535984 ], [ -0.830999762341747, 41.698328511240859 ], [ -0.828188826396076, 41.701539244541401 ], [ -0.827502280305261, 41.702982692885435 ], [ -0.828200168313044, 41.705489685175493 ], [ -0.830492445643098, 41.709472444881754 ], [ -0.830714912046264, 41.711446357253649 ], [ -0.830157197864896, 41.711980689563831 ], [ -0.829858579526408, 41.71271387028559 ], [ -0.830054374292784, 41.714196361791238 ], [ -0.829969945212847, 41.715692913566762 ], [ -0.829745720186793, 41.717066541850137 ], [ -0.830898723194764, 41.71971824224336 ], [ -0.830162667463065, 41.721585385156182 ], [ -0.826855438481725, 41.723104935677689 ], [ -0.825452395553138, 41.724442014817825 ], [ -0.824868012585173, 41.725491545227563 ], [ -0.82333968663549, 41.726795106217558 ], [ -0.821945813759662, 41.728174226679251 ], [ -0.821927634972172, 41.728364189563074 ], [ -0.821830306386645, 41.729381182603156 ], [ -0.819157491904639, 41.730070575986311 ], [ -0.813985867734382, 41.734065011761984 ], [ -0.813584363112368, 41.735840067229255 ], [ -0.810074947888039, 41.738267904608591 ], [ -0.80935193804948, 41.740433630125921 ], [ -0.810980400867366, 41.742229929787705 ], [ -0.80983295253889, 41.743968751201841 ], [ -0.805118708102101, 41.746796764593277 ], [ -0.804134766112182, 41.751317112334007 ], [ -0.804999860423041, 41.753634769007959 ], [ -0.803753789230179, 41.755961575437453 ], [ -0.802881883342076, 41.760592561685272 ], [ -0.804155255415095, 41.761779619143695 ], [ -0.803378277667087, 41.76229365584603 ], [ -0.804005613494287, 41.763343480097916 ], [ -0.804985731704744, 41.762752682648731 ], [ -0.805463043967225, 41.763059675119088 ], [ -0.80568878551393, 41.762901418985116 ], [ -0.806039665625892, 41.763437862673193 ], [ -0.804952993441901, 41.764119719564377 ], [ -0.806587868622526, 41.765445326535151 ], [ -0.807072241211253, 41.767998859327953 ], [ -0.806045844271393, 41.770757657611561 ], [ -0.801186278579641, 41.774429270470961 ], [ -0.801497994586071, 41.776222985902649 ], [ -0.801115940066795, 41.77807094912189 ], [ -0.80024246766495, 41.780215675383907 ], [ -0.799262664642379, 41.781597361053045 ], [ -0.796595885528268, 41.783748230023413 ], [ -0.798728980889922, 41.785667553830429 ], [ -0.800794505341229, 41.786237910979416 ], [ -0.802909158681019, 41.787390707360927 ], [ -0.802661205684476, 41.787417094755462 ], [ -0.803224136400676, 41.789265522106739 ], [ -0.803286952735168, 41.791477726616343 ], [ -0.802435617116207, 41.793145614194472 ], [ -0.802930510240687, 41.793560320329199 ], [ -0.802193916782572, 41.795815800028407 ], [ -0.79952553239816, 41.796066378535521 ], [ -0.796765821911327, 41.797049114512575 ], [ -0.795190531912429, 41.796131738120451 ], [ -0.79276732538078, 41.79554931782593 ], [ -0.791959005768633, 41.792629282003865 ], [ -0.792191491117956, 41.791116183482615 ], [ -0.793468985120487, 41.789834868711097 ], [ -0.793600447798818, 41.788283816428518 ] ] ] ] } },
{ "type": "Feature", "properties": { "codatzbs": "20617", "n_zbs": "TARAZONA", "ccaa_cd": "ES24", "area": "Zaragoza III-Clinico" }, "geometry": { "type": "MultiPolygon", "coordinates": [ [ [ [ -1.652034390753766, 41.818893201835209 ], [ -1.651624035704466, 41.812628668352147 ], [ -1.654868549467876, 41.807163667450013 ], [ -1.653263902721838, 41.801587693677291 ], [ -1.66116366722811, 41.795636607579247 ], [ -1.672238214902749, 41.795566963038276 ], [ -1.676006101727153, 41.79261119981178 ], [ -1.678510949001555, 41.784335911456076 ], [ -1.682447101081554, 41.782516752139763 ], [ -1.683352077715022, 41.769458294353726 ], [ -1.687101569630987, 41.762583981068111 ], [ -1.681819079278665, 41.757948077683274 ], [ -1.690087507583127, 41.755358642008282 ], [ -1.704019945176739, 41.741430014897503 ], [ -1.715144291144181, 41.738393585596391 ], [ -1.720432836542457, 41.730040234081329 ], [ -1.727007281778327, 41.725294598145645 ], [ -1.730314514898506, 41.725250149289096 ], [ -1.731701277724307, 41.723202867672704 ], [ -1.743707297670272, 41.725280305573548 ], [ -1.760742995848359, 41.718430949013381 ], [ -1.775009957850609, 41.724897731551756 ], [ -1.783981898048883, 41.72856875517337 ], [ -1.787409932228526, 41.734243301463053 ], [ -1.797575080118862, 41.732719866689479 ], [ -1.808851065671775, 41.736773331300135 ], [ -1.802315509669726, 41.751332495610193 ], [ -1.820782355526801, 41.766204643717622 ], [ -1.824614720162969, 41.773746598209271 ], [ -1.824961502024265, 41.778478745740891 ], [ -1.839206835730284, 41.787234035941609 ], [ -1.85255764698019, 41.789673894525961 ], [ -1.843368004198647, 41.806127235530646 ], [ -1.834153610209943, 41.814392357892871 ], [ -1.825134523818999, 41.819083054176865 ], [ -1.818201991605938, 41.830063188762693 ], [ -1.820466111418962, 41.8471090994435 ], [ -1.817240755256553, 41.853488735624339 ], [ -1.819629015418636, 41.86184441096804 ], [ -1.819882271908951, 41.862486537987088 ], [ -1.822235762388192, 41.865545959948406 ], [ -1.831768934831657, 41.863436701717369 ], [ -1.839625284359022, 41.87539616430707 ], [ -1.839609741640356, 41.877584539461317 ], [ -1.838424505892504, 41.889128164204934 ], [ -1.856922863159626, 41.909623669906011 ], [ -1.858243359120594, 41.932945908707261 ], [ -1.854557885837818, 41.937358439967326 ], [ -1.856183931230335, 41.966510853147028 ], [ -1.864830983807533, 41.977710724240794 ], [ -1.843688913193742, 41.987442922523208 ], [ -1.850968408820322, 41.998179693266096 ], [ -1.846674515677454, 42.00261283441359 ], [ -1.846828768283592, 42.008108290332778 ], [ -1.840015004881305, 42.004283979044111 ], [ -1.833346804656655, 41.995173848518881 ], [ -1.82494549113842, 41.995727658122547 ], [ -1.809989795719526, 41.998131432800953 ], [ -1.798380010115239, 41.992705579633316 ], [ -1.791035346597896, 41.989737427655356 ], [ -1.773719070276411, 41.995624113557255 ], [ -1.766542081541397, 41.995898481355702 ], [ -1.739398970206146, 41.968440035818965 ], [ -1.733947281631263, 41.964011880277923 ], [ -1.72736555805429, 41.961831562079041 ], [ -1.714863083161112, 41.95707198497729 ], [ -1.704082493980624, 41.957338077692427 ], [ -1.700420846028443, 41.954045372040106 ], [ -1.692890918232498, 41.955860221689825 ], [ -1.685879158295952, 41.953582581862342 ], [ -1.681206356987412, 41.95608685476892 ], [ -1.675716243321227, 41.966579246165821 ], [ -1.664179168987322, 41.962536747303758 ], [ -1.663276866424207, 41.960094453157708 ], [ -1.657826628561737, 41.960481177913323 ], [ -1.658998199258043, 41.962728468503343 ], [ -1.653788016190818, 41.965459547245551 ], [ -1.643639409740689, 41.95917965540621 ], [ -1.614466345393109, 41.950635323815852 ], [ -1.596735619546387, 41.927858738452009 ], [ -1.579808194144886, 41.921075923126025 ], [ -1.579001034185445, 41.910167949802307 ], [ -1.576291514668922, 41.904586421220387 ], [ -1.589288384543672, 41.904035392004282 ], [ -1.607755671396383, 41.900279930595303 ], [ -1.623913120780198, 41.904068316861697 ], [ -1.620235913107274, 41.884470899316661 ], [ -1.614117118191321, 41.879272527142803 ], [ -1.615979431617914, 41.875629340962192 ], [ -1.622629464611872, 41.871233044646239 ], [ -1.620451275283444, 41.865496712235249 ], [ -1.621969461783573, 41.859327410210412 ], [ -1.628471654738713, 41.852731366678682 ], [ -1.64157750626084, 41.844231743262384 ], [ -1.653020134700088, 41.844240459286844 ], [ -1.649534731613524, 41.841011105138719 ], [ -1.648274933112334, 41.824757357884138 ], [ -1.652034390753766, 41.818893201835209 ] ] ] ] } },
{ "type": "Feature", "properties": { "codatzbs": "20401", "n_zbs": "ALFAJARIN", "ccaa_cd": "ES24", "area": "Zaragoza I-Royo Villanova" }, "geometry": { "type": "MultiPolygon", "coordinates": [ [ [ [ -0.595080139484434, 41.670626791528072 ], [ -0.581960622115069, 41.646313696529198 ], [ -0.575485730763855, 41.638711015122894 ], [ -0.572660066310884, 41.623475781643563 ], [ -0.559591773534312, 41.612580517750651 ], [ -0.55561819122184, 41.612613105745957 ], [ -0.548928792847948, 41.619396459324683 ], [ -0.523334173579734, 41.61547919232563 ], [ -0.514728903993133, 41.612672540109727 ], [ -0.510608830513479, 41.609341117430411 ], [ -0.508506238913867, 41.606602676245238 ], [ -0.51097868576359, 41.600658048235012 ], [ -0.521103712847538, 41.571246201440466 ], [ -0.513271416267149, 41.570014265537225 ], [ -0.514514130993037, 41.564817467415651 ], [ -0.512591512785612, 41.560542945113397 ], [ -0.514797919737199, 41.558978516967905 ], [ -0.516029591145496, 41.549053095627677 ], [ -0.53155731891304, 41.537346178339057 ], [ -0.535940833345834, 41.527974571036268 ], [ -0.544469070456678, 41.517340353139573 ], [ -0.549346533944875, 41.517651646603156 ], [ -0.550758978573788, 41.516105681013286 ], [ -0.544944003653918, 41.512703234389399 ], [ -0.557721264070676, 41.499213613823343 ], [ -0.560312224512256, 41.505825340423918 ], [ -0.568991319566444, 41.506018140018838 ], [ -0.575514099127055, 41.510055715955588 ], [ -0.573369707679642, 41.513252843665789 ], [ -0.586953383826885, 41.517564689229992 ], [ -0.576952924999811, 41.523514712365582 ], [ -0.581143425267753, 41.523945153032329 ], [ -0.582594010006328, 41.526506503798792 ], [ -0.588068777395805, 41.528503933065615 ], [ -0.59055509116406, 41.527069962475238 ], [ -0.588633857723012, 41.524588973870479 ], [ -0.591088911155652, 41.521407079945952 ], [ -0.594652994586085, 41.522247293529958 ], [ -0.595547538995828, 41.529804397359406 ], [ -0.600852657023536, 41.534139317736688 ], [ -0.604564323994027, 41.536198108620141 ], [ -0.609734507564155, 41.53511687175402 ], [ -0.612517853565895, 41.536354596695169 ], [ -0.626410963304589, 41.556654641256024 ], [ -0.63205149081446, 41.554222247906758 ], [ -0.630761849457867, 41.552763576494968 ], [ -0.640059743044215, 41.545029199175055 ], [ -0.64281584172176, 41.547373472347672 ], [ -0.640207690489815, 41.552165421041991 ], [ -0.641211379548337, 41.554896953274259 ], [ -0.649614065290191, 41.559266064480113 ], [ -0.654793609261501, 41.556300674222022 ], [ -0.668561724072409, 41.559219699684455 ], [ -0.672701978716221, 41.557790569276008 ], [ -0.67679501508881, 41.553325051676296 ], [ -0.68421349672427, 41.557446627701658 ], [ -0.68250490680119, 41.563986917868007 ], [ -0.685436905568531, 41.566504809713258 ], [ -0.700025141551429, 41.571084798212858 ], [ -0.705667349730339, 41.571611792505301 ], [ -0.710747946016524, 41.575477858760841 ], [ -0.718456921535532, 41.568417006423381 ], [ -0.722312750645626, 41.569268070308794 ], [ -0.718668556513843, 41.582165078600624 ], [ -0.724612705051166, 41.585056894701822 ], [ -0.729665797640387, 41.582580970465997 ], [ -0.740190507298544, 41.583742041888669 ], [ -0.740128369789975, 41.584587240502877 ], [ -0.739792248695244, 41.585184254890699 ], [ -0.739291999906293, 41.58542651503523 ], [ -0.738371730913082, 41.585754185617716 ], [ -0.736759001165375, 41.587538244634587 ], [ -0.737492889213436, 41.588849665428143 ], [ -0.737572090408117, 41.591390977161389 ], [ -0.733747657958862, 41.591657826588246 ], [ -0.73089939594979, 41.590088483854274 ], [ -0.728355274361049, 41.590452498454518 ], [ -0.727145000680484, 41.590835121319088 ], [ -0.7256477942319, 41.593073820270234 ], [ -0.723450669340901, 41.593120307952319 ], [ -0.723157198507022, 41.596005526152098 ], [ -0.724030575874889, 41.596076919726926 ], [ -0.724642551866411, 41.597097775730532 ], [ -0.725156222263408, 41.597504231327058 ], [ -0.729295551487925, 41.599900772517508 ], [ -0.729812718443931, 41.601045536715795 ], [ -0.733352490904348, 41.603628564356967 ], [ -0.736492860858539, 41.607157978777551 ], [ -0.736758997195682, 41.608126869837761 ], [ -0.738689747281834, 41.608507183179469 ], [ -0.741167594568848, 41.609717814812086 ], [ -0.747794256525269, 41.608970669741701 ], [ -0.751210730614208, 41.608612953167402 ], [ -0.753822811038668, 41.608488956099876 ], [ -0.75919390665443, 41.60759428413408 ], [ -0.762212358049777, 41.607409932654839 ], [ -0.763313318607748, 41.608539166586858 ], [ -0.763945492224588, 41.607957099546319 ], [ -0.765595057165274, 41.608142308225723 ], [ -0.767331642409398, 41.609967370577351 ], [ -0.769273931414316, 41.612122634107337 ], [ -0.769679070247141, 41.613598518197726 ], [ -0.767595323242427, 41.619033958622474 ], [ -0.766782558933355, 41.619630604275827 ], [ -0.767945837947928, 41.620612669131539 ], [ -0.769099584607938, 41.621702072346125 ], [ -0.770231721358286, 41.623699981514193 ], [ -0.7705772239595, 41.624309671879388 ], [ -0.771215410175469, 41.625435813297024 ], [ -0.769940719906942, 41.625852380669748 ], [ -0.769851661370559, 41.626346013657539 ], [ -0.768616946943477, 41.626646250204168 ], [ -0.774863763889022, 41.628595737046645 ], [ -0.774860841414457, 41.629379302163755 ], [ -0.774725318892329, 41.630178229169069 ], [ -0.77399335102037, 41.631911235702404 ], [ -0.773445260540605, 41.632837329277194 ], [ -0.77513058772149, 41.633401366144319 ], [ -0.776258124323246, 41.63412571174775 ], [ -0.777019210098962, 41.63398735894291 ], [ -0.777896694305676, 41.634227915014002 ], [ -0.778868809317667, 41.634662575848097 ], [ -0.780577609500319, 41.634893794551829 ], [ -0.78021708170226, 41.635004484451613 ], [ -0.779886410071023, 41.635456832910918 ], [ -0.779660932394896, 41.635556059750357 ], [ -0.779128790787885, 41.635393144695421 ], [ -0.778717745889774, 41.635578321902074 ], [ -0.776929656030568, 41.63782682549828 ], [ -0.775776874936657, 41.639403136298888 ], [ -0.774269995334256, 41.641323829032025 ], [ -0.773224544539768, 41.642568938057153 ], [ -0.772741639385647, 41.642621417541768 ], [ -0.770285999080009, 41.644432622005873 ], [ -0.766729450742923, 41.646882921130562 ], [ -0.766723136693214, 41.647244051891747 ], [ -0.766683419718139, 41.647598579185654 ], [ -0.759732190257173, 41.647936463208502 ], [ -0.756232804573146, 41.646355045710479 ], [ -0.748316734538361, 41.648172623581047 ], [ -0.747323605812863, 41.651170313459978 ], [ -0.736297244700239, 41.657077844629555 ], [ -0.733620417086999, 41.66080778523115 ], [ -0.72750774743658, 41.661479611116199 ], [ -0.725976873190566, 41.664709587707968 ], [ -0.718215666587463, 41.666131844690788 ], [ -0.718535771722757, 41.661490878294437 ], [ -0.712300725215093, 41.656791685995636 ], [ -0.701857780409111, 41.657997236404796 ], [ -0.695023444492391, 41.654996339461981 ], [ -0.682781943766123, 41.660811276707285 ], [ -0.679806488807824, 41.667749151444191 ], [ -0.676732295354101, 41.669398232379372 ], [ -0.675711636104478, 41.672727972076913 ], [ -0.672338021257148, 41.673677258127839 ], [ -0.673509587039634, 41.679167877065169 ], [ -0.662378611292576, 41.689632346245652 ], [ -0.648916626802023, 41.691744215748656 ], [ -0.64874936644237, 41.695676539093832 ], [ -0.655532922099024, 41.699138555743751 ], [ -0.65604333654515, 41.704606734810532 ], [ -0.622394412564778, 41.704230355354134 ], [ -0.607732761967612, 41.705844206086347 ], [ -0.598740371053128, 41.703332973946686 ], [ -0.600076489915885, 41.697137608959473 ], [ -0.595080139484434, 41.670626791528072 ] ] ] ] } },
{ "type": "Feature", "properties": { "codatzbs": "20624", "n_zbs": "BOMBARDA", "ccaa_cd": "ES24", "area": "Zaragoza III-Clinico" }, "geometry": { "type": "MultiPolygon", "coordinates": [ [ [ [ -0.907894521322665, 41.659409008480978 ], [ -0.907456202091562, 41.657886462360032 ], [ -0.908699586347906, 41.655724160171722 ], [ -0.909169175064494, 41.654995061720236 ], [ -0.909787527557643, 41.654034830975071 ], [ -0.90993587913154, 41.653755926138651 ], [ -0.910245422448191, 41.653154307574063 ], [ -0.910419257626262, 41.652847087976816 ], [ -0.91045359732214, 41.65272780259955 ], [ -0.910464516896538, 41.652640145432791 ], [ -0.91042506995002, 41.65249713874644 ], [ -0.910376153386987, 41.652379232072647 ], [ -0.910256938649543, 41.652091412579075 ], [ -0.910304819501481, 41.652080969468884 ], [ -0.918377443120829, 41.650442761289021 ], [ -0.918939708265605, 41.65097619185287 ], [ -0.919222257327699, 41.651499761929479 ], [ -0.919574206592101, 41.652392224768121 ], [ -0.920347294494839, 41.654431856968699 ], [ -0.920592860711153, 41.65507376521429 ], [ -0.921908008623562, 41.658256375347051 ], [ -0.922186171576219, 41.658298002353568 ], [ -0.921944005416872, 41.658608298139228 ], [ -0.922685798271689, 41.658779058888982 ], [ -0.92272046117333, 41.658858924839869 ], [ -0.922924527507223, 41.658858486545412 ], [ -0.923561097011731, 41.659039879990011 ], [ -0.924323531041658, 41.659483776960627 ], [ -0.923266164260942, 41.660735804975772 ], [ -0.921523123658342, 41.661973699267335 ], [ -0.919307656864763, 41.662973545102744 ], [ -0.918758392703716, 41.663586151618404 ], [ -0.913450121125229, 41.661443978209533 ], [ -0.90922024026263, 41.659767427390335 ], [ -0.907894521322665, 41.659409008480978 ] ] ] ] } },
{ "type": "Feature", "properties": { "codatzbs": "20903", "n_zbs": "ANDORRA", "ccaa_cd": "ES24", "area": "Alcañiz" }, "geometry": { "type": "MultiPolygon", "coordinates": [ [ [ [ -0.469962801231247, 40.947869495846533 ], [ -0.473797189068361, 40.946692618721215 ], [ -0.476124736558957, 40.942348162267614 ], [ -0.480078843342324, 40.94175921563582 ], [ -0.485769334333691, 40.936416151469302 ], [ -0.489236579714613, 40.92389985035301 ], [ -0.495349997611604, 40.921132545078727 ], [ -0.501573233867697, 40.920790256098364 ], [ -0.509599741992985, 40.915433642476891 ], [ -0.517411428303863, 40.918637601887589 ], [ -0.519337534342914, 40.917300992844339 ], [ -0.544266823482078, 40.926760974732822 ], [ -0.552151201181427, 40.93193666972622 ], [ -0.578833256598048, 40.938571197820785 ], [ -0.586572770563853, 40.942291378959524 ], [ -0.59346875132139, 40.948326268135574 ], [ -0.607482705366192, 40.940214354175794 ], [ -0.610788613910986, 40.939120975904927 ], [ -0.624559931211289, 40.940315476834279 ], [ -0.627108392193076, 40.936485842230681 ], [ -0.6336857093582, 40.934567398967872 ], [ -0.632516484351681, 40.938371493142462 ], [ -0.640572107044999, 40.944643626332521 ], [ -0.65548031925133, 40.950685508615187 ], [ -0.660915115463359, 40.956245304816044 ], [ -0.663536905978006, 40.962756628257999 ], [ -0.659674744456073, 40.970163263372811 ], [ -0.66520445498322, 40.973085753654019 ], [ -0.666080565256386, 40.975877701841732 ], [ -0.676900143225749, 40.980149584986179 ], [ -0.69045303852794, 40.981070607951096 ], [ -0.706899065294359, 40.988379622541899 ], [ -0.71943741916949, 40.988448369927802 ], [ -0.729372747988072, 40.990590122935387 ], [ -0.733027624842165, 40.994246969826079 ], [ -0.743857851413755, 40.996333130432987 ], [ -0.744127673014141, 41.002364211745011 ], [ -0.75007391891142, 41.012802853278508 ], [ -0.750214685699294, 41.028225999054889 ], [ -0.743789294002786, 41.029694558103991 ], [ -0.722359972575664, 41.019905386620593 ], [ -0.710687069147187, 41.011504430562631 ], [ -0.701381834238813, 41.010319371414191 ], [ -0.679260841853471, 41.012803256676051 ], [ -0.661389756489916, 41.031239750045977 ], [ -0.658164903366562, 41.044360690215527 ], [ -0.652800094236625, 41.046683459867339 ], [ -0.656173143845101, 41.07130545447631 ], [ -0.683240951187303, 41.083418224623749 ], [ -0.684936048181405, 41.089045746575266 ], [ -0.691481973066076, 41.099976606003381 ], [ -0.676063556541593, 41.100954505236189 ], [ -0.66135493636462, 41.106412237683479 ], [ -0.65633008253257, 41.105733654531186 ], [ -0.622143554771992, 41.084902047514419 ], [ -0.57321334914443, 41.076918996106734 ], [ -0.559172670898656, 41.070686606284241 ], [ -0.558640105913177, 41.068675811388097 ], [ -0.567315591348375, 41.064815255999669 ], [ -0.57823554824901, 41.066891818919565 ], [ -0.573867185323016, 41.059143848955003 ], [ -0.556263378704933, 41.064725356558256 ], [ -0.516696364193186, 41.045693918099083 ], [ -0.504008154332079, 41.041132302008798 ], [ -0.497472607048537, 41.04125172702819 ], [ -0.47009857450153, 41.053380537201122 ], [ -0.458447303857086, 41.081558785974757 ], [ -0.449003796888968, 41.087816852834457 ], [ -0.43300388664765, 41.087209144508904 ], [ -0.419810428975888, 41.083644821203521 ], [ -0.409348453926375, 41.072097288379425 ], [ -0.398914189991617, 41.067781997461026 ], [ -0.389116872941287, 41.057931950688463 ], [ -0.380130790627493, 41.05679117314984 ], [ -0.37634306655869, 41.052399648855754 ], [ -0.364375701442554, 41.046389033122573 ], [ -0.36299150292637, 41.042322293697495 ], [ -0.353072600219514, 41.037807474696912 ], [ -0.349676567571062, 41.034396893582688 ], [ -0.343079495707647, 41.033398245060717 ], [ -0.34152306281794, 41.028624708108396 ], [ -0.346468158085582, 41.023658925758539 ], [ -0.35685988188842, 41.023132256537735 ], [ -0.357624944877891, 41.019168775991027 ], [ -0.36288009129551, 41.016515120671208 ], [ -0.363110024260105, 41.008666363136633 ], [ -0.366436917335854, 41.004248050145051 ], [ -0.364655946887144, 40.999415635619947 ], [ -0.371948711752285, 40.994799559677809 ], [ -0.375885020232404, 40.983675707123226 ], [ -0.377358620061595, 40.975287781984314 ], [ -0.381968936662648, 40.967196273208089 ], [ -0.383325271923991, 40.952419676812603 ], [ -0.387210248736529, 40.946995516769491 ], [ -0.39307870171118, 40.94427326218289 ], [ -0.412357726888053, 40.94396921906386 ], [ -0.419487177773835, 40.94574139221244 ], [ -0.425730234066376, 40.943124906787951 ], [ -0.449052825688549, 40.944535189024265 ], [ -0.469962801231247, 40.947869495846533 ] ] ] ] } },
{ "type": "Feature", "properties": { "codatzbs": "20402", "n_zbs": "BUJARALOZ", "ccaa_cd": "ES24", "area": "Zaragoza I-Royo Villanova" }, "geometry": { "type": "MultiPolygon", "coordinates": [ [ [ [ 0.031855598854137, 41.465143876621028 ], [ 0.02916242622556, 41.462846272021999 ], [ 0.029841228377352, 41.4568574812305 ], [ 0.00962181501437, 41.435900420739934 ], [ 0.002917422095274, 41.425466692605291 ], [ -0.019187431529064, 41.409687057201019 ], [ -0.025058417070021, 41.407650662654028 ], [ -0.023571273535461, 41.396994014870948 ], [ -0.025368198803815, 41.392213257861094 ], [ -0.02374200358341, 41.386443297270525 ], [ -0.027613492022406, 41.383625535132872 ], [ -0.028925181256678, 41.377931557034437 ], [ -0.007571655560577, 41.347918786857925 ], [ -0.03302913129392, 41.358152025833114 ], [ -0.049080474837571, 41.36057349603243 ], [ -0.050748144783393, 41.366524279038245 ], [ -0.069641342409829, 41.373077507717603 ], [ -0.072346502771381, 41.37727120721555 ], [ -0.098872679544987, 41.371495120201679 ], [ -0.118717780998277, 41.369364308494447 ], [ -0.14730318999514, 41.371554130714166 ], [ -0.148882530762369, 41.37754637657661 ], [ -0.142794911636211, 41.38768033588704 ], [ -0.139468656347866, 41.40053059268633 ], [ -0.144475777011402, 41.412921422206388 ], [ -0.158963164687051, 41.418693049752321 ], [ -0.204662334419119, 41.446976098823768 ], [ -0.197900877899168, 41.471119146389718 ], [ -0.200429380713771, 41.478025398329144 ], [ -0.207023370671945, 41.483985777902213 ], [ -0.236624883518444, 41.493113068791345 ], [ -0.284257266599551, 41.498697601745661 ], [ -0.304757725303369, 41.493416108842062 ], [ -0.324999485453837, 41.49666298621473 ], [ -0.348988080841536, 41.513826281004746 ], [ -0.354509346864296, 41.523004832080652 ], [ -0.355218256700686, 41.525020486948051 ], [ -0.349603046497463, 41.530168781227118 ], [ -0.322131488425927, 41.536872008682757 ], [ -0.309525863565517, 41.545151415443186 ], [ -0.309620621861989, 41.548648038155996 ], [ -0.302438697246423, 41.561052216195208 ], [ -0.282582648715193, 41.581901801806602 ], [ -0.275928749433081, 41.586103284638426 ], [ -0.273575864271426, 41.590703573195405 ], [ -0.301945107665832, 41.608034620440016 ], [ -0.308078163931529, 41.619832341545845 ], [ -0.306659587737702, 41.621041946664306 ], [ -0.312228731465606, 41.624216450476268 ], [ -0.326805417941126, 41.624376408526004 ], [ -0.335853268113083, 41.630260455684997 ], [ -0.328996874112731, 41.643097061830424 ], [ -0.327821721951587, 41.652643117665377 ], [ -0.307747734614966, 41.689720451818957 ], [ -0.30410339762994, 41.687221395284304 ], [ -0.288945719738782, 41.686540339386504 ], [ -0.25609898134025, 41.665334725779161 ], [ -0.256391060163707, 41.662982076232069 ], [ -0.252722488562076, 41.660570863004168 ], [ -0.245520870675173, 41.660758630589839 ], [ -0.238125196760302, 41.656213116539988 ], [ -0.2341618160749, 41.656225791800523 ], [ -0.228609865118411, 41.65295788992848 ], [ -0.227999409493226, 41.650673665644312 ], [ -0.22236981049524, 41.650906919950963 ], [ -0.219092706623972, 41.653673466087909 ], [ -0.210898599872928, 41.651277317673554 ], [ -0.207928829773331, 41.654978697895871 ], [ -0.20245851631443, 41.652909250612879 ], [ -0.197348290213982, 41.656666245220499 ], [ -0.193522623979811, 41.654060231565772 ], [ -0.183160746473608, 41.652104431337023 ], [ -0.178070505756545, 41.660327886267929 ], [ -0.179365127052952, 41.674129801106304 ], [ -0.182762863873108, 41.677194178778379 ], [ -0.180442836555601, 41.694554593601893 ], [ -0.171553753227347, 41.707646644988358 ], [ -0.156631387905642, 41.713276029676287 ], [ -0.152399712781045, 41.713297218183094 ], [ -0.133292780266569, 41.717810970105511 ], [ -0.121777337825019, 41.724277205188436 ], [ -0.095504928364878, 41.746544254479929 ], [ -0.093701124790496, 41.745210776424912 ], [ -0.101872491755563, 41.732512116162383 ], [ -0.108791647692365, 41.71469299199898 ], [ -0.101465687067749, 41.67632370897563 ], [ -0.098252078650617, 41.668983890104712 ], [ -0.09307974298046, 41.665151627192465 ], [ -0.109092143983405, 41.654622784842424 ], [ -0.123902310689658, 41.641584811865265 ], [ -0.137067668521676, 41.625162732065156 ], [ -0.148067132419417, 41.600823179403591 ], [ -0.156085772019123, 41.590088699002017 ], [ -0.159096986721454, 41.585435034582076 ], [ -0.108787571825538, 41.565033279324489 ], [ -0.098552901979487, 41.5643609835126 ], [ -0.081941381812179, 41.56017582522302 ], [ -0.068667867941963, 41.542672582900806 ], [ -0.058508135117389, 41.536207834820686 ], [ -0.052818337401325, 41.534017647725534 ], [ -0.000902654122809, 41.55746743991287 ], [ 0.022798625745584, 41.560745806005308 ], [ 0.026106064187825, 41.561217070006506 ], [ 0.037422985623678, 41.56321487689209 ], [ 0.044962972078411, 41.56265511137817 ], [ 0.07293353728875, 41.547140754563493 ], [ 0.08514024967937, 41.547200857648114 ], [ 0.09965021550001, 41.542532505136307 ], [ 0.103743128957296, 41.539387132426263 ], [ 0.11286694137774, 41.532187796520752 ], [ 0.122988254691408, 41.51612595758057 ], [ 0.142980558678692, 41.50412544684999 ], [ 0.139203220750966, 41.494880714702873 ], [ 0.14173533715729, 41.4892819956249 ], [ 0.137694658609995, 41.475550502137835 ], [ 0.14122840227179, 41.467150575398165 ], [ 0.140868232515097, 41.458208558855027 ], [ 0.13042441214613, 41.449901978513473 ], [ 0.117564966345906, 41.446577163581637 ], [ 0.116637182608777, 41.435453069850468 ], [ 0.109489047670281, 41.429864813615623 ], [ 0.110545662404531, 41.419920763445397 ], [ 0.102092047256689, 41.419779964102155 ], [ 0.093566416670091, 41.42844827819998 ], [ 0.077631222799443, 41.429029223808001 ], [ 0.072882361718232, 41.439206834178805 ], [ 0.064165635397474, 41.443951594185705 ], [ 0.058122841781556, 41.451623396032801 ], [ 0.050156351066818, 41.456851458449407 ], [ 0.037044357815392, 41.460882095328174 ], [ 0.031855598854137, 41.465143876621028 ] ] ] ] } },
{ "type": "Feature", "properties": { "codatzbs": "20611", "n_zbs": "ALAGON", "ccaa_cd": "ES24", "area": "Zaragoza III-Clinico" }, "geometry": { "type": "MultiPolygon", "coordinates": [ [ [ [ -1.135828353202122, 41.861373706061165 ], [ -1.136579010766249, 41.857927472482473 ], [ -1.136950256341082, 41.858320837337452 ], [ -1.13733575419931, 41.856345673366924 ], [ -1.138325730540058, 41.855443080439578 ], [ -1.139117407126439, 41.853897820025196 ], [ -1.141794931801547, 41.851707639845856 ], [ -1.161250780764292, 41.826620241548461 ], [ -1.160466878989626, 41.823944538954962 ], [ -1.159803255051564, 41.823150355322902 ], [ -1.159246734527035, 41.821142001151522 ], [ -1.157429397485121, 41.818990592006088 ], [ -1.154547834112107, 41.815578977489935 ], [ -1.156084246686574, 41.812802597153855 ], [ -1.158767565764025, 41.812474968030386 ], [ -1.161444507432853, 41.812504048692084 ], [ -1.163320776978069, 41.811918875700819 ], [ -1.163357356133881, 41.809598545415746 ], [ -1.164066048345633, 41.807742838735464 ], [ -1.166301917236064, 41.806124468485557 ], [ -1.169005933881149, 41.804656337893405 ], [ -1.171321575226217, 41.803430177870645 ], [ -1.172069564433867, 41.802100127458409 ], [ -1.171785189096008, 41.800249232837551 ], [ -1.170722874276637, 41.799088529746193 ], [ -1.169566338577916, 41.798424474285596 ], [ -1.167684834940156, 41.797344106413426 ], [ -1.165827603751703, 41.796857856505255 ], [ -1.165263347010228, 41.798073768088507 ], [ -1.161278436352612, 41.80064333400415 ], [ -1.157457731770675, 41.803106686987064 ], [ -1.157372879142077, 41.804612177453627 ], [ -1.157818435593191, 41.806285517595114 ], [ -1.156207914556903, 41.808913782372947 ], [ -1.153724847849531, 41.809669248237938 ], [ -1.142844444377882, 41.809788269511031 ], [ -1.141820470615747, 41.80754080945281 ], [ -1.142443703202486, 41.80513712305688 ], [ -1.143462339206328, 41.804460099669186 ], [ -1.14457303467594, 41.801950000536273 ], [ -1.145331175391211, 41.799534120819025 ], [ -1.142586304697777, 41.798724185806797 ], [ -1.146403384024801, 41.793465741757565 ], [ -1.148115380846668, 41.791692098949156 ], [ -1.14868974547148, 41.790134239335259 ], [ -1.149689667078634, 41.790096295334514 ], [ -1.150158691753725, 41.788714937893822 ], [ -1.151040089588521, 41.785170777130951 ], [ -1.14673144404888, 41.786274325703999 ], [ -1.144689820290225, 41.787407514494689 ], [ -1.143321304430823, 41.788468393832979 ], [ -1.140963989377097, 41.789475312145449 ], [ -1.137949819840611, 41.788654081375334 ], [ -1.136993038211912, 41.787249970014877 ], [ -1.136298989854617, 41.786232169489125 ], [ -1.133397796094225, 41.786452465020282 ], [ -1.13249259131601, 41.788617318983135 ], [ -1.137404137717181, 41.794380169479098 ], [ -1.138321678062603, 41.796188941227065 ], [ -1.137510396186427, 41.798191654794152 ], [ -1.134150148973043, 41.80017410751551 ], [ -1.132205684534212, 41.79997358971454 ], [ -1.128522014329145, 41.801828273589571 ], [ -1.125724380791111, 41.801829678055491 ], [ -1.122054074040947, 41.800500101763845 ], [ -1.108064829176641, 41.798079132495673 ], [ -1.097241588193804, 41.79668625366152 ], [ -1.092602518694191, 41.795401051400979 ], [ -1.089934868210988, 41.792420675115686 ], [ -1.096581243265018, 41.786622748190602 ], [ -1.097112621743312, 41.783667624533713 ], [ -1.096673181728941, 41.781554871896816 ], [ -1.095613221131014, 41.779902269254237 ], [ -1.094669777921097, 41.778431254872274 ], [ -1.096275130392792, 41.778513858148827 ], [ -1.098611667614881, 41.777776033586832 ], [ -1.098418917947974, 41.775939205031499 ], [ -1.097631574084235, 41.77470660646599 ], [ -1.100045397399979, 41.77241391648932 ], [ -1.094181669702739, 41.769722890516157 ], [ -1.095349617025872, 41.763481034522762 ], [ -1.095159221296479, 41.761489151774718 ], [ -1.102052529210719, 41.759838088834194 ], [ -1.103212604087374, 41.759076202782204 ], [ -1.102654119926348, 41.757380214728116 ], [ -1.10556559518354, 41.757201163993315 ], [ -1.108727525175851, 41.756843470681559 ], [ -1.109868521542004, 41.75628584320463 ], [ -1.107525798216566, 41.753941589232696 ], [ -1.105292614754752, 41.752058092178494 ], [ -1.10026026867509, 41.749234835508339 ], [ -1.1033147939101, 41.74928531558065 ], [ -1.103863921255755, 41.749621080899693 ], [ -1.10581395912317, 41.749326557136818 ], [ -1.107543083057747, 41.748429888676412 ], [ -1.10774692874023, 41.747631655170977 ], [ -1.109223800054727, 41.747304742381282 ], [ -1.109399052956201, 41.746659127537391 ], [ -1.110367423712591, 41.746035640611581 ], [ -1.111427518241347, 41.746331679300724 ], [ -1.113401668995887, 41.745500077123197 ], [ -1.114348674350519, 41.745452918979446 ], [ -1.113769758496598, 41.7448396949233 ], [ -1.117176929018467, 41.742416260041757 ], [ -1.119996045251304, 41.744342845276591 ], [ -1.122290177147394, 41.747696651221425 ], [ -1.124211060461591, 41.747649602885119 ], [ -1.12511202508937, 41.748096675761118 ], [ -1.125387785002087, 41.747299542353794 ], [ -1.126564802155864, 41.746758099592412 ], [ -1.127853138576264, 41.746475190640027 ], [ -1.128293226098137, 41.74581582314778 ], [ -1.130650396102469, 41.744777984786978 ], [ -1.132402431105757, 41.743248352725715 ], [ -1.132178821231655, 41.742447651417258 ], [ -1.131078169959777, 41.741006648565772 ], [ -1.130273674928864, 41.74013794546854 ], [ -1.135935293619828, 41.736888625649613 ], [ -1.139418384556511, 41.734945582794651 ], [ -1.143919955748855, 41.733118056137684 ], [ -1.146747147602778, 41.731112511030211 ], [ -1.148661909880588, 41.729609975228549 ], [ -1.150876516734056, 41.728828861758736 ], [ -1.154523985625317, 41.727759786184023 ], [ -1.15912644528142, 41.726508785402281 ], [ -1.161457998172941, 41.726537132631748 ], [ -1.164181320495574, 41.724131904227541 ], [ -1.167854317902173, 41.720604925924469 ], [ -1.165441633941464, 41.716252228318822 ], [ -1.163256353964167, 41.71405574585831 ], [ -1.161498084499051, 41.712350608504494 ], [ -1.158063101903289, 41.709011496587635 ], [ -1.154342110045544, 41.704393955695004 ], [ -1.149092052110131, 41.697877630610279 ], [ -1.147655652444992, 41.693495239543068 ], [ -1.148524740303126, 41.689759982075643 ], [ -1.15184628224804, 41.686271894718878 ], [ -1.152899996061251, 41.684928846940075 ], [ -1.153408315797017, 41.683602789718343 ], [ -1.155032975082527, 41.681554109531888 ], [ -1.155706407885499, 41.680479621055376 ], [ -1.156250237508458, 41.679105832720595 ], [ -1.15896220116186, 41.674582937995609 ], [ -1.159255807674223, 41.672079289994102 ], [ -1.158624688463862, 41.669146539385174 ], [ -1.158192505451964, 41.665768466693635 ], [ -1.158403743272293, 41.6625725816738 ], [ -1.158915711532153, 41.659149231048538 ], [ -1.166119694326755, 41.653509249669121 ], [ -1.168672418889383, 41.651409387754285 ], [ -1.170506088756183, 41.650007982632886 ], [ -1.173289265869295, 41.647284830524029 ], [ -1.173861402738697, 41.647029244155391 ], [ -1.180475728678843, 41.642641530339212 ], [ -1.198162021755798, 41.628822538635887 ], [ -1.209891302694523, 41.62155164290462 ], [ -1.219193924846817, 41.623531501722191 ], [ -1.246789786244901, 41.634502603186817 ], [ -1.260317478823111, 41.651350224006386 ], [ -1.279227896827746, 41.648320595962367 ], [ -1.277650317237786, 41.65260874245088 ], [ -1.278954101412656, 41.653681262064147 ], [ -1.27316955893117, 41.66135416140186 ], [ -1.292715360734657, 41.674444091509571 ], [ -1.30893894127375, 41.693684012818139 ], [ -1.306787555896254, 41.708495471074464 ], [ -1.310160631243976, 41.717816031373523 ], [ -1.310865915292359, 41.721183810421003 ], [ -1.321811984498924, 41.726725849184795 ], [ -1.328285004464128, 41.737116906859576 ], [ -1.334824933285503, 41.735618099847343 ], [ -1.334823876563493, 41.742174844153048 ], [ -1.342132133581035, 41.766607435389467 ], [ -1.347540643288961, 41.767270862461174 ], [ -1.346114650761279, 41.77407730232882 ], [ -1.339248772892895, 41.776247882409024 ], [ -1.320845635959434, 41.802756858406603 ], [ -1.317010750606149, 41.804411978338976 ], [ -1.304823540619537, 41.796397022429474 ], [ -1.286338091007697, 41.790916886007061 ], [ -1.282276776494053, 41.791126446731731 ], [ -1.26992211099327, 41.798542491898594 ], [ -1.263397706846876, 41.804811588587668 ], [ -1.248527980141692, 41.809800551821397 ], [ -1.238444790017569, 41.81225821416956 ], [ -1.237743038017828, 41.81106756851873 ], [ -1.23723592723883, 41.812879175127676 ], [ -1.226993571402631, 41.817143585633204 ], [ -1.217088089384507, 41.818764584614591 ], [ -1.20933580782363, 41.816122125742638 ], [ -1.20886098252037, 41.81674513505795 ], [ -1.212764482657073, 41.821840619689105 ], [ -1.193508794156553, 41.832220934688209 ], [ -1.194822981458535, 41.836024252268501 ], [ -1.197244152584777, 41.836431568667237 ], [ -1.19746766865583, 41.840911258854028 ], [ -1.200106053316638, 41.840457304092901 ], [ -1.203866355630833, 41.845100511507781 ], [ -1.207108842618542, 41.845016027610143 ], [ -1.209927093455829, 41.845456290785954 ], [ -1.211349775200518, 41.851458765103011 ], [ -1.205471728892581, 41.852303703799009 ], [ -1.196606311981555, 41.862999452057664 ], [ -1.139092777930775, 41.864081126923629 ], [ -1.13472471465891, 41.865135989886099 ], [ -1.129146368312832, 41.870088832129198 ], [ -1.131197441026958, 41.86483785683486 ], [ -1.135828353202122, 41.861373706061165 ] ] ] ] } },
{ "type": "Feature", "properties": { "codatzbs": "20412", "n_zbs": "ACTUR NORTE", "ccaa_cd": "ES24", "area": "Zaragoza I-Royo Villanova" }, "geometry": { "type": "MultiPolygon", "coordinates": [ [ [ [ -0.888306551325937, 41.668975298592862 ], [ -0.88842841701656, 41.668943635466654 ], [ -0.888723078620801, 41.669286262058201 ], [ -0.888802537375894, 41.669410259756617 ], [ -0.888924986175609, 41.669601343075605 ], [ -0.889183335633957, 41.670004495662532 ], [ -0.889365527534101, 41.671007452692066 ], [ -0.889391959769353, 41.673080362725059 ], [ -0.889382939362111, 41.674578333723197 ], [ -0.889433288097046, 41.678489436093734 ], [ -0.889964731446995, 41.67924031347895 ], [ -0.889952100733548, 41.679711726113908 ], [ -0.889863733902072, 41.679710991062947 ], [ -0.88150535232468, 41.679641197442812 ], [ -0.877886050828194, 41.679672040917957 ], [ -0.880322149841512, 41.674026430326833 ], [ -0.880320662012668, 41.672878910966439 ], [ -0.880170141345804, 41.670118944923132 ], [ -0.886219882864741, 41.670132840496215 ], [ -0.888306551325937, 41.668975298592862 ] ] ] ] } },
{ "type": "Feature", "properties": { "codatzbs": "20505", "n_zbs": "REBOLERIA", "ccaa_cd": "ES24", "area": "Zaragoza II-Miguel Servet" }, "geometry": { "type": "MultiPolygon", "coordinates": [ [ [ [ -0.875393213764745, 41.657109087468946 ], [ -0.875049754841469, 41.6570263597606 ], [ -0.87500870463713, 41.657070420336147 ], [ -0.874484906931013, 41.656794245721969 ], [ -0.871803431063661, 41.65582519029833 ], [ -0.870769438044741, 41.655527405390544 ], [ -0.866770908741973, 41.65434621474926 ], [ -0.865192916927217, 41.653880015248362 ], [ -0.864532761655027, 41.653664719475536 ], [ -0.865624599332158, 41.651809759162724 ], [ -0.865649664125838, 41.650073786841077 ], [ -0.867265527641723, 41.649198150034252 ], [ -0.868672996476561, 41.648878439562615 ], [ -0.870498356985585, 41.64841801572846 ], [ -0.87191364282841, 41.648159421928803 ], [ -0.872317157090158, 41.648284582881246 ], [ -0.87294753468726, 41.648540607992253 ], [ -0.873479237536219, 41.648774469437015 ], [ -0.873882783817797, 41.649026049534577 ], [ -0.8750866335843, 41.649133096687422 ], [ -0.875946571900376, 41.649133803651729 ], [ -0.876135322815517, 41.649608774389336 ], [ -0.876485487367659, 41.649689104476224 ], [ -0.876457379710123, 41.649837939534784 ], [ -0.876327346898578, 41.650108501980569 ], [ -0.876159130989656, 41.650184818086487 ], [ -0.876269907368605, 41.650723103768286 ], [ -0.876465308886931, 41.650657826662993 ], [ -0.87781845153049, 41.651108950326034 ], [ -0.879375042454664, 41.65167107252433 ], [ -0.880098812761654, 41.651987784658125 ], [ -0.880623958992111, 41.65227624349852 ], [ -0.882122438368578, 41.65302228045956 ], [ -0.879033103117661, 41.65619995679323 ], [ -0.879730740490451, 41.656503914809619 ], [ -0.878770740781066, 41.657933408345762 ], [ -0.87818993055586, 41.657790661015859 ], [ -0.875840305174939, 41.657219129372969 ], [ -0.875393213764745, 41.657109087468946 ] ] ] ] } },
{ "type": "Feature", "properties": { "codatzbs": "20628", "n_zbs": "MIRALBUENO-GARRAPINILLOS", "ccaa_cd": "ES24", "area": "Zaragoza III-Clinico" }, "geometry": { "type": "MultiPolygon", "coordinates": [ [ [ [ -1.12511202508937, 41.748096675761118 ], [ -1.124211060461591, 41.747649602885119 ], [ -1.122290177147394, 41.747696651221425 ], [ -1.119996045251304, 41.744342845276591 ], [ -1.117176929018467, 41.742416260041757 ], [ -1.11913542413662, 41.736119262002198 ], [ -1.118491880992924, 41.731803636953643 ], [ -1.11574772666671, 41.726296332948571 ], [ -1.115084841617628, 41.724965828217506 ], [ -1.111780112316505, 41.72081349838836 ], [ -1.109021130265309, 41.719187515654539 ], [ -1.103770850975248, 41.716430511056451 ], [ -1.089692107536492, 41.711446206755539 ], [ -1.085317916517744, 41.710197989270007 ], [ -1.080900205512959, 41.710619625246167 ], [ -1.077988561827942, 41.711120349093122 ], [ -1.075759924257186, 41.711893596819728 ], [ -1.074135340679133, 41.712145555953001 ], [ -1.073103402934061, 41.712289089627077 ], [ -1.07276497867585, 41.712563927961192 ], [ -1.072121891670601, 41.712764813114084 ], [ -1.071009929612053, 41.712768641919105 ], [ -1.068011310860204, 41.712556095276909 ], [ -1.064582845655675, 41.712448856559007 ], [ -1.062748378033711, 41.714091764014618 ], [ -1.059465424340198, 41.714084997004342 ], [ -1.056986666093714, 41.710917930982326 ], [ -1.055880058785249, 41.710050426692796 ], [ -1.05364123803082, 41.709163734038661 ], [ -1.051546553507803, 41.707260832206387 ], [ -1.050537921009885, 41.706904152590035 ], [ -1.050494382344785, 41.707493466047758 ], [ -1.049524137087293, 41.708214796089671 ], [ -1.048430664483181, 41.709027709256034 ], [ -1.048821816485972, 41.710337040943685 ], [ -1.04749037036053, 41.711628641597436 ], [ -1.046184619428046, 41.712262539583925 ], [ -1.045371545439481, 41.712927749908985 ], [ -1.044252104331776, 41.712484306300055 ], [ -1.04279833923099, 41.711865417659311 ], [ -1.040872639897811, 41.711134525189351 ], [ -1.040467040062756, 41.71029776083644 ], [ -1.038454509398448, 41.709389102845428 ], [ -1.039430925458218, 41.708306991447408 ], [ -1.040848871467943, 41.707002126456665 ], [ -1.032766687427115, 41.700212653512978 ], [ -1.031976096424892, 41.698552602462222 ], [ -1.030353592760791, 41.69794600408791 ], [ -1.028946293992683, 41.697419835320943 ], [ -1.026610064684011, 41.697188342683233 ], [ -1.02381899654193, 41.695931927965326 ], [ -1.021837455323473, 41.695065381340321 ], [ -1.019764283692981, 41.694716432641627 ], [ -1.0189407822905, 41.694337433776859 ], [ -1.018162341844339, 41.694643752245732 ], [ -1.016993302934901, 41.694063721108051 ], [ -1.014036262143347, 41.693133902317022 ], [ -1.013289694080528, 41.693015557274443 ], [ -1.011894253039758, 41.692651679038761 ], [ -1.010087536791218, 41.691940927723273 ], [ -1.008147551325922, 41.691212821822226 ], [ -1.002365643911644, 41.698553548729556 ], [ -1.00184635819259, 41.699779319775828 ], [ -1.000680093062192, 41.702532097322198 ], [ -0.996647204444287, 41.699971736141812 ], [ -0.98938696115486, 41.695392621657504 ], [ -0.987438698344486, 41.694100673420564 ], [ -0.986582768394701, 41.694837408049409 ], [ -0.985585678116943, 41.695729363783613 ], [ -0.984565885597903, 41.697140721195375 ], [ -0.983923592758954, 41.698317180253305 ], [ -0.982447082345384, 41.699511209772346 ], [ -0.980329362626197, 41.701131193368909 ], [ -0.979107885369718, 41.701951801685276 ], [ -0.976903143171044, 41.699368427068826 ], [ -0.974464073151076, 41.69750372104513 ], [ -0.972699416029864, 41.696463987903812 ], [ -0.970285651716386, 41.694840149136489 ], [ -0.966430428388652, 41.692457664741454 ], [ -0.963129621612864, 41.690603969850713 ], [ -0.959518427318672, 41.688831097637063 ], [ -0.956743918730906, 41.687447207950839 ], [ -0.954171973121347, 41.686164242470781 ], [ -0.950151921382419, 41.684880401014553 ], [ -0.945924563880481, 41.683096939950964 ], [ -0.940448124139843, 41.68075530312283 ], [ -0.935399734225778, 41.678572625409494 ], [ -0.931536458109196, 41.6772444782668 ], [ -0.929618164244959, 41.676584944925096 ], [ -0.928011876721196, 41.676032621080729 ], [ -0.927397984755984, 41.67513034603521 ], [ -0.926846528255556, 41.673772833848403 ], [ -0.926138772283322, 41.67205861815318 ], [ -0.925268470888005, 41.669469294614871 ], [ -0.924879841157529, 41.668211215362895 ], [ -0.923576960568223, 41.666584358061499 ], [ -0.922533315590438, 41.665654592277917 ], [ -0.921632828396785, 41.664926208141914 ], [ -0.920271864640979, 41.664151024617183 ], [ -0.918758392703716, 41.663586151618404 ], [ -0.919307656864763, 41.662973545102744 ], [ -0.921523123658342, 41.661973699267335 ], [ -0.923266164260942, 41.660735804975772 ], [ -0.924323531041658, 41.659483776960627 ], [ -0.924707906357414, 41.659032870335054 ], [ -0.924932912671904, 41.658659917520687 ], [ -0.924829638119417, 41.657347736865468 ], [ -0.924706260282517, 41.655780086050854 ], [ -0.924656187818628, 41.655181882394118 ], [ -0.925609146743177, 41.655168831764477 ], [ -0.926411897097651, 41.654773432459898 ], [ -0.927804584323459, 41.654745255685675 ], [ -0.928011450055475, 41.654115605113674 ], [ -0.928840743697542, 41.654131028481274 ], [ -0.92990136483894, 41.654427127555365 ], [ -0.930337569383468, 41.654676665935746 ], [ -0.930624080270637, 41.654585628967709 ], [ -0.930875785080962, 41.654590068499978 ], [ -0.931054443120379, 41.654674044524967 ], [ -0.931137311884413, 41.654814674809671 ], [ -0.931281531407753, 41.65454596562649 ], [ -0.931317983450925, 41.654013926093697 ], [ -0.931609910137604, 41.654193588570557 ], [ -0.932259890519739, 41.654380442234014 ], [ -0.933429035570718, 41.654236615552222 ], [ -0.933717796118904, 41.654157840340254 ], [ -0.934451141529015, 41.654200761579851 ], [ -0.9360819051267, 41.653738804929596 ], [ -0.935153805670069, 41.652236855724347 ], [ -0.935066530530238, 41.650975098094072 ], [ -0.934952014086519, 41.649888737205025 ], [ -0.934838955468486, 41.649182179554984 ], [ -0.934631248555069, 41.648934634872298 ], [ -0.934664790350998, 41.647428767255064 ], [ -0.937515986790859, 41.646669227840867 ], [ -0.94088698866571, 41.645538126716744 ], [ -0.94268847716063, 41.644927281736543 ], [ -0.944029324014589, 41.644402195831297 ], [ -0.945663688408173, 41.644188171181085 ], [ -0.946658317430326, 41.643318255507374 ], [ -0.944381098743028, 41.641748489819754 ], [ -0.946835812017965, 41.641061269301339 ], [ -0.950190996185092, 41.640705911506238 ], [ -0.954770064594489, 41.640139646271322 ], [ -0.957126985441504, 41.638497637967994 ], [ -0.964416930335573, 41.636843851755714 ], [ -0.972574612605687, 41.635046983154652 ], [ -0.975932590198316, 41.634020168657891 ], [ -0.980795632454313, 41.632726002059755 ], [ -0.993974492624816, 41.629141525249587 ], [ -1.005616697813796, 41.62601844990045 ], [ -1.020826997122883, 41.622377910998978 ], [ -1.026577832298128, 41.621256807653786 ], [ -1.033684035445842, 41.618038390411954 ], [ -1.034837485620557, 41.617545546315391 ], [ -1.036523192505676, 41.617266142915703 ], [ -1.041023442253006, 41.617856677875302 ], [ -1.044770907866653, 41.618412833134862 ], [ -1.046986788816067, 41.618741626167989 ], [ -1.048974145811566, 41.618672649935355 ], [ -1.051866511882941, 41.61813234339369 ], [ -1.054754725911548, 41.617482173545135 ], [ -1.05755333014107, 41.616720573661773 ], [ -1.05972709809509, 41.615921075134736 ], [ -1.060512271341447, 41.615512497169597 ], [ -1.064671139565825, 41.617208586552501 ], [ -1.067887854401704, 41.617870204907568 ], [ -1.070178281799586, 41.618813199818618 ], [ -1.073334471073077, 41.620106888750257 ], [ -1.076151628424669, 41.621295471591324 ], [ -1.07854305794767, 41.623053701969276 ], [ -1.080975030619524, 41.624866667179894 ], [ -1.084116236437379, 41.627268543249222 ], [ -1.086688216668431, 41.628633069472798 ], [ -1.08956137643068, 41.630226507027508 ], [ -1.090505476918294, 41.631339273997838 ], [ -1.093405419789191, 41.632199874203899 ], [ -1.094805098979265, 41.632805055420548 ], [ -1.09634617432133, 41.634701706673887 ], [ -1.098892895977838, 41.63652528279556 ], [ -1.100917114679174, 41.637801686172942 ], [ -1.102869336253476, 41.638697498075466 ], [ -1.105211591409643, 41.639002870719956 ], [ -1.107168064359945, 41.639080932747767 ], [ -1.10865602310382, 41.640094497755278 ], [ -1.109535411199395, 41.641694493895322 ], [ -1.114313113137686, 41.643947525357625 ], [ -1.11786189805161, 41.644741806651361 ], [ -1.123435280687136, 41.644121051594198 ], [ -1.129373312343031, 41.643838389890163 ], [ -1.130951137854558, 41.644179023210881 ], [ -1.133189175673333, 41.643810119858713 ], [ -1.136922553111849, 41.642755746159395 ], [ -1.13996824981956, 41.641354862244107 ], [ -1.144160503973602, 41.64079791704183 ], [ -1.150551370667947, 41.641917135973102 ], [ -1.155767825097483, 41.64353995526205 ], [ -1.160517453522114, 41.644280397315534 ], [ -1.16358229769314, 41.644337248994852 ], [ -1.16464925328612, 41.64268506944736 ], [ -1.165290875673936, 41.641721595116472 ], [ -1.170383499691207, 41.642859373159631 ], [ -1.172266034849537, 41.64508513850781 ], [ -1.172962414979962, 41.645939390517526 ], [ -1.173861402738697, 41.647029244155391 ], [ -1.173289265869295, 41.647284830524029 ], [ -1.170506088756183, 41.650007982632886 ], [ -1.168672418889383, 41.651409387754285 ], [ -1.166119694326755, 41.653509249669121 ], [ -1.158915711532153, 41.659149231048538 ], [ -1.158403743272293, 41.6625725816738 ], [ -1.158192505451964, 41.665768466693635 ], [ -1.158624688463862, 41.669146539385174 ], [ -1.159255807674223, 41.672079289994102 ], [ -1.15896220116186, 41.674582937995609 ], [ -1.156250237508458, 41.679105832720595 ], [ -1.155706407885499, 41.680479621055376 ], [ -1.155032975082527, 41.681554109531888 ], [ -1.153408315797017, 41.683602789718343 ], [ -1.152899996061251, 41.684928846940075 ], [ -1.15184628224804, 41.686271894718878 ], [ -1.148524740303126, 41.689759982075643 ], [ -1.147655652444992, 41.693495239543068 ], [ -1.149092052110131, 41.697877630610279 ], [ -1.154342110045544, 41.704393955695004 ], [ -1.158063101903289, 41.709011496587635 ], [ -1.161498084499051, 41.712350608504494 ], [ -1.163256353964167, 41.71405574585831 ], [ -1.165441633941464, 41.716252228318822 ], [ -1.167854317902173, 41.720604925924469 ], [ -1.164181320495574, 41.724131904227541 ], [ -1.161457998172941, 41.726537132631748 ], [ -1.15912644528142, 41.726508785402281 ], [ -1.154523985625317, 41.727759786184023 ], [ -1.150876516734056, 41.728828861758736 ], [ -1.148661909880588, 41.729609975228549 ], [ -1.146747147602778, 41.731112511030211 ], [ -1.143919955748855, 41.733118056137684 ], [ -1.139418384556511, 41.734945582794651 ], [ -1.135935293619828, 41.736888625649613 ], [ -1.130273674928864, 41.74013794546854 ], [ -1.131078169959777, 41.741006648565772 ], [ -1.132178821231655, 41.742447651417258 ], [ -1.132402431105757, 41.743248352725715 ], [ -1.130650396102469, 41.744777984786978 ], [ -1.128293226098137, 41.74581582314778 ], [ -1.127853138576264, 41.746475190640027 ], [ -1.126564802155864, 41.746758099592412 ], [ -1.125387785002087, 41.747299542353794 ], [ -1.12511202508937, 41.748096675761118 ] ] ] ] } },
{ "type": "Feature", "properties": { "codatzbs": "20906", "n_zbs": "CANTAVIEJA", "ccaa_cd": "ES24", "area": "Alcañiz" }, "geometry": { "type": "MultiPolygon", "coordinates": [ [ [ [ -0.295824289999521, 40.564633234137894 ], [ -0.295691649629259, 40.560594841198075 ], [ -0.29213812960288, 40.556755429679399 ], [ -0.293639466711815, 40.554079429083082 ], [ -0.289919669189499, 40.553199502927363 ], [ -0.292186787880269, 40.546758446784139 ], [ -0.289745079337216, 40.544061990197534 ], [ -0.297114479499917, 40.531399217063651 ], [ -0.30149548717833, 40.516071978293894 ], [ -0.297325780654095, 40.505877123072032 ], [ -0.287767392988515, 40.509679329439841 ], [ -0.281003058242432, 40.505647048017018 ], [ -0.274179578238289, 40.496685935739251 ], [ -0.279213680785326, 40.488319670568039 ], [ -0.279370763834436, 40.483558507717895 ], [ -0.273756476511795, 40.481786738200128 ], [ -0.27106605144576, 40.478606631595866 ], [ -0.272440904361463, 40.473784097803964 ], [ -0.276586831412439, 40.47597168384786 ], [ -0.278884141166623, 40.472828208781408 ], [ -0.281611599262836, 40.473928260598328 ], [ -0.285407610543273, 40.470171329601627 ], [ -0.287011940445579, 40.472505909579468 ], [ -0.29504119145795, 40.470523421135873 ], [ -0.293051351846318, 40.466036124230428 ], [ -0.308780220358996, 40.465836225622539 ], [ -0.319696245193217, 40.460919709134771 ], [ -0.332242784758834, 40.459156501529726 ], [ -0.338063996244392, 40.455084233246133 ], [ -0.338515190479556, 40.449032616200405 ], [ -0.342486249659736, 40.446700959894798 ], [ -0.342300497452037, 40.443634110232544 ], [ -0.346988421179082, 40.44404815084026 ], [ -0.378382502568108, 40.451385446418314 ], [ -0.400680262460895, 40.463599172056917 ], [ -0.430710436048917, 40.468747799348264 ], [ -0.4500278754848, 40.475958673564875 ], [ -0.491914888394829, 40.436638324887959 ], [ -0.504289480388182, 40.429087533640583 ], [ -0.52299241908159, 40.427904689868235 ], [ -0.525804647333792, 40.425469755168294 ], [ -0.538312168689062, 40.42639443138421 ], [ -0.544214915597694, 40.42387174279137 ], [ -0.562304325650697, 40.434721912537775 ], [ -0.565883505388734, 40.446282334617251 ], [ -0.572943752726722, 40.453880339100003 ], [ -0.584007154812287, 40.461048183603147 ], [ -0.588784389190554, 40.47024591293534 ], [ -0.610696490477888, 40.50689454539004 ], [ -0.612948449086557, 40.530568429673856 ], [ -0.610916356360586, 40.542903039592012 ], [ -0.629863792912901, 40.576144638706104 ], [ -0.638900209331089, 40.586913850258391 ], [ -0.651228169138289, 40.596236117462702 ], [ -0.646164280629886, 40.609545394330745 ], [ -0.646982830264149, 40.61248961176053 ], [ -0.643680391348118, 40.611611542068417 ], [ -0.641581311256222, 40.619540456096701 ], [ -0.635219255476183, 40.623959131641918 ], [ -0.636897212493305, 40.627668588525033 ], [ -0.635549743055825, 40.632685325572531 ], [ -0.627249670920123, 40.638360926339956 ], [ -0.628969155298765, 40.648241563289702 ], [ -0.62253916472737, 40.656801649436645 ], [ -0.62026658409708, 40.66350146949366 ], [ -0.623655060161855, 40.669011935441695 ], [ -0.618912619280289, 40.67462489701434 ], [ -0.620478094925627, 40.676846031291632 ], [ -0.612024153104617, 40.679346633394253 ], [ -0.605224191087749, 40.686195582155463 ], [ -0.608348353366404, 40.691809062287795 ], [ -0.607828884909137, 40.697067705698274 ], [ -0.613485562945116, 40.70370622789045 ], [ -0.60771620722302, 40.708811122771223 ], [ -0.601501912352031, 40.72594946280941 ], [ -0.578796179625626, 40.714107798473911 ], [ -0.548253120742451, 40.712859204826422 ], [ -0.561572979483864, 40.689433884474006 ], [ -0.554358111101874, 40.690956505309266 ], [ -0.532393366861155, 40.690678055834624 ], [ -0.512672845301955, 40.69560502197119 ], [ -0.505675631673649, 40.702029390303622 ], [ -0.477146696991001, 40.712199878603109 ], [ -0.469729441994623, 40.703012086105197 ], [ -0.478565813388289, 40.697494852118162 ], [ -0.47196506713391, 40.686775718911271 ], [ -0.468110625511684, 40.684196120315953 ], [ -0.459928031567899, 40.693086755237644 ], [ -0.447665348176442, 40.695329124502805 ], [ -0.445151538164084, 40.698552217012811 ], [ -0.440554454226328, 40.700233777418724 ], [ -0.43305864021864, 40.699724941761268 ], [ -0.430079847846111, 40.697785120163921 ], [ -0.427846188520611, 40.701086020877675 ], [ -0.406662049682793, 40.694351700677394 ], [ -0.403787985914453, 40.681208474498405 ], [ -0.401360823648696, 40.677902128261046 ], [ -0.38063647408843, 40.67085824189725 ], [ -0.381149154970108, 40.661691389335417 ], [ -0.37904419612484, 40.657148951445855 ], [ -0.370431650263236, 40.650882042456452 ], [ -0.372355914069941, 40.647656246721695 ], [ -0.371276032491718, 40.642029054334415 ], [ -0.376046637321964, 40.63646297580933 ], [ -0.379179309648417, 40.624995728313628 ], [ -0.377215247628031, 40.618997274461805 ], [ -0.370117874466139, 40.613701528507313 ], [ -0.359889113694402, 40.615620778094964 ], [ -0.343641913579968, 40.611311760236532 ], [ -0.342929216349195, 40.606629504372393 ], [ -0.334475742149593, 40.607605575428394 ], [ -0.321720364845351, 40.602950729157627 ], [ -0.311691365546687, 40.611391664035231 ], [ -0.2987661070437, 40.613026414307036 ], [ -0.292920370517455, 40.611151033488987 ], [ -0.291945662051659, 40.60485009691611 ], [ -0.294650766370392, 40.600193675413678 ], [ -0.292968708756341, 40.596488286738108 ], [ -0.295047148913184, 40.595348019970913 ], [ -0.293138522664318, 40.591988626875349 ], [ -0.293942664222238, 40.584063016260096 ], [ -0.299502105904934, 40.577437731253724 ], [ -0.298781066849347, 40.573340552795379 ], [ -0.294584174580614, 40.570494958464593 ], [ -0.295083863646543, 40.566300280176613 ], [ -0.295824289999521, 40.564633234137894 ] ] ] ] } },
{ "type": "Feature", "properties": { "codatzbs": "20414", "n_zbs": "PARQUE GOYA", "ccaa_cd": "ES24", "area": "Zaragoza III-Clinico" }, "geometry": { "type": "MultiPolygon", "coordinates": [ [ [ [ -0.959403583681741, 41.931465453549876 ], [ -0.957202181183649, 41.931079898749154 ], [ -0.95615235573033, 41.931160686318641 ], [ -0.94995874460349, 41.921507755641628 ], [ -0.949112965223374, 41.915539646772757 ], [ -0.948408808964497, 41.91399600118158 ], [ -0.947450137384351, 41.912681982189596 ], [ -0.946371026643301, 41.911365781410538 ], [ -0.946502426548736, 41.910841304357369 ], [ -0.944782333425493, 41.909774764275589 ], [ -0.944408029405067, 41.90810191269297 ], [ -0.944005853280677, 41.906734810948485 ], [ -0.944037070901803, 41.905762717065215 ], [ -0.944022188136938, 41.904348497972393 ], [ -0.942492513354364, 41.901866898648336 ], [ -0.940979453619746, 41.90055641865218 ], [ -0.939804794258109, 41.899035770434978 ], [ -0.93791670562738, 41.896835871426809 ], [ -0.935972094637924, 41.894337722340829 ], [ -0.936926410080276, 41.892963456225907 ], [ -0.936967483074398, 41.891874437643175 ], [ -0.936248363043879, 41.890438562905629 ], [ -0.935585509516372, 41.888193096954325 ], [ -0.934691300024637, 41.884898792577239 ], [ -0.933971426436595, 41.882368602618968 ], [ -0.933605930423547, 41.881555973850922 ], [ -0.932775675664654, 41.880208095134535 ], [ -0.930248308804272, 41.87805057978332 ], [ -0.928374977617296, 41.876913520751948 ], [ -0.926668571748749, 41.874716703261583 ], [ -0.923609930130695, 41.871860459108518 ], [ -0.922180411076114, 41.870609724598239 ], [ -0.920281476104648, 41.870273653129352 ], [ -0.919584787521886, 41.869648584559506 ], [ -0.917523631672776, 41.868365098141091 ], [ -0.915884521410372, 41.866717453707402 ], [ -0.913279355125864, 41.865873069183593 ], [ -0.912127817288207, 41.864235521489917 ], [ -0.910943012874776, 41.86288101391245 ], [ -0.910292490432031, 41.86177044182142 ], [ -0.907452651763656, 41.860002994902075 ], [ -0.904605704787378, 41.857168105469803 ], [ -0.899926336977324, 41.853092826881053 ], [ -0.895716721833687, 41.849588864108718 ], [ -0.893467732423262, 41.847647276796167 ], [ -0.884556332788529, 41.843242907519716 ], [ -0.894647933865575, 41.84508418324986 ], [ -0.899626460890781, 41.84275275018981 ], [ -0.907920264890295, 41.841602900691342 ], [ -0.9091900705185, 41.838671987030821 ], [ -0.911776963572604, 41.834542849521647 ], [ -0.912253845994399, 41.832603586960843 ], [ -0.913223725852493, 41.83187343156218 ], [ -0.915514884680699, 41.829339595621903 ], [ -0.916587752164368, 41.827634388633165 ], [ -0.916882565680578, 41.825599806365965 ], [ -0.922396183071097, 41.822258741196222 ], [ -0.922811543122766, 41.819682136372492 ], [ -0.923555327899432, 41.817903337540777 ], [ -0.930460137287733, 41.808184228226565 ], [ -0.933445268575411, 41.802577614364672 ], [ -0.935701192762541, 41.799757742520107 ], [ -0.935840833698552, 41.796010126828079 ], [ -0.935255146900744, 41.791388367730981 ], [ -0.935085063854664, 41.789003110816701 ], [ -0.928056415087356, 41.78862767485127 ], [ -0.91856043660639, 41.788474945188796 ], [ -0.914836533669681, 41.78729334498729 ], [ -0.912594610986211, 41.785715318489729 ], [ -0.908578282834721, 41.78500110405276 ], [ -0.899549321209456, 41.781323206448285 ], [ -0.897362850851722, 41.780457943099378 ], [ -0.893590002131458, 41.779856193217164 ], [ -0.88729101982344, 41.781527061224395 ], [ -0.883977292063839, 41.783042117788725 ], [ -0.876958257813225, 41.784640612504106 ], [ -0.873335161785157, 41.776186952912894 ], [ -0.871320420795802, 41.770694602167872 ], [ -0.869221023881743, 41.767153859973618 ], [ -0.868045812703427, 41.76257035289288 ], [ -0.867084606958687, 41.760312746427061 ], [ -0.860583355305647, 41.750190007894119 ], [ -0.859572951503209, 41.741507130450231 ], [ -0.859149220696629, 41.740337063264668 ], [ -0.854969506252067, 41.737591959063494 ], [ -0.848076128209095, 41.733823290372442 ], [ -0.84615458859323, 41.732898975719145 ], [ -0.82676193395048, 41.726998491246896 ], [ -0.826745830112855, 41.727022373986671 ], [ -0.825424443980207, 41.728982076811526 ], [ -0.821830306386645, 41.729381182603156 ], [ -0.821927634972172, 41.728364189563074 ], [ -0.821945813759662, 41.728174226679251 ], [ -0.82333968663549, 41.726795106217558 ], [ -0.824868012585173, 41.725491545227563 ], [ -0.825452395553138, 41.724442014817825 ], [ -0.826855438481725, 41.723104935677689 ], [ -0.830162667463065, 41.721585385156182 ], [ -0.830898723194764, 41.71971824224336 ], [ -0.829745720186793, 41.717066541850137 ], [ -0.829969945212847, 41.715692913566762 ], [ -0.830054374292784, 41.714196361791238 ], [ -0.829858579526408, 41.71271387028559 ], [ -0.830157197864896, 41.711980689563831 ], [ -0.830714912046264, 41.711446357253649 ], [ -0.830492445643098, 41.709472444881754 ], [ -0.828200168313044, 41.705489685175493 ], [ -0.827502280305261, 41.702982692885435 ], [ -0.828188826396076, 41.701539244541401 ], [ -0.830999762341747, 41.698328511240859 ], [ -0.831537061661424, 41.697305993535984 ], [ -0.833499163000971, 41.696498884075581 ], [ -0.834365223431858, 41.695649416807456 ], [ -0.835177702415513, 41.695534869962316 ], [ -0.836865040458405, 41.693445478639148 ], [ -0.838534705132048, 41.69274097383223 ], [ -0.840490789529385, 41.692106795154587 ], [ -0.842416271116692, 41.690660312901336 ], [ -0.843257551368099, 41.689680433553626 ], [ -0.843419210230772, 41.689163986956252 ], [ -0.843541923856531, 41.688084062313578 ], [ -0.843363115014184, 41.686522241344271 ], [ -0.844003833261309, 41.68549529900092 ], [ -0.845225276817898, 41.684371061125034 ], [ -0.845435227865653, 41.683271095834129 ], [ -0.845169124749945, 41.680863463619708 ], [ -0.844428335323229, 41.679702361088289 ], [ -0.843481993709881, 41.678645648874877 ], [ -0.84364222042994, 41.677306610031792 ], [ -0.843886189016447, 41.677203268789839 ], [ -0.846337197454186, 41.677640489660973 ], [ -0.853632075451657, 41.67873087949696 ], [ -0.856959566898585, 41.679143573490258 ], [ -0.862488793061283, 41.67932798620788 ], [ -0.862606281511722, 41.679331901429563 ], [ -0.863022587740093, 41.679677896471162 ], [ -0.863390112641418, 41.679568220759705 ], [ -0.871053497619583, 41.679440493881799 ], [ -0.871064407727996, 41.679623634914478 ], [ -0.877886050828194, 41.679672040917957 ], [ -0.88150535232468, 41.679641197442812 ], [ -0.889863733902072, 41.679710991062947 ], [ -0.889952100733548, 41.679711726113908 ], [ -0.894901579153073, 41.679934895498789 ], [ -0.900054806457763, 41.680578573448798 ], [ -0.900493438355334, 41.680633351122069 ], [ -0.900063687906714, 41.681829941049067 ], [ -0.900667700426355, 41.684734152452819 ], [ -0.901697511373657, 41.686059967331182 ], [ -0.903462344658949, 41.687448967233884 ], [ -0.904903315008499, 41.688139187446438 ], [ -0.908570596489262, 41.689057630017729 ], [ -0.913195777797487, 41.691321276717467 ], [ -0.915877784148806, 41.692943239178412 ], [ -0.921150081782177, 41.694265687720652 ], [ -0.922459703640883, 41.694260510463025 ], [ -0.925716538960158, 41.693171622504536 ], [ -0.928632422816989, 41.691664472782549 ], [ -0.930516075817044, 41.689988873578173 ], [ -0.931799225760759, 41.688335408522306 ], [ -0.932826194073564, 41.6876348537985 ], [ -0.93650037460374, 41.686913450474556 ], [ -0.93841573786186, 41.687335132431762 ], [ -0.941650975165387, 41.689589130279188 ], [ -0.943811394662069, 41.690956188042406 ], [ -0.944930112846045, 41.692602807151268 ], [ -0.944673322915288, 41.695257570217656 ], [ -0.944125657305874, 41.696228923319701 ], [ -0.941830243653066, 41.696910680579769 ], [ -0.939481618371065, 41.697100945177638 ], [ -0.938052297655706, 41.697449722520432 ], [ -0.936414448970374, 41.697891009886426 ], [ -0.936262925533409, 41.698643915463485 ], [ -0.936600405821687, 41.699940924938225 ], [ -0.938662983267601, 41.702237125808381 ], [ -0.941851626168531, 41.704311408521825 ], [ -0.941912800461196, 41.705871380437785 ], [ -0.94448481461941, 41.70892814233315 ], [ -0.942795857709559, 41.709463696181807 ], [ -0.944430735257144, 41.71062451843634 ], [ -0.944687921834721, 41.711861649241634 ], [ -0.945277439059893, 41.713670588506282 ], [ -0.94568584070839, 41.714395192486066 ], [ -0.946313252668226, 41.716709906558243 ], [ -0.944625518412976, 41.71635641080541 ], [ -0.944822474818206, 41.716945940730405 ], [ -0.944684394259836, 41.717893137038565 ], [ -0.944125340778221, 41.718509523060554 ], [ -0.94388654028171, 41.719232627530758 ], [ -0.943635578459787, 41.719490832040449 ], [ -0.945519374176357, 41.72068755281439 ], [ -0.946329270487686, 41.721286898368184 ], [ -0.948107609868836, 41.722187557340476 ], [ -0.949765337223469, 41.722641486559475 ], [ -0.950541951977631, 41.722817023958044 ], [ -0.95055538123476, 41.724090239399857 ], [ -0.952460743816529, 41.726063857947977 ], [ -0.953466534646045, 41.726422475288743 ], [ -0.953813138031815, 41.727046030394241 ], [ -0.954176163045294, 41.728106251117687 ], [ -0.954142508964737, 41.728921860355307 ], [ -0.954000144978127, 41.729485616419367 ], [ -0.954213849785743, 41.730137864128849 ], [ -0.955383979255913, 41.731532189378882 ], [ -0.95642833139318, 41.732721647336028 ], [ -0.956872658882786, 41.734445250631119 ], [ -0.957077979929395, 41.736880634073195 ], [ -0.95736582450007, 41.738610481923018 ], [ -0.956306704963993, 41.743567677598435 ], [ -0.954824707521775, 41.745360558397017 ], [ -0.954387163476606, 41.746073299660466 ], [ -0.954458918492476, 41.747222892557375 ], [ -0.954332031159182, 41.748567085518914 ], [ -0.954463083867345, 41.749172854022873 ], [ -0.955090594479846, 41.749864012549473 ], [ -0.955973632487515, 41.750082380741773 ], [ -0.956886922995197, 41.750864184043834 ], [ -0.958208278122003, 41.753949871624627 ], [ -0.958890392215254, 41.754625270409861 ], [ -0.96014160047848, 41.755186554365991 ], [ -0.960807010672537, 41.755824348711982 ], [ -0.962240465237982, 41.756327164328162 ], [ -0.96324975285543, 41.756741353419237 ], [ -0.965593335988805, 41.756981069122247 ], [ -0.967854952678114, 41.757051363326738 ], [ -0.970080568268638, 41.758883673286817 ], [ -0.971629306803775, 41.759907939168038 ], [ -0.973393180393642, 41.760123523327579 ], [ -0.974415652193089, 41.760902453256982 ], [ -0.974928698142421, 41.762214206841826 ], [ -0.975674222390388, 41.762008304419147 ], [ -0.976178053199144, 41.761164104047801 ], [ -0.977557589379952, 41.760381447178538 ], [ -0.978970788352879, 41.760487053139713 ], [ -0.980095577332572, 41.759480825873318 ], [ -0.97887609964086, 41.759090458893141 ], [ -0.978304159983025, 41.75818118857142 ], [ -0.979103078247482, 41.757745675386936 ], [ -0.97963037175074, 41.757132435826826 ], [ -0.979667254114918, 41.755957210670729 ], [ -0.978777656854608, 41.754869410278303 ], [ -0.978990544562436, 41.753973960146517 ], [ -0.980158656703899, 41.753544938633162 ], [ -0.98193232896348, 41.753933491031333 ], [ -0.982918638361437, 41.75340902014927 ], [ -0.982962315788191, 41.752014834842107 ], [ -0.982145701399376, 41.751055193375102 ], [ -0.979850554362882, 41.750115625826929 ], [ -0.979901309978193, 41.748625826633038 ], [ -0.980523990106364, 41.747787268761073 ], [ -0.981792739440153, 41.746599103170169 ], [ -0.981738531828878, 41.745871890638824 ], [ -0.979723426790461, 41.743865102897317 ], [ -0.980493937507505, 41.742976583036494 ], [ -0.980564549783021, 41.742565686835711 ], [ -0.984719388996493, 41.742604135466287 ], [ -0.987538123453592, 41.740582985313097 ], [ -0.989490114014563, 41.739183209137508 ], [ -0.991958998655625, 41.738596737270598 ], [ -0.994593227084692, 41.740388181393854 ], [ -0.997431584883801, 41.744206077546608 ], [ -0.99747126930273, 41.744259454399369 ], [ -0.999709228015961, 41.745444463573982 ], [ -1.002260360273104, 41.747674530195056 ], [ -1.004495802626352, 41.749123010082293 ], [ -1.004908375876495, 41.749200585203006 ], [ -1.005640960848514, 41.749623093754501 ], [ -1.005333801439941, 41.749959127957226 ], [ -1.005121333577622, 41.750183819407816 ], [ -1.004440668820041, 41.75090363087434 ], [ -1.005704135629319, 41.751763385105185 ], [ -1.006702228729904, 41.752442534538304 ], [ -1.009457538664369, 41.753381987342799 ], [ -1.014368982113611, 41.754610871293409 ], [ -1.017595377342547, 41.757053331424231 ], [ -1.019399055600515, 41.759417109674473 ], [ -1.022420512884786, 41.760518468666149 ], [ -1.024836804119721, 41.762136169121 ], [ -1.027778462176878, 41.763100905201711 ], [ -1.030123100030359, 41.76352845610581 ], [ -1.033836672398742, 41.765415885131432 ], [ -1.036989419928682, 41.76755486406725 ], [ -1.041356579257609, 41.768930875784186 ], [ -1.043755480048084, 41.770948696641433 ], [ -1.053272719002008, 41.777284383245281 ], [ -1.053709395729078, 41.778746277879335 ], [ -1.056889953667725, 41.781799356978091 ], [ -1.059934398630541, 41.783390906690478 ], [ -1.064034302443862, 41.788725172022417 ], [ -1.065795729930926, 41.790956148111157 ], [ -1.074214706626597, 41.793943709525685 ], [ -1.078362728535255, 41.794886852055612 ], [ -1.084320796749946, 41.797292068438331 ], [ -1.085080054222427, 41.796449141736382 ], [ -1.085707390595441, 41.797612423095366 ], [ -1.08756499172395, 41.798282838881633 ], [ -1.091485489264546, 41.799786635800217 ], [ -1.094178405798324, 41.800122050640027 ], [ -1.104605758073347, 41.800808051512512 ], [ -1.108052608398889, 41.799838143168472 ], [ -1.109264918247724, 41.800362498204322 ], [ -1.110505271513598, 41.800752173970409 ], [ -1.116310433766627, 41.800953935102363 ], [ -1.11894813431927, 41.800980912684807 ], [ -1.121590400610174, 41.801591568869213 ], [ -1.122944759342865, 41.804261612071052 ], [ -1.119605456160468, 41.809554161306224 ], [ -1.118012356947101, 41.812399686469533 ], [ -1.114134489480771, 41.817583251089609 ], [ -1.108201068882804, 41.825067537385245 ], [ -1.109014883338324, 41.836834216701149 ], [ -1.108995397348992, 41.843277937727763 ], [ -1.103609595741833, 41.845758021790402 ], [ -1.103278928388445, 41.851068636864319 ], [ -1.096800623837076, 41.853192675556919 ], [ -1.09604594065456, 41.855515068451204 ], [ -1.090754149647053, 41.85974412087586 ], [ -1.087067042661355, 41.863817452143067 ], [ -1.08077829711866, 41.867714314914593 ], [ -1.08062507468617, 41.869843906360465 ], [ -1.078407515977156, 41.87126581976208 ], [ -1.076800674581083, 41.87522417221907 ], [ -1.076944719591824, 41.881670557331411 ], [ -1.079543870407242, 41.886273057078618 ], [ -1.078379345615728, 41.887080335578325 ], [ -1.074926136913314, 41.889692817258251 ], [ -1.068811427223328, 41.893615803117179 ], [ -1.065355267094255, 41.895701071951052 ], [ -1.058480850112224, 41.898399377726363 ], [ -1.049156453586315, 41.898993210638729 ], [ -1.04387344469274, 41.900470329515755 ], [ -1.033874181379862, 41.902024069966885 ], [ -1.02743622394765, 41.903012322788285 ], [ -1.025571770547673, 41.905222782712706 ], [ -1.022075354227312, 41.910885964164713 ], [ -1.020181173804668, 41.914433211297869 ], [ -1.017168422340877, 41.915735375330044 ], [ -1.012978066028925, 41.917105077760105 ], [ -1.011296483801415, 41.918057593126335 ], [ -1.010844575208586, 41.918824315006511 ], [ -1.009526713527746, 41.919517412733107 ], [ -1.004240664756338, 41.919074320121631 ], [ -1.002347779334954, 41.920995695442706 ], [ -0.997713706668447, 41.921874062214513 ], [ -0.992623155625172, 41.924806626510737 ], [ -0.984968277344983, 41.925856683908854 ], [ -0.978744852899482, 41.92816922107383 ], [ -0.977807853079216, 41.928234369993021 ], [ -0.97728916476614, 41.927284097211505 ], [ -0.976428549083172, 41.925895465526153 ], [ -0.976239384044658, 41.924442175090995 ], [ -0.974625450367971, 41.923422976565618 ], [ -0.973401711833792, 41.924365030406825 ], [ -0.971131959104046, 41.924635600638069 ], [ -0.969391077862049, 41.924771437164729 ], [ -0.966230712124546, 41.924602857789409 ], [ -0.965028460240561, 41.925054339088533 ], [ -0.964895844309906, 41.926569524043529 ], [ -0.963999298430921, 41.929094437177554 ], [ -0.96097154383841, 41.930656555084973 ], [ -0.959403583681741, 41.931465453549876 ] ] ] ] } },
{ "type": "Feature", "properties": { "codatzbs": "20815", "n_zbs": "VILLEL", "ccaa_cd": "ES24", "area": "Teruel" }, "geometry": { "type": "MultiPolygon", "coordinates": [ [ [ [ -1.17443772751506, 40.297828890189265 ], [ -1.173478866843966, 40.296713868700891 ], [ -1.172007312781557, 40.295438392366648 ], [ -1.171286505991598, 40.295562089761482 ], [ -1.170119345050001, 40.295210370061966 ], [ -1.169418905872144, 40.294136261903787 ], [ -1.168948418974854, 40.293696412500594 ], [ -1.167899936079699, 40.292878046238165 ], [ -1.166217237818232, 40.292022603941589 ], [ -1.164946447811339, 40.291556856800092 ], [ -1.163468158842599, 40.291015035313904 ], [ -1.162492259864434, 40.290872825467339 ], [ -1.161316237004439, 40.290980897968936 ], [ -1.159717681418215, 40.290905834086466 ], [ -1.1576840874961, 40.290739433491858 ], [ -1.156260510697295, 40.290440925977734 ], [ -1.154709903511846, 40.289822028469949 ], [ -1.153933046094626, 40.289511947187478 ], [ -1.152178484798625, 40.28930469457238 ], [ -1.149843608759849, 40.289028850554111 ], [ -1.148628808145029, 40.288332160445336 ], [ -1.146845535052395, 40.287517844684054 ], [ -1.145764259102544, 40.287047394462327 ], [ -1.143779960990179, 40.286106368910126 ], [ -1.142269334762157, 40.285405788843008 ], [ -1.141026830805592, 40.28483697446373 ], [ -1.138972907932548, 40.283813040125764 ], [ -1.137868214713583, 40.283344832366147 ], [ -1.137276241180378, 40.284344229877966 ], [ -1.136867248297315, 40.284882020535349 ], [ -1.136470803080515, 40.285403303629302 ], [ -1.135410161354354, 40.284015488514484 ], [ -1.134471085819801, 40.282769246377853 ], [ -1.13380327459809, 40.28188296786827 ], [ -1.132889566744657, 40.28046290266893 ], [ -1.132700441429763, 40.279990149097998 ], [ -1.132059069761742, 40.278403996867148 ], [ -1.131644539335467, 40.277406894883406 ], [ -1.131413147372292, 40.276053260926822 ], [ -1.130797245371577, 40.274438407679014 ], [ -1.130493576273586, 40.273505638272965 ], [ -1.130120291412712, 40.271688896399553 ], [ -1.130047545107654, 40.270912935597117 ], [ -1.129470060061834, 40.269340760196208 ], [ -1.128501393346435, 40.267275532338608 ], [ -1.127569449150847, 40.265674970574814 ], [ -1.126372439638951, 40.263880891017962 ], [ -1.125697788971049, 40.262761862306512 ], [ -1.124561703617525, 40.261320121102763 ], [ -1.122712169162393, 40.259740648508817 ], [ -1.120943340156374, 40.257915891357342 ], [ -1.119199620486639, 40.256224294922134 ], [ -1.118018835830063, 40.254286359497002 ], [ -1.115550543421273, 40.255101856411891 ], [ -1.112040727274864, 40.256161700426759 ], [ -1.109586681283062, 40.256875206151889 ], [ -1.107962938039005, 40.257347266019018 ], [ -1.106026576275324, 40.258063241683011 ], [ -1.105606868622086, 40.257939306537594 ], [ -1.104511312841342, 40.257122883645657 ], [ -1.103550781449641, 40.256407058428721 ], [ -1.102978209255209, 40.255635066447226 ], [ -1.10085348025472, 40.254010683599802 ], [ -1.099317785344362, 40.25280649452381 ], [ -1.097983836508995, 40.251760451677924 ], [ -1.097439303570041, 40.251472185728829 ], [ -1.096793152738303, 40.251305718932457 ], [ -1.095198112527167, 40.250894771277551 ], [ -1.093487314175558, 40.250654566020607 ], [ -1.092327646066849, 40.250451237093422 ], [ -1.091407500046544, 40.250228749524616 ], [ -1.08871830754549, 40.250121250897486 ], [ -1.087713089800569, 40.24990650554011 ], [ -1.0865687471681, 40.249532477881985 ], [ -1.085696395353344, 40.249296598354796 ], [ -1.084991287053447, 40.249284871908614 ], [ -1.083570194193189, 40.249648718839268 ], [ -1.081863584088924, 40.248895767830057 ], [ -1.080776096937824, 40.248389069189301 ], [ -1.079347323491917, 40.247723326666218 ], [ -1.078324074726479, 40.247246520616933 ], [ -1.07607403892022, 40.246386502011319 ], [ -1.074565318533437, 40.245809795614086 ], [ -1.073449047196108, 40.245420722919377 ], [ -1.072144596061688, 40.245017654815307 ], [ -1.07050758802327, 40.244497414487512 ], [ -1.06910658877887, 40.24405215264013 ], [ -1.06742668366494, 40.24351821934674 ], [ -1.065708147887619, 40.242748092367648 ], [ -1.064323533432082, 40.241833116837384 ], [ -1.062661980366521, 40.240836271650686 ], [ -1.061064316935796, 40.239877707718364 ], [ -1.059950072180745, 40.239232598000463 ], [ -1.058570075555314, 40.238537097240332 ], [ -1.057270736077699, 40.237750903945859 ], [ -1.056024284441437, 40.23702427381572 ], [ -1.054850727162581, 40.236340111540365 ], [ -1.053478364380993, 40.235498303117005 ], [ -1.052271626830138, 40.234541049333217 ], [ -1.051743429381764, 40.234514109128241 ], [ -1.05067139065836, 40.234189782085664 ], [ -1.049454588279001, 40.233583739191829 ], [ -1.048909354948925, 40.233244411626089 ], [ -1.048271167533651, 40.232847227068433 ], [ -1.047476948867969, 40.231903300392204 ], [ -1.046622611519182, 40.231103579442347 ], [ -1.045636945798835, 40.23052547510936 ], [ -1.044302851818356, 40.229742984959351 ], [ -1.043162133172652, 40.22918441594291 ], [ -1.042542494195763, 40.228710426524032 ], [ -1.041483993395856, 40.227917772507212 ], [ -1.040603946232708, 40.227461426380543 ], [ -1.039891806567492, 40.227296232855565 ], [ -1.03952647006431, 40.227404027462022 ], [ -1.038448655588259, 40.227396418412049 ], [ -1.037701370327998, 40.227448288541154 ], [ -1.036857867810752, 40.227352911435744 ], [ -1.035600663215378, 40.227340547292933 ], [ -1.034076164755635, 40.227629908200818 ], [ -1.032506090739504, 40.227853507785909 ], [ -1.030966815615095, 40.228261697221313 ], [ -1.028497243395867, 40.228858859361971 ], [ -1.023858873074252, 40.22993265221978 ], [ -1.019686385813245, 40.23099691131884 ], [ -1.0184654369012, 40.231352282464158 ], [ -1.01607126411891, 40.232049084182762 ], [ -1.010595143014646, 40.227243520578099 ], [ -1.007841161793585, 40.215340873163036 ], [ -1.003959208213232, 40.211877719207749 ], [ -1.013075005450125, 40.19345893277184 ], [ -1.012555857814148, 40.189513255168634 ], [ -1.016140615776288, 40.185412829494382 ], [ -1.020557514126202, 40.18458760440943 ], [ -1.017536958349794, 40.181022539467911 ], [ -1.019731243739999, 40.177862070739813 ], [ -1.014158023794013, 40.169622733683738 ], [ -1.010947027675875, 40.151298120309612 ], [ -0.995906262277776, 40.147372193835416 ], [ -0.994209514951061, 40.139208039621913 ], [ -0.995846419855445, 40.134632918919685 ], [ -1.005144536157556, 40.129334304141672 ], [ -1.018130569438564, 40.109738209500946 ], [ -1.024392977013631, 40.104566124554026 ], [ -1.02491013380161, 40.097232800989303 ], [ -1.033753220945742, 40.08792416144945 ], [ -1.034644262308128, 40.083452940771338 ], [ -1.033015132526404, 40.081785659306554 ], [ -1.072042487217666, 40.075667420332657 ], [ -1.082318802948452, 40.071360678474981 ], [ -1.105574336263936, 40.088616955030439 ], [ -1.111496168540658, 40.092911748443477 ], [ -1.117488513907506, 40.09297329514731 ], [ -1.122396010790041, 40.095800735629737 ], [ -1.133082549641879, 40.097513992897248 ], [ -1.135280591368134, 40.104224942222849 ], [ -1.143606139892308, 40.10869198566116 ], [ -1.147229911717772, 40.114371559544622 ], [ -1.149434931107693, 40.114839249016391 ], [ -1.165213448194564, 40.114964178890702 ], [ -1.191090451021592, 40.110830917223119 ], [ -1.200938956283259, 40.111110459605001 ], [ -1.208100664804057, 40.110491855401762 ], [ -1.221315684220614, 40.115758566217679 ], [ -1.235947770374324, 40.113495933743252 ], [ -1.244606756252534, 40.116249129242583 ], [ -1.250250882125628, 40.124028213500267 ], [ -1.245497091466786, 40.128172382658938 ], [ -1.248483968622361, 40.13571299864941 ], [ -1.243932997296771, 40.146076355519497 ], [ -1.245371772011263, 40.147188201700679 ], [ -1.252054528874075, 40.143406550239717 ], [ -1.276180668102847, 40.162326501178441 ], [ -1.276322796776145, 40.16738263611191 ], [ -1.283978583182936, 40.171604398564504 ], [ -1.286641138551095, 40.182004064887693 ], [ -1.296378937841562, 40.199336582059082 ], [ -1.292720146952496, 40.207030286916094 ], [ -1.296743983521762, 40.2096300872714 ], [ -1.300406118323793, 40.206494739132268 ], [ -1.314630100708849, 40.201477717634695 ], [ -1.322626857568619, 40.184963525183036 ], [ -1.322200950429637, 40.171741327791125 ], [ -1.316925858865868, 40.164223393430483 ], [ -1.319117700894675, 40.156291379934714 ], [ -1.316226300745395, 40.149763010236335 ], [ -1.319359075151074, 40.146502215730671 ], [ -1.335698219526968, 40.142260838231259 ], [ -1.356736667710869, 40.128993942930165 ], [ -1.363519968129578, 40.131945821478602 ], [ -1.363298733766946, 40.13871740722815 ], [ -1.376476069931025, 40.140389483352486 ], [ -1.393201914670346, 40.134469682988318 ], [ -1.41137395741606, 40.14090963546888 ], [ -1.422032179518351, 40.142451774887363 ], [ -1.431493982440929, 40.13937316709665 ], [ -1.448493655364058, 40.145449059288602 ], [ -1.44200342597519, 40.157704237035226 ], [ -1.442155678793485, 40.165426945665452 ], [ -1.440943345635432, 40.177039825788398 ], [ -1.439868528152954, 40.187331589278457 ], [ -1.438845830304199, 40.197120923365027 ], [ -1.433646442975329, 40.201492068601503 ], [ -1.424964085993371, 40.201995813955001 ], [ -1.414552654046388, 40.205601405662172 ], [ -1.406408458230804, 40.205669689549637 ], [ -1.397520243911134, 40.207898248729563 ], [ -1.390031688566703, 40.212028524262436 ], [ -1.379241395576199, 40.212157213773267 ], [ -1.37030277611045, 40.211022623370354 ], [ -1.362521215388807, 40.2174802442877 ], [ -1.360779048909984, 40.225887845150972 ], [ -1.356644800758342, 40.227225650110313 ], [ -1.353001290385628, 40.229651219848691 ], [ -1.347191352628241, 40.230280109119697 ], [ -1.343361691903827, 40.227783911593477 ], [ -1.33645503662518, 40.227603761112178 ], [ -1.330835818663615, 40.238180241096273 ], [ -1.323586674699542, 40.242309605263053 ], [ -1.314004856194241, 40.236656956891785 ], [ -1.298095822454309, 40.237306906006317 ], [ -1.284914942729654, 40.249553347662726 ], [ -1.283397047131999, 40.254719891440757 ], [ -1.278401155667085, 40.259771657524922 ], [ -1.267094529556898, 40.260476605428472 ], [ -1.259917945968914, 40.25878340409681 ], [ -1.243109758333287, 40.26079054155511 ], [ -1.24142289486596, 40.265989966676841 ], [ -1.233389820039454, 40.271452891799157 ], [ -1.245433022268065, 40.280095404062244 ], [ -1.232077379415481, 40.284810765275317 ], [ -1.213529763818113, 40.289165194481328 ], [ -1.199628050814941, 40.295246645389447 ], [ -1.1970728598398, 40.295827114871848 ], [ -1.194617264229278, 40.296406152586393 ], [ -1.192838843406989, 40.296918874363001 ], [ -1.190567128901443, 40.297396861716109 ], [ -1.188482718092805, 40.297913731790203 ], [ -1.187516040028262, 40.297988663255893 ], [ -1.186635329483909, 40.297920815042851 ], [ -1.185289768705272, 40.298521309995031 ], [ -1.18376814622427, 40.299542426251008 ], [ -1.182496621185625, 40.300517610640362 ], [ -1.181339181360511, 40.301495178231548 ], [ -1.180491980006241, 40.302054962989054 ], [ -1.178822293004248, 40.301919283378986 ], [ -1.177557325045885, 40.301678847654607 ], [ -1.176611236449361, 40.300468611122291 ], [ -1.175646441012843, 40.299234394501532 ], [ -1.17443772751506, 40.297828890189265 ] ] ] ] } },
{ "type": "Feature", "properties": { "codatzbs": "20202", "n_zbs": "AINSA", "ccaa_cd": "ES24", "area": "Barbastro" }, "geometry": { "type": "MultiPolygon", "coordinates": [ [ [ [ 0.379569579988345, 42.349462260832688 ], [ 0.374608780611067, 42.349995750914978 ], [ 0.368793904341965, 42.348176955293908 ], [ 0.35748766296601, 42.340341671906366 ], [ 0.336086425660679, 42.335249046549464 ], [ 0.326739046114273, 42.321635683130587 ], [ 0.324938759929972, 42.314646249660662 ], [ 0.321337108647162, 42.313526074552435 ], [ 0.308702632478438, 42.31053570497123 ], [ 0.301626471228108, 42.313422032320609 ], [ 0.294545203046848, 42.316226774440651 ], [ 0.280111681876137, 42.320867423510073 ], [ 0.26331978666067, 42.326908788206048 ], [ 0.26021782216235, 42.319487220039271 ], [ 0.244773811406528, 42.303248811472031 ], [ 0.237235620470145, 42.299130743737386 ], [ 0.235332972675001, 42.296086833321766 ], [ 0.232063103703216, 42.295710887612827 ], [ 0.223035875511422, 42.285906781562254 ], [ 0.218907474894949, 42.285806780195408 ], [ 0.214487848207769, 42.27354918243104 ], [ 0.199078354153136, 42.276766669571003 ], [ 0.175325252605841, 42.27435426049027 ], [ 0.168933599162795, 42.275016402635401 ], [ 0.161243485225866, 42.280991896322739 ], [ 0.154388319498772, 42.267070209501895 ], [ 0.154004695352415, 42.260110930493639 ], [ 0.147913799314634, 42.25805421546481 ], [ 0.144172274605245, 42.251799395942044 ], [ 0.144218036782684, 42.248331216695384 ], [ 0.148262256112303, 42.244843368266359 ], [ 0.147256945056645, 42.242664768227435 ], [ 0.139591373540682, 42.237165899073432 ], [ 0.12535467384554, 42.23499765011163 ], [ 0.095887694732963, 42.247693172579737 ], [ 0.096946814328355, 42.241076033061795 ], [ 0.093544773462144, 42.231612221961065 ], [ 0.088058264913193, 42.21839504669078 ], [ 0.088385671468586, 42.213433379266313 ], [ 0.085336251059947, 42.212254798304272 ], [ 0.0837297427724, 42.208119734302777 ], [ 0.070137143653273, 42.206323452422431 ], [ 0.06216271740954, 42.214245102189913 ], [ 0.057502215551142, 42.216071508351433 ], [ 0.043293319149998, 42.218863121343944 ], [ 0.041093079715538, 42.216940364910307 ], [ 0.035625715782328, 42.216860235808021 ], [ 0.033805962164341, 42.214783205378673 ], [ 0.02538044037416, 42.215411174836198 ], [ 0.024351131543891, 42.218464067833921 ], [ 0.021838030461827, 42.218350204840945 ], [ 0.0185895614928, 42.222380052762325 ], [ 0.010501958263286, 42.222493757079455 ], [ 0.010440272210695, 42.223999192508032 ], [ 0.007306206279832, 42.223316110040088 ], [ 0.003067035918996, 42.229217543933586 ], [ -0.00506404148263, 42.233041357411793 ], [ -0.009050307160668, 42.23997128933221 ], [ -0.007307275959479, 42.247102907931612 ], [ 0.004298566009129, 42.251076574560578 ], [ 0.009819060256542, 42.255010981932351 ], [ 0.005323885493033, 42.261684663620251 ], [ -0.020959457904721, 42.262695191463301 ], [ -0.023260247204081, 42.265069267054514 ], [ -0.038015126254847, 42.264542104105786 ], [ -0.03662651859585, 42.273214143232401 ], [ -0.029639212022215, 42.279732984995334 ], [ -0.033783284690219, 42.282640882380711 ], [ -0.040195230419712, 42.284004389344751 ], [ -0.042137110435096, 42.287080250377457 ], [ -0.040212316661942, 42.305121706468164 ], [ -0.03553571349329, 42.311709537616878 ], [ -0.036561389235644, 42.315446108402575 ], [ -0.050273106501823, 42.329955852492724 ], [ -0.059100952951526, 42.330633050133976 ], [ -0.054636722174425, 42.334750767166646 ], [ -0.057677829832852, 42.348390490417408 ], [ -0.051734328101601, 42.35010170187482 ], [ -0.047891158742519, 42.354135992147135 ], [ -0.055100743882966, 42.354960957073708 ], [ -0.06237466146883, 42.360397549494124 ], [ -0.075760386510484, 42.353220839110257 ], [ -0.08325413896746, 42.346334020189865 ], [ -0.078797885495362, 42.339808853312036 ], [ -0.098274471969775, 42.341762603480262 ], [ -0.125127095244281, 42.356352433403963 ], [ -0.12645495497671, 42.358916190386743 ], [ -0.113148010580582, 42.365533457097975 ], [ -0.113889924857105, 42.369217260563914 ], [ -0.12970294633723, 42.372108891362423 ], [ -0.124303400918879, 42.37466596945 ], [ -0.113536266950338, 42.375079597830435 ], [ -0.114338271390826, 42.376396531718498 ], [ -0.109181381214538, 42.377878440177241 ], [ -0.100683020523167, 42.384399293291047 ], [ -0.097332986816572, 42.389087117189661 ], [ -0.106275264698175, 42.3906370994764 ], [ -0.104433527768142, 42.398983207806531 ], [ -0.10215805008569, 42.400906806055687 ], [ -0.097053761829057, 42.400147159967993 ], [ -0.092258738302313, 42.401898550713632 ], [ -0.088657267620049, 42.404895863826106 ], [ -0.078222239916227, 42.405890776901444 ], [ -0.070568124831514, 42.413178391585426 ], [ -0.065507566000649, 42.422143871143149 ], [ -0.071807330841779, 42.427536980575049 ], [ -0.085621049782908, 42.428726779153912 ], [ -0.086006437646515, 42.444896861288044 ], [ -0.076831439326405, 42.459175271844487 ], [ -0.053250230934975, 42.468099210814721 ], [ -0.045657663972406, 42.473767076747642 ], [ -0.033500927466859, 42.479609511276429 ], [ -0.024454430769389, 42.482453104966766 ], [ -0.001905918103308, 42.481864966202778 ], [ 0.019348538772228, 42.48321216547766 ], [ 0.021990261937405, 42.485864972580643 ], [ 0.024421972176756, 42.493905045074314 ], [ 0.031028861941228, 42.498935122498146 ], [ 0.02344039015662, 42.500297397425449 ], [ 0.017008827812282, 42.504212985312549 ], [ 0.01553347319671, 42.512248075654284 ], [ 0.009874579610432, 42.514801296258732 ], [ 0.004722056072869, 42.521573137391641 ], [ -0.005995493158456, 42.521466678089119 ], [ -0.009064356564027, 42.526031247063933 ], [ -0.003913397674155, 42.532929298200649 ], [ -0.009860312910033, 42.539703260520582 ], [ -0.017383943244412, 42.541781475253472 ], [ -0.026410741419664, 42.548373599325707 ], [ -0.026511938245192, 42.551113745167115 ], [ -0.011004228088839, 42.569015243388037 ], [ 0.009081854510187, 42.582093278412685 ], [ 0.032299640514914, 42.589060111406127 ], [ 0.054557454577753, 42.611597807715896 ], [ 0.059298415402142, 42.631974740634959 ], [ 0.065689970078323, 42.636224976560726 ], [ 0.075910588461192, 42.638715141489591 ], [ 0.077847853772984, 42.653754703428497 ], [ 0.089243881332668, 42.648630217562655 ], [ 0.090729748574003, 42.645627575022651 ], [ 0.102451973270026, 42.641717609096588 ], [ 0.1175212333721, 42.639651358558879 ], [ 0.12267101355595, 42.634837568598506 ], [ 0.116497031509535, 42.634285454430731 ], [ 0.115869227490483, 42.626108447433197 ], [ 0.109835860089619, 42.623219981067408 ], [ 0.117512413274831, 42.61701406495704 ], [ 0.115536630435721, 42.61040448230964 ], [ 0.129503571983399, 42.598659741733542 ], [ 0.132883554960754, 42.598008929267522 ], [ 0.133456472829044, 42.594607582426079 ], [ 0.138504155840502, 42.594892509305495 ], [ 0.14165230260383, 42.592302841908769 ], [ 0.146216711021309, 42.582749702262987 ], [ 0.153043284543626, 42.580814969352829 ], [ 0.1521997510679, 42.578177347300837 ], [ 0.153486597466219, 42.577299964868729 ], [ 0.150253824922666, 42.574120347461871 ], [ 0.152392129038272, 42.571949882784395 ], [ 0.155650180773453, 42.571810506760343 ], [ 0.158281415608012, 42.567343781407104 ], [ 0.156435405602257, 42.564801361619558 ], [ 0.156712467745066, 42.564573063836008 ], [ 0.158383365774593, 42.560677480196198 ], [ 0.164107117429961, 42.557764027042516 ], [ 0.16611580552231, 42.554133667890639 ], [ 0.162261434403249, 42.547513781247353 ], [ 0.163237431576768, 42.547518326299759 ], [ 0.164675490787949, 42.547523594549638 ], [ 0.166465879418945, 42.547528101545794 ], [ 0.17141178338688, 42.548566321242127 ], [ 0.173179773975454, 42.54572592713717 ], [ 0.178853971485573, 42.545370350873043 ], [ 0.18005061478021, 42.545058030233108 ], [ 0.185019694091921, 42.542916318085837 ], [ 0.188395798789522, 42.54249814744977 ], [ 0.189334391305885, 42.542517015877074 ], [ 0.192119257194908, 42.542443896268004 ], [ 0.19832375873414, 42.536894987092182 ], [ 0.200449244662984, 42.536745556486096 ], [ 0.203756943295025, 42.534284857581916 ], [ 0.204230195632727, 42.533227022115192 ], [ 0.206901588019752, 42.531526949333923 ], [ 0.207684984806616, 42.531104288515976 ], [ 0.210589965813773, 42.528992280478299 ], [ 0.212651606381363, 42.52761976873731 ], [ 0.213531216988855, 42.52723487967053 ], [ 0.213995328706406, 42.526996781702039 ], [ 0.222270612115923, 42.52353603469048 ], [ 0.228975212917511, 42.52371623597687 ], [ 0.234032292646402, 42.523771635854779 ], [ 0.237326417868171, 42.512413739724245 ], [ 0.247856643995225, 42.510094002837803 ], [ 0.248005949980309, 42.510110923229675 ], [ 0.249191112573296, 42.510245193964842 ], [ 0.26020817056619, 42.516172144395263 ], [ 0.260444293597064, 42.516368071251136 ], [ 0.274957433562288, 42.511442536443354 ], [ 0.283820475373251, 42.511809924119611 ], [ 0.284269588177223, 42.51172951980184 ], [ 0.287441577285209, 42.510756028537166 ], [ 0.293036638694403, 42.507925372996191 ], [ 0.293651545388017, 42.507727539149343 ], [ 0.293709226510475, 42.507784397527793 ], [ 0.295144102389097, 42.507414505902688 ], [ 0.299940923772607, 42.509599486945177 ], [ 0.311579358762517, 42.508340449436965 ], [ 0.311683915758466, 42.508336434306806 ], [ 0.317487103601848, 42.509227396909118 ], [ 0.320133991833881, 42.512095174785308 ], [ 0.320124067545357, 42.499272998658412 ], [ 0.31590552385308, 42.48945428102121 ], [ 0.307115202184355, 42.488186722509695 ], [ 0.303211415589234, 42.480825618546056 ], [ 0.299603391024014, 42.4786065007549 ], [ 0.296843145822917, 42.479091231829543 ], [ 0.296981059038715, 42.476854127642959 ], [ 0.323755298856737, 42.455513470156859 ], [ 0.33223017715561, 42.438086450877861 ], [ 0.315620022446372, 42.42902370587646 ], [ 0.296194070451489, 42.412520711755704 ], [ 0.284261767598521, 42.396943292140072 ], [ 0.282615082591324, 42.39146167321239 ], [ 0.2845556034024, 42.389073843668434 ], [ 0.294865733249687, 42.390875700324436 ], [ 0.29935065269464, 42.389765086187204 ], [ 0.309881034628263, 42.394359749667871 ], [ 0.315582856992352, 42.391214331671179 ], [ 0.325140297950777, 42.390703057131667 ], [ 0.326964854155099, 42.388452926301738 ], [ 0.340170263863044, 42.384133482274095 ], [ 0.361690360487273, 42.384080047294589 ], [ 0.372736128601999, 42.375786168762154 ], [ 0.375205609257574, 42.36770830291011 ], [ 0.371708626645817, 42.364308500651745 ], [ 0.371978962493648, 42.360059406834168 ], [ 0.379569579988345, 42.349462260832688 ] ] ] ] } },
{ "type": "Feature", "properties": { "codatzbs": "20911", "n_zbs": "MUNIESA", "ccaa_cd": "ES24", "area": "Alcañiz" }, "geometry": { "type": "MultiPolygon", "coordinates": [ [ [ [ -0.65576340071321, 40.898007721545056 ], [ -0.653897732521748, 40.88698082421049 ], [ -0.65667775127667, 40.875805172175077 ], [ -0.665353425464107, 40.868009692598271 ], [ -0.679470556052687, 40.872501199248362 ], [ -0.693084188120878, 40.868991282739543 ], [ -0.703709908066841, 40.872590226991079 ], [ -0.704993735598886, 40.869778410750726 ], [ -0.713652977032155, 40.870202710934322 ], [ -0.715517374798571, 40.865672945498638 ], [ -0.723039424983719, 40.870181351343334 ], [ -0.736357526728722, 40.873875376310366 ], [ -0.738265971095635, 40.876723204864795 ], [ -0.742624653099218, 40.878366870511456 ], [ -0.745521653781514, 40.876577055131236 ], [ -0.762744050479785, 40.877885350676664 ], [ -0.782375428255502, 40.891298467503866 ], [ -0.785910970312094, 40.898464278981059 ], [ -0.796704370838811, 40.896950653440705 ], [ -0.801582136938157, 40.899133531638675 ], [ -0.797652749240126, 40.904859302875529 ], [ -0.79904358427653, 40.910173230736156 ], [ -0.792995113563737, 40.917821921382831 ], [ -0.790993204848778, 40.925160662751132 ], [ -0.796031174349219, 40.92794130598751 ], [ -0.805906007800815, 40.946784002637564 ], [ -0.813636685150934, 40.951551757422585 ], [ -0.81652629860951, 40.948949363735665 ], [ -0.837095090673621, 40.957542911254485 ], [ -0.849959828878738, 40.958369091677987 ], [ -0.856663093730965, 40.957205888350536 ], [ -0.862336276961753, 40.952978763476558 ], [ -0.874248796049253, 40.952361406437205 ], [ -0.876891691068114, 40.949969065726037 ], [ -0.884704746332613, 40.949725400327985 ], [ -0.889620986669834, 40.946437791516225 ], [ -0.904301664031218, 40.944264606749904 ], [ -0.910294343001903, 40.951246155240383 ], [ -0.917873081672503, 40.956193319066593 ], [ -0.926762370083041, 40.958407218090315 ], [ -0.929930508687363, 40.964246952091422 ], [ -0.939725613041532, 40.967566074251927 ], [ -0.947048790407413, 40.964021742572434 ], [ -0.956956537863632, 40.962180184801497 ], [ -0.961362760523308, 40.963023782460183 ], [ -0.970889357122626, 40.969335025492569 ], [ -0.979398396883844, 40.9701061009063 ], [ -1.000891862166436, 40.974984681985234 ], [ -1.010005125354478, 40.980204586916365 ], [ -1.009025091421016, 40.981962135380385 ], [ -1.02669170339447, 40.990606969569335 ], [ -1.037308471210473, 40.999786746558279 ], [ -1.05514881877201, 41.005637899442988 ], [ -1.055875342664913, 41.006001471071094 ], [ -1.048311123294622, 41.017745479625482 ], [ -1.04374422033674, 41.018956018227101 ], [ -1.039260324329453, 41.01615955852585 ], [ -1.027422002604865, 41.013552540250849 ], [ -1.020921740746392, 41.019358940251529 ], [ -0.992042684070188, 41.024551977845434 ], [ -0.971555776184879, 41.023580638927825 ], [ -0.965569122172491, 41.032986852307651 ], [ -0.961821984459567, 41.034532975825684 ], [ -0.956818166517358, 41.046316079263192 ], [ -0.959731861375418, 41.056365839169317 ], [ -0.957985799259943, 41.06164923711075 ], [ -0.961003668559395, 41.06411671419383 ], [ -0.958449855324578, 41.067034833546643 ], [ -0.959124141761531, 41.074477853393432 ], [ -0.956896638640344, 41.076456045630401 ], [ -0.944573272915803, 41.075426123905665 ], [ -0.937356339054216, 41.083538833195348 ], [ -0.912184741592335, 41.09311935044294 ], [ -0.914943666499931, 41.105266143443764 ], [ -0.901321690548925, 41.111963235142746 ], [ -0.900123704466017, 41.119282325626109 ], [ -0.890185745168454, 41.125738996124312 ], [ -0.893253707768826, 41.132604576975702 ], [ -0.891132741164234, 41.145256912888556 ], [ -0.889193595357868, 41.147392120091958 ], [ -0.882902108050484, 41.148870826565336 ], [ -0.885718797217642, 41.140942226393321 ], [ -0.883299342325572, 41.130224268141106 ], [ -0.876425643571741, 41.122099328093874 ], [ -0.870828882749364, 41.119473940133659 ], [ -0.870992880236235, 41.11661272419456 ], [ -0.859525194791558, 41.108122498547154 ], [ -0.828170637614563, 41.096528746009689 ], [ -0.811404572836932, 41.100877019590492 ], [ -0.811067898027592, 41.102410894776611 ], [ -0.798639077147231, 41.103398890792128 ], [ -0.788148092771859, 41.108016709514132 ], [ -0.791218924044498, 41.111615459260975 ], [ -0.783073776984782, 41.1183134178182 ], [ -0.782036912202758, 41.126111575019955 ], [ -0.78449063931276, 41.136381967624061 ], [ -0.779142936563742, 41.138098371301908 ], [ -0.780495222692675, 41.147104494607241 ], [ -0.775993736454896, 41.15266509290214 ], [ -0.764633877846695, 41.158723006419919 ], [ -0.76462790830155, 41.164154121050728 ], [ -0.761051845363845, 41.169768092297303 ], [ -0.750349409423166, 41.165542321308735 ], [ -0.746134795159631, 41.161929126257562 ], [ -0.745016598020273, 41.157349692714142 ], [ -0.735635135667906, 41.150842553059 ], [ -0.732846302364491, 41.145320423174866 ], [ -0.727386541539426, 41.144014821334054 ], [ -0.725457744800657, 41.138113165460055 ], [ -0.721941071251144, 41.137827515816447 ], [ -0.722027699960366, 41.133604879052463 ], [ -0.713437429427247, 41.126427103425229 ], [ -0.715174213291309, 41.1247772415797 ], [ -0.711821418152851, 41.121855465001453 ], [ -0.696236256045147, 41.115545964821671 ], [ -0.693606995838101, 41.112403909482417 ], [ -0.690607097959268, 41.107272849617495 ], [ -0.691481973066076, 41.099976606003381 ], [ -0.684936048181405, 41.089045746575266 ], [ -0.683240951187303, 41.083418224623749 ], [ -0.656173143845101, 41.07130545447631 ], [ -0.652800094236625, 41.046683459867339 ], [ -0.658164903366562, 41.044360690215527 ], [ -0.661389756489916, 41.031239750045977 ], [ -0.679260841853471, 41.012803256676051 ], [ -0.701381834238813, 41.010319371414191 ], [ -0.710687069147187, 41.011504430562631 ], [ -0.722359972575664, 41.019905386620593 ], [ -0.743789294002786, 41.029694558103991 ], [ -0.750214685699294, 41.028225999054889 ], [ -0.75007391891142, 41.012802853278508 ], [ -0.744127673014141, 41.002364211745011 ], [ -0.743857851413755, 40.996333130432987 ], [ -0.733027624842165, 40.994246969826079 ], [ -0.729372747988072, 40.990590122935387 ], [ -0.71943741916949, 40.988448369927802 ], [ -0.706899065294359, 40.988379622541899 ], [ -0.69045303852794, 40.981070607951096 ], [ -0.676900143225749, 40.980149584986179 ], [ -0.666080565256386, 40.975877701841732 ], [ -0.66520445498322, 40.973085753654019 ], [ -0.659674744456073, 40.970163263372811 ], [ -0.663536905978006, 40.962756628257999 ], [ -0.660915115463359, 40.956245304816044 ], [ -0.65548031925133, 40.950685508615187 ], [ -0.640572107044999, 40.944643626332521 ], [ -0.632516484351681, 40.938371493142462 ], [ -0.6336857093582, 40.934567398967872 ], [ -0.641894041205592, 40.925854499748731 ], [ -0.642349063103831, 40.92040543740606 ], [ -0.635286462186077, 40.909334902860621 ], [ -0.65576340071321, 40.898007721545056 ] ] ] ] } },
{ "type": "Feature", "properties": { "codatzbs": "20204", "n_zbs": "BARBASTRO", "ccaa_cd": "ES24", "area": "Barbastro" }, "geometry": { "type": "MultiPolygon", "coordinates": [ [ [ [ 0.314168305052295, 42.063713355991766 ], [ 0.322603066063391, 42.047035077035098 ], [ 0.317393043303049, 42.034218738586539 ], [ 0.312656447676063, 42.035814480814828 ], [ 0.304361931516673, 42.037755801143888 ], [ 0.3000901714412, 42.037842823814053 ], [ 0.298294856493922, 42.038164581585512 ], [ 0.292041746604597, 42.038947695011316 ], [ 0.289180675212262, 42.039687134678822 ], [ 0.27904185366912, 42.039383247840505 ], [ 0.275556907203097, 42.038564352109709 ], [ 0.275932130977925, 42.03669860438022 ], [ 0.275777140038984, 42.034154575553032 ], [ 0.274159628642006, 42.033705508934261 ], [ 0.268104782580572, 42.032698557617096 ], [ 0.263194945431319, 42.032820392415815 ], [ 0.261938508235129, 42.032108693985201 ], [ 0.261093536427572, 42.032591985743629 ], [ 0.2587322478047, 42.030822096800655 ], [ 0.260813735423966, 42.028538663379003 ], [ 0.259901059345155, 42.026988684167463 ], [ 0.260400892446152, 42.026371164169511 ], [ 0.25779909528627, 42.025562616990236 ], [ 0.255602693793292, 42.023941029937156 ], [ 0.252760976301111, 42.023634448762849 ], [ 0.249994657831533, 42.022911510204302 ], [ 0.248525368405588, 42.022754983519491 ], [ 0.247186206141969, 42.023018088597787 ], [ 0.244290694556345, 42.0214160767922 ], [ 0.243148585390193, 42.020331708984997 ], [ 0.236750555010218, 42.018477387416475 ], [ 0.230153772602706, 42.013647489540318 ], [ 0.226365231424925, 42.01180007087256 ], [ 0.22424698418087, 42.011220326355122 ], [ 0.221716250716621, 42.010841200658234 ], [ 0.215049389287329, 42.010569057394825 ], [ 0.212840815043704, 42.011549478525872 ], [ 0.210505484211466, 42.012173182009896 ], [ 0.21001136806977, 42.014591353380062 ], [ 0.204179362102923, 42.015321854728086 ], [ 0.202993396563188, 42.015751223997555 ], [ 0.199592616547963, 42.018007325870975 ], [ 0.184984566503082, 42.019782780712596 ], [ 0.17741812083042, 42.019305557372398 ], [ 0.171184931801493, 41.984882917849752 ], [ 0.153654257212374, 41.987464570343519 ], [ 0.146549678543413, 41.984381753881401 ], [ 0.147626448289713, 41.980515940828766 ], [ 0.134633296294337, 41.981853448320997 ], [ 0.127537221787487, 41.979156444237852 ], [ 0.124896224691115, 41.975500287960216 ], [ 0.117178867470934, 41.978348847931343 ], [ 0.112664558598841, 41.982298640113434 ], [ 0.106567291322361, 41.98150941096501 ], [ 0.097066330232914, 41.983450374239048 ], [ 0.091494346568534, 41.990516802738277 ], [ 0.086414552318038, 41.991058865754496 ], [ 0.077775428586965, 41.996144890624656 ], [ 0.078735517613039, 42.001783376782853 ], [ 0.073637610991773, 42.005729392228602 ], [ 0.066862946865298, 42.006207876091672 ], [ 0.053967439320557, 42.013008841977452 ], [ 0.042568601469683, 42.01706708569597 ], [ 0.037697743580035, 42.02027602873958 ], [ 0.043407064183293, 42.023249486729391 ], [ 0.049860702861142, 42.03166903706996 ], [ 0.045760898668878, 42.033840242534346 ], [ 0.031370844352958, 42.03325799273793 ], [ 0.0202575606295, 42.037837691237563 ], [ 0.015868801226743, 42.042608980590281 ], [ -0.013170590700274, 42.032373517708542 ], [ -0.024743455462334, 42.021480729895785 ], [ -0.030922565222815, 42.019758681488668 ], [ -0.042504971812836, 42.034061329125123 ], [ -0.048936835418115, 42.037595061699868 ], [ -0.053503640882941, 42.027131174517301 ], [ -0.066040222609025, 42.031342839732552 ], [ -0.070527925406254, 42.034618439241655 ], [ -0.092624453388197, 42.037999498456223 ], [ -0.096874808722855, 42.059783136879474 ], [ -0.099747044036263, 42.061990105972505 ], [ -0.100691767329437, 42.066453639770074 ], [ -0.104887581746602, 42.070927264875905 ], [ -0.114539880498917, 42.068901213041414 ], [ -0.118644479311741, 42.076749000526604 ], [ -0.113053242911675, 42.078229363900661 ], [ -0.111892564693779, 42.081964330610433 ], [ -0.106483092810748, 42.084484531350519 ], [ -0.1097632145627, 42.086260279508402 ], [ -0.106765351195032, 42.090507262246035 ], [ -0.111154793734072, 42.092355974902112 ], [ -0.10797910008587, 42.09386080807846 ], [ -0.106531742621628, 42.097768638048052 ], [ -0.098827293755806, 42.098078238178687 ], [ -0.094415395378693, 42.094337390931791 ], [ -0.086509680019901, 42.096676302198134 ], [ -0.079140321897337, 42.09074341147825 ], [ -0.075120081354686, 42.095611841545264 ], [ -0.068808949127515, 42.096126111871662 ], [ -0.068455971668667, 42.103519380233223 ], [ -0.065828761988196, 42.106207864965896 ], [ -0.055010988809292, 42.110523165127766 ], [ -0.046933845138038, 42.118816357348074 ], [ -0.035541930455178, 42.124474874622798 ], [ -0.032482931568709, 42.122630704512076 ], [ -0.029209130884602, 42.111154251875504 ], [ -0.003591971873016, 42.115809674192732 ], [ 0.018429782990358, 42.126182334470165 ], [ 0.011000440514708, 42.136607604732156 ], [ 0.018264234810112, 42.138226616971153 ], [ 0.025318926014465, 42.137482355113178 ], [ 0.023382552894164, 42.143062577443963 ], [ 0.02586136737072, 42.146581222083491 ], [ 0.036060629827022, 42.149076191800681 ], [ 0.04250685229487, 42.155812169950053 ], [ 0.052717829490941, 42.155234480835098 ], [ 0.057013689435954, 42.156731942117574 ], [ 0.073162983342916, 42.151320291704735 ], [ 0.076883458256992, 42.144439652311611 ], [ 0.083028395649502, 42.147885581565589 ], [ 0.098023906097495, 42.150660056915008 ], [ 0.100376809670032, 42.166373395236342 ], [ 0.108658371203876, 42.182466277920817 ], [ 0.109304994749198, 42.188491071126585 ], [ 0.102546053508962, 42.190178049957993 ], [ 0.098234276951584, 42.193626607083218 ], [ 0.106816026193666, 42.205893267219636 ], [ 0.10461341733695, 42.211365052804688 ], [ 0.098601853704366, 42.216246332618667 ], [ 0.088058264913193, 42.21839504669078 ], [ 0.093544773462144, 42.231612221961065 ], [ 0.096946814328355, 42.241076033061795 ], [ 0.095887694732963, 42.247693172579737 ], [ 0.12535467384554, 42.23499765011163 ], [ 0.139591373540682, 42.237165899073432 ], [ 0.147256945056645, 42.242664768227435 ], [ 0.148262256112303, 42.244843368266359 ], [ 0.144218036782684, 42.248331216695384 ], [ 0.144172274605245, 42.251799395942044 ], [ 0.147913799314634, 42.25805421546481 ], [ 0.154004695352415, 42.260110930493639 ], [ 0.154388319498772, 42.267070209501895 ], [ 0.161243485225866, 42.280991896322739 ], [ 0.168933599162795, 42.275016402635401 ], [ 0.175325252605841, 42.27435426049027 ], [ 0.199078354153136, 42.276766669571003 ], [ 0.214487848207769, 42.27354918243104 ], [ 0.230156219278742, 42.259610156198242 ], [ 0.225028917748384, 42.247021760486277 ], [ 0.224494803305258, 42.242012003288849 ], [ 0.230763260958149, 42.228066944213381 ], [ 0.228369081113212, 42.222461313708678 ], [ 0.223804652922831, 42.21562007894547 ], [ 0.227865169694909, 42.204258562037133 ], [ 0.224131050671731, 42.196808544555672 ], [ 0.226355729887548, 42.19317097562319 ], [ 0.22581643035918, 42.186144276593183 ], [ 0.22925642332343, 42.18165297043533 ], [ 0.22909300650446, 42.170599477906357 ], [ 0.233993922775767, 42.164869168084891 ], [ 0.23680905745664, 42.15266903394469 ], [ 0.244640432374279, 42.155302223124025 ], [ 0.266353798339597, 42.143114092807274 ], [ 0.265468609259213, 42.13507979628239 ], [ 0.259842565289665, 42.131538931197319 ], [ 0.251096880333853, 42.13108490399955 ], [ 0.239784277943737, 42.122283201543226 ], [ 0.231194899771438, 42.12202138542775 ], [ 0.229249471088988, 42.119680820855656 ], [ 0.231855631537551, 42.110755428775725 ], [ 0.240681941462184, 42.10098796785644 ], [ 0.244998925807064, 42.102414664001863 ], [ 0.249596233402472, 42.099618944845481 ], [ 0.254775198557693, 42.100165439159262 ], [ 0.272058845108386, 42.093441840649035 ], [ 0.274297751513992, 42.094656633169684 ], [ 0.284148171802066, 42.088035351354897 ], [ 0.299102423172018, 42.082437051649251 ], [ 0.299998347034198, 42.081762945488094 ], [ 0.304218552453311, 42.078300485334083 ], [ 0.306857768890476, 42.067913681746361 ], [ 0.314168305052295, 42.063713355991766 ] ] ] ] } },
{ "type": "Feature", "properties": { "codatzbs": "20817", "n_zbs": "TERUEL ENSANCHE", "ccaa_cd": "ES24", "area": "Teruel" }, "geometry": { "type": "MultiPolygon", "coordinates": [ [ [ [ -1.109665516850452, 40.336053174558529 ], [ -1.109388480568307, 40.336315739458215 ], [ -1.109342895441769, 40.336343568365194 ], [ -1.109337970649528, 40.336346877632337 ], [ -1.109216789944054, 40.336234747186907 ], [ -1.108820254192187, 40.336328741688753 ], [ -1.10864284036624, 40.336495068103389 ], [ -1.108512597588039, 40.336704472909872 ], [ -1.10815950410024, 40.337222246147242 ], [ -1.107998821314701, 40.337531631514132 ], [ -1.107899704839004, 40.337686250800886 ], [ -1.106991692649161, 40.337950221142798 ], [ -1.106223630984148, 40.337921451248896 ], [ -1.105496257582747, 40.337699023725087 ], [ -1.104812957453728, 40.337666235429019 ], [ -1.103987086279597, 40.33793877740915 ], [ -1.103273164342435, 40.33799184193866 ], [ -1.102879389993502, 40.337947597768874 ], [ -1.102477502555073, 40.33768946808987 ], [ -1.102321142283895, 40.337228093025203 ], [ -1.102248841062455, 40.336535993917451 ], [ -1.102278365040858, 40.335985907502568 ], [ -1.102404324853582, 40.335518369973983 ], [ -1.102341079108868, 40.335258239798719 ], [ -1.102130383076353, 40.334974098554746 ], [ -1.101949344633694, 40.334890160700844 ], [ -1.101887764656636, 40.334570682297048 ], [ -1.101698525639964, 40.334276096964729 ], [ -1.101484053799472, 40.334126836448569 ], [ -1.101250852855939, 40.333890903902152 ], [ -1.101096354787494, 40.333866775841152 ], [ -1.100917680373009, 40.333950205635631 ], [ -1.100792683167308, 40.33413167638242 ], [ -1.100531764346972, 40.334381085131724 ], [ -1.100355294880672, 40.334637278415691 ], [ -1.100110440790037, 40.334816779277006 ], [ -1.099704640758129, 40.334950452702373 ], [ -1.099392461181251, 40.335015492734392 ], [ -1.098705824513913, 40.334901647346861 ], [ -1.098470206885143, 40.334752033586064 ], [ -1.098199642306463, 40.334591049074398 ], [ -1.097831437233413, 40.334390673498845 ], [ -1.097435640037414, 40.334168251757752 ], [ -1.097282658828703, 40.334090166022413 ], [ -1.096779445384518, 40.333925349770148 ], [ -1.096462718337547, 40.334152239661208 ], [ -1.096083599411227, 40.334340317110382 ], [ -1.095747538136856, 40.3345021136223 ], [ -1.095316566241737, 40.334527402012405 ], [ -1.095291925336777, 40.334651144430865 ], [ -1.095018181716222, 40.334603452948137 ], [ -1.094863532790655, 40.334584711825023 ], [ -1.094673329401342, 40.334576180157022 ], [ -1.094496163730031, 40.334605647289166 ], [ -1.094410802289001, 40.33463122934451 ], [ -1.094278518758391, 40.334569673998487 ], [ -1.094075885504986, 40.334501561222268 ], [ -1.093886897421482, 40.334449866279222 ], [ -1.093850887207507, 40.334476261429941 ], [ -1.093625433436943, 40.334467146945968 ], [ -1.093462823712957, 40.334480659214641 ], [ -1.093175372477368, 40.334572889426362 ], [ -1.093168120701055, 40.334565148077964 ], [ -1.092871313832779, 40.334584315702941 ], [ -1.093299118304515, 40.333455863928748 ], [ -1.093213261120153, 40.331789970420232 ], [ -1.093302926333027, 40.329345797806866 ], [ -1.092792557896019, 40.328448034577377 ], [ -1.093188795970828, 40.326046361370857 ], [ -1.094543969302207, 40.324968105334676 ], [ -1.093601745759527, 40.323632286312716 ], [ -1.090425969401112, 40.324316311500439 ], [ -1.084847448916327, 40.325686750384641 ], [ -1.080397575601092, 40.325614076237287 ], [ -1.07448352037697, 40.325517224242468 ], [ -1.071526681243614, 40.325468687898343 ], [ -1.069347370690146, 40.325432865404444 ], [ -1.064747314082645, 40.325357118969293 ], [ -1.058998270112097, 40.325262194551186 ], [ -1.056986153417814, 40.325345791960878 ], [ -1.054965345876873, 40.325429715284614 ], [ -1.052856051554838, 40.325526675413435 ], [ -1.04954642612449, 40.325693205349282 ], [ -1.048171654033059, 40.326175344862285 ], [ -1.046888252216367, 40.326256731487376 ], [ -1.044038184672009, 40.326491062342839 ], [ -1.041690407109229, 40.326571996558791 ], [ -1.039240713336121, 40.326082597123126 ], [ -1.037858982368086, 40.325903575126041 ], [ -1.035916488171933, 40.32595171149066 ], [ -1.034136128430903, 40.325928370198042 ], [ -1.031692747360807, 40.325087106324865 ], [ -1.026067952126924, 40.324649649462927 ], [ -1.020409797054796, 40.324452107817166 ], [ -1.014376590882577, 40.324241166353453 ], [ -1.009328620697604, 40.324064429865921 ], [ -1.003330839962717, 40.323854151502303 ], [ -0.998512849264081, 40.311741752829818 ], [ -0.995155569508357, 40.313716051780631 ], [ -0.989846166807936, 40.315407502403275 ], [ -0.983606906492846, 40.320003568688044 ], [ -0.977828704525317, 40.323719864906906 ], [ -0.969487141941965, 40.326297583512343 ], [ -0.955116719555654, 40.333402441571167 ], [ -0.954524007172342, 40.341722390670931 ], [ -0.958364887461862, 40.346191584144727 ], [ -0.95565807925115, 40.351538108594269 ], [ -0.952445662962262, 40.35064503250883 ], [ -0.944641541404216, 40.356819850944298 ], [ -0.932887020157988, 40.360375712646565 ], [ -0.924659955642822, 40.359849966329982 ], [ -0.920071784692623, 40.360795458688507 ], [ -0.911311351862537, 40.365283487361985 ], [ -0.910387192614236, 40.377330671146531 ], [ -0.878266013253576, 40.376205081396833 ], [ -0.846939176735483, 40.347204978456823 ], [ -0.8429170399034, 40.345589551610345 ], [ -0.844260632941574, 40.32003120211818 ], [ -0.834361743674219, 40.292452092109876 ], [ -0.835200753221432, 40.275748388697899 ], [ -0.837247196016506, 40.271687917108615 ], [ -0.84322519349327, 40.267133284995538 ], [ -0.855471013968868, 40.265892561349681 ], [ -0.851102557254732, 40.258271508731177 ], [ -0.8520633158363, 40.254289651001685 ], [ -0.849629059600663, 40.247992638467302 ], [ -0.843778575765332, 40.240082554405433 ], [ -0.840812627990466, 40.239829000090033 ], [ -0.839547053578045, 40.234895823314254 ], [ -0.842993200282556, 40.230383908366868 ], [ -0.839945463212005, 40.223102266437543 ], [ -0.832965094331734, 40.219404417368146 ], [ -0.833180073416941, 40.216714945554564 ], [ -0.828877046933463, 40.216048761982577 ], [ -0.827461682724709, 40.21179722188203 ], [ -0.822354183186652, 40.208377157875347 ], [ -0.824388783852447, 40.193254240016159 ], [ -0.88304944773329, 40.181658425798446 ], [ -0.91562119912682, 40.163530000581119 ], [ -0.951534851760041, 40.12657834980201 ], [ -0.955328735487823, 40.117852987035143 ], [ -0.946782842567846, 40.083640029946366 ], [ -0.939824641712855, 40.076363569801913 ], [ -0.953094489101577, 40.063608294797241 ], [ -0.962228944907403, 40.058463250909874 ], [ -0.966829519833787, 40.058697316479268 ], [ -0.96861058283974, 40.064647269262309 ], [ -0.983407514229168, 40.067824743604177 ], [ -1.000811866429044, 40.061685211133451 ], [ -1.01345007691787, 40.062920652387341 ], [ -1.022536088628013, 40.069427393050596 ], [ -1.033015132526404, 40.081785659306554 ], [ -1.034644262308128, 40.083452940771338 ], [ -1.033753220945742, 40.08792416144945 ], [ -1.02491013380161, 40.097232800989303 ], [ -1.024392977013631, 40.104566124554026 ], [ -1.018130569438564, 40.109738209500946 ], [ -1.005144536157556, 40.129334304141672 ], [ -0.995846419855445, 40.134632918919685 ], [ -0.994209514951061, 40.139208039621913 ], [ -0.995906262277776, 40.147372193835416 ], [ -1.010947027675875, 40.151298120309612 ], [ -1.014158023794013, 40.169622733683738 ], [ -1.019731243739999, 40.177862070739813 ], [ -1.017536958349794, 40.181022539467911 ], [ -1.020557514126202, 40.18458760440943 ], [ -1.016140615776288, 40.185412829494382 ], [ -1.012555857814148, 40.189513255168634 ], [ -1.013075005450125, 40.19345893277184 ], [ -1.003959208213232, 40.211877719207749 ], [ -1.007841161793585, 40.215340873163036 ], [ -1.010595143014646, 40.227243520578099 ], [ -1.01607126411891, 40.232049084182762 ], [ -1.0184654369012, 40.231352282464158 ], [ -1.019686385813245, 40.23099691131884 ], [ -1.023858873074252, 40.22993265221978 ], [ -1.028497243395867, 40.228858859361971 ], [ -1.030966815615095, 40.228261697221313 ], [ -1.032506090739504, 40.227853507785909 ], [ -1.034076164755635, 40.227629908200818 ], [ -1.035600663215378, 40.227340547292933 ], [ -1.036857867810752, 40.227352911435744 ], [ -1.037701370327998, 40.227448288541154 ], [ -1.038448655588259, 40.227396418412049 ], [ -1.03952647006431, 40.227404027462022 ], [ -1.039891806567492, 40.227296232855565 ], [ -1.040603946232708, 40.227461426380543 ], [ -1.041483993395856, 40.227917772507212 ], [ -1.042542494195763, 40.228710426524032 ], [ -1.043162133172652, 40.22918441594291 ], [ -1.044302851818356, 40.229742984959351 ], [ -1.045636945798835, 40.23052547510936 ], [ -1.046622611519182, 40.231103579442347 ], [ -1.047476948867969, 40.231903300392204 ], [ -1.048271167533651, 40.232847227068433 ], [ -1.048909354948925, 40.233244411626089 ], [ -1.049454588279001, 40.233583739191829 ], [ -1.05067139065836, 40.234189782085664 ], [ -1.051743429381764, 40.234514109128241 ], [ -1.052271626830138, 40.234541049333217 ], [ -1.053478364380993, 40.235498303117005 ], [ -1.054850727162581, 40.236340111540365 ], [ -1.056024284441437, 40.23702427381572 ], [ -1.057270736077699, 40.237750903945859 ], [ -1.058570075555314, 40.238537097240332 ], [ -1.059950072180745, 40.239232598000463 ], [ -1.061064316935796, 40.239877707718364 ], [ -1.062661980366521, 40.240836271650686 ], [ -1.064323533432082, 40.241833116837384 ], [ -1.065708147887619, 40.242748092367648 ], [ -1.06742668366494, 40.24351821934674 ], [ -1.06910658877887, 40.24405215264013 ], [ -1.07050758802327, 40.244497414487512 ], [ -1.072144596061688, 40.245017654815307 ], [ -1.073449047196108, 40.245420722919377 ], [ -1.074565318533437, 40.245809795614086 ], [ -1.07607403892022, 40.246386502011319 ], [ -1.078324074726479, 40.247246520616933 ], [ -1.079347323491917, 40.247723326666218 ], [ -1.080776096937824, 40.248389069189301 ], [ -1.081863584088924, 40.248895767830057 ], [ -1.083570194193189, 40.249648718839268 ], [ -1.084991287053447, 40.249284871908614 ], [ -1.085696395353344, 40.249296598354796 ], [ -1.0865687471681, 40.249532477881985 ], [ -1.087713089800569, 40.24990650554011 ], [ -1.08871830754549, 40.250121250897486 ], [ -1.091407500046544, 40.250228749524616 ], [ -1.092327646066849, 40.250451237093422 ], [ -1.093487314175558, 40.250654566020607 ], [ -1.095198112527167, 40.250894771277551 ], [ -1.096793152738303, 40.251305718932457 ], [ -1.097439303570041, 40.251472185728829 ], [ -1.097983836508995, 40.251760451677924 ], [ -1.099317785344362, 40.25280649452381 ], [ -1.10085348025472, 40.254010683599802 ], [ -1.102978209255209, 40.255635066447226 ], [ -1.103550781449641, 40.256407058428721 ], [ -1.104511312841342, 40.257122883645657 ], [ -1.105606868622086, 40.257939306537594 ], [ -1.106026576275324, 40.258063241683011 ], [ -1.107962938039005, 40.257347266019018 ], [ -1.109586681283062, 40.256875206151889 ], [ -1.112040727274864, 40.256161700426759 ], [ -1.115550543421273, 40.255101856411891 ], [ -1.118018835830063, 40.254286359497002 ], [ -1.119199620486639, 40.256224294922134 ], [ -1.120943340156374, 40.257915891357342 ], [ -1.122712169162393, 40.259740648508817 ], [ -1.124561703617525, 40.261320121102763 ], [ -1.125697788971049, 40.262761862306512 ], [ -1.126372439638951, 40.263880891017962 ], [ -1.127569449150847, 40.265674970574814 ], [ -1.128501393346435, 40.267275532338608 ], [ -1.129470060061834, 40.269340760196208 ], [ -1.130047545107654, 40.270912935597117 ], [ -1.130120291412712, 40.271688896399553 ], [ -1.130493576273586, 40.273505638272965 ], [ -1.130797245371577, 40.274438407679014 ], [ -1.131413147372292, 40.276053260926822 ], [ -1.131644539335467, 40.277406894883406 ], [ -1.132059069761742, 40.278403996867148 ], [ -1.132700441429763, 40.279990149097998 ], [ -1.132889566744657, 40.28046290266893 ], [ -1.13380327459809, 40.28188296786827 ], [ -1.134471085819801, 40.282769246377853 ], [ -1.135410161354354, 40.284015488514484 ], [ -1.136470803080515, 40.285403303629302 ], [ -1.136867248297315, 40.284882020535349 ], [ -1.137276241180378, 40.284344229877966 ], [ -1.137868214713583, 40.283344832366147 ], [ -1.138972907932548, 40.283813040125764 ], [ -1.141026830805592, 40.28483697446373 ], [ -1.142269334762157, 40.285405788843008 ], [ -1.143779960990179, 40.286106368910126 ], [ -1.145764259102544, 40.287047394462327 ], [ -1.146845535052395, 40.287517844684054 ], [ -1.148628808145029, 40.288332160445336 ], [ -1.149843608759849, 40.289028850554111 ], [ -1.152178484798625, 40.28930469457238 ], [ -1.153933046094626, 40.289511947187478 ], [ -1.154709903511846, 40.289822028469949 ], [ -1.156260510697295, 40.290440925977734 ], [ -1.1576840874961, 40.290739433491858 ], [ -1.159717681418215, 40.290905834086466 ], [ -1.161316237004439, 40.290980897968936 ], [ -1.162492259864434, 40.290872825467339 ], [ -1.163468158842599, 40.291015035313904 ], [ -1.164946447811339, 40.291556856800092 ], [ -1.166217237818232, 40.292022603941589 ], [ -1.167899936079699, 40.292878046238165 ], [ -1.168948418974854, 40.293696412500594 ], [ -1.169418905872144, 40.294136261903787 ], [ -1.170119345050001, 40.295210370061966 ], [ -1.171286505991598, 40.295562089761482 ], [ -1.172007312781557, 40.295438392366648 ], [ -1.173478866843966, 40.296713868700891 ], [ -1.17443772751506, 40.297828890189265 ], [ -1.175646441012843, 40.299234394501532 ], [ -1.176611236449361, 40.300468611122291 ], [ -1.177557325045885, 40.301678847654607 ], [ -1.178822293004248, 40.301919283378986 ], [ -1.180491980006241, 40.302054962989054 ], [ -1.181339181360511, 40.301495178231548 ], [ -1.182496621185625, 40.300517610640362 ], [ -1.18376814622427, 40.299542426251008 ], [ -1.185289768705272, 40.298521309995031 ], [ -1.186635329483909, 40.297920815042851 ], [ -1.187516040028262, 40.297988663255893 ], [ -1.188482718092805, 40.297913731790203 ], [ -1.190567128901443, 40.297396861716109 ], [ -1.192838843406989, 40.296918874363001 ], [ -1.194617264229278, 40.296406152586393 ], [ -1.1970728598398, 40.295827114871848 ], [ -1.199628050814941, 40.295246645389447 ], [ -1.199197639365751, 40.301521355062178 ], [ -1.206639054629703, 40.326212621535269 ], [ -1.176250432749241, 40.335551790440107 ], [ -1.146203684144598, 40.341031911087761 ], [ -1.12678137568921, 40.336393204416964 ], [ -1.126379622806654, 40.335931939749152 ], [ -1.125087015462652, 40.33649494526243 ], [ -1.124517052144102, 40.336831310060333 ], [ -1.12393613737476, 40.337000649074376 ], [ -1.123542679771621, 40.337149191779439 ], [ -1.122899401071594, 40.336197268875189 ], [ -1.122052015990408, 40.336831124349679 ], [ -1.119637879801777, 40.33657674942814 ], [ -1.118050341140107, 40.336371479070905 ], [ -1.11575423006657, 40.335987321124726 ], [ -1.115753709064604, 40.3359734174241 ], [ -1.116084403983343, 40.335505401961953 ], [ -1.116737243866615, 40.334876301509581 ], [ -1.117251755589518, 40.334411276137786 ], [ -1.117777279430015, 40.333549791912716 ], [ -1.118091947454677, 40.333055920081385 ], [ -1.118749718218206, 40.332247762126691 ], [ -1.119286234116389, 40.331591164666129 ], [ -1.119528334770732, 40.330699472401726 ], [ -1.118889754544545, 40.330215681802748 ], [ -1.118326209120315, 40.330040181736877 ], [ -1.117672715851051, 40.330093519551369 ], [ -1.116651949188366, 40.328925375248957 ], [ -1.115870129061947, 40.328183340878766 ], [ -1.115213465257269, 40.32775041428453 ], [ -1.11467128791123, 40.327408913566863 ], [ -1.114491394010635, 40.327265238673576 ], [ -1.114225815026596, 40.327196934476348 ], [ -1.114040225367992, 40.327257881355365 ], [ -1.113751141776787, 40.328033643479152 ], [ -1.113553082899968, 40.328542200890347 ], [ -1.11352853634446, 40.328823283978394 ], [ -1.113124247372089, 40.329533191247251 ], [ -1.111761903118047, 40.332824780415713 ], [ -1.11149482850532, 40.333408974890943 ], [ -1.111364295134247, 40.333893041328153 ], [ -1.111285678250167, 40.33431398210886 ], [ -1.111209200547648, 40.334658189596929 ], [ -1.110910473459585, 40.335177891999955 ], [ -1.110531750182301, 40.335568339536373 ], [ -1.109971331655298, 40.335879047951337 ], [ -1.109665516850452, 40.336053174558529 ] ] ] ] } },
{ "type": "Feature", "properties": { "codatzbs": "20806", "n_zbs": "CEDRILLAS", "ccaa_cd": "ES24", "area": "Teruel" }, "geometry": { "type": "MultiPolygon", "coordinates": [ [ [ [ -0.719917862700325, 40.598405885474669 ], [ -0.715121072944558, 40.596293271425928 ], [ -0.70761123156156, 40.597504560635699 ], [ -0.693633307267873, 40.595730819099785 ], [ -0.687197282328127, 40.598007179278497 ], [ -0.673449902012999, 40.58516520595051 ], [ -0.661533984350885, 40.562288034130603 ], [ -0.661660072659961, 40.556291381819378 ], [ -0.657451762679744, 40.558097688531973 ], [ -0.646845482487572, 40.552045024694834 ], [ -0.638634819324645, 40.55784958711709 ], [ -0.636378380063575, 40.561226382140205 ], [ -0.636773209829095, 40.566116557760779 ], [ -0.62948694473763, 40.571092622606372 ], [ -0.629863792912879, 40.576144638706118 ], [ -0.610916356360586, 40.542903039592019 ], [ -0.612948449086535, 40.530568429673856 ], [ -0.610696490477877, 40.506894545390054 ], [ -0.588784389190554, 40.47024591293534 ], [ -0.603461175499454, 40.460183363864424 ], [ -0.619153230512256, 40.454634639011353 ], [ -0.616299054653726, 40.442973688910577 ], [ -0.610344353917856, 40.438337762359772 ], [ -0.610016620173497, 40.432944296767516 ], [ -0.613031982767653, 40.427682977609884 ], [ -0.629578946257131, 40.42104247326531 ], [ -0.63843538049193, 40.428313033990051 ], [ -0.645159123368719, 40.430873341861705 ], [ -0.649322929483784, 40.440947929072372 ], [ -0.66239421046863, 40.448194271449943 ], [ -0.669501049180563, 40.456471944727362 ], [ -0.677226300436162, 40.457465262400483 ], [ -0.68615188763959, 40.463004062733908 ], [ -0.697208297902351, 40.463179943433275 ], [ -0.708423800954832, 40.467699757611051 ], [ -0.725170848818339, 40.470877201160427 ], [ -0.746559600473477, 40.467576133858159 ], [ -0.768142953306631, 40.461185011837642 ], [ -0.769042928154279, 40.453590653979525 ], [ -0.760775186777442, 40.445467643767799 ], [ -0.754632493527056, 40.433773162325153 ], [ -0.741802082957115, 40.422281082833756 ], [ -0.741379802301434, 40.419047985473313 ], [ -0.736600845230095, 40.414999955680322 ], [ -0.757988364178951, 40.414371968048428 ], [ -0.762741026645502, 40.412500359437232 ], [ -0.769651760648113, 40.407003875525824 ], [ -0.770273551053871, 40.402088472718688 ], [ -0.78235498407775, 40.381872563582846 ], [ -0.781227490904035, 40.375311015445014 ], [ -0.782838035137654, 40.372531416354128 ], [ -0.77864960247377, 40.371676281827753 ], [ -0.775120533040986, 40.367608717991402 ], [ -0.77063999460092, 40.365982048299607 ], [ -0.770718996246692, 40.360011229701897 ], [ -0.768587689154232, 40.358222527743422 ], [ -0.778743312039305, 40.352328586720063 ], [ -0.813024683517426, 40.342307497431811 ], [ -0.8429170399034, 40.345589551610345 ], [ -0.846939176735483, 40.347204978456823 ], [ -0.878266013253576, 40.376205081396833 ], [ -0.910387192614236, 40.377330671146531 ], [ -0.910957276579514, 40.380610930264943 ], [ -0.902643385446205, 40.385847282041702 ], [ -0.901239743136636, 40.391974424752206 ], [ -0.895364271855876, 40.398668839673007 ], [ -0.903045003827149, 40.40365485994802 ], [ -0.907531960726406, 40.426553863782267 ], [ -0.910853269898902, 40.433117879172976 ], [ -0.913950256777079, 40.436659996853273 ], [ -0.92075889718037, 40.43798982421049 ], [ -0.926297162459252, 40.44997103419022 ], [ -0.917558185823745, 40.451543443210483 ], [ -0.915375648308651, 40.463016484091057 ], [ -0.924372819249824, 40.463070387348552 ], [ -0.934232550709376, 40.466147750972738 ], [ -0.934816237070897, 40.482895217608799 ], [ -0.937474876768775, 40.484681285558793 ], [ -0.920059762906502, 40.483972695520066 ], [ -0.913474759586747, 40.485556498021516 ], [ -0.908717982925374, 40.48904669245146 ], [ -0.909370436474023, 40.492733862282165 ], [ -0.914178196041145, 40.496748215088736 ], [ -0.915361206410197, 40.519127634555943 ], [ -0.912882480490357, 40.519506254225021 ], [ -0.912636808426944, 40.52361846479964 ], [ -0.914756894591353, 40.535574398413715 ], [ -0.90676586184298, 40.544987386665447 ], [ -0.873128882636155, 40.541102867911185 ], [ -0.848656076686729, 40.535064699839943 ], [ -0.841277432710893, 40.532476810777915 ], [ -0.824589466024326, 40.514418008559609 ], [ -0.800706780924745, 40.514587334807835 ], [ -0.791013539816013, 40.511087389584695 ], [ -0.786982786370924, 40.507326012571795 ], [ -0.777342851022773, 40.52013032068615 ], [ -0.76953752909231, 40.539797254246686 ], [ -0.778051819160827, 40.552257169664159 ], [ -0.778483479744843, 40.562417353471609 ], [ -0.784426337663747, 40.565585209035127 ], [ -0.769321888040717, 40.570122533155271 ], [ -0.749705064016413, 40.583046530056535 ], [ -0.736756931757708, 40.584072470322148 ], [ -0.734316020207766, 40.587429569643753 ], [ -0.725046157919659, 40.591453963858328 ], [ -0.725443040230335, 40.595082892162701 ], [ -0.720986382787559, 40.598958423812661 ], [ -0.719917862700325, 40.598405885474669 ] ] ] ] } },
{ "type": "Feature", "properties": { "codatzbs": "20113", "n_zbs": "SARINENA", "ccaa_cd": "ES24", "area": "Huesca-Jaca" }, "geometry": { "type": "MultiPolygon", "coordinates": [ [ [ [ -0.012402893667782, 41.772608398596311 ], [ -0.004347022797647, 41.770192063011208 ], [ -0.00138273359736, 41.763072256270782 ], [ 0.011432527735242, 41.752128143247113 ], [ 0.019881870591988, 41.738685899032646 ], [ 0.01809924979733, 41.719631804848724 ], [ 0.021852032421205, 41.717632922397812 ], [ 0.031086413618197, 41.704664475419243 ], [ 0.025631530248096, 41.693929456900904 ], [ 0.020433390316109, 41.691202548664556 ], [ 0.014406370653133, 41.681013324650905 ], [ 0.011872828938286, 41.680008164893749 ], [ 0.011714468954476, 41.677130535315904 ], [ -0.005286378677409, 41.666957316609256 ], [ -0.005490366829682, 41.661523189914661 ], [ -0.013573404357703, 41.653196243117748 ], [ -0.017230941239659, 41.650958827618432 ], [ -0.023396265780051, 41.651100694587591 ], [ -0.031305046454519, 41.648576670680434 ], [ -0.024946662930444, 41.640117866025925 ], [ -0.008456935797102, 41.629621033547316 ], [ 0.000078660305557, 41.619554993270917 ], [ -0.012371300208685, 41.595293678318015 ], [ -0.021487518763653, 41.588028548598423 ], [ -0.026548951780439, 41.579423966149228 ], [ -0.027599979773629, 41.571156825251471 ], [ -0.040179312607658, 41.558576088875022 ], [ -0.04099598809937, 41.553031526170145 ], [ -0.045633663871976, 41.547026838580649 ], [ -0.044401591684129, 41.539340140169479 ], [ -0.048657886756076, 41.536945869983043 ], [ -0.058508135117389, 41.536207834820686 ], [ -0.068667867941963, 41.542672582900806 ], [ -0.081941381812179, 41.56017582522302 ], [ -0.098552901979487, 41.5643609835126 ], [ -0.108787571825538, 41.565033279324489 ], [ -0.159096986721454, 41.585435034582076 ], [ -0.156085772019123, 41.590088699002017 ], [ -0.148067132419417, 41.600823179403591 ], [ -0.137067668521676, 41.625162732065156 ], [ -0.123902310689658, 41.641584811865265 ], [ -0.109092143983405, 41.654622784842424 ], [ -0.09307974298046, 41.665151627192465 ], [ -0.098252078650617, 41.668983890104712 ], [ -0.101465687067749, 41.67632370897563 ], [ -0.108791647692365, 41.71469299199898 ], [ -0.101872491755563, 41.732512116162383 ], [ -0.093701124790496, 41.745210776424912 ], [ -0.095504928364878, 41.746544254479929 ], [ -0.121777337825019, 41.724277205188436 ], [ -0.133292780266569, 41.717810970105511 ], [ -0.152399712781045, 41.713297218183094 ], [ -0.156631387905642, 41.713276029676287 ], [ -0.171553753227347, 41.707646644988358 ], [ -0.180442836555601, 41.694554593601893 ], [ -0.182762863873108, 41.677194178778379 ], [ -0.179365127052952, 41.674129801106304 ], [ -0.178070505756545, 41.660327886267929 ], [ -0.183160746473608, 41.652104431337023 ], [ -0.193522623979811, 41.654060231565772 ], [ -0.197348290213982, 41.656666245220499 ], [ -0.20245851631443, 41.652909250612879 ], [ -0.207928829773331, 41.654978697895871 ], [ -0.210898599872928, 41.651277317673554 ], [ -0.219092706623972, 41.653673466087909 ], [ -0.22236981049524, 41.650906919950963 ], [ -0.227999409493226, 41.650673665644312 ], [ -0.228609865118411, 41.65295788992848 ], [ -0.2341618160749, 41.656225791800523 ], [ -0.238125196760302, 41.656213116539988 ], [ -0.245520870675173, 41.660758630589839 ], [ -0.252722488562076, 41.660570863004168 ], [ -0.256391060163707, 41.662982076232069 ], [ -0.25609898134025, 41.665334725779161 ], [ -0.288945719738782, 41.686540339386504 ], [ -0.30410339762994, 41.687221395284304 ], [ -0.307747734614966, 41.689720451818957 ], [ -0.327821721951587, 41.652643117665377 ], [ -0.328996874112731, 41.643097061830424 ], [ -0.335853268113083, 41.630260455684997 ], [ -0.345988388081248, 41.631044413923256 ], [ -0.352850950638469, 41.633481291198919 ], [ -0.355197873738469, 41.632454657442352 ], [ -0.361948925896576, 41.637932500082151 ], [ -0.360402025391452, 41.64523697161232 ], [ -0.365557305781056, 41.659855055856561 ], [ -0.365899497607133, 41.68002752763325 ], [ -0.373313474637236, 41.684114975115683 ], [ -0.374143170682559, 41.688231679132073 ], [ -0.377543935474353, 41.689696302283338 ], [ -0.384474378744051, 41.687674870632314 ], [ -0.410088772374327, 41.701467263373708 ], [ -0.419841126157359, 41.701911973966808 ], [ -0.428178518157844, 41.705593349202559 ], [ -0.43956258863049, 41.706730316627088 ], [ -0.444558235688148, 41.703797516299268 ], [ -0.44797156194831, 41.70895280730754 ], [ -0.460292587532513, 41.713485856085065 ], [ -0.459299355506881, 41.715202068311491 ], [ -0.451835748121498, 41.723394353851717 ], [ -0.450791825928957, 41.733070634368623 ], [ -0.433987062642525, 41.734488638882901 ], [ -0.430948737109161, 41.73861747436024 ], [ -0.432303346313938, 41.748374287813192 ], [ -0.429060992256406, 41.753678316896448 ], [ -0.422420468311242, 41.754619215688855 ], [ -0.400458154806865, 41.778458240205715 ], [ -0.396113573032121, 41.788293311573199 ], [ -0.376569034915807, 41.816063904056819 ], [ -0.368795938313552, 41.820082695096822 ], [ -0.360303827447977, 41.819896729269409 ], [ -0.367323575758735, 41.830450767453897 ], [ -0.363563133806275, 41.837280993360068 ], [ -0.355293927823191, 41.834551085271059 ], [ -0.356255472165304, 41.829331811807634 ], [ -0.35085797634539, 41.826487612882993 ], [ -0.353331708620679, 41.82431122742117 ], [ -0.346830301499343, 41.824593422028492 ], [ -0.343378646193532, 41.821298431074105 ], [ -0.346569415153124, 41.819544054104412 ], [ -0.335646164161301, 41.816147999227304 ], [ -0.329605524775987, 41.817817800230273 ], [ -0.325591620102067, 41.830080377150082 ], [ -0.319710779121591, 41.83250087998389 ], [ -0.31812699407302, 41.83553487758023 ], [ -0.314199697220691, 41.836145538648907 ], [ -0.311544761112633, 41.839442499369227 ], [ -0.301828952186754, 41.840520358642813 ], [ -0.293641338184738, 41.847045897797067 ], [ -0.284905600549246, 41.857376350442152 ], [ -0.277284069777275, 41.87175810679706 ], [ -0.298055998181032, 41.887495824466022 ], [ -0.295134632015466, 41.893604943088341 ], [ -0.290494280764869, 41.895026403818157 ], [ -0.285063076431808, 41.890359172678899 ], [ -0.265518210757686, 41.890822680652413 ], [ -0.264728265811243, 41.872621307930096 ], [ -0.255903463916032, 41.877516829076875 ], [ -0.258760343362288, 41.871578339507607 ], [ -0.250274323121471, 41.869412025201939 ], [ -0.243917041527205, 41.872114388416612 ], [ -0.232198153043925, 41.864744852091754 ], [ -0.229062997682333, 41.872891356694353 ], [ -0.227748187770258, 41.887412814193553 ], [ -0.218062530722543, 41.894256872383011 ], [ -0.201643031452486, 41.900395749000587 ], [ -0.187931205366467, 41.908769004654637 ], [ -0.182956428587519, 41.908394778291466 ], [ -0.170039366656444, 41.885598856881622 ], [ -0.162006329742851, 41.875953581012119 ], [ -0.158725706678444, 41.870586080966071 ], [ -0.149367701422535, 41.866976850844239 ], [ -0.142968977886492, 41.869978687145569 ], [ -0.139145304734596, 41.875746156716012 ], [ -0.128789487634336, 41.882854040403949 ], [ -0.124080906151394, 41.884122976680622 ], [ -0.119924415133815, 41.882487815851917 ], [ -0.115154764566804, 41.886447515626507 ], [ -0.108412847668126, 41.88201822903757 ], [ -0.093125900629017, 41.877381312384252 ], [ -0.07943927326534, 41.876277280089198 ], [ -0.071672440909791, 41.872999426355648 ], [ -0.059225602888397, 41.86407183371827 ], [ -0.062568749286934, 41.858682106376172 ], [ -0.061131002111958, 41.85719533051779 ], [ -0.054484937450899, 41.861842920303062 ], [ -0.051320163619222, 41.860455830560582 ], [ -0.049414410113691, 41.852653096584127 ], [ -0.051563005816263, 41.852816366534114 ], [ -0.052786250987392, 41.846904055673988 ], [ -0.030095242934849, 41.833630269807415 ], [ -0.030496673332445, 41.83093899375978 ], [ -0.037606389146745, 41.825602264095657 ], [ -0.03640800554389, 41.816349577976411 ], [ -0.014292860073094, 41.816622917045322 ], [ -0.008308816162984, 41.823104192717679 ], [ -0.003193362278745, 41.822817665691304 ], [ 0.000380974866018, 41.825362907427213 ], [ 0.005442031859783, 41.831885576489626 ], [ 0.010594888994517, 41.831354259953109 ], [ 0.013424931634608, 41.833414310183151 ], [ 0.017201277271363, 41.830496297086476 ], [ 0.042114630858206, 41.807639968905228 ], [ 0.034092762251296, 41.800386706576894 ], [ 0.018683198930646, 41.776973342540543 ], [ -0.003002690572721, 41.77529012240992 ], [ -0.012402893667782, 41.772608398596311 ] ] ] ] } },
{ "type": "Feature", "properties": { "codatzbs": "20618", "n_zbs": "UTEBO", "ccaa_cd": "ES24", "area": "Zaragoza III-Clinico" }, "geometry": { "type": "MultiPolygon", "coordinates": [ [ [ [ -0.974415652193089, 41.760902453256982 ], [ -0.973393180393642, 41.760123523327579 ], [ -0.971629306803775, 41.759907939168038 ], [ -0.970080568268638, 41.758883673286817 ], [ -0.967854952678114, 41.757051363326738 ], [ -0.965593335988805, 41.756981069122247 ], [ -0.96324975285543, 41.756741353419237 ], [ -0.962240465237982, 41.756327164328162 ], [ -0.960807010672537, 41.755824348711982 ], [ -0.96014160047848, 41.755186554365991 ], [ -0.958890392215254, 41.754625270409861 ], [ -0.958208278122003, 41.753949871624627 ], [ -0.956886922995197, 41.750864184043834 ], [ -0.955973632487515, 41.750082380741773 ], [ -0.955090594479846, 41.749864012549473 ], [ -0.954463083867345, 41.749172854022873 ], [ -0.954332031159182, 41.748567085518914 ], [ -0.954458918492476, 41.747222892557375 ], [ -0.954387163476606, 41.746073299660466 ], [ -0.954824707521775, 41.745360558397017 ], [ -0.956306704963993, 41.743567677598435 ], [ -0.95736582450007, 41.738610481923018 ], [ -0.957077979929395, 41.736880634073195 ], [ -0.956872658882786, 41.734445250631119 ], [ -0.95642833139318, 41.732721647336028 ], [ -0.955383979255913, 41.731532189378882 ], [ -0.954213849785743, 41.730137864128849 ], [ -0.954000144978127, 41.729485616419367 ], [ -0.954142508964737, 41.728921860355307 ], [ -0.954176163045294, 41.728106251117687 ], [ -0.953813138031815, 41.727046030394241 ], [ -0.953466534646045, 41.726422475288743 ], [ -0.952460743816529, 41.726063857947977 ], [ -0.95055538123476, 41.724090239399857 ], [ -0.950541951977631, 41.722817023958044 ], [ -0.949765337223469, 41.722641486559475 ], [ -0.948107609868836, 41.722187557340476 ], [ -0.946329270487686, 41.721286898368184 ], [ -0.945519374176357, 41.72068755281439 ], [ -0.943635578459787, 41.719490832040449 ], [ -0.94388654028171, 41.719232627530758 ], [ -0.944125340778221, 41.718509523060554 ], [ -0.944684394259836, 41.717893137038565 ], [ -0.944822474818206, 41.716945940730405 ], [ -0.944625518412976, 41.71635641080541 ], [ -0.946313252668226, 41.716709906558243 ], [ -0.94568584070839, 41.714395192486066 ], [ -0.945277439059893, 41.713670588506282 ], [ -0.944687921834721, 41.711861649241634 ], [ -0.944430735257144, 41.71062451843634 ], [ -0.942795857709559, 41.709463696181807 ], [ -0.94448481461941, 41.70892814233315 ], [ -0.941912800461196, 41.705871380437785 ], [ -0.941851626168531, 41.704311408521825 ], [ -0.938662983267601, 41.702237125808381 ], [ -0.936600405821687, 41.699940924938225 ], [ -0.936262925533409, 41.698643915463485 ], [ -0.936414448970374, 41.697891009886426 ], [ -0.938052297655706, 41.697449722520432 ], [ -0.939481618371065, 41.697100945177638 ], [ -0.941830243653066, 41.696910680579769 ], [ -0.944125657305874, 41.696228923319701 ], [ -0.944673322915288, 41.695257570217656 ], [ -0.944930112846045, 41.692602807151268 ], [ -0.943811394662069, 41.690956188042406 ], [ -0.941650975165387, 41.689589130279188 ], [ -0.93841573786186, 41.687335132431762 ], [ -0.93650037460374, 41.686913450474556 ], [ -0.932826194073564, 41.6876348537985 ], [ -0.931799225760759, 41.688335408522306 ], [ -0.930516075817044, 41.689988873578173 ], [ -0.928632422816989, 41.691664472782549 ], [ -0.925716538960158, 41.693171622504536 ], [ -0.922459703640883, 41.694260510463025 ], [ -0.921150081782177, 41.694265687720652 ], [ -0.915877784148806, 41.692943239178412 ], [ -0.913195777797487, 41.691321276717467 ], [ -0.908570596489262, 41.689057630017729 ], [ -0.904903315008499, 41.688139187446438 ], [ -0.903462344658949, 41.687448967233884 ], [ -0.901697511373657, 41.686059967331182 ], [ -0.900667700426355, 41.684734152452819 ], [ -0.900063687906714, 41.681829941049067 ], [ -0.900493438355334, 41.680633351122069 ], [ -0.901188168515661, 41.678768580039439 ], [ -0.903450113009383, 41.676233750442726 ], [ -0.904831103796277, 41.675648076037746 ], [ -0.908807958744166, 41.674255191775451 ], [ -0.91323864414912, 41.673027446162671 ], [ -0.916272918652927, 41.672299393095962 ], [ -0.919106938524255, 41.670604794952126 ], [ -0.92078174860821, 41.668748373677623 ], [ -0.921446702783111, 41.667350769351735 ], [ -0.920985530120765, 41.666433364455123 ], [ -0.920324819691892, 41.665119080877012 ], [ -0.918674669291872, 41.664690736110991 ], [ -0.918027114726772, 41.664536275535248 ], [ -0.918516861800054, 41.663844110909338 ], [ -0.918758392703716, 41.663586151618404 ], [ -0.920271864640979, 41.664151024617183 ], [ -0.921632828396785, 41.664926208141914 ], [ -0.922533315590438, 41.665654592277917 ], [ -0.923576960568223, 41.666584358061499 ], [ -0.924879841157529, 41.668211215362895 ], [ -0.925268470888005, 41.669469294614871 ], [ -0.926138772283322, 41.67205861815318 ], [ -0.926846528255556, 41.673772833848403 ], [ -0.927397984755984, 41.67513034603521 ], [ -0.928011876721196, 41.676032621080729 ], [ -0.929618164244959, 41.676584944925096 ], [ -0.931536458109196, 41.6772444782668 ], [ -0.935399734225778, 41.678572625409494 ], [ -0.940448124139843, 41.68075530312283 ], [ -0.945924563880481, 41.683096939950964 ], [ -0.950151921382419, 41.684880401014553 ], [ -0.954171973121347, 41.686164242470781 ], [ -0.956743918730906, 41.687447207950839 ], [ -0.959518427318672, 41.688831097637063 ], [ -0.963129621612864, 41.690603969850713 ], [ -0.966430428388652, 41.692457664741454 ], [ -0.970285651716386, 41.694840149136489 ], [ -0.972699416029864, 41.696463987903812 ], [ -0.974464073151076, 41.69750372104513 ], [ -0.976903143171044, 41.699368427068826 ], [ -0.979107885369718, 41.701951801685276 ], [ -0.980329362626197, 41.701131193368909 ], [ -0.982447082345384, 41.699511209772346 ], [ -0.983923592758954, 41.698317180253305 ], [ -0.984565885597903, 41.697140721195375 ], [ -0.985585678116943, 41.695729363783613 ], [ -0.986582768394701, 41.694837408049409 ], [ -0.987438698344486, 41.694100673420564 ], [ -0.98938696115486, 41.695392621657504 ], [ -0.996647204444287, 41.699971736141812 ], [ -1.000680093062192, 41.702532097322198 ], [ -1.00184635819259, 41.699779319775828 ], [ -1.002365643911644, 41.698553548729556 ], [ -1.008147551325922, 41.691212821822226 ], [ -1.010087536791218, 41.691940927723273 ], [ -1.011894253039758, 41.692651679038761 ], [ -1.013289694080528, 41.693015557274443 ], [ -1.014036262143347, 41.693133902317022 ], [ -1.016993302934901, 41.694063721108051 ], [ -1.018162341844339, 41.694643752245732 ], [ -1.0189407822905, 41.694337433776859 ], [ -1.019764283692981, 41.694716432641627 ], [ -1.021837455323473, 41.695065381340321 ], [ -1.02381899654193, 41.695931927965326 ], [ -1.026610064684011, 41.697188342683233 ], [ -1.028946293992683, 41.697419835320943 ], [ -1.030353592760791, 41.69794600408791 ], [ -1.031976096424892, 41.698552602462222 ], [ -1.032766687427115, 41.700212653512978 ], [ -1.040848871467943, 41.707002126456665 ], [ -1.039430925458218, 41.708306991447408 ], [ -1.038454509398448, 41.709389102845428 ], [ -1.037938778351413, 41.709851498806508 ], [ -1.036322678756407, 41.710127227218806 ], [ -1.03273443512869, 41.708368101269777 ], [ -1.031931121779065, 41.708304202277461 ], [ -1.030918704348066, 41.708997766122494 ], [ -1.029249167083834, 41.709670751970577 ], [ -1.028976020891244, 41.710807439087404 ], [ -1.029387105068011, 41.713088600050064 ], [ -1.029783192110975, 41.713892490047499 ], [ -1.0291425902136, 41.714795684020416 ], [ -1.027892924112304, 41.7157758815273 ], [ -1.025427217867575, 41.717436987598923 ], [ -1.024963070047416, 41.71781759411526 ], [ -1.024374063540471, 41.718014561589229 ], [ -1.024018874642637, 41.718973031878633 ], [ -1.021670698852445, 41.717774418292358 ], [ -1.018085697250371, 41.716104907477508 ], [ -1.014531063057196, 41.714418938109553 ], [ -1.01156030403172, 41.71811486211989 ], [ -1.00883945635276, 41.723200256082471 ], [ -1.010362817792832, 41.724191753819227 ], [ -1.014802662252853, 41.729947738802451 ], [ -1.012260239981956, 41.732319426235769 ], [ -1.010033684440204, 41.73169664510516 ], [ -1.008024871441096, 41.73139756436089 ], [ -1.005302501990097, 41.731415192219615 ], [ -1.003563537588226, 41.732581026332156 ], [ -1.00140043853978, 41.73743567849322 ], [ -1.001600142599878, 41.739528626411399 ], [ -1.002411639278607, 41.740442966411024 ], [ -1.001246670040165, 41.740467603235821 ], [ -0.997431584883801, 41.744206077546608 ], [ -0.994593227084692, 41.740388181393854 ], [ -0.991958998655625, 41.738596737270598 ], [ -0.989490114014563, 41.739183209137508 ], [ -0.987538123453592, 41.740582985313097 ], [ -0.984719388996493, 41.742604135466287 ], [ -0.980564549783021, 41.742565686835711 ], [ -0.980493937507505, 41.742976583036494 ], [ -0.979723426790461, 41.743865102897317 ], [ -0.981738531828878, 41.745871890638824 ], [ -0.981792739440153, 41.746599103170169 ], [ -0.980523990106364, 41.747787268761073 ], [ -0.979901309978193, 41.748625826633038 ], [ -0.979850554362882, 41.750115625826929 ], [ -0.982145701399376, 41.751055193375102 ], [ -0.982962315788191, 41.752014834842107 ], [ -0.982918638361437, 41.75340902014927 ], [ -0.98193232896348, 41.753933491031333 ], [ -0.980158656703899, 41.753544938633162 ], [ -0.978990544562436, 41.753973960146517 ], [ -0.978777656854608, 41.754869410278303 ], [ -0.979667254114918, 41.755957210670729 ], [ -0.97963037175074, 41.757132435826826 ], [ -0.979103078247482, 41.757745675386936 ], [ -0.978304159983025, 41.75818118857142 ], [ -0.97887609964086, 41.759090458893141 ], [ -0.980095577332572, 41.759480825873318 ], [ -0.978970788352879, 41.760487053139713 ], [ -0.977557589379952, 41.760381447178538 ], [ -0.976178053199144, 41.761164104047801 ], [ -0.975674222390388, 41.762008304419147 ], [ -0.974928698142421, 41.762214206841826 ], [ -0.974415652193089, 41.760902453256982 ] ] ] ] } },
{ "type": "Feature", "properties": { "codatzbs": "20109", "n_zbs": "HUESCA RURAL", "ccaa_cd": "ES24", "area": "Huesca-Jaca" }, "geometry": { "type": "MultiPolygon", "coordinates": [ [ [ [ -0.490248866476931, 42.346795681013575 ], [ -0.470673948596308, 42.336342339913678 ], [ -0.466155211466333, 42.339754584785794 ], [ -0.449294220769543, 42.339173428642425 ], [ -0.44349390370187, 42.340926250685037 ], [ -0.435417332136753, 42.3392418382616 ], [ -0.41885559761991, 42.341445498072176 ], [ -0.417108480092732, 42.337867058513623 ], [ -0.397170059672598, 42.338352431183999 ], [ -0.398200351209147, 42.328380039188737 ], [ -0.39479280257059, 42.327140904987751 ], [ -0.371746390160495, 42.328604830988318 ], [ -0.369452740839456, 42.327147396495491 ], [ -0.369571999466504, 42.338550707097703 ], [ -0.363243186560327, 42.347374521177656 ], [ -0.344640060938602, 42.347782314570075 ], [ -0.33532127373142, 42.349970414939669 ], [ -0.324591900549129, 42.347622151263479 ], [ -0.322778784345815, 42.344004743965939 ], [ -0.305578994558199, 42.343691602129979 ], [ -0.300738815801758, 42.337661302233187 ], [ -0.303399272404755, 42.328520612381368 ], [ -0.294593011866115, 42.324170668393791 ], [ -0.284384909213111, 42.328737981310361 ], [ -0.281006876479829, 42.324047160639111 ], [ -0.276080483670742, 42.32319169960968 ], [ -0.281625760203865, 42.308834078931277 ], [ -0.267216003558608, 42.30118806451155 ], [ -0.261843813925709, 42.294152877330703 ], [ -0.255420408382461, 42.292081042051521 ], [ -0.261779382739682, 42.283047813134537 ], [ -0.265764165087933, 42.270832863513014 ], [ -0.261575585090777, 42.267040643133541 ], [ -0.257891459424383, 42.270635759192757 ], [ -0.252948594074863, 42.28421434699888 ], [ -0.250183106498913, 42.284778348679815 ], [ -0.242041098392588, 42.281268720024173 ], [ -0.238438149459791, 42.286846250003691 ], [ -0.225030080400281, 42.29003438518528 ], [ -0.213494428811044, 42.289790470494346 ], [ -0.203476887405391, 42.284845788594943 ], [ -0.197366054332482, 42.284264246897926 ], [ -0.193041720364213, 42.281690945165558 ], [ -0.190131092249115, 42.283330609888132 ], [ -0.161040934197822, 42.273005073828031 ], [ -0.156458212712219, 42.273260676734736 ], [ -0.151767280603627, 42.277529701834546 ], [ -0.148206097376787, 42.279593375996761 ], [ -0.141903939280499, 42.275221910222463 ], [ -0.138218694029319, 42.267970853619119 ], [ -0.122437464202757, 42.251087241841589 ], [ -0.124451397321289, 42.247580753873841 ], [ -0.122623211234814, 42.230479011536346 ], [ -0.124901642001234, 42.22806882026137 ], [ -0.124416039020113, 42.217952785797785 ], [ -0.13417249499867, 42.208489520391986 ], [ -0.141457853192218, 42.204339910575897 ], [ -0.14391684712422, 42.19546802438169 ], [ -0.138985818160779, 42.186123659266535 ], [ -0.13014134930665, 42.1819582548382 ], [ -0.123876538194995, 42.18126994282111 ], [ -0.12333849957739, 42.17951842162423 ], [ -0.130824530862952, 42.175689704984627 ], [ -0.12929018540593, 42.172409424724748 ], [ -0.13143468919965, 42.169158128044032 ], [ -0.12870329806348, 42.166118069292928 ], [ -0.118358877388516, 42.161743028374637 ], [ -0.118005294272534, 42.156736239354231 ], [ -0.110657747528366, 42.150112472863519 ], [ -0.104954008709057, 42.14435834743788 ], [ -0.105721448196965, 42.142387513076329 ], [ -0.100771250386111, 42.138705348364446 ], [ -0.101279424556502, 42.13711531389896 ], [ -0.096862923364774, 42.13500434188699 ], [ -0.101900295121916, 42.124568571929146 ], [ -0.108924370153199, 42.120405337913404 ], [ -0.10448754843298, 42.113980671166885 ], [ -0.107168330119218, 42.103178878357589 ], [ -0.106531742621627, 42.097768638048066 ], [ -0.107979100085846, 42.093860808078475 ], [ -0.111154793734061, 42.092355974902112 ], [ -0.106765351195021, 42.090507262246035 ], [ -0.1097632145627, 42.086260279508402 ], [ -0.106483092810747, 42.084484531350569 ], [ -0.111892564693767, 42.081964330610433 ], [ -0.113053242911675, 42.078229363900682 ], [ -0.118644479311729, 42.076749000526604 ], [ -0.114539880498895, 42.068901213041414 ], [ -0.11739943939938, 42.065271863759122 ], [ -0.114939479206297, 42.054214408698044 ], [ -0.127957474140286, 42.054658316233592 ], [ -0.129777951856873, 42.050192113618223 ], [ -0.128048943008731, 42.042980535067819 ], [ -0.122149734236005, 42.040653333386736 ], [ -0.116357858800671, 42.029818428432371 ], [ -0.11945817056064, 42.028302433623409 ], [ -0.118506870299815, 42.025297715809984 ], [ -0.118522167173828, 42.022821570251367 ], [ -0.122998751624012, 42.021844337289913 ], [ -0.124466165930133, 42.01635175114717 ], [ -0.12640245298189, 42.020281648739974 ], [ -0.168199578658815, 42.011334141159509 ], [ -0.16628596935573, 42.009017507972906 ], [ -0.168987024386598, 42.00665276930637 ], [ -0.186369657259995, 42.000182232872469 ], [ -0.189713969824291, 41.997166320236303 ], [ -0.195799844743597, 42.001259691644158 ], [ -0.20561281735919, 42.016484373454006 ], [ -0.210138627455944, 42.027590287289442 ], [ -0.233222890493323, 42.039226254590048 ], [ -0.235371305413258, 42.040385695232438 ], [ -0.254956514407132, 42.039496301124025 ], [ -0.276470398793525, 42.044629089825698 ], [ -0.280521915601613, 42.042266676986152 ], [ -0.297275271292088, 42.042347473722735 ], [ -0.299680145154334, 42.040621111831264 ], [ -0.310499246717115, 42.055635397385387 ], [ -0.320271519502949, 42.031873329953505 ], [ -0.345438451546519, 42.029999977894974 ], [ -0.347036782116655, 42.017131927442975 ], [ -0.356491540052971, 42.011334411643709 ], [ -0.377373156039219, 42.008616745744895 ], [ -0.389978613363463, 42.003617917039897 ], [ -0.389869919217225, 42.001255987283187 ], [ -0.393081317607521, 42.000671551355182 ], [ -0.398506480760024, 41.994346690490083 ], [ -0.410272651675063, 41.998026005222641 ], [ -0.406469155732428, 42.017941672600152 ], [ -0.407105562727835, 42.028132545968042 ], [ -0.415838620300513, 42.035579140267686 ], [ -0.426673767732583, 42.034102644181509 ], [ -0.431388464974571, 42.035514144725354 ], [ -0.446340943415379, 42.037694153996888 ], [ -0.455411720406429, 42.035923536239572 ], [ -0.468481792390167, 42.024991579297783 ], [ -0.472699144040645, 42.024328158245687 ], [ -0.485390476546056, 42.027155618931339 ], [ -0.490581536537242, 42.026611922512394 ], [ -0.493794715361467, 42.037975285194314 ], [ -0.514475804320029, 42.055968427509455 ], [ -0.509548394631823, 42.061147890552363 ], [ -0.510358137720054, 42.064857859001343 ], [ -0.507874955024674, 42.069324762684651 ], [ -0.502506095607566, 42.074008015199553 ], [ -0.498210103603698, 42.086126000420762 ], [ -0.503341860236468, 42.089371786902703 ], [ -0.50242997876734, 42.094737290788757 ], [ -0.504598894417236, 42.097089928980893 ], [ -0.517042519681985, 42.10263741679411 ], [ -0.516865309540749, 42.110891686234936 ], [ -0.521458662453789, 42.114683420063493 ], [ -0.516726323663521, 42.145407162107233 ], [ -0.53372863836163, 42.155374098734221 ], [ -0.543357177324045, 42.148322321484002 ], [ -0.554573451561163, 42.143347807501634 ], [ -0.567779246665634, 42.147672183934731 ], [ -0.575662385662864, 42.139616948313694 ], [ -0.5826248544991, 42.14648220974923 ], [ -0.588209415211962, 42.148878214452139 ], [ -0.592113074060048, 42.144547489907573 ], [ -0.596727410849834, 42.14444611703199 ], [ -0.601507468381917, 42.138674541435591 ], [ -0.602513375618016, 42.133184067726049 ], [ -0.61579904955498, 42.129930924365091 ], [ -0.622731899955341, 42.13509098093904 ], [ -0.62897394205504, 42.134796940706188 ], [ -0.635612076217041, 42.13198910914894 ], [ -0.642350239645276, 42.132010787082919 ], [ -0.647804319400564, 42.127502906987047 ], [ -0.658461015608689, 42.128855658568988 ], [ -0.656726810414364, 42.121750756422692 ], [ -0.662160105938134, 42.119727275195054 ], [ -0.674034172048658, 42.120184897477294 ], [ -0.681296741499259, 42.128013810631572 ], [ -0.711087524223139, 42.143309589333612 ], [ -0.704431262449694, 42.150696303659181 ], [ -0.755021995648083, 42.152670562072807 ], [ -0.747677270724562, 42.155012065738504 ], [ -0.74716928355214, 42.157388657107944 ], [ -0.748614189467847, 42.159650447574002 ], [ -0.755308226536852, 42.162033099435781 ], [ -0.757166061651417, 42.166320094073939 ], [ -0.759196787967708, 42.171204871782258 ], [ -0.751262619681996, 42.173039856527872 ], [ -0.73511636964307, 42.173946780903442 ], [ -0.694703386739159, 42.168962830197607 ], [ -0.688753095219512, 42.177443505438816 ], [ -0.682104229101557, 42.195716763539131 ], [ -0.657723716998934, 42.186900080021751 ], [ -0.650913371427747, 42.1867067297406 ], [ -0.645546104774471, 42.195917439652952 ], [ -0.628763006609569, 42.192932920234718 ], [ -0.616517645668201, 42.211338549507737 ], [ -0.620737918071019, 42.213794733356913 ], [ -0.617850767775947, 42.221632666577712 ], [ -0.621465064159941, 42.227984562563861 ], [ -0.637497743544115, 42.235403451559968 ], [ -0.635833670893627, 42.241024645913853 ], [ -0.625768471227459, 42.245706624067147 ], [ -0.613227950971574, 42.259413698019017 ], [ -0.618808031386926, 42.264473753580425 ], [ -0.620967915727085, 42.274415693957152 ], [ -0.616617673089451, 42.281412630076311 ], [ -0.604010020875919, 42.285445316920985 ], [ -0.593558441582106, 42.312116611523969 ], [ -0.577759907307691, 42.331118409935179 ], [ -0.577918838526065, 42.336146740406832 ], [ -0.565069867737441, 42.331930178420315 ], [ -0.560116743475717, 42.332905434863676 ], [ -0.554487947205575, 42.339404400602497 ], [ -0.555678097978425, 42.345967700849911 ], [ -0.538448624493661, 42.354135922616486 ], [ -0.530550871103667, 42.362656160165564 ], [ -0.521029020483197, 42.354985141862521 ], [ -0.511269287075765, 42.350324964311454 ], [ -0.490248866476931, 42.346795681013575 ] ], [ [ -0.442338301751545, 42.182372896506351 ], [ -0.442554376062486, 42.181860492941404 ], [ -0.443493654925772, 42.182039373621826 ], [ -0.444013773969552, 42.182050970541241 ], [ -0.444676701383793, 42.181499855045658 ], [ -0.444589047479211, 42.18069373822415 ], [ -0.443842081902646, 42.18034946409049 ], [ -0.443823661226627, 42.179812944002023 ], [ -0.443848845764751, 42.179188045411394 ], [ -0.443172319608495, 42.17908360827105 ], [ -0.442577011286311, 42.17895119501722 ], [ -0.441954193006865, 42.178557767536859 ], [ -0.441951837548128, 42.178246195267441 ], [ -0.441950150764712, 42.178023024993358 ], [ -0.441947366638242, 42.177654622090294 ], [ -0.442570185623789, 42.177134228182155 ], [ -0.442867022462853, 42.176723875110255 ], [ -0.442724994344239, 42.176273949218825 ], [ -0.441952573396119, 42.176024725290091 ], [ -0.44159844065544, 42.175414868266998 ], [ -0.441706052427237, 42.174732240546973 ], [ -0.441718969162307, 42.1740407473578 ], [ -0.44082916757369, 42.173640451871329 ], [ -0.440293128452914, 42.173032807881889 ], [ -0.440435829530077, 42.172473079115342 ], [ -0.441164675411491, 42.171846624979118 ], [ -0.441093035391332, 42.171396331620358 ], [ -0.441029517289772, 42.170997083429754 ], [ -0.440556762693466, 42.170441353155248 ], [ -0.43987377412017, 42.169638468902946 ], [ -0.439706419998541, 42.168986358340021 ], [ -0.44063050403851, 42.168062329460327 ], [ -0.44190230681554, 42.166765994996538 ], [ -0.442185472361268, 42.166289559834432 ], [ -0.442213955373302, 42.166241636677071 ], [ -0.443062976010311, 42.165900349517045 ], [ -0.444028966152167, 42.165912689341461 ], [ -0.444950425044989, 42.165924451904552 ], [ -0.445986085303705, 42.165758413040763 ], [ -0.446926141059075, 42.165346690011269 ], [ -0.447218563471353, 42.165218612964246 ], [ -0.44935841240366, 42.165878558679076 ], [ -0.449819424012013, 42.16619577550572 ], [ -0.450061413498775, 42.16636228430724 ], [ -0.450088735837489, 42.166381083996619 ], [ -0.451100836485897, 42.166196481857249 ], [ -0.4513524515408, 42.165952021058409 ], [ -0.451558393576477, 42.165751932294995 ], [ -0.452851745295666, 42.16522457860264 ], [ -0.453119596567906, 42.16511536093698 ], [ -0.454025378752235, 42.164843878552894 ], [ -0.454380142474139, 42.164729470770958 ], [ -0.454343440885359, 42.164400918143777 ], [ -0.454284376959075, 42.163874067298252 ], [ -0.454206086472513, 42.163175717065563 ], [ -0.454187099256753, 42.163006351054655 ], [ -0.454100358171266, 42.161733545482157 ], [ -0.454244021032238, 42.160606040072047 ], [ -0.454384135892754, 42.159506337503458 ], [ -0.454562240154555, 42.158987997438032 ], [ -0.454686746030739, 42.158738086287372 ], [ -0.454957189090352, 42.158195243469102 ], [ -0.455041034205572, 42.15776896207975 ], [ -0.455116355908886, 42.157244208707986 ], [ -0.455046288422146, 42.156678088046576 ], [ -0.454979089423073, 42.156038695362604 ], [ -0.454875883365771, 42.15526570510422 ], [ -0.454915254028708, 42.154822227333192 ], [ -0.455062473296085, 42.153871713138933 ], [ -0.455219203829541, 42.152859753331406 ], [ -0.455317723331469, 42.152223626849356 ], [ -0.455414605203216, 42.152016767542491 ], [ -0.455860368934794, 42.151064967381515 ], [ -0.434160481783297, 42.111528447632253 ], [ -0.415711302708114, 42.115606715270992 ], [ -0.414798883914154, 42.115836216772209 ], [ -0.410247694133197, 42.116820809025334 ], [ -0.39428976058196, 42.120271418623396 ], [ -0.375727076957424, 42.12389556774356 ], [ -0.375461371629638, 42.124767699282501 ], [ -0.374224732475502, 42.124679819632149 ], [ -0.373638084762973, 42.125321630348125 ], [ -0.372753798350392, 42.125420508254024 ], [ -0.372194795095337, 42.126360782987391 ], [ -0.371885850940831, 42.127620005988973 ], [ -0.371132236081739, 42.129057170458218 ], [ -0.37036860222364, 42.130300976803277 ], [ -0.369521911296589, 42.131005348555675 ], [ -0.36936009586979, 42.132014288151332 ], [ -0.369361461441414, 42.132016315540589 ], [ -0.369359507427947, 42.132028498832554 ], [ -0.370110236528271, 42.133143043747367 ], [ -0.369730641592641, 42.134090501915942 ], [ -0.369734562127702, 42.134093458606799 ], [ -0.36973005319084, 42.134104712596255 ], [ -0.371953964326304, 42.135781821495875 ], [ -0.370527349516369, 42.138224290557453 ], [ -0.370533012146963, 42.138227799644966 ], [ -0.370526761207503, 42.138238501236579 ], [ -0.371175603373072, 42.138640579269072 ], [ -0.373505309466512, 42.138189699661893 ], [ -0.37687001240131, 42.138324226068761 ], [ -0.379835078977699, 42.138442690438367 ], [ -0.381206242084654, 42.1406022320893 ], [ -0.382519817084899, 42.142690007360642 ], [ -0.382324339100247, 42.143966730411954 ], [ -0.382053325514976, 42.145009232993445 ], [ -0.381769454462024, 42.146101155029449 ], [ -0.381467285130938, 42.147263413456436 ], [ -0.381469362956231, 42.147267378176295 ], [ -0.381466699082539, 42.147277624237717 ], [ -0.381762751630775, 42.147842519929462 ], [ -0.382186645360395, 42.148239388934165 ], [ -0.38327722375922, 42.149174245655679 ], [ -0.384513482781772, 42.150049737163563 ], [ -0.385963604435931, 42.1507976198683 ], [ -0.387820987286149, 42.151376059651405 ], [ -0.389795221415586, 42.151644400650433 ], [ -0.392707038985597, 42.15188935615371 ], [ -0.394970515165835, 42.152327994994998 ], [ -0.396669294467629, 42.152872905102228 ], [ -0.398275929437908, 42.153713537815314 ], [ -0.399665590529063, 42.154966200502997 ], [ -0.400779021934512, 42.156123233006788 ], [ -0.40197004077129, 42.157341581440399 ], [ -0.403483485346405, 42.158507651212091 ], [ -0.40525397843075, 42.159262544772766 ], [ -0.407949581375614, 42.160058412590715 ], [ -0.407948338383077, 42.160043663223242 ], [ -0.407950161760696, 42.160044201541673 ], [ -0.409746243654712, 42.160419138712122 ], [ -0.410778816577856, 42.160621164263958 ], [ -0.411691410927174, 42.160820472963529 ], [ -0.412179796765974, 42.161605877632688 ], [ -0.412189458308792, 42.162350691212716 ], [ -0.412284169072945, 42.163223180558902 ], [ -0.412791740320779, 42.163735003719459 ], [ -0.413645480210016, 42.164004449964622 ], [ -0.41404688987126, 42.164764056872073 ], [ -0.415117361631944, 42.165610230616338 ], [ -0.416515125925878, 42.166678212135686 ], [ -0.4170861754016, 42.167690563159908 ], [ -0.418465714501181, 42.16858161363961 ], [ -0.420435254574501, 42.169769642496171 ], [ -0.422179367443496, 42.170595164073077 ], [ -0.422324947935681, 42.171742136598901 ], [ -0.422972459679789, 42.173543722149368 ], [ -0.42401114343334, 42.173995951533527 ], [ -0.424914525505802, 42.174230688684354 ], [ -0.426439076046393, 42.174550845918567 ], [ -0.42831560245342, 42.174485731545111 ], [ -0.42941392214535, 42.174653324711265 ], [ -0.430206860061334, 42.175242950886116 ], [ -0.431331515336671, 42.175947225215552 ], [ -0.432509982916382, 42.176509730672592 ], [ -0.433544549235027, 42.177230909778018 ], [ -0.434093088948238, 42.177760353018549 ], [ -0.434765196323461, 42.178931980356445 ], [ -0.435865270806454, 42.179042533018659 ], [ -0.436347418217315, 42.179090983537897 ], [ -0.436601051850446, 42.179116469561663 ], [ -0.437059472506917, 42.179252190965329 ], [ -0.437369788072424, 42.179400284111637 ], [ -0.43798075076245, 42.17941393885728 ], [ -0.438335104505031, 42.179515960741767 ], [ -0.438323712457305, 42.179798019179138 ], [ -0.438460427673683, 42.180067701968973 ], [ -0.438814971733593, 42.180687300692526 ], [ -0.440211159974606, 42.180577326114474 ], [ -0.439964425687483, 42.181465807634986 ], [ -0.440987293677866, 42.181723903619535 ], [ -0.441519270300914, 42.182127877161037 ], [ -0.442338301751545, 42.182372896506351 ] ] ], [ [ [ -0.731347962256885, 42.099151769606948 ], [ -0.757138421946964, 42.092069188036859 ], [ -0.760824211149669, 42.095183015427615 ], [ -0.762352068291488, 42.100562364039433 ], [ -0.760157386699772, 42.105193485788654 ], [ -0.754141158136878, 42.107750553766067 ], [ -0.754688275125203, 42.109724488880552 ], [ -0.748128329296474, 42.11327029893161 ], [ -0.736681590035876, 42.113062986553551 ], [ -0.732596537293407, 42.115350783737917 ], [ -0.726940085137268, 42.113536712469831 ], [ -0.731347962256885, 42.099151769606948 ] ] ] ] } },
{ "type": "Feature", "properties": { "codatzbs": "20614", "n_zbs": "CASETAS", "ccaa_cd": "ES24", "area": "Zaragoza III-Clinico" }, "geometry": { "type": "MultiPolygon", "coordinates": [ [ [ [ -1.090754149647053, 41.85974412087586 ], [ -1.09604594065456, 41.855515068451204 ], [ -1.096800623837076, 41.853192675556919 ], [ -1.103278928388445, 41.851068636864319 ], [ -1.103609595741833, 41.845758021790402 ], [ -1.108995397348992, 41.843277937727763 ], [ -1.109014883338324, 41.836834216701149 ], [ -1.108201068882804, 41.825067537385245 ], [ -1.114134489480771, 41.817583251089609 ], [ -1.118012356947101, 41.812399686469533 ], [ -1.119605456160468, 41.809554161306224 ], [ -1.122944759342865, 41.804261612071052 ], [ -1.121590400610174, 41.801591568869213 ], [ -1.11894813431927, 41.800980912684807 ], [ -1.116310433766627, 41.800953935102363 ], [ -1.110505271513598, 41.800752173970409 ], [ -1.109264918247724, 41.800362498204322 ], [ -1.108052608398889, 41.799838143168472 ], [ -1.104605758073347, 41.800808051512512 ], [ -1.094178405798324, 41.800122050640027 ], [ -1.091485489264546, 41.799786635800217 ], [ -1.08756499172395, 41.798282838881633 ], [ -1.085707390595441, 41.797612423095366 ], [ -1.085080054222427, 41.796449141736382 ], [ -1.084320796749946, 41.797292068438331 ], [ -1.078362728535255, 41.794886852055612 ], [ -1.074214706626597, 41.793943709525685 ], [ -1.065795729930926, 41.790956148111157 ], [ -1.064034302443862, 41.788725172022417 ], [ -1.059934398630541, 41.783390906690478 ], [ -1.056889953667725, 41.781799356978091 ], [ -1.053709395729078, 41.778746277879335 ], [ -1.053272719002008, 41.777284383245281 ], [ -1.043755480048084, 41.770948696641433 ], [ -1.041356579257609, 41.768930875784186 ], [ -1.036989419928682, 41.76755486406725 ], [ -1.033836672398742, 41.765415885131432 ], [ -1.030123100030359, 41.76352845610581 ], [ -1.027778462176878, 41.763100905201711 ], [ -1.024836804119721, 41.762136169121 ], [ -1.022420512884786, 41.760518468666149 ], [ -1.019399055600515, 41.759417109674473 ], [ -1.017595377342547, 41.757053331424231 ], [ -1.014368982113611, 41.754610871293409 ], [ -1.009457538664369, 41.753381987342799 ], [ -1.006702228729904, 41.752442534538304 ], [ -1.005704135629319, 41.751763385105185 ], [ -1.004440668820041, 41.75090363087434 ], [ -1.005121333577622, 41.750183819407816 ], [ -1.005333801439941, 41.749959127957226 ], [ -1.005640960848514, 41.749623093754501 ], [ -1.004908375876495, 41.749200585203006 ], [ -1.004495802626352, 41.749123010082293 ], [ -1.002260360273104, 41.747674530195056 ], [ -0.999709228015961, 41.745444463573982 ], [ -0.99747126930273, 41.744259454399369 ], [ -0.997431584883801, 41.744206077546608 ], [ -1.001246670040165, 41.740467603235821 ], [ -1.002411639278607, 41.740442966411024 ], [ -1.001600142599878, 41.739528626411399 ], [ -1.00140043853978, 41.73743567849322 ], [ -1.003563537588226, 41.732581026332156 ], [ -1.005302501990097, 41.731415192219615 ], [ -1.008024871441096, 41.73139756436089 ], [ -1.010033684440204, 41.73169664510516 ], [ -1.012260239981956, 41.732319426235769 ], [ -1.014802662252853, 41.729947738802451 ], [ -1.010362817792832, 41.724191753819227 ], [ -1.00883945635276, 41.723200256082471 ], [ -1.01156030403172, 41.71811486211989 ], [ -1.014531063057196, 41.714418938109553 ], [ -1.018085697250371, 41.716104907477508 ], [ -1.021670698852445, 41.717774418292358 ], [ -1.024018874642637, 41.718973031878633 ], [ -1.024374063540471, 41.718014561589229 ], [ -1.024963070047416, 41.71781759411526 ], [ -1.025427217867575, 41.717436987598923 ], [ -1.027892924112304, 41.7157758815273 ], [ -1.0291425902136, 41.714795684020416 ], [ -1.029783192110975, 41.713892490047499 ], [ -1.029387105068011, 41.713088600050064 ], [ -1.028976020891244, 41.710807439087404 ], [ -1.029249167083834, 41.709670751970577 ], [ -1.030918704348066, 41.708997766122494 ], [ -1.031931121779065, 41.708304202277461 ], [ -1.03273443512869, 41.708368101269777 ], [ -1.036322678756407, 41.710127227218806 ], [ -1.037938778351413, 41.709851498806508 ], [ -1.038454509398448, 41.709389102845428 ], [ -1.040467040062756, 41.71029776083644 ], [ -1.040872639897811, 41.711134525189351 ], [ -1.04279833923099, 41.711865417659311 ], [ -1.044252104331776, 41.712484306300055 ], [ -1.045371545439481, 41.712927749908985 ], [ -1.046184619428046, 41.712262539583925 ], [ -1.04749037036053, 41.711628641597436 ], [ -1.048821816485972, 41.710337040943685 ], [ -1.048430664483181, 41.709027709256034 ], [ -1.049524137087293, 41.708214796089671 ], [ -1.050494382344785, 41.707493466047758 ], [ -1.050537921009885, 41.706904152590035 ], [ -1.051546553507803, 41.707260832206387 ], [ -1.05364123803082, 41.709163734038661 ], [ -1.055880058785249, 41.710050426692796 ], [ -1.056986666093714, 41.710917930982326 ], [ -1.059465424340198, 41.714084997004342 ], [ -1.062748378033711, 41.714091764014618 ], [ -1.064582845655675, 41.712448856559007 ], [ -1.068011310860204, 41.712556095276909 ], [ -1.071009929612053, 41.712768641919105 ], [ -1.072121891670601, 41.712764813114084 ], [ -1.07276497867585, 41.712563927961192 ], [ -1.073103402934061, 41.712289089627077 ], [ -1.074135340679133, 41.712145555953001 ], [ -1.075759924257186, 41.711893596819728 ], [ -1.077988561827942, 41.711120349093122 ], [ -1.080900205512959, 41.710619625246167 ], [ -1.085317916517744, 41.710197989270007 ], [ -1.089692107536492, 41.711446206755539 ], [ -1.103770850975248, 41.716430511056451 ], [ -1.109021130265309, 41.719187515654539 ], [ -1.111780112316505, 41.72081349838836 ], [ -1.115084841617628, 41.724965828217506 ], [ -1.11574772666671, 41.726296332948571 ], [ -1.118491880992924, 41.731803636953643 ], [ -1.11913542413662, 41.736119262002198 ], [ -1.117176929018467, 41.742416260041757 ], [ -1.113769758496598, 41.7448396949233 ], [ -1.114348674350519, 41.745452918979446 ], [ -1.113401668995887, 41.745500077123197 ], [ -1.111427518241347, 41.746331679300724 ], [ -1.110367423712591, 41.746035640611581 ], [ -1.109399052956201, 41.746659127537391 ], [ -1.109223800054727, 41.747304742381282 ], [ -1.10774692874023, 41.747631655170977 ], [ -1.107543083057747, 41.748429888676412 ], [ -1.10581395912317, 41.749326557136818 ], [ -1.103863921255755, 41.749621080899693 ], [ -1.1033147939101, 41.74928531558065 ], [ -1.10026026867509, 41.749234835508339 ], [ -1.105292614754752, 41.752058092178494 ], [ -1.107525798216566, 41.753941589232696 ], [ -1.109868521542004, 41.75628584320463 ], [ -1.108727525175851, 41.756843470681559 ], [ -1.10556559518354, 41.757201163993315 ], [ -1.102654119926348, 41.757380214728116 ], [ -1.103212604087374, 41.759076202782204 ], [ -1.102052529210719, 41.759838088834194 ], [ -1.095159221296479, 41.761489151774718 ], [ -1.095349617025872, 41.763481034522762 ], [ -1.094181669702739, 41.769722890516157 ], [ -1.100045397399979, 41.77241391648932 ], [ -1.097631574084235, 41.77470660646599 ], [ -1.098418917947974, 41.775939205031499 ], [ -1.098611667614881, 41.777776033586832 ], [ -1.096275130392792, 41.778513858148827 ], [ -1.094669777921097, 41.778431254872274 ], [ -1.095613221131014, 41.779902269254237 ], [ -1.096673181728941, 41.781554871896816 ], [ -1.097112621743312, 41.783667624533713 ], [ -1.096581243265018, 41.786622748190602 ], [ -1.089934868210988, 41.792420675115686 ], [ -1.092602518694191, 41.795401051400979 ], [ -1.097241588193804, 41.79668625366152 ], [ -1.108064829176641, 41.798079132495673 ], [ -1.122054074040947, 41.800500101763845 ], [ -1.125724380791111, 41.801829678055491 ], [ -1.128522014329145, 41.801828273589571 ], [ -1.132205684534212, 41.79997358971454 ], [ -1.134150148973043, 41.80017410751551 ], [ -1.137510396186427, 41.798191654794152 ], [ -1.138321678062603, 41.796188941227065 ], [ -1.137404137717181, 41.794380169479098 ], [ -1.13249259131601, 41.788617318983135 ], [ -1.133397796094225, 41.786452465020282 ], [ -1.136298989854617, 41.786232169489125 ], [ -1.136993038211912, 41.787249970014877 ], [ -1.137949819840611, 41.788654081375334 ], [ -1.140963989377097, 41.789475312145449 ], [ -1.143321304430823, 41.788468393832979 ], [ -1.144689820290225, 41.787407514494689 ], [ -1.14673144404888, 41.786274325703999 ], [ -1.151040089588521, 41.785170777130951 ], [ -1.150158691753725, 41.788714937893822 ], [ -1.149689667078634, 41.790096295334514 ], [ -1.14868974547148, 41.790134239335259 ], [ -1.148115380846668, 41.791692098949156 ], [ -1.146403384024801, 41.793465741757565 ], [ -1.142586304697777, 41.798724185806797 ], [ -1.145331175391211, 41.799534120819025 ], [ -1.14457303467594, 41.801950000536273 ], [ -1.143462339206328, 41.804460099669186 ], [ -1.142443703202486, 41.80513712305688 ], [ -1.141820470615747, 41.80754080945281 ], [ -1.142844444377882, 41.809788269511031 ], [ -1.153724847849531, 41.809669248237938 ], [ -1.156207914556903, 41.808913782372947 ], [ -1.157818435593191, 41.806285517595114 ], [ -1.157372879142077, 41.804612177453627 ], [ -1.157457731770675, 41.803106686987064 ], [ -1.161278436352612, 41.80064333400415 ], [ -1.165263347010228, 41.798073768088507 ], [ -1.165827603751703, 41.796857856505255 ], [ -1.167684834940156, 41.797344106413426 ], [ -1.169566338577916, 41.798424474285596 ], [ -1.170722874276637, 41.799088529746193 ], [ -1.171785189096008, 41.800249232837551 ], [ -1.172069564433867, 41.802100127458409 ], [ -1.171321575226217, 41.803430177870645 ], [ -1.169005933881149, 41.804656337893405 ], [ -1.166301917236064, 41.806124468485557 ], [ -1.164066048345633, 41.807742838735464 ], [ -1.163357356133881, 41.809598545415746 ], [ -1.163320776978069, 41.811918875700819 ], [ -1.161444507432853, 41.812504048692084 ], [ -1.158767565764025, 41.812474968030386 ], [ -1.156084246686574, 41.812802597153855 ], [ -1.154547834112107, 41.815578977489935 ], [ -1.157429397485121, 41.818990592006088 ], [ -1.159246734527035, 41.821142001151522 ], [ -1.159803255051564, 41.823150355322902 ], [ -1.160466878989626, 41.823944538954962 ], [ -1.161250780764292, 41.826620241548461 ], [ -1.141794931801547, 41.851707639845856 ], [ -1.139117407126439, 41.853897820025196 ], [ -1.138325730540058, 41.855443080439578 ], [ -1.13733575419931, 41.856345673366924 ], [ -1.136950256341082, 41.858320837337452 ], [ -1.136579010766249, 41.857927472482473 ], [ -1.135828353202122, 41.861373706061165 ], [ -1.131197441026958, 41.86483785683486 ], [ -1.129146368312832, 41.870088832129198 ], [ -1.122803475338919, 41.875309574081854 ], [ -1.118605486523706, 41.878024536157625 ], [ -1.114927468166208, 41.87810831731084 ], [ -1.10675354200671, 41.880862548102314 ], [ -1.10022367402653, 41.885266817483313 ], [ -1.093467245229338, 41.886827644276792 ], [ -1.088117438135951, 41.887300665601757 ], [ -1.079543870407242, 41.886273057078618 ], [ -1.076944719591824, 41.881670557331411 ], [ -1.076800674581083, 41.87522417221907 ], [ -1.078407515977156, 41.87126581976208 ], [ -1.08062507468617, 41.869843906360465 ], [ -1.08077829711866, 41.867714314914593 ], [ -1.087067042661355, 41.863817452143067 ], [ -1.090754149647053, 41.85974412087586 ] ] ] ] } },
{ "type": "Feature", "properties": { "codatzbs": "20904", "n_zbs": "CALACEITE", "ccaa_cd": "ES24", "area": "Alcañiz" }, "geometry": { "type": "MultiPolygon", "coordinates": [ [ [ [ 0.274635205550164, 40.93673982636934 ], [ 0.267679374654917, 40.929110908198851 ], [ 0.260897038853403, 40.928591669786798 ], [ 0.254205567700145, 40.919765654071995 ], [ 0.254600388049319, 40.91209009021609 ], [ 0.248907154586719, 40.909774116100806 ], [ 0.250202789849171, 40.907386863243836 ], [ 0.253832734758331, 40.906365759475889 ], [ 0.249947094514296, 40.901684162773897 ], [ 0.250385104613919, 40.896087860255342 ], [ 0.24636000032772, 40.89266186697602 ], [ 0.246371169543255, 40.887311804492612 ], [ 0.241627584181635, 40.886895911312742 ], [ 0.23927147692716, 40.884818745111801 ], [ 0.243582163237818, 40.881482143462094 ], [ 0.250774859774285, 40.879577311925672 ], [ 0.255765911098118, 40.874645005617509 ], [ 0.253845836017147, 40.870331162065256 ], [ 0.251530371646093, 40.871504260710793 ], [ 0.227761163291246, 40.860185087477603 ], [ 0.222794517459627, 40.861485959018289 ], [ 0.221382173334474, 40.870766008246463 ], [ 0.217912992843485, 40.874096206390959 ], [ 0.210106715580352, 40.877060879777467 ], [ 0.210430684547279, 40.879096336381956 ], [ 0.201405600058653, 40.886579548128502 ], [ 0.200585348870394, 40.896392259325147 ], [ 0.195450312279456, 40.902641137161311 ], [ 0.199260894904723, 40.907813120584571 ], [ 0.190566241334193, 40.916592344030704 ], [ 0.185427881909871, 40.917635171988508 ], [ 0.179894163561285, 40.922813575685119 ], [ 0.174834338394322, 40.924763406770481 ], [ 0.173430637498968, 40.929917744282044 ], [ 0.175734530790206, 40.932150859777316 ], [ 0.175730195371996, 40.93701441676621 ], [ 0.168590229207214, 40.942182531148084 ], [ 0.168020539645775, 40.946908560725248 ], [ 0.156071546441853, 40.954396626513471 ], [ 0.159581644074467, 40.960487764210576 ], [ 0.15587210071461, 40.96366964206657 ], [ 0.153419376171687, 40.964808539374289 ], [ 0.15146761222827, 40.963493000859771 ], [ 0.120835703764951, 40.973027266759829 ], [ 0.111959675135932, 40.969502712488499 ], [ 0.110999430270914, 40.960198020465874 ], [ 0.105163351224088, 40.955329946356798 ], [ 0.083036765240709, 40.953411470742701 ], [ 0.081956633915914, 40.957259055749525 ], [ 0.078743066869286, 40.958921162888849 ], [ 0.075707301626244, 40.958020579661316 ], [ 0.072686637691624, 40.961280461177346 ], [ 0.074931998969598, 40.968182554746996 ], [ 0.064924235079778, 40.967863809609618 ], [ 0.068325736544597, 40.977158042311963 ], [ 0.054407719899827, 40.990497246436114 ], [ 0.05261150406368, 40.996903477885844 ], [ 0.044731454881874, 40.995382828734677 ], [ 0.026316155594101, 41.008062911113264 ], [ 0.020128333300773, 41.039937094865522 ], [ 0.026861391072187, 41.041759677492585 ], [ 0.037282409119639, 41.046681983333919 ], [ 0.046523965755343, 41.053336762106724 ], [ 0.049976910661818, 41.053137290974654 ], [ 0.052189709495414, 41.054933949581226 ], [ 0.051377692643168, 41.059242446460537 ], [ 0.056064455386881, 41.066404334958442 ], [ 0.055033270609299, 41.068548217635986 ], [ 0.057898689174683, 41.07516385394819 ], [ 0.072812948517594, 41.079540021699977 ], [ 0.093590492468721, 41.080217429160285 ], [ 0.117350390636213, 41.07725287523904 ], [ 0.136286971900835, 41.068011430047648 ], [ 0.144898631035696, 41.065930231495386 ], [ 0.146218027146919, 41.063156295579475 ], [ 0.168395812698943, 41.071031912852419 ], [ 0.197266571173559, 41.068081184118412 ], [ 0.22071218658816, 41.071543495152042 ], [ 0.218289832838151, 41.065802187446238 ], [ 0.219164005230606, 41.061526887321797 ], [ 0.222637372701457, 41.059313236779367 ], [ 0.229135166224993, 41.05885193182462 ], [ 0.230789582740409, 41.054734745003714 ], [ 0.220352276130718, 41.04930825162981 ], [ 0.217873500242231, 41.044343135813975 ], [ 0.221106316744871, 41.041848118259097 ], [ 0.227344082712527, 41.046806898527855 ], [ 0.233467515809276, 41.047229453313541 ], [ 0.235251532519142, 41.045522265271551 ], [ 0.230389421959584, 41.038300712579357 ], [ 0.234590116587155, 41.034697368295092 ], [ 0.242692949891675, 41.035000784549482 ], [ 0.243858206648277, 41.040317615370455 ], [ 0.246478382748596, 41.041351561933908 ], [ 0.258196085806319, 41.029564702387319 ], [ 0.264646390429504, 41.026283866134911 ], [ 0.272913815997962, 41.025607845619263 ], [ 0.280253477229424, 41.019905171043156 ], [ 0.276733411178317, 41.018222278969482 ], [ 0.262296840176364, 41.019406685732534 ], [ 0.258998841616837, 41.014744801074087 ], [ 0.262595401471251, 41.011247680660325 ], [ 0.270928981486955, 41.00954327045558 ], [ 0.275125822560287, 41.006424901240017 ], [ 0.2687272303161, 40.998924396176662 ], [ 0.273173295869349, 40.992926098123895 ], [ 0.281451165399022, 40.987277816061535 ], [ 0.281449092849401, 40.975020435632601 ], [ 0.283742955101661, 40.972874685019349 ], [ 0.291357253486914, 40.974017245594418 ], [ 0.293864519413631, 40.970676263375999 ], [ 0.284612082529478, 40.964771279828092 ], [ 0.285720577473921, 40.960533811466256 ], [ 0.281546235301775, 40.951583530415341 ], [ 0.275867255073101, 40.95084457510891 ], [ 0.276265205869241, 40.947843258572782 ], [ 0.271732838271867, 40.944342510707514 ], [ 0.274635205550164, 40.93673982636934 ] ] ] ] } },
{ "type": "Feature", "properties": { "codatzbs": "20805", "n_zbs": "CALAMOCHA", "ccaa_cd": "ES24", "area": "Teruel" }, "geometry": { "type": "MultiPolygon", "coordinates": [ [ [ [ -1.026235949111355, 40.954866298177095 ], [ -1.031214667184592, 40.934855611928128 ], [ -1.028067810762404, 40.92484839466551 ], [ -1.032153345138216, 40.920837791712493 ], [ -1.035717418782802, 40.90715296985752 ], [ -1.043808121430492, 40.899318789494259 ], [ -1.045892269912742, 40.881347810675727 ], [ -1.046253357085438, 40.854943464973019 ], [ -1.048205611404457, 40.85512062021003 ], [ -1.051206619046321, 40.855135353271365 ], [ -1.054134894287668, 40.847501258269752 ], [ -1.05438782932489, 40.837642003556297 ], [ -1.056548642653429, 40.835534583353962 ], [ -1.064368268564829, 40.834179850635643 ], [ -1.069006040197849, 40.82761888524972 ], [ -1.077323356498552, 40.822947686414047 ], [ -1.105377943070907, 40.821313217105917 ], [ -1.111571047314542, 40.823279381665884 ], [ -1.108086082893964, 40.837832890123799 ], [ -1.117519825021218, 40.846049203820641 ], [ -1.122211623823489, 40.855484751573606 ], [ -1.128271330865942, 40.861897683040191 ], [ -1.138822348879557, 40.862627011296688 ], [ -1.145749370867003, 40.871205891011101 ], [ -1.164195847672996, 40.874851888654135 ], [ -1.187146725007131, 40.887897979222267 ], [ -1.18960961208741, 40.891602810067596 ], [ -1.19097053620862, 40.889673127329765 ], [ -1.205482037647852, 40.887218470226131 ], [ -1.213522791938402, 40.885766032537006 ], [ -1.221758335367707, 40.884789299669642 ], [ -1.226106181089657, 40.885408336970521 ], [ -1.228711393476159, 40.885132908901966 ], [ -1.2305123621152, 40.885427948868333 ], [ -1.26279303968556, 40.870119064680516 ], [ -1.250446878082687, 40.831090587884802 ], [ -1.323115527594933, 40.851077585349699 ], [ -1.349408174965979, 40.851862256228898 ], [ -1.37268442831222, 40.856192564103111 ], [ -1.379037172875784, 40.8549938874635 ], [ -1.381144293368051, 40.868823618477137 ], [ -1.395966342412866, 40.892370266607664 ], [ -1.433277490262364, 40.869624830496811 ], [ -1.443340300910988, 40.85999647426236 ], [ -1.443826211230664, 40.851400361133599 ], [ -1.438820926532738, 40.84630629123469 ], [ -1.470104983164946, 40.860084361681913 ], [ -1.500693798505869, 40.865800809675072 ], [ -1.506199250416542, 40.865286763032536 ], [ -1.507845808160412, 40.860650895767947 ], [ -1.51877311738933, 40.850009185891338 ], [ -1.541041865971334, 40.840185981302419 ], [ -1.556397681774285, 40.828911905556652 ], [ -1.562470323764801, 40.831627119825072 ], [ -1.569225909757367, 40.830179691167167 ], [ -1.572952821327298, 40.831694240326307 ], [ -1.591861873480921, 40.849969763434352 ], [ -1.593320345337861, 40.853365621826292 ], [ -1.603064874139485, 40.859924870824415 ], [ -1.61994357369, 40.879594411251482 ], [ -1.625611106160626, 40.898786228600585 ], [ -1.611418889973772, 40.91437114030041 ], [ -1.607540534335295, 40.927728306382058 ], [ -1.611489400644315, 40.937666645494822 ], [ -1.617086161135241, 40.943841328775342 ], [ -1.589197932901878, 40.936324105070511 ], [ -1.583210074780825, 40.941934698882214 ], [ -1.575593814809424, 40.938687990457659 ], [ -1.557569194412178, 40.93943680621377 ], [ -1.514853590142882, 40.954757252942898 ], [ -1.507708325978913, 40.960754316234492 ], [ -1.504979968743388, 40.964232033881878 ], [ -1.472630203877293, 40.94890899482759 ], [ -1.471087175884276, 40.958112506742587 ], [ -1.446555258534042, 40.976646920416599 ], [ -1.44717542220226, 40.988212270639522 ], [ -1.45898504682554, 41.00687278155312 ], [ -1.464203787917012, 41.010518523819478 ], [ -1.471314873019915, 41.010523013196703 ], [ -1.476038794146127, 41.015044418438556 ], [ -1.45757313268793, 41.01846487386392 ], [ -1.439679884405685, 41.026276883463652 ], [ -1.4219452687766, 41.027269455814022 ], [ -1.41757372044847, 41.02504764391292 ], [ -1.415640171982783, 41.020859544706589 ], [ -1.409987567377048, 41.017529932071724 ], [ -1.395130936787284, 41.01272999127309 ], [ -1.393632755235824, 41.007826933020908 ], [ -1.390299689937413, 41.005042092140975 ], [ -1.38149335885793, 41.003396482560028 ], [ -1.379070268876325, 40.996498491684541 ], [ -1.377933619228361, 40.997275198685927 ], [ -1.376449944739453, 40.987003513003565 ], [ -1.371341667236543, 40.983004050727239 ], [ -1.373953865504014, 40.98118526434488 ], [ -1.368650499556497, 40.976444352666448 ], [ -1.368779375970861, 40.9716990622887 ], [ -1.371109335066965, 40.971191567514225 ], [ -1.373091606016069, 40.966454432777098 ], [ -1.369089953453771, 40.959570024322048 ], [ -1.365915227704235, 40.965434130713511 ], [ -1.356875300289644, 40.973439590126574 ], [ -1.354476284576851, 40.979107279601521 ], [ -1.339002587862653, 40.98424499869531 ], [ -1.328037746251049, 40.993391417868914 ], [ -1.310110985039773, 41.00219163868578 ], [ -1.299094593478075, 41.010289630225074 ], [ -1.293436627369162, 41.009737585234895 ], [ -1.289417938272529, 41.006038925629532 ], [ -1.285927006453925, 41.014102920640617 ], [ -1.279362055427497, 41.020517541359773 ], [ -1.274980050591969, 41.028468892618498 ], [ -1.26755795981276, 41.032086652424482 ], [ -1.238663798134482, 41.032098962772409 ], [ -1.231478381952289, 41.023674869946753 ], [ -1.209943564085733, 41.006804416715212 ], [ -1.186471973400446, 41.007644455738195 ], [ -1.175511684970069, 41.01701041487263 ], [ -1.168319987603042, 41.01731967768319 ], [ -1.148746838395949, 41.010872713615669 ], [ -1.14530583219865, 41.007637726875828 ], [ -1.145512364193856, 41.000696189433192 ], [ -1.137899410577311, 40.99955559296906 ], [ -1.136550652460433, 41.00564994181854 ], [ -1.123177150363322, 41.001343489904329 ], [ -1.117051369897513, 40.996838766636571 ], [ -1.105949679812748, 41.008790039077631 ], [ -1.105826454811062, 41.014751044834981 ], [ -1.096541391002723, 41.024983650701174 ], [ -1.055875342664913, 41.006001471071094 ], [ -1.05514881877201, 41.005637899442988 ], [ -1.037308471210473, 40.999786746558279 ], [ -1.02669170339447, 40.990606969569335 ], [ -1.009025091421016, 40.981962135380385 ], [ -1.010005125354478, 40.980204586916365 ], [ -1.021775825115436, 40.968544419075776 ], [ -1.026235949111355, 40.954866298177095 ] ] ] ] } },
{ "type": "Feature", "properties": { "codatzbs": "20521", "n_zbs": "CASABLANCA", "ccaa_cd": "ES24", "area": "Zaragoza II-Miguel Servet" }, "geometry": { "type": "MultiPolygon", "coordinates": [ [ [ [ -0.907252378740441, 41.619367614840613 ], [ -0.909546816208016, 41.617253918869345 ], [ -0.911578695826573, 41.618337929788659 ], [ -0.911731977695962, 41.618752920183567 ], [ -0.91145996287036, 41.619300346544833 ], [ -0.910473652021453, 41.619868478193816 ], [ -0.909404400373578, 41.620640999993775 ], [ -0.913089732392251, 41.622537132630839 ], [ -0.915057750994164, 41.623772776097191 ], [ -0.916922743860552, 41.624851236438332 ], [ -0.919762374101541, 41.626408353189717 ], [ -0.920296334002188, 41.626491690337403 ], [ -0.921795741546776, 41.627818811747254 ], [ -0.922898737390564, 41.628894665734919 ], [ -0.92403358073369, 41.630365310000037 ], [ -0.924473842164133, 41.631732378697947 ], [ -0.924494176982284, 41.632996227016086 ], [ -0.924209250367047, 41.634324908177668 ], [ -0.923758974825146, 41.635180100915889 ], [ -0.923062938801457, 41.636387387859827 ], [ -0.922904435802602, 41.63662541691707 ], [ -0.922596752253967, 41.637191129106661 ], [ -0.922362133283396, 41.637549208176111 ], [ -0.92188101019522, 41.638061195989266 ], [ -0.921337644896055, 41.638459154331748 ], [ -0.920776461037342, 41.638764389603757 ], [ -0.919933316748136, 41.639166316191535 ], [ -0.919683170206929, 41.639200945181521 ], [ -0.919278805610516, 41.639327073083166 ], [ -0.918643418057962, 41.639504959904976 ], [ -0.91821225448771, 41.639613879756197 ], [ -0.917504775877904, 41.639769830914048 ], [ -0.916888642777968, 41.639885461574458 ], [ -0.916182400200655, 41.640004621783874 ], [ -0.914362491831611, 41.640311663871678 ], [ -0.913443128278288, 41.638220891816367 ], [ -0.912799086819066, 41.636729029328507 ], [ -0.912219257274031, 41.635922205496939 ], [ -0.911569679227973, 41.635362897476561 ], [ -0.910925866915565, 41.634983073670625 ], [ -0.909005816332194, 41.634084612584395 ], [ -0.907956645250787, 41.633592810976211 ], [ -0.906313755171832, 41.632917408973277 ], [ -0.904970173555377, 41.632338451295183 ], [ -0.900263668309552, 41.630310183763541 ], [ -0.897323677820349, 41.628706514977111 ], [ -0.897675844448247, 41.628387894273644 ], [ -0.89792523414906, 41.628059270213377 ], [ -0.898357471318725, 41.626973403770286 ], [ -0.898770391983609, 41.626468809737631 ], [ -0.899275681794767, 41.626024801115712 ], [ -0.899702056844319, 41.625650130159059 ], [ -0.900319965780044, 41.62510715164359 ], [ -0.901078835544332, 41.624046839540036 ], [ -0.901385942156346, 41.6235764118247 ], [ -0.902079607797139, 41.62298661936488 ], [ -0.903218010835089, 41.622116956423561 ], [ -0.903369413180487, 41.621934984943707 ], [ -0.903931120020072, 41.621698093006991 ], [ -0.904323663026231, 41.621320555401702 ], [ -0.904640337183512, 41.620952114784359 ], [ -0.905666114103292, 41.620638297172377 ], [ -0.905885518359423, 41.620395646164489 ], [ -0.907252378740441, 41.619367614840613 ] ] ] ] } },
{ "type": "Feature", "properties": { "codatzbs": "20612", "n_zbs": "LA ALMUNIA DE DONA GODINA", "ccaa_cd": "ES24", "area": "Zaragoza III-Clinico" }, "geometry": { "type": "MultiPolygon", "coordinates": [ [ [ [ -1.302301599812729, 41.460875232561662 ], [ -1.301382054589634, 41.455736619758547 ], [ -1.292840110641784, 41.449557476967975 ], [ -1.290469260732724, 41.438632715708366 ], [ -1.279394932640379, 41.421056974298033 ], [ -1.268020882632316, 41.413635525676682 ], [ -1.261701819917175, 41.402479517493809 ], [ -1.25926110562033, 41.401595934433729 ], [ -1.286824328752759, 41.395623748223393 ], [ -1.29248671364894, 41.392708550035337 ], [ -1.296597722718395, 41.387806594342152 ], [ -1.306554104891376, 41.383441035839461 ], [ -1.316618185802145, 41.374851788519791 ], [ -1.330877825944356, 41.375554939585278 ], [ -1.334499686019084, 41.374670694864705 ], [ -1.336764587560747, 41.371190660510372 ], [ -1.349174217350057, 41.368901481192793 ], [ -1.351343560121645, 41.361591694097768 ], [ -1.347933744995478, 41.353184094501358 ], [ -1.351069962542589, 41.350644001106247 ], [ -1.35490300177422, 41.350329558443654 ], [ -1.357658546383795, 41.347225415996235 ], [ -1.368743860499821, 41.348455021137717 ], [ -1.37206755660536, 41.355140414279397 ], [ -1.38001983118007, 41.360332680863181 ], [ -1.369384200988734, 41.370207480816852 ], [ -1.36138225854808, 41.373651623273517 ], [ -1.35171068719233, 41.374732877538555 ], [ -1.356283496341478, 41.385243140538769 ], [ -1.363252705540586, 41.386324266669305 ], [ -1.37443641624689, 41.385798343472707 ], [ -1.381463143011026, 41.383132237096355 ], [ -1.390196066142553, 41.373328793169492 ], [ -1.397461109642221, 41.376943031783661 ], [ -1.397578660460151, 41.381898607156074 ], [ -1.400869459962014, 41.386204830657853 ], [ -1.398173635450376, 41.38932883328814 ], [ -1.399682076399273, 41.392196146289606 ], [ -1.405516864768563, 41.394240691003553 ], [ -1.407650165529035, 41.397990166488931 ], [ -1.411046234802006, 41.399018976960647 ], [ -1.410446568973822, 41.409882287717998 ], [ -1.412921348729204, 41.41487037509188 ], [ -1.410704696679508, 41.417451851735606 ], [ -1.418226595153903, 41.424536090246313 ], [ -1.415162738183638, 41.429961213878649 ], [ -1.417214277449998, 41.439113713480282 ], [ -1.424695008872079, 41.446548245487875 ], [ -1.439194924358106, 41.446421651551532 ], [ -1.453163212554268, 41.451032856730656 ], [ -1.44756842117821, 41.458730560872461 ], [ -1.437342671798385, 41.465734777743009 ], [ -1.424745886420642, 41.472147020765306 ], [ -1.433290205675888, 41.48285606112654 ], [ -1.444705509313647, 41.488838570903752 ], [ -1.448814312108573, 41.500882448350069 ], [ -1.44469883345378, 41.508140613492159 ], [ -1.446904666431588, 41.5080983868476 ], [ -1.44826290858573, 41.517447995984853 ], [ -1.456443922371382, 41.529222165377625 ], [ -1.459849910376403, 41.547326883690154 ], [ -1.456910007297764, 41.577163589121966 ], [ -1.450551542058276, 41.58623804132251 ], [ -1.447573689467014, 41.59235859874078 ], [ -1.44150270658362, 41.595852178959966 ], [ -1.4316350509498, 41.595555870671539 ], [ -1.430085270926496, 41.597119965396601 ], [ -1.42069103874061, 41.595613137970609 ], [ -1.41896666110869, 41.585636853924441 ], [ -1.411029271169448, 41.584969001177619 ], [ -1.408988818033604, 41.58257190386351 ], [ -1.39662804210697, 41.581796722665707 ], [ -1.379872625551566, 41.567763230571117 ], [ -1.367989792935744, 41.565280390263034 ], [ -1.338968654216428, 41.550237508044006 ], [ -1.336480344734101, 41.549084628855852 ], [ -1.33479776830609, 41.552041580070544 ], [ -1.329471288209471, 41.551216701088237 ], [ -1.327979687923339, 41.549078373357034 ], [ -1.326911246558698, 41.553314123149448 ], [ -1.322060302057338, 41.550793502571153 ], [ -1.292370535109852, 41.5358462789886 ], [ -1.279496161122116, 41.539914535973388 ], [ -1.277708609192118, 41.542220530856035 ], [ -1.268593297098713, 41.543722889475774 ], [ -1.257229675634636, 41.543208900464428 ], [ -1.232387918615927, 41.534453318219697 ], [ -1.223771706829936, 41.527790512460349 ], [ -1.216698079377215, 41.51695374222836 ], [ -1.243437289472709, 41.517716665258746 ], [ -1.249151567691002, 41.516461799722997 ], [ -1.27794740576557, 41.49887388321013 ], [ -1.28998978871674, 41.477391827734728 ], [ -1.302301599812729, 41.460875232561662 ] ] ] ] } },
{ "type": "Feature", "properties": { "codatzbs": "20622", "n_zbs": "DELICIAS SUR", "ccaa_cd": "ES24", "area": "Zaragoza III-Clinico" }, "geometry": { "type": "MultiPolygon", "coordinates": [ [ [ [ -0.899925242345301, 41.645023843976006 ], [ -0.905827757023702, 41.643071403941917 ], [ -0.90665242107591, 41.644606184507808 ], [ -0.907628340310003, 41.646424081776907 ], [ -0.908154879090876, 41.647489959242222 ], [ -0.908743146779371, 41.648724116781921 ], [ -0.909280629553099, 41.649881795084916 ], [ -0.909569984262391, 41.650692602081037 ], [ -0.910256938649543, 41.652091412579075 ], [ -0.909764116842533, 41.65220593071048 ], [ -0.908611512024288, 41.652469508417184 ], [ -0.907470720180541, 41.65273038594222 ], [ -0.906940316012794, 41.652851569324518 ], [ -0.90652307760238, 41.652964531361256 ], [ -0.906049401649675, 41.653059582422692 ], [ -0.90548090372338, 41.65319637013085 ], [ -0.904452189838612, 41.653464591577865 ], [ -0.902741311064855, 41.653910660009451 ], [ -0.902426898769496, 41.653237897231129 ], [ -0.90141772183461, 41.65104171587874 ], [ -0.900705495338985, 41.649478279494211 ], [ -0.900445133396806, 41.648906844562475 ], [ -0.90051609046047, 41.648883126516139 ], [ -0.900959441362427, 41.648735125359693 ], [ -0.901442071623635, 41.648574072573147 ], [ -0.901603450818098, 41.648520220505283 ], [ -0.901959516475076, 41.648401400122545 ], [ -0.902175510389957, 41.648260190694998 ], [ -0.901640388265776, 41.647584768821758 ], [ -0.901274604922801, 41.647036788778074 ], [ -0.900951232190031, 41.646549823284253 ], [ -0.899925242345301, 41.645023843976006 ] ] ] ] } },
{ "type": "Feature", "properties": { "codatzbs": "20516", "n_zbs": "TORRE RAMONA", "ccaa_cd": "ES24", "area": "Zaragoza II-Miguel Servet" }, "geometry": { "type": "MultiPolygon", "coordinates": [ [ [ [ -0.860770202396718, 41.645788754206357 ], [ -0.858181220456575, 41.645527045666633 ], [ -0.858325246409272, 41.644827841965125 ], [ -0.858537697923679, 41.643740411845236 ], [ -0.858028771362309, 41.643360117548504 ], [ -0.857792386680388, 41.643173430076693 ], [ -0.857511680493341, 41.643022308150464 ], [ -0.856820604358986, 41.642721594826931 ], [ -0.856593845867481, 41.64288313003901 ], [ -0.856240596423231, 41.643115018591203 ], [ -0.855529812690712, 41.64363860008455 ], [ -0.855421837412317, 41.643730324173681 ], [ -0.853729505115475, 41.643162455354251 ], [ -0.852846944597774, 41.642789343293742 ], [ -0.85148768918185, 41.642110309318142 ], [ -0.849333682589392, 41.641308636689615 ], [ -0.84701587646426, 41.639967745750759 ], [ -0.845930579958745, 41.639329569423168 ], [ -0.845200329228655, 41.6388746176127 ], [ -0.844747312722046, 41.638551568625836 ], [ -0.845382737157065, 41.637935741717662 ], [ -0.844385063529866, 41.636904779425521 ], [ -0.84165910879709, 41.635015257422488 ], [ -0.841842618665521, 41.634465855941315 ], [ -0.842053744519754, 41.633850249135634 ], [ -0.842180666032371, 41.633612618105417 ], [ -0.839407796078686, 41.632910849998687 ], [ -0.840225365864172, 41.631905116908761 ], [ -0.840908488549772, 41.630251233083932 ], [ -0.841098834297762, 41.627015989416897 ], [ -0.840916330838732, 41.625040462408002 ], [ -0.840960797028774, 41.623570330932296 ], [ -0.840395170408748, 41.622930953441568 ], [ -0.838529788251954, 41.621041175425198 ], [ -0.834963657646297, 41.619190811047723 ], [ -0.831737099885346, 41.617361690837328 ], [ -0.828196058191803, 41.615471903470997 ], [ -0.825542563839171, 41.614620586307744 ], [ -0.822666775748768, 41.614158063965782 ], [ -0.820155388588654, 41.614079616586523 ], [ -0.818098336924677, 41.614198345422189 ], [ -0.814321714478202, 41.615038267034919 ], [ -0.810707387989824, 41.615946227040524 ], [ -0.805847093197005, 41.617191101292157 ], [ -0.804423317276387, 41.61716425902469 ], [ -0.802942037835618, 41.616846040626264 ], [ -0.800680835335034, 41.616307537427481 ], [ -0.800398234127866, 41.615987728103072 ], [ -0.800478352789347, 41.613598643932747 ], [ -0.801217615735636, 41.612739811126161 ], [ -0.801083052076066, 41.611934585538457 ], [ -0.801440920147871, 41.610380431953637 ], [ -0.79824214725059, 41.608093254446956 ], [ -0.79715397610901, 41.606862195559692 ], [ -0.79590348630928, 41.605440230435178 ], [ -0.795216098050309, 41.604615231095167 ], [ -0.794637764889372, 41.603048080100102 ], [ -0.794543212425832, 41.601390838823782 ], [ -0.795799934311092, 41.601189089448241 ], [ -0.79701719330142, 41.600375237595919 ], [ -0.79807503115193, 41.598719576897352 ], [ -0.798932061518265, 41.597378136008885 ], [ -0.798150289790401, 41.595965018704746 ], [ -0.796895432139633, 41.595241000528439 ], [ -0.794426403945938, 41.593422661402222 ], [ -0.79320518937403, 41.594716637839824 ], [ -0.790129486529866, 41.592727696420354 ], [ -0.788918660021561, 41.592461156998702 ], [ -0.784333750186691, 41.593537751966629 ], [ -0.781403138563431, 41.594199171561385 ], [ -0.781465722306746, 41.596081350588776 ], [ -0.779230133890561, 41.59542531738807 ], [ -0.769834211081301, 41.597789658737682 ], [ -0.765493943339169, 41.600386553608615 ], [ -0.764493532288865, 41.600429375518175 ], [ -0.764549826571759, 41.599493752399987 ], [ -0.77476002630295, 41.59374459875805 ], [ -0.777520629863989, 41.592239009624343 ], [ -0.779807650856358, 41.591002711416181 ], [ -0.781790100997294, 41.58993004917739 ], [ -0.783999768294536, 41.588288479924614 ], [ -0.785461620352549, 41.588163584568484 ], [ -0.786149751269242, 41.587861621827308 ], [ -0.787962643825918, 41.587644340940273 ], [ -0.788960118664034, 41.58759154055619 ], [ -0.791735045581181, 41.58765843723846 ], [ -0.793588527330491, 41.587658063024428 ], [ -0.794653825244964, 41.587903666247023 ], [ -0.795883324798114, 41.588084871959246 ], [ -0.797729999415957, 41.588813840539089 ], [ -0.798867269989789, 41.589412059659082 ], [ -0.801147523472608, 41.589284610676202 ], [ -0.801591556647926, 41.590158799502113 ], [ -0.80202666909128, 41.59385992274607 ], [ -0.803497921868603, 41.594407796762113 ], [ -0.808961056645643, 41.595970225342235 ], [ -0.810639963178499, 41.595966172697786 ], [ -0.811112545358682, 41.595868140111286 ], [ -0.812946364950062, 41.595487876040529 ], [ -0.813884556177314, 41.594067777886075 ], [ -0.817766297766356, 41.593900636607692 ], [ -0.820184233631414, 41.594918634983273 ], [ -0.827429434981966, 41.596003029280972 ], [ -0.836689677802773, 41.606412490003898 ], [ -0.844259913003483, 41.61491936090097 ], [ -0.865610214146195, 41.631831519835558 ], [ -0.870061427928806, 41.633956944786462 ], [ -0.868808227517168, 41.634276548683637 ], [ -0.869056210758024, 41.6371655318774 ], [ -0.868951992134911, 41.638125939606745 ], [ -0.868940082278343, 41.639439480931934 ], [ -0.868957889799957, 41.640136735547969 ], [ -0.869087984535947, 41.641048979827076 ], [ -0.868701192183437, 41.641247319408322 ], [ -0.867843461632874, 41.641687213413249 ], [ -0.868799230144342, 41.642784878878452 ], [ -0.869315510090501, 41.643344056241304 ], [ -0.869860939567758, 41.643959577713943 ], [ -0.868236196290058, 41.644863399715355 ], [ -0.868469017207772, 41.644995038509997 ], [ -0.869029294576892, 41.645542251268729 ], [ -0.869419535497481, 41.645960685855059 ], [ -0.868690370705509, 41.645887612190663 ], [ -0.8687867234161, 41.646146138375542 ], [ -0.869312504329519, 41.646672012029093 ], [ -0.8661514115677, 41.646352397904423 ], [ -0.864193559356557, 41.646134555309871 ], [ -0.861973944863536, 41.645910437884929 ], [ -0.860770202396718, 41.645788754206357 ] ] ] ] } },
{ "type": "Feature", "properties": { "codatzbs": "20621", "n_zbs": "MARIA DE HUERVA", "ccaa_cd": "ES24", "area": "Zaragoza III-Clinico" }, "geometry": { "type": "MultiPolygon", "coordinates": [ [ [ [ -0.926241586282268, 41.605603210652781 ], [ -0.92608095674784, 41.605186027179101 ], [ -0.926482035408166, 41.604652851885206 ], [ -0.927079971469805, 41.604717688618464 ], [ -0.927402718405696, 41.604944178453223 ], [ -0.927596320942453, 41.604893664751486 ], [ -0.927931341759426, 41.605182010095596 ], [ -0.928360725951066, 41.605380281246873 ], [ -0.928833758532285, 41.605222176964169 ], [ -0.929324410154166, 41.604726403544895 ], [ -0.92964254349239, 41.60436163253997 ], [ -0.929921572749213, 41.603665625351042 ], [ -0.930060830305075, 41.603516337692803 ], [ -0.930307294794994, 41.603235789523787 ], [ -0.930838122143563, 41.603146299531566 ], [ -0.931042366876757, 41.602951839170167 ], [ -0.931092373629272, 41.602700551417989 ], [ -0.930838309689139, 41.602370265627705 ], [ -0.930265495722642, 41.602251172467753 ], [ -0.930086303188242, 41.602078948087097 ], [ -0.93000355621318, 41.601852328952738 ], [ -0.930114554488488, 41.601570600031565 ], [ -0.930355125621764, 41.601552431712008 ], [ -0.93129000080392, 41.601398135828781 ], [ -0.931732171196173, 41.601266506048923 ], [ -0.932315719764122, 41.601029291564956 ], [ -0.932921799413581, 41.60083755734788 ], [ -0.93334142639382, 41.600660504485838 ], [ -0.933895483336199, 41.600593926320172 ], [ -0.934397957713328, 41.600265194706573 ], [ -0.934806339342486, 41.59987624873321 ], [ -0.93494365181597, 41.599144663489994 ], [ -0.934995792813401, 41.598825867192595 ], [ -0.934978349041777, 41.598529695182869 ], [ -0.935068582482829, 41.598237271913469 ], [ -0.934977896050946, 41.598062012330736 ], [ -0.934733922562668, 41.598384353175192 ], [ -0.934368502276104, 41.598931677643023 ], [ -0.934212229253993, 41.599316168392164 ], [ -0.933980596253295, 41.599807390436347 ], [ -0.933578526826897, 41.599998261386183 ], [ -0.932992389351007, 41.599753553407695 ], [ -0.932718885706058, 41.599676582770066 ], [ -0.932054859428932, 41.599804221735646 ], [ -0.93115874815163, 41.5998736340227 ], [ -0.930737727215519, 41.599906592499963 ], [ -0.930213203536739, 41.599987211660874 ], [ -0.929688772434732, 41.600252451671594 ], [ -0.929196682172933, 41.60063089942583 ], [ -0.928791847719119, 41.601096391102892 ], [ -0.928272094917828, 41.601402269108348 ], [ -0.927852880623449, 41.601565845923325 ], [ -0.927213112746738, 41.60186954055812 ], [ -0.927467528326964, 41.602171334794157 ], [ -0.927834750891368, 41.602506731594424 ], [ -0.928237404095641, 41.602860698987435 ], [ -0.928593794492269, 41.603159853724861 ], [ -0.928875833276059, 41.603534199926685 ], [ -0.928929279320801, 41.603737806806059 ], [ -0.928832570140475, 41.60394772219248 ], [ -0.928711880627669, 41.604157208869047 ], [ -0.928541191479999, 41.604428822216967 ], [ -0.928347158056245, 41.604492867553653 ], [ -0.92804457429862, 41.604572998343187 ], [ -0.927894988176906, 41.604627564169846 ], [ -0.92765235614244, 41.604716069338039 ], [ -0.927480014818539, 41.604778934530088 ], [ -0.927182330868368, 41.604706035902119 ], [ -0.92713836276328, 41.604490458351094 ], [ -0.927099367082583, 41.604299256721099 ], [ -0.926869986098893, 41.604220162501221 ], [ -0.926672103839044, 41.604151928847173 ], [ -0.926556851477977, 41.603943017756485 ], [ -0.926388556082734, 41.603637957058211 ], [ -0.926327356973831, 41.603406734547761 ], [ -0.926464478511127, 41.603328574657361 ], [ -0.926770529370017, 41.603514275917966 ], [ -0.927081577307856, 41.603731535507144 ], [ -0.927306314848515, 41.603608401790929 ], [ -0.927432123349414, 41.603539471994935 ], [ -0.927633190756575, 41.603367707492197 ], [ -0.927367750651524, 41.603038668043318 ], [ -0.927282222473649, 41.602855857126421 ], [ -0.927224606201469, 41.602824439609329 ], [ -0.927131901735168, 41.602534556750676 ], [ -0.926710128181028, 41.60221619483444 ], [ -0.926300432754079, 41.601869124674224 ], [ -0.926075789516737, 41.601766788221987 ], [ -0.925526333483625, 41.601529978848269 ], [ -0.924848912211385, 41.601196710355381 ], [ -0.924400588809083, 41.600895567507067 ], [ -0.923982890806744, 41.601198731701452 ], [ -0.923596203301624, 41.601470949627824 ], [ -0.92321767525077, 41.601788591576799 ], [ -0.922983378599877, 41.602058810283914 ], [ -0.922866649435688, 41.602331390442622 ], [ -0.922667579909204, 41.602737611409928 ], [ -0.92239079684367, 41.602948749511832 ], [ -0.922037191299503, 41.603311630426113 ], [ -0.921661248629352, 41.603435419259391 ], [ -0.921202734167707, 41.603328035512142 ], [ -0.921047045497545, 41.603122197264348 ], [ -0.920856236230464, 41.602533716485546 ], [ -0.920934861385497, 41.602075329592004 ], [ -0.921013489990097, 41.601374685420467 ], [ -0.921389233209694, 41.600323232218322 ], [ -0.921657684967218, 41.599810181010604 ], [ -0.921604368485815, 41.599228333430304 ], [ -0.921629000143465, 41.598647854997189 ], [ -0.921480619687996, 41.598410949694127 ], [ -0.921349129253911, 41.598021328685142 ], [ -0.921130720139358, 41.59772468006696 ], [ -0.920843548509093, 41.597512303639171 ], [ -0.920341300417673, 41.596899788833738 ], [ -0.919659567695152, 41.596644221547869 ], [ -0.918794536010514, 41.596308835198194 ], [ -0.918310118695335, 41.596074911147774 ], [ -0.917929403055304, 41.595728828801022 ], [ -0.917862994354732, 41.595427321660701 ], [ -0.917655287004704, 41.595171368361989 ], [ -0.917084806592148, 41.594629686296258 ], [ -0.916455374423713, 41.594067762987251 ], [ -0.916016849798156, 41.593515980275711 ], [ -0.915288113489904, 41.592864358953513 ], [ -0.914675691401632, 41.592393683012517 ], [ -0.913990038960976, 41.591866714586573 ], [ -0.913452624971294, 41.591366425356796 ], [ -0.913279697200689, 41.590962464316192 ], [ -0.912677239705269, 41.590856948984388 ], [ -0.911994113078519, 41.590277114337383 ], [ -0.911628589441908, 41.58989220664197 ], [ -0.911111786595932, 41.589549575739447 ], [ -0.910564474052893, 41.58927533148475 ], [ -0.90968631791287, 41.588735946954287 ], [ -0.908669620253509, 41.588200870715625 ], [ -0.907928653849648, 41.587749894813761 ], [ -0.907640232286966, 41.587459897944676 ], [ -0.907145684855822, 41.587171698508371 ], [ -0.906632656719227, 41.586711984630526 ], [ -0.906393584863671, 41.586315881608328 ], [ -0.906304847664854, 41.585862424067827 ], [ -0.906678313584996, 41.58511418551435 ], [ -0.906897692691625, 41.584451675134353 ], [ -0.906609704155043, 41.583897007571686 ], [ -0.906481516212853, 41.583221965327894 ], [ -0.906224229355174, 41.582462451528841 ], [ -0.906537954697214, 41.582054438646125 ], [ -0.906838237776467, 41.58128027611118 ], [ -0.90728174355602, 41.580919077657938 ], [ -0.907751209395964, 41.58031070182264 ], [ -0.908314171843132, 41.579965180202151 ], [ -0.90912019622793, 41.579520523706456 ], [ -0.909845772327511, 41.578966309246816 ], [ -0.91054520027995, 41.578479158857149 ], [ -0.910943685653271, 41.578211696784081 ], [ -0.911114565188547, 41.577670626192337 ], [ -0.911472084913309, 41.577248602778532 ], [ -0.911534191441032, 41.576603918762373 ], [ -0.911394820354088, 41.575907446576316 ], [ -0.911295467723504, 41.57541095111101 ], [ -0.911199042477506, 41.574928912107247 ], [ -0.91140982500055, 41.574355179347883 ], [ -0.911684897282356, 41.573911661065587 ], [ -0.912016701686235, 41.573376684733041 ], [ -0.912341096353484, 41.572986222622902 ], [ -0.91284255689574, 41.572750464683416 ], [ -0.913632047426043, 41.57237928259449 ], [ -0.914556729845449, 41.572064144731556 ], [ -0.915087266270307, 41.571883329652792 ], [ -0.915761158732099, 41.570592567332163 ], [ -0.916633743281846, 41.568921145695398 ], [ -0.926619803305663, 41.572082644208237 ], [ -0.936334416721492, 41.580262547042345 ], [ -0.94225423529238, 41.573260104699926 ], [ -0.948287710414186, 41.566817643137512 ], [ -0.946039934244713, 41.565032687936792 ], [ -0.948371279890821, 41.562857583715072 ], [ -0.945796063901473, 41.555250886017816 ], [ -0.947049484368607, 41.552643259010843 ], [ -0.937216117458853, 41.543327836967812 ], [ -0.937498990647538, 41.540325531857228 ], [ -0.933803682583078, 41.536525843411781 ], [ -0.938134847834452, 41.536744075436005 ], [ -0.94419538524808, 41.53128359001191 ], [ -0.942245570052833, 41.522462970013983 ], [ -0.945171577251465, 41.517209886306141 ], [ -0.927572960205045, 41.503871457446969 ], [ -0.91662504244165, 41.498433585316413 ], [ -0.917374370732111, 41.486462981670805 ], [ -0.91570685963812, 41.480698939561535 ], [ -0.919992756327456, 41.472471906268545 ], [ -0.914336304525294, 41.458985874505856 ], [ -0.92206068007146, 41.439977950980655 ], [ -0.924693348045292, 41.426193938582813 ], [ -0.920015694787689, 41.421494424047786 ], [ -0.922071230762313, 41.416055770426354 ], [ -0.919356879434163, 41.408571986934454 ], [ -0.91550764255157, 41.406560729108868 ], [ -0.917210900446998, 41.402862658740332 ], [ -0.922492289745344, 41.40051142908613 ], [ -0.927091721992318, 41.399945965497515 ], [ -0.930883173520812, 41.398077800158163 ], [ -0.934569341738219, 41.396883112139029 ], [ -0.937806217681079, 41.39665301891138 ], [ -0.943180391567368, 41.396542142873301 ], [ -0.947892408123812, 41.395806715553533 ], [ -0.951727492711334, 41.394046693666276 ], [ -0.954097188556645, 41.393620542123983 ], [ -0.956711160259227, 41.392649247281966 ], [ -0.959272675517309, 41.390728022115852 ], [ -0.98257890033713, 41.402047839284158 ], [ -0.993734557373502, 41.402999486276016 ], [ -1.001057901554305, 41.404487032337727 ], [ -1.007366869045341, 41.403164428741412 ], [ -1.02198250820396, 41.396553475490236 ], [ -1.044859854228344, 41.379957436385304 ], [ -1.067009723066903, 41.374612329600374 ], [ -1.084866677091582, 41.374055331035031 ], [ -1.100384667784302, 41.382364881284772 ], [ -1.111653955138798, 41.38553177142277 ], [ -1.114763394083104, 41.390914917713594 ], [ -1.112771033800759, 41.395286674351468 ], [ -1.116849961240293, 41.396938793155321 ], [ -1.120353003794666, 41.404471904696059 ], [ -1.133221978094054, 41.417534450683 ], [ -1.13371367320317, 41.422090927584129 ], [ -1.147538675105523, 41.424476114582085 ], [ -1.169532440971518, 41.433033657519019 ], [ -1.175000738885852, 41.450161702724522 ], [ -1.173880106742214, 41.452981157209621 ], [ -1.169983526790362, 41.454036031752771 ], [ -1.166504427935058, 41.458114772992253 ], [ -1.161280921020839, 41.467128414183883 ], [ -1.162665457495969, 41.469834601793579 ], [ -1.160640865198477, 41.472828574844421 ], [ -1.172834184879034, 41.478292027356751 ], [ -1.178967702253314, 41.487648440372574 ], [ -1.18421645251663, 41.489712923241612 ], [ -1.189281293213151, 41.497962106638049 ], [ -1.192536534989298, 41.499805693403026 ], [ -1.190583623889597, 41.503251561652512 ], [ -1.191561556242026, 41.508581011937935 ], [ -1.187861904200879, 41.514062036337435 ], [ -1.168919983579848, 41.524561106637194 ], [ -1.164480752045511, 41.525147863391673 ], [ -1.161880433149496, 41.533599749210573 ], [ -1.156493223154625, 41.54179978946604 ], [ -1.151883050567648, 41.543716228087597 ], [ -1.144417419215865, 41.541920766594387 ], [ -1.138615812212989, 41.53395499985632 ], [ -1.125752495504482, 41.531097999285691 ], [ -1.127561163244711, 41.523660806315682 ], [ -1.129537229012223, 41.523710983681418 ], [ -1.127831385208814, 41.516783947815597 ], [ -1.122495592806053, 41.511914377714177 ], [ -1.120149516636081, 41.50603053000264 ], [ -1.114303509396753, 41.504340639592556 ], [ -1.09390981772281, 41.487233597902168 ], [ -1.077804989036848, 41.480552569899004 ], [ -1.072755574834445, 41.489682064358156 ], [ -1.059917820278966, 41.499202539752389 ], [ -1.052044187543566, 41.503680856938345 ], [ -1.057562845332641, 41.509448529415081 ], [ -1.04840003795985, 41.521290384584638 ], [ -1.039909404198049, 41.527829036986738 ], [ -1.055068722930951, 41.538714490533991 ], [ -1.065730708783221, 41.534931406137304 ], [ -1.069925869211321, 41.536551037380129 ], [ -1.070961429374565, 41.532362300717892 ], [ -1.073494061562526, 41.533458530120399 ], [ -1.074145989365946, 41.531280801590221 ], [ -1.07878123862247, 41.533826256542021 ], [ -1.076631471737214, 41.537203812263463 ], [ -1.080156861298784, 41.53675837573514 ], [ -1.076599770317038, 41.540697919287709 ], [ -1.079803503542489, 41.541003707324258 ], [ -1.08331444312293, 41.537810884961992 ], [ -1.084303462197257, 41.538827100632282 ], [ -1.087582263893712, 41.537395516670678 ], [ -1.087971993821736, 41.539221359250647 ], [ -1.083421898219084, 41.541883720870004 ], [ -1.087332798507228, 41.542606310227313 ], [ -1.08741579154438, 41.544670272578642 ], [ -1.091378234466811, 41.544871204892445 ], [ -1.093369406758194, 41.542796640849389 ], [ -1.094995675088097, 41.544570922799167 ], [ -1.099848724608108, 41.54465124486714 ], [ -1.095200093600993, 41.546591867381665 ], [ -1.095054811937943, 41.548273743394105 ], [ -1.103940206157098, 41.5502850293908 ], [ -1.101547645725891, 41.552145942043069 ], [ -1.08546074321031, 41.552014207773006 ], [ -1.092356268034829, 41.555641491401957 ], [ -1.085374107352168, 41.555759623326423 ], [ -1.084867143153332, 41.55749849247173 ], [ -1.077315595627491, 41.554166047613705 ], [ -1.083391410398794, 41.560365104359441 ], [ -1.084874959282888, 41.565352527647882 ], [ -1.077353186822557, 41.565434070007747 ], [ -1.073640581841046, 41.560418222153722 ], [ -1.075184478397663, 41.564560138236381 ], [ -1.07276676971659, 41.567626946032632 ], [ -1.071279203815854, 41.568448634817706 ], [ -1.065906343258501, 41.565629329474866 ], [ -1.066960803105218, 41.56968207000233 ], [ -1.060349830371367, 41.570570420289627 ], [ -1.062038414550034, 41.574264700719965 ], [ -1.055875266299939, 41.573800334322854 ], [ -1.062106250159514, 41.578012594741921 ], [ -1.062300082241342, 41.581159193240289 ], [ -1.05733724933876, 41.583047933704265 ], [ -1.056155776411336, 41.582046156567941 ], [ -1.052065462230329, 41.588020427388329 ], [ -1.043108813627817, 41.589444482368854 ], [ -1.042034804909261, 41.587273581960993 ], [ -1.036274659922814, 41.587328389638145 ], [ -1.036455871290332, 41.587194004156252 ], [ -1.036474455232363, 41.586978139740381 ], [ -1.036499257886201, 41.586753414505338 ], [ -1.03621518572783, 41.585935346984215 ], [ -1.035991086498699, 41.585312628106919 ], [ -1.035440437303495, 41.584681799239753 ], [ -1.034725046960929, 41.583948430673551 ], [ -1.034557923905629, 41.583266903093708 ], [ -1.034525268950544, 41.58242346858097 ], [ -1.034426858997428, 41.581516618302125 ], [ -1.033965269567469, 41.579928035487576 ], [ -1.033441263882155, 41.579801977535226 ], [ -1.032976065273131, 41.579519338157461 ], [ -1.032705411044519, 41.579149925020872 ], [ -1.032553574178457, 41.57821071687129 ], [ -1.032009404288164, 41.577579865124513 ], [ -1.031048948902943, 41.576424039634198 ], [ -1.029775402416997, 41.575902329855346 ], [ -1.02765549585743, 41.574618573208625 ], [ -1.026259584045698, 41.573783972252642 ], [ -1.024521647327149, 41.572957052127194 ], [ -1.022848105750923, 41.572185204155254 ], [ -1.020399100678915, 41.571080215735243 ], [ -1.018852073034807, 41.570292503209025 ], [ -1.01703443756467, 41.569233874615449 ], [ -1.015451799290081, 41.567554349379037 ], [ -1.012888166249353, 41.565897831048261 ], [ -1.010744776828404, 41.564617837311282 ], [ -1.007887212771059, 41.562849412633902 ], [ -1.006368890371717, 41.561650852885137 ], [ -1.004296032272793, 41.560007842578152 ], [ -1.001981446054001, 41.55829171458921 ], [ -0.999954237774786, 41.556954956494529 ], [ -0.997608798837683, 41.555635153260241 ], [ -0.994665785263127, 41.554255386690116 ], [ -0.989753258480775, 41.551913233171234 ], [ -0.986825773975941, 41.550529117600711 ], [ -0.985151627827808, 41.549776532947241 ], [ -0.983391109479465, 41.548973735622582 ], [ -0.982144317493731, 41.548393460765361 ], [ -0.982172985319784, 41.547844569910787 ], [ -0.98181249500318, 41.547953451198303 ], [ -0.980748045021933, 41.548558072665124 ], [ -0.979001002367188, 41.549572184408206 ], [ -0.976934917991034, 41.550877796781386 ], [ -0.976098068866186, 41.552092541847465 ], [ -0.97461436116085, 41.554640016459807 ], [ -0.973565605082521, 41.55644055711069 ], [ -0.972414659847366, 41.55816557597548 ], [ -0.970336176246739, 41.560209363759242 ], [ -0.96954119253489, 41.561074841414246 ], [ -0.967972656430132, 41.562665548160915 ], [ -0.966559337448707, 41.564015464777206 ], [ -0.964457139309187, 41.566419042498367 ], [ -0.962928022310324, 41.568517501100104 ], [ -0.962007252232129, 41.570338499525064 ], [ -0.961149402222307, 41.572457903775828 ], [ -0.96024539830774, 41.574504366247226 ], [ -0.959219804774617, 41.576030756377584 ], [ -0.957429555460481, 41.578298553850054 ], [ -0.955973264571866, 41.579974931990449 ], [ -0.954281056116721, 41.582202520896686 ], [ -0.953094179493353, 41.583509852937425 ], [ -0.950575078160822, 41.586050600396177 ], [ -0.94421999293944, 41.591547459650521 ], [ -0.940890490495441, 41.594572546551646 ], [ -0.938073534443844, 41.597129428336089 ], [ -0.937229098578323, 41.598056841893602 ], [ -0.937126622237796, 41.599170425384237 ], [ -0.936865054374731, 41.600223941758273 ], [ -0.936599122545627, 41.600849670255599 ], [ -0.935549167465029, 41.602031312836665 ], [ -0.934945123491789, 41.602670782642974 ], [ -0.933641260497524, 41.604047858898937 ], [ -0.931987289489074, 41.605675303043739 ], [ -0.930384254578607, 41.607209050095101 ], [ -0.929486158216029, 41.608084517174198 ], [ -0.928859830485728, 41.608667507069697 ], [ -0.928057568364938, 41.609414237628371 ], [ -0.927713227170209, 41.609176700974359 ], [ -0.927593714089217, 41.608721410434725 ], [ -0.927124079581626, 41.60802388912704 ], [ -0.92695391974433, 41.607340826594445 ], [ -0.927278363955857, 41.606765781668393 ], [ -0.927227899982758, 41.606467640815659 ], [ -0.92682889860948, 41.606374854635057 ], [ -0.926241586282268, 41.605603210652781 ] ] ] ] } },
{ "type": "Feature", "properties": { "codatzbs": "20213", "n_zbs": "MONZON URBANA", "ccaa_cd": "ES24", "area": "Barbastro" }, "geometry": { "type": "MultiPolygon", "coordinates": [ [ [ [ 0.160358718758328, 41.93513053922166 ], [ 0.162647624121995, 41.937030565781974 ], [ 0.168410804097464, 41.935772916142739 ], [ 0.171145527377771, 41.945684139306003 ], [ 0.183583889704189, 41.955893741506522 ], [ 0.188304499406606, 41.949675048154603 ], [ 0.198258122329599, 41.947777044760421 ], [ 0.19985717959295, 41.94983960172911 ], [ 0.202658320921218, 41.949167104779704 ], [ 0.203486220853838, 41.951485318408906 ], [ 0.211493549092129, 41.949748550195089 ], [ 0.221268350074458, 41.955561981187863 ], [ 0.222515778942077, 41.953266641196564 ], [ 0.224396247534493, 41.953474888302289 ], [ 0.215235513528775, 41.943799341412998 ], [ 0.220470106908404, 41.938762650970482 ], [ 0.229717665052691, 41.935116634743729 ], [ 0.226616720742804, 41.928873260786503 ], [ 0.226018472529232, 41.915075798431381 ], [ 0.225355183809554, 41.898764938727894 ], [ 0.226824154900013, 41.890203945456875 ], [ 0.213922114859911, 41.882401342031471 ], [ 0.19103960082198, 41.877596862569504 ], [ 0.187695726331184, 41.87721650735962 ], [ 0.169880868438948, 41.885164919497818 ], [ 0.166536013653759, 41.887978957769782 ], [ 0.166957314750015, 41.893292178033278 ], [ 0.1681452561428, 41.901305886919658 ], [ 0.169029648668748, 41.906369597330375 ], [ 0.165941503156723, 41.911188084369812 ], [ 0.153255313566469, 41.914140858896424 ], [ 0.150925364298278, 41.9247362526229 ], [ 0.152065935093827, 41.931804694854115 ], [ 0.157094299457943, 41.934151363682886 ], [ 0.160358718758328, 41.93513053922166 ] ] ] ] } },
{ "type": "Feature", "properties": { "codatzbs": "20808", "n_zbs": "MONREAL DEL CAMPO", "ccaa_cd": "ES24", "area": "Teruel" }, "geometry": { "type": "MultiPolygon", "coordinates": [ [ [ [ -1.381144293368054, 40.868823618477229 ], [ -1.379037172875726, 40.854993887463543 ], [ -1.372684428312149, 40.856192564103246 ], [ -1.349408174966007, 40.851862256228898 ], [ -1.323115527594919, 40.851077585349699 ], [ -1.250446878082705, 40.831090587884923 ], [ -1.262793039685528, 40.870119064680559 ], [ -1.230512362115222, 40.88542794886839 ], [ -1.228711393476132, 40.885132908902058 ], [ -1.226106181089656, 40.885408336970656 ], [ -1.221758335367757, 40.884789299669727 ], [ -1.213522791938453, 40.885766032537056 ], [ -1.205482037647881, 40.88721847022623 ], [ -1.190970536208618, 40.889673127329836 ], [ -1.189609612087385, 40.891602810067674 ], [ -1.18714672500714, 40.88789797922233 ], [ -1.164195847672952, 40.874851888654128 ], [ -1.145749370867046, 40.871205891011122 ], [ -1.138822348879583, 40.862627011296752 ], [ -1.128271330865923, 40.861897683040198 ], [ -1.122211623823543, 40.855484751573577 ], [ -1.117519825021292, 40.846049203820641 ], [ -1.108086082893946, 40.837832890123934 ], [ -1.111571047314587, 40.823279381665884 ], [ -1.122546349458156, 40.806640974002448 ], [ -1.121179469041627, 40.798781877292868 ], [ -1.127447598765458, 40.793964540690411 ], [ -1.137724341946597, 40.789799282525834 ], [ -1.146226381584742, 40.785558210811665 ], [ -1.14354512591913, 40.77800251897321 ], [ -1.143457932166566, 40.760282588613002 ], [ -1.153889179758136, 40.75406339883483 ], [ -1.162382739537744, 40.743731735974421 ], [ -1.176681688405286, 40.743598245236257 ], [ -1.190216571138856, 40.738451602264817 ], [ -1.200604834454618, 40.738370904237968 ], [ -1.213955060400975, 40.735587646291158 ], [ -1.232702261364104, 40.724823462157161 ], [ -1.227712984858812, 40.716954964937479 ], [ -1.228710026854089, 40.710160231661035 ], [ -1.225349767515549, 40.699398057034323 ], [ -1.229913699528852, 40.69018983593444 ], [ -1.236461071573483, 40.686038214695351 ], [ -1.246866428278047, 40.68228720694696 ], [ -1.250042254815183, 40.684821669308867 ], [ -1.26030736569596, 40.682787874698398 ], [ -1.266542158222608, 40.689682764909556 ], [ -1.269972985792114, 40.690184644538107 ], [ -1.316280254752836, 40.686914884307804 ], [ -1.319932493583408, 40.686148439374726 ], [ -1.321707205962256, 40.688047930005112 ], [ -1.329355806775504, 40.686474350961518 ], [ -1.330817170006038, 40.690981537740356 ], [ -1.340926973556269, 40.687515047329939 ], [ -1.338309158936883, 40.681423877976371 ], [ -1.352789901384354, 40.674325851188385 ], [ -1.348037386795946, 40.664105703515006 ], [ -1.391411955492302, 40.659898854596371 ], [ -1.406353955766374, 40.648386407338542 ], [ -1.414921995079538, 40.644666812085106 ], [ -1.432329094906364, 40.668974526597687 ], [ -1.429439576086208, 40.670610801373087 ], [ -1.437735913278731, 40.683909291420349 ], [ -1.438472704183642, 40.684020926405928 ], [ -1.441103211689257, 40.683906556514373 ], [ -1.444419938544107, 40.681847898466479 ], [ -1.449795323447002, 40.680932939334213 ], [ -1.458830544879276, 40.675100074865156 ], [ -1.458601805096237, 40.67464259529909 ], [ -1.459974243794763, 40.674070745841355 ], [ -1.459516764228624, 40.672583937251162 ], [ -1.460317353469464, 40.671554608227176 ], [ -1.461804162059596, 40.671668978118724 ], [ -1.461689792167988, 40.669495950179261 ], [ -1.462261641625731, 40.668695360938479 ], [ -1.460774833035714, 40.666751072782041 ], [ -1.461804162059595, 40.665378634083567 ], [ -1.467865766311723, 40.663891825493351 ], [ -1.467980136203157, 40.662061907228626 ], [ -1.471754342624428, 40.658516440590709 ], [ -1.475414179153979, 40.657258371783684 ], [ -1.478845275900436, 40.658745180373714 ], [ -1.48124704362284, 40.658287700807527 ], [ -1.486393688742694, 40.660460728746962 ], [ -1.489367305922897, 40.660117619072437 ], [ -1.493370252127096, 40.661375687879477 ], [ -1.493370252127096, 40.66046072874699 ], [ -1.496801348873664, 40.653369795471107 ], [ -1.501147404752507, 40.6549709739528 ], [ -1.505264720848197, 40.658287700807605 ], [ -1.509267667052508, 40.657830221241547 ], [ -1.51395683260594, 40.658745180373828 ], [ -1.517959778810138, 40.658058961024601 ], [ -1.530883576555174, 40.660003249180903 ], [ -1.539118208746779, 40.657715851349963 ], [ -1.539232578638215, 40.658973920157102 ], [ -1.539003838855174, 40.669152840504978 ], [ -1.540719387228402, 40.681276049009035 ], [ -1.538431989397432, 40.684821515647037 ], [ -1.536373331349502, 40.685965214562515 ], [ -1.535915851783422, 40.686994543586451 ], [ -1.53808887972273, 40.68905320163438 ], [ -1.538038911950574, 40.689540387413246 ], [ -1.543110344179223, 40.697324572515619 ], [ -1.552971451229709, 40.705988432665833 ], [ -1.552241860111607, 40.709069119061049 ], [ -1.553767648816049, 40.715691306755787 ], [ -1.558506736445327, 40.719371895134955 ], [ -1.561653028026105, 40.739859914839371 ], [ -1.554939219260621, 40.750189479652633 ], [ -1.5395442913978, 40.760841560605328 ], [ -1.539855413271921, 40.763944310038866 ], [ -1.54262227369547, 40.768537397507828 ], [ -1.541768647900012, 40.777228525533296 ], [ -1.538962083344286, 40.780931361029246 ], [ -1.540611758440474, 40.785149991879081 ], [ -1.538880789114939, 40.792749035479986 ], [ -1.541970733633646, 40.811326843523226 ], [ -1.544316227253077, 40.816301896589806 ], [ -1.552991202955515, 40.823590476065803 ], [ -1.556397681774219, 40.828911905556659 ], [ -1.541041865971338, 40.840185981302461 ], [ -1.518773117389264, 40.850009185891317 ], [ -1.507845808160343, 40.860650895767947 ], [ -1.50619925041653, 40.865286763032593 ], [ -1.500693798505863, 40.865800809675171 ], [ -1.470104983164914, 40.860084361681899 ], [ -1.438820926532737, 40.846306291234725 ], [ -1.443826211230654, 40.851400361133607 ], [ -1.443340300910959, 40.859996474262459 ], [ -1.433277490262291, 40.869624830496853 ], [ -1.395966342412889, 40.892370266607607 ], [ -1.381144293368054, 40.868823618477229 ] ] ] ] } },
{ "type": "Feature", "properties": { "codatzbs": "20206", "n_zbs": "BERBEGAL", "ccaa_cd": "ES24", "area": "Barbastro" }, "geometry": { "type": "MultiPolygon", "coordinates": [ [ [ [ 0.106567291322361, 41.98150941096501 ], [ 0.103458931548214, 41.969454464642837 ], [ 0.10844604856349, 41.96778846335274 ], [ 0.106676983862981, 41.96317169643082 ], [ 0.088652397250763, 41.957967110763725 ], [ 0.085500170174811, 41.953153054624295 ], [ 0.077957049581271, 41.933543914931136 ], [ 0.083529294546005, 41.930800708236838 ], [ 0.089963561830418, 41.919947221790146 ], [ 0.086740428270578, 41.906120719840665 ], [ 0.071138476598081, 41.912600016651815 ], [ 0.062099931855362, 41.907636479786987 ], [ 0.048683293742596, 41.88638983841625 ], [ 0.044167721993349, 41.884438453909361 ], [ 0.033224475490851, 41.884422066948076 ], [ 0.026225943858282, 41.867901777463302 ], [ 0.027378163593996, 41.860919119612682 ], [ 0.031880915969805, 41.857549192600892 ], [ 0.032362006361372, 41.851673924341 ], [ 0.024326396604824, 41.847806514838979 ], [ 0.034888562330709, 41.836081644984276 ], [ 0.026683762669347, 41.830886038553039 ], [ 0.017201277271363, 41.830496297086476 ], [ 0.013424931634608, 41.833414310183151 ], [ 0.010594888994517, 41.831354259953109 ], [ 0.005442031859783, 41.831885576489626 ], [ 0.000380974866018, 41.825362907427213 ], [ -0.003193362278745, 41.822817665691304 ], [ -0.008308816162984, 41.823104192717679 ], [ -0.014292860073094, 41.816622917045322 ], [ -0.03640800554389, 41.816349577976411 ], [ -0.037606389146745, 41.825602264095657 ], [ -0.030496673332445, 41.83093899375978 ], [ -0.030095242934849, 41.833630269807415 ], [ -0.052786250987392, 41.846904055673988 ], [ -0.051563005816263, 41.852816366534114 ], [ -0.049414410113691, 41.852653096584127 ], [ -0.051320163619222, 41.860455830560582 ], [ -0.054484937450899, 41.861842920303062 ], [ -0.061131002111958, 41.85719533051779 ], [ -0.062568749286934, 41.858682106376172 ], [ -0.059225602888397, 41.86407183371827 ], [ -0.071672440909791, 41.872999426355648 ], [ -0.07943927326534, 41.876277280089198 ], [ -0.093125900629017, 41.877381312384252 ], [ -0.108412847668126, 41.88201822903757 ], [ -0.115154764566804, 41.886447515626507 ], [ -0.111387029858369, 41.889288581350009 ], [ -0.109314978283654, 41.894342514962382 ], [ -0.113908552881936, 41.895115602384799 ], [ -0.111513949463143, 41.900638746347376 ], [ -0.118619202086, 41.905077067979605 ], [ -0.12487678976805, 41.912573621916358 ], [ -0.122378819367197, 41.919058060646016 ], [ -0.125902607299783, 41.921947087152034 ], [ -0.125800788148677, 41.924484036935439 ], [ -0.124603951811058, 41.928038338624624 ], [ -0.12061682442255, 41.929811473117098 ], [ -0.123423759729997, 41.93309684250719 ], [ -0.119487497364307, 41.935609693558341 ], [ -0.118536078444613, 41.939593259486742 ], [ -0.121091576377453, 41.94177373574859 ], [ -0.122152975119237, 41.948473455416824 ], [ -0.127596372315985, 41.952707369879228 ], [ -0.130285602164265, 41.956494007882512 ], [ -0.129060843034582, 41.960930001989276 ], [ -0.123436827316357, 41.964175215068067 ], [ -0.117559893553311, 41.971412229520787 ], [ -0.120792439043961, 41.973321515468477 ], [ -0.120938926163936, 41.97756681562894 ], [ -0.122855780777894, 41.984044780861801 ], [ -0.12060712375855, 41.985195114400923 ], [ -0.120954908120198, 41.987653376714441 ], [ -0.142645616790624, 41.988204761898871 ], [ -0.168285382728732, 41.981645116692675 ], [ -0.170174716282426, 41.985041834654965 ], [ -0.186215654435278, 41.989984207587597 ], [ -0.189713969824303, 41.997166320236275 ], [ -0.186369657259996, 42.000182232872447 ], [ -0.168987024386599, 42.006652769306356 ], [ -0.166285969355718, 42.009017507972906 ], [ -0.168199578658816, 42.011334141159487 ], [ -0.126402452981902, 42.02028164873996 ], [ -0.124466165930144, 42.016351751147148 ], [ -0.122998751624013, 42.021844337289899 ], [ -0.11852216717383, 42.022821570251324 ], [ -0.118506870299827, 42.025297715809948 ], [ -0.11945817056065, 42.028302433623409 ], [ -0.116357858800673, 42.029818428432336 ], [ -0.122149734236006, 42.040653333386715 ], [ -0.128048943008743, 42.042980535067812 ], [ -0.129777951856873, 42.050192113618223 ], [ -0.127957474140288, 42.054658316233578 ], [ -0.114939479206297, 42.054214408698044 ], [ -0.117399439399391, 42.065271863759122 ], [ -0.114539880498917, 42.068901213041414 ], [ -0.104887581746602, 42.070927264875905 ], [ -0.100691767329437, 42.066453639770074 ], [ -0.099747044036263, 42.061990105972505 ], [ -0.096874808722855, 42.059783136879474 ], [ -0.092624453388197, 42.037999498456223 ], [ -0.070527925406254, 42.034618439241655 ], [ -0.066040222609025, 42.031342839732552 ], [ -0.053503640882941, 42.027131174517301 ], [ -0.048936835418115, 42.037595061699868 ], [ -0.042504971812836, 42.034061329125123 ], [ -0.030922565222815, 42.019758681488668 ], [ -0.024743455462334, 42.021480729895785 ], [ -0.013170590700274, 42.032373517708542 ], [ 0.015868801226743, 42.042608980590281 ], [ 0.0202575606295, 42.037837691237563 ], [ 0.031370844352958, 42.03325799273793 ], [ 0.045760898668878, 42.033840242534346 ], [ 0.049860702861142, 42.03166903706996 ], [ 0.043407064183293, 42.023249486729391 ], [ 0.037697743580035, 42.02027602873958 ], [ 0.042568601469683, 42.01706708569597 ], [ 0.053967439320557, 42.013008841977452 ], [ 0.066862946865298, 42.006207876091672 ], [ 0.073637610991773, 42.005729392228602 ], [ 0.078735517613039, 42.001783376782853 ], [ 0.077775428586965, 41.996144890624656 ], [ 0.086414552318038, 41.991058865754496 ], [ 0.091494346568534, 41.990516802738277 ], [ 0.097066330232914, 41.983450374239048 ], [ 0.106567291322361, 41.98150941096501 ] ] ] ] } },
{ "type": "Feature", "properties": { "codatzbs": "20620", "n_zbs": "HERRERA DE LOS NAVARROS", "ccaa_cd": "ES24", "area": "Zaragoza III-Clinico" }, "geometry": { "type": "MultiPolygon", "coordinates": [ [ [ [ -0.954048379609522, 41.188869966382065 ], [ -0.969081224655101, 41.163879964472905 ], [ -0.972057248717976, 41.153565052389325 ], [ -0.983902373034025, 41.139190319283294 ], [ -0.995256367935897, 41.11925731296008 ], [ -1.000215260762801, 41.114812877715387 ], [ -0.998234229908585, 41.095340660007849 ], [ -0.989226811340434, 41.091247546654195 ], [ -0.981444702644923, 41.092273401781171 ], [ -0.963400311799456, 41.082858317476727 ], [ -0.956896638640344, 41.076456045630401 ], [ -0.959124141761531, 41.074477853393432 ], [ -0.958449855324578, 41.067034833546643 ], [ -0.961003668559395, 41.06411671419383 ], [ -0.957985799259943, 41.06164923711075 ], [ -0.959731861375418, 41.056365839169317 ], [ -0.956818166517358, 41.046316079263192 ], [ -0.961821984459567, 41.034532975825684 ], [ -0.965569122172491, 41.032986852307651 ], [ -0.971555776184879, 41.023580638927825 ], [ -0.992042684070188, 41.024551977845434 ], [ -1.020921740746392, 41.019358940251529 ], [ -1.027422002604865, 41.013552540250849 ], [ -1.039260324329453, 41.01615955852585 ], [ -1.04374422033674, 41.018956018227101 ], [ -1.048311123294622, 41.017745479625482 ], [ -1.055875342664913, 41.006001471071094 ], [ -1.096541391002723, 41.024983650701174 ], [ -1.112889400193024, 41.031864083218153 ], [ -1.138905400132319, 41.0491312994981 ], [ -1.148427455100927, 41.05792296269378 ], [ -1.148941768618409, 41.062921353319375 ], [ -1.14416829188175, 41.065078404539022 ], [ -1.148089875242351, 41.07504069714151 ], [ -1.144373875316841, 41.084429781636942 ], [ -1.145333318061552, 41.090101842453784 ], [ -1.157071277972274, 41.104197789543065 ], [ -1.159307235518161, 41.11324994790678 ], [ -1.157519850283878, 41.123498809362736 ], [ -1.154397119064033, 41.12781741115883 ], [ -1.155968200051512, 41.129139649906506 ], [ -1.157237256637846, 41.1412569493232 ], [ -1.173100653139749, 41.160407120852895 ], [ -1.179537461789506, 41.17200246178772 ], [ -1.180160987319896, 41.179191156538792 ], [ -1.175706957585035, 41.185461898284373 ], [ -1.164566666756567, 41.19201329494301 ], [ -1.15200480131336, 41.189245248009414 ], [ -1.14854368680144, 41.19063078775747 ], [ -1.141233575025263, 41.200349037107763 ], [ -1.138173151467188, 41.199768172776288 ], [ -1.130004928084806, 41.204346536069409 ], [ -1.120983784353215, 41.219097685888649 ], [ -1.127313334185501, 41.227208262397006 ], [ -1.127026139602363, 41.233508633303011 ], [ -1.132218965939863, 41.236772546643238 ], [ -1.128572151714346, 41.239541638453353 ], [ -1.121118108183905, 41.25689414638255 ], [ -1.114388799929956, 41.255144852617065 ], [ -1.109496079867106, 41.257181210527165 ], [ -1.104199039448429, 41.255031496223907 ], [ -1.092571359188153, 41.255109545291411 ], [ -1.089246225176643, 41.256990990990914 ], [ -1.085809095343985, 41.26392336737679 ], [ -1.074986020786121, 41.268660834410262 ], [ -1.06878481860579, 41.281392109508005 ], [ -1.072166379737901, 41.286582813466154 ], [ -1.085804112214058, 41.294322411971244 ], [ -1.082972805957622, 41.29639197178026 ], [ -1.062060621732188, 41.299203173759935 ], [ -1.056820669020892, 41.313165879061302 ], [ -1.056471226119078, 41.329750940239244 ], [ -1.042765626363639, 41.324555747813342 ], [ -1.036722634055596, 41.315706926356036 ], [ -0.982549273303894, 41.315166141342736 ], [ -0.97591243283546, 41.322327203766484 ], [ -0.948654310572766, 41.316016938883372 ], [ -0.945242403544423, 41.305976355542967 ], [ -0.949592571443857, 41.305522561463789 ], [ -0.954992843310199, 41.283695523877704 ], [ -0.962240128614679, 41.279113458088865 ], [ -0.997319351667688, 41.265065662676506 ], [ -0.970103873828902, 41.20563727913725 ], [ -0.954048379609522, 41.188869966382065 ] ] ] ] } },
{ "type": "Feature", "properties": { "codatzbs": "20627", "n_zbs": "VALDEFIERRO", "ccaa_cd": "ES24", "area": "Zaragoza III-Clinico" }, "geometry": { "type": "MultiPolygon", "coordinates": [ [ [ [ -0.920984366106179, 41.646172911346866 ], [ -0.921115259742039, 41.645467903894108 ], [ -0.921537772986052, 41.645369742732676 ], [ -0.921950238749134, 41.644991161217547 ], [ -0.921763652520497, 41.644272891841773 ], [ -0.921252758720001, 41.643563053073521 ], [ -0.920330598436272, 41.643836285730934 ], [ -0.919768225109284, 41.643588399829767 ], [ -0.919553352215631, 41.64332121986822 ], [ -0.919587968406114, 41.642916490901612 ], [ -0.919595184759098, 41.642692310457775 ], [ -0.919647518153202, 41.642518081995028 ], [ -0.919573386242644, 41.642208333801655 ], [ -0.919614800193896, 41.642082915736921 ], [ -0.919561472494635, 41.641997874249093 ], [ -0.91935222657534, 41.641612736413151 ], [ -0.920131673997122, 41.641083528607354 ], [ -0.920907432698137, 41.640668631573583 ], [ -0.921807799616619, 41.640527643412987 ], [ -0.92243871901971, 41.640467562803984 ], [ -0.922825376945104, 41.640186923602243 ], [ -0.923440645833876, 41.640142493389618 ], [ -0.923079747469264, 41.637923845392685 ], [ -0.922904435802602, 41.63662541691707 ], [ -0.923062938801457, 41.636387387859827 ], [ -0.923758974825146, 41.635180100915889 ], [ -0.924447538593778, 41.634978615735527 ], [ -0.92551651142195, 41.634766274622301 ], [ -0.926513307470074, 41.634748254846414 ], [ -0.927649051451693, 41.634770488822731 ], [ -0.928163815636113, 41.634823179663393 ], [ -0.929065276885214, 41.634815292922106 ], [ -0.931947405672761, 41.633805811360283 ], [ -0.932276948251143, 41.633792453596477 ], [ -0.933004195346662, 41.634015433998933 ], [ -0.93417084179278, 41.635161593505231 ], [ -0.934928739770936, 41.635685129863084 ], [ -0.935523485425681, 41.636066041171276 ], [ -0.936244841501552, 41.636428225647592 ], [ -0.937607868926308, 41.637145057896745 ], [ -0.938308226902272, 41.637464220083828 ], [ -0.938719602134353, 41.637830887904457 ], [ -0.939372928741441, 41.638413200631291 ], [ -0.940271995639586, 41.639146743310896 ], [ -0.940922256671529, 41.639573034972038 ], [ -0.942335441354044, 41.64041985045867 ], [ -0.943271536581019, 41.640788207741515 ], [ -0.944381098743028, 41.641748489819754 ], [ -0.938897662612679, 41.643508384708454 ], [ -0.936806209503272, 41.644208574909435 ], [ -0.935208280631047, 41.644724636166387 ], [ -0.934780560487918, 41.644849406320979 ], [ -0.934384155209259, 41.64493117685064 ], [ -0.934280321333513, 41.64494620006537 ], [ -0.933775983292686, 41.644981887852623 ], [ -0.932506489693849, 41.644980972606177 ], [ -0.931320335715945, 41.644962442774712 ], [ -0.927783724033591, 41.644948821811646 ], [ -0.926755160816225, 41.644960274876659 ], [ -0.925857452787368, 41.645061950454036 ], [ -0.92512409325652, 41.645319514167113 ], [ -0.924219675782214, 41.64593619558655 ], [ -0.923918563589637, 41.646198699294104 ], [ -0.923470197775933, 41.645739253948051 ], [ -0.922799591881995, 41.646241855962217 ], [ -0.922685400774318, 41.646335111112755 ], [ -0.922487720019349, 41.646508422333675 ], [ -0.920984366106179, 41.646172911346866 ] ] ] ] } },
{ "type": "Feature", "properties": { "codatzbs": "20406", "n_zbs": "ACTUR SUR", "ccaa_cd": "ES24", "area": "Zaragoza I-Royo Villanova" }, "geometry": { "type": "MultiPolygon", "coordinates": [ [ [ [ -0.889655599576042, 41.668662140185923 ], [ -0.889624287420629, 41.668664167878163 ], [ -0.889448966890474, 41.668762344764708 ], [ -0.889092333271302, 41.668953979005437 ], [ -0.8887776462732, 41.669178645039054 ], [ -0.888660429370919, 41.669213415637842 ], [ -0.88842841701656, 41.668943635466654 ], [ -0.888306551325937, 41.668975298592862 ], [ -0.886219882864741, 41.670132840496215 ], [ -0.880170141345804, 41.670118944923132 ], [ -0.880050786780741, 41.669036513862189 ], [ -0.879998285459642, 41.668071047445331 ], [ -0.880107096325317, 41.666722130635989 ], [ -0.881456466103572, 41.658887914674573 ], [ -0.881529241385896, 41.658465335226012 ], [ -0.885174841490981, 41.658883502906825 ], [ -0.88769426577314, 41.659886872555653 ], [ -0.890285601099777, 41.661385567118401 ], [ -0.890315736893087, 41.661408642100731 ], [ -0.892424835768825, 41.663023471119701 ], [ -0.894549987180211, 41.66467709800353 ], [ -0.896307308932868, 41.666140038691104 ], [ -0.895869382486888, 41.666302390062135 ], [ -0.893312106464831, 41.667250390918468 ], [ -0.889649737217698, 41.668656352119825 ], [ -0.889655599576042, 41.668662140185923 ] ] ] ] } },
{ "type": "Feature", "properties": { "codatzbs": "20211", "n_zbs": "LAFORTUNADA", "ccaa_cd": "ES24", "area": "Barbastro" }, "geometry": { "type": "MultiPolygon", "coordinates": [ [ [ [ 0.435997108965639, 42.678642256410818 ], [ 0.431638938803968, 42.67396476077559 ], [ 0.43793367448483, 42.665086720262529 ], [ 0.435250717568207, 42.661124392694653 ], [ 0.435485534646915, 42.65476025649312 ], [ 0.425272607813905, 42.648718439459785 ], [ 0.424366109866595, 42.640650721800618 ], [ 0.428108910658334, 42.637297037897646 ], [ 0.426591779192194, 42.6321019510602 ], [ 0.42039865046523, 42.63257540760997 ], [ 0.409580976099234, 42.625190568880946 ], [ 0.407211789499624, 42.607252399606395 ], [ 0.404116322954455, 42.603463616596528 ], [ 0.403008971081327, 42.596338088564345 ], [ 0.405963153329349, 42.581446950905097 ], [ 0.402084329636303, 42.572638975739736 ], [ 0.405754686694662, 42.570017646435474 ], [ 0.417010057082989, 42.567548102436078 ], [ 0.408790490414324, 42.561346014958133 ], [ 0.392184313562364, 42.556315224063283 ], [ 0.39322360454498, 42.545470043929065 ], [ 0.393454569616301, 42.544914757845788 ], [ 0.393507027558553, 42.544898888224473 ], [ 0.3941553294248, 42.544168279709943 ], [ 0.39422433911877, 42.543418926959014 ], [ 0.394679314832051, 42.543108257878849 ], [ 0.397349677085994, 42.540201669800624 ], [ 0.397226975106119, 42.536342381490783 ], [ 0.39656923555021, 42.535677522876668 ], [ 0.39624493135817, 42.535381056810202 ], [ 0.395062618132016, 42.533056906446085 ], [ 0.398226869756455, 42.526470860214964 ], [ 0.39838606173906, 42.52609693702027 ], [ 0.398375878614704, 42.520973665611294 ], [ 0.398247337200041, 42.520720906886325 ], [ 0.395512266525314, 42.522629965443386 ], [ 0.390319224902623, 42.523913902083912 ], [ 0.390203924147135, 42.523933072153625 ], [ 0.386501126840633, 42.524949873667957 ], [ 0.380827398842723, 42.526031538265485 ], [ 0.379316300958089, 42.526778544700001 ], [ 0.377952586450673, 42.528056929014994 ], [ 0.376701349588151, 42.528544068356688 ], [ 0.375942201900032, 42.528746513691424 ], [ 0.375429488340822, 42.529144335606745 ], [ 0.375038112460102, 42.529448551872086 ], [ 0.374932516083334, 42.52953070836913 ], [ 0.369647361165592, 42.529395719136026 ], [ 0.36492432073691, 42.531758850475548 ], [ 0.364208064421128, 42.532320062443915 ], [ 0.351499556722899, 42.538883536186994 ], [ 0.35108926980008, 42.539224144467504 ], [ 0.349021438538019, 42.540486787991412 ], [ 0.344901764791808, 42.536964954738266 ], [ 0.342116562232176, 42.537122832185354 ], [ 0.335865230536169, 42.535526798130846 ], [ 0.33502007937654, 42.530175753181616 ], [ 0.321318912905036, 42.521060794495838 ], [ 0.321258028009542, 42.521044555550382 ], [ 0.318630848921404, 42.514551933203414 ], [ 0.318576382401145, 42.514355453026297 ], [ 0.320133991833881, 42.512095174785308 ], [ 0.317487103601848, 42.509227396909118 ], [ 0.311683915758466, 42.508336434306806 ], [ 0.311579358762517, 42.508340449436965 ], [ 0.299940923772607, 42.509599486945177 ], [ 0.295144102389097, 42.507414505902688 ], [ 0.293709226510475, 42.507784397527793 ], [ 0.293651545388017, 42.507727539149343 ], [ 0.293036638694403, 42.507925372996191 ], [ 0.287441577285209, 42.510756028537166 ], [ 0.284269588177223, 42.51172951980184 ], [ 0.283820475373251, 42.511809924119611 ], [ 0.274957433562288, 42.511442536443354 ], [ 0.260444293597064, 42.516368071251136 ], [ 0.26020817056619, 42.516172144395263 ], [ 0.249191112573296, 42.510245193964842 ], [ 0.248005949980309, 42.510110923229675 ], [ 0.247856643995225, 42.510094002837803 ], [ 0.237326417868171, 42.512413739724245 ], [ 0.234032292646402, 42.523771635854779 ], [ 0.228975212917511, 42.52371623597687 ], [ 0.222270612115923, 42.52353603469048 ], [ 0.213995328706406, 42.526996781702039 ], [ 0.213531216988855, 42.52723487967053 ], [ 0.212651606381363, 42.52761976873731 ], [ 0.210589965813773, 42.528992280478299 ], [ 0.207684984806616, 42.531104288515976 ], [ 0.206901588019752, 42.531526949333923 ], [ 0.204230195632727, 42.533227022115192 ], [ 0.203756943295025, 42.534284857581916 ], [ 0.200449244662984, 42.536745556486096 ], [ 0.19832375873414, 42.536894987092182 ], [ 0.192119257194908, 42.542443896268004 ], [ 0.189334391305885, 42.542517015877074 ], [ 0.188395798789522, 42.54249814744977 ], [ 0.185019694091921, 42.542916318085837 ], [ 0.18005061478021, 42.545058030233108 ], [ 0.178853971485573, 42.545370350873043 ], [ 0.173179773975454, 42.54572592713717 ], [ 0.17141178338688, 42.548566321242127 ], [ 0.166465879418945, 42.547528101545794 ], [ 0.164675490787949, 42.547523594549638 ], [ 0.163237431576768, 42.547518326299759 ], [ 0.162261434403249, 42.547513781247353 ], [ 0.16611580552231, 42.554133667890639 ], [ 0.164107117429961, 42.557764027042516 ], [ 0.158383365774593, 42.560677480196198 ], [ 0.156712467745066, 42.564573063836008 ], [ 0.156435405602257, 42.564801361619558 ], [ 0.158281415608012, 42.567343781407104 ], [ 0.155650180773453, 42.571810506760343 ], [ 0.152392129038272, 42.571949882784395 ], [ 0.150253824922666, 42.574120347461871 ], [ 0.153486597466219, 42.577299964868729 ], [ 0.1521997510679, 42.578177347300837 ], [ 0.153043284543626, 42.580814969352829 ], [ 0.146216711021309, 42.582749702262987 ], [ 0.14165230260383, 42.592302841908769 ], [ 0.138504155840502, 42.594892509305495 ], [ 0.133456472829044, 42.594607582426079 ], [ 0.132883554960754, 42.598008929267522 ], [ 0.129503571983399, 42.598659741733542 ], [ 0.115536630435721, 42.61040448230964 ], [ 0.117512413274831, 42.61701406495704 ], [ 0.109835860089619, 42.623219981067408 ], [ 0.115869227490483, 42.626108447433197 ], [ 0.116497031509535, 42.634285454430731 ], [ 0.12267101355595, 42.634837568598506 ], [ 0.1175212333721, 42.639651358558879 ], [ 0.102451973270026, 42.641717609096588 ], [ 0.090729748574003, 42.645627575022651 ], [ 0.089243881332668, 42.648630217562655 ], [ 0.077847853772984, 42.653754703428497 ], [ 0.077431939457682, 42.660159080836593 ], [ 0.074646382099985, 42.662800264767448 ], [ 0.06196884496792, 42.665760483090217 ], [ 0.045832134548367, 42.666875374505267 ], [ 0.041297369942933, 42.674712932070776 ], [ 0.034661600625752, 42.675519361824897 ], [ 0.022317704071402, 42.687461964952341 ], [ 0.012143496222002, 42.692871753058341 ], [ 0.013363257925354, 42.702186445144761 ], [ 0.026936515820404, 42.701882246393993 ], [ 0.04941740724426, 42.695756575960147 ], [ 0.052526035586522, 42.697663743354909 ], [ 0.058591590721326, 42.697132587584235 ], [ 0.070748971373583, 42.703542357887152 ], [ 0.071773399849229, 42.708962559672756 ], [ 0.077242177016481, 42.714371438288147 ], [ 0.083748799351218, 42.716060185481496 ], [ 0.090179849542602, 42.716958188716035 ], [ 0.106228294523069, 42.710409703671672 ], [ 0.112282595225786, 42.710371233537927 ], [ 0.134439957024442, 42.715628313276163 ], [ 0.138569303879264, 42.720026332266912 ], [ 0.150799573025774, 42.724246513590003 ], [ 0.156681307331645, 42.724633646156569 ], [ 0.161564313788177, 42.722670941705502 ], [ 0.162758087735371, 42.72837376789478 ], [ 0.174972821997349, 42.734617707055101 ], [ 0.176455784358092, 42.737106717324622 ], [ 0.2062938641911, 42.729692318186416 ], [ 0.214682524998509, 42.723270831433382 ], [ 0.227083667702115, 42.717492116118237 ], [ 0.232129990710421, 42.718961492188214 ], [ 0.237396918454218, 42.717389914475582 ], [ 0.250368313947453, 42.718615874313279 ], [ 0.260125288717514, 42.716285340763626 ], [ 0.264219998384622, 42.706119699574145 ], [ 0.269190653720132, 42.700106960870116 ], [ 0.264275251028555, 42.693205866416598 ], [ 0.276157921556915, 42.688210949998812 ], [ 0.295360187077715, 42.673504662378342 ], [ 0.301098769812486, 42.677139135366595 ], [ 0.301570104021732, 42.67753974309538 ], [ 0.313334642377215, 42.683457702675426 ], [ 0.317641540284874, 42.684350370378262 ], [ 0.320135489467272, 42.683899835617289 ], [ 0.321222645969723, 42.683301035698967 ], [ 0.323983466094415, 42.687623995813581 ], [ 0.32207124367225, 42.691344273290269 ], [ 0.324491139764683, 42.694718166612034 ], [ 0.326568551265122, 42.697359076899808 ], [ 0.325179015316658, 42.702225797508611 ], [ 0.325582580827929, 42.706351614344776 ], [ 0.346662126885637, 42.71205345840719 ], [ 0.348237431988412, 42.714154906606041 ], [ 0.350864164460134, 42.716365079783991 ], [ 0.353335613610179, 42.71812502763796 ], [ 0.357275841360265, 42.719450133523793 ], [ 0.359701250965921, 42.721341918401727 ], [ 0.359899456836063, 42.722241023495471 ], [ 0.360457620055292, 42.724322560543875 ], [ 0.362885067119595, 42.723112243750705 ], [ 0.364330882205618, 42.722439383998093 ], [ 0.372068625819805, 42.717268246622154 ], [ 0.374826311019065, 42.71455767772936 ], [ 0.380731114663055, 42.714000648608746 ], [ 0.38541394649958, 42.711422063462948 ], [ 0.393306523066662, 42.713304264898625 ], [ 0.396179171885974, 42.701729574134205 ], [ 0.394706379248793, 42.698675811816017 ], [ 0.396843561653969, 42.694443345521123 ], [ 0.401694673523209, 42.694159676101918 ], [ 0.406577129777654, 42.694644667244944 ], [ 0.411572255687642, 42.695261215633352 ], [ 0.41656823873882, 42.69496359149371 ], [ 0.417714068991649, 42.694627696600648 ], [ 0.418224287290208, 42.694319785558591 ], [ 0.422932487240592, 42.690563824417232 ], [ 0.425626816784861, 42.690991911314903 ], [ 0.426449550842735, 42.690985279323428 ], [ 0.429847901081234, 42.690703403074892 ], [ 0.434538587095195, 42.691364082887425 ], [ 0.436615649100143, 42.689852051114798 ], [ 0.436345407837527, 42.685619124929467 ], [ 0.43856675794521, 42.684116226923038 ], [ 0.43899904856161, 42.683918594286347 ], [ 0.435997108965639, 42.678642256410818 ] ] ] ] } },
{ "type": "Feature", "properties": { "codatzbs": "20902", "n_zbs": "ALCORISA", "ccaa_cd": "ES24", "area": "Alcañiz" }, "geometry": { "type": "MultiPolygon", "coordinates": [ [ [ [ -0.331563321668191, 40.861243743293763 ], [ -0.334956697909848, 40.857980686656838 ], [ -0.337615086923309, 40.858249236899482 ], [ -0.34837295757222, 40.852651643508452 ], [ -0.351430224288373, 40.84707447529992 ], [ -0.357230896799242, 40.843181445010238 ], [ -0.367333027112629, 40.841160823039999 ], [ -0.363190343501519, 40.832275205325367 ], [ -0.364853268903677, 40.830710018058994 ], [ -0.375385132972417, 40.828563321801283 ], [ -0.378343565426582, 40.825406107470641 ], [ -0.385986726851001, 40.824624910674522 ], [ -0.389581023426772, 40.821562863339899 ], [ -0.396033506754754, 40.823014814968097 ], [ -0.397956956451572, 40.820824471211587 ], [ -0.404749648228728, 40.818725787739623 ], [ -0.401873320142078, 40.810707678972541 ], [ -0.405603689752537, 40.802595100086556 ], [ -0.405930786964714, 40.794198750356585 ], [ -0.438466406001098, 40.783964250666799 ], [ -0.479194957369568, 40.751381637250347 ], [ -0.489948206636204, 40.731583739718161 ], [ -0.48976523194702, 40.727634524880195 ], [ -0.483357727972606, 40.7132362709673 ], [ -0.477146696991001, 40.712199878603109 ], [ -0.505675631673649, 40.702029390303622 ], [ -0.512672845301955, 40.69560502197119 ], [ -0.532393366861155, 40.690678055834624 ], [ -0.554358111101874, 40.690956505309266 ], [ -0.561572979483864, 40.689433884474006 ], [ -0.548253120742451, 40.712859204826422 ], [ -0.578796179625626, 40.714107798473911 ], [ -0.601501912352031, 40.72594946280941 ], [ -0.60771620722302, 40.708811122771223 ], [ -0.613485562945116, 40.70370622789045 ], [ -0.617195278076877, 40.717834647600093 ], [ -0.616131947809846, 40.723082078997543 ], [ -0.612875772692343, 40.726401597589515 ], [ -0.60764709759881, 40.733544275791147 ], [ -0.604117708052754, 40.732903583085012 ], [ -0.599346942350202, 40.738136817316054 ], [ -0.598647943003647, 40.742094560113351 ], [ -0.588287042824314, 40.744346398597727 ], [ -0.586842016404333, 40.74729766421121 ], [ -0.592693452420649, 40.751545308318896 ], [ -0.604376852022313, 40.751743518644737 ], [ -0.605710105271246, 40.754527549574114 ], [ -0.608489274980621, 40.753990652586921 ], [ -0.612623230659999, 40.756634424469929 ], [ -0.618402688042498, 40.755006447829437 ], [ -0.620527325262612, 40.756212291595482 ], [ -0.638308370424059, 40.75885659857699 ], [ -0.639359818855184, 40.762282974573523 ], [ -0.631212969105927, 40.768520214660406 ], [ -0.649755178754652, 40.781266782435559 ], [ -0.647768509142744, 40.783162850650079 ], [ -0.622170245598803, 40.798824294390641 ], [ -0.618326164211125, 40.799591672390605 ], [ -0.615110952227448, 40.814900862172621 ], [ -0.616240357164757, 40.82904768970112 ], [ -0.643060878123601, 40.833481246668221 ], [ -0.646377829629097, 40.83090082781456 ], [ -0.663217927474603, 40.831891920163194 ], [ -0.66363830683713, 40.837142758895936 ], [ -0.671354381446231, 40.84201866842038 ], [ -0.672152385297258, 40.849375844632178 ], [ -0.666603817924245, 40.858757418386119 ], [ -0.665353425464107, 40.868009692598271 ], [ -0.65667775127667, 40.875805172175077 ], [ -0.653897732521748, 40.88698082421049 ], [ -0.65576340071321, 40.898007721545056 ], [ -0.635286462186077, 40.909334902860621 ], [ -0.642349063103831, 40.92040543740606 ], [ -0.641894041205592, 40.925854499748731 ], [ -0.6336857093582, 40.934567398967872 ], [ -0.627108392193076, 40.936485842230681 ], [ -0.624559931211289, 40.940315476834279 ], [ -0.610788613910986, 40.939120975904927 ], [ -0.607482705366192, 40.940214354175794 ], [ -0.59346875132139, 40.948326268135574 ], [ -0.586572770563853, 40.942291378959524 ], [ -0.578833256598048, 40.938571197820785 ], [ -0.552151201181427, 40.93193666972622 ], [ -0.544266823482078, 40.926760974732822 ], [ -0.519337534342914, 40.917300992844339 ], [ -0.517411428303863, 40.918637601887589 ], [ -0.509599741992985, 40.915433642476891 ], [ -0.501573233867697, 40.920790256098364 ], [ -0.495349997611604, 40.921132545078727 ], [ -0.489236579714613, 40.92389985035301 ], [ -0.485769334333691, 40.936416151469302 ], [ -0.480078843342324, 40.94175921563582 ], [ -0.476124736558957, 40.942348162267614 ], [ -0.473797189068361, 40.946692618721215 ], [ -0.469962801231247, 40.947869495846533 ], [ -0.449052825688549, 40.944535189024265 ], [ -0.425730234066376, 40.943124906787951 ], [ -0.419487177773835, 40.94574139221244 ], [ -0.412357726888053, 40.94396921906386 ], [ -0.39307870171118, 40.94427326218289 ], [ -0.387210248736529, 40.946995516769491 ], [ -0.383325271923991, 40.952419676812603 ], [ -0.381968936662648, 40.967196273208089 ], [ -0.377358620061595, 40.975287781984314 ], [ -0.375885020232404, 40.983675707123226 ], [ -0.368973200973726, 40.983536071228457 ], [ -0.363866321183873, 40.986121390348202 ], [ -0.335746021292751, 40.990491282819825 ], [ -0.327576355106044, 40.996165584123737 ], [ -0.315849335053119, 40.998351746120669 ], [ -0.300757019184485, 41.00490735207169 ], [ -0.289642675539858, 41.004853480921376 ], [ -0.312597070264709, 40.99237646039942 ], [ -0.323345112901182, 40.98292629704455 ], [ -0.322181388114767, 40.952942300209372 ], [ -0.314592386183447, 40.952882736084923 ], [ -0.30987453832401, 40.948530479957419 ], [ -0.307488256894855, 40.942359035637566 ], [ -0.318101804016852, 40.93809411435727 ], [ -0.319137948072012, 40.928336708048278 ], [ -0.31524452194543, 40.91773493873761 ], [ -0.321847063046614, 40.916834795009009 ], [ -0.321775392068398, 40.910672362411709 ], [ -0.312668314151901, 40.89985015079592 ], [ -0.305892543961852, 40.895116356541607 ], [ -0.297378993059108, 40.898979144089871 ], [ -0.293829903966351, 40.89839148335971 ], [ -0.292469990513182, 40.895936626391261 ], [ -0.290617797630045, 40.891299587055315 ], [ -0.2992408069175, 40.886773295623556 ], [ -0.306286936719859, 40.886568984286072 ], [ -0.304427891357413, 40.880616973938416 ], [ -0.306017902579961, 40.870386111239206 ], [ -0.316130694115678, 40.867946951780148 ], [ -0.316984523870722, 40.86267070329523 ], [ -0.331563321668191, 40.861243743293763 ] ] ] ] } },
{ "type": "Feature", "properties": { "codatzbs": "20208", "n_zbs": "CASTEJON DE SOS", "ccaa_cd": "ES24", "area": "Barbastro" }, "geometry": { "type": "MultiPolygon", "coordinates": [ [ [ [ 0.719524115823988, 42.429112181097416 ], [ 0.726597486680645, 42.427054272647702 ], [ 0.734727612377518, 42.417019690001595 ], [ 0.734883281744638, 42.407983363200863 ], [ 0.728629486656902, 42.408043095108667 ], [ 0.726307339241195, 42.405354412070842 ], [ 0.738513371806653, 42.399760960281917 ], [ 0.740793790554096, 42.391735683715247 ], [ 0.746460091515818, 42.384896230876151 ], [ 0.743414662751296, 42.379233106014169 ], [ 0.735661064029047, 42.376280854109538 ], [ 0.701671534411583, 42.385812894013135 ], [ 0.683627857551898, 42.393580305136958 ], [ 0.679483478266169, 42.392299910989628 ], [ 0.66937706809042, 42.395010387711267 ], [ 0.659305359900141, 42.40501243663239 ], [ 0.654088473895072, 42.405143055320572 ], [ 0.651718283661102, 42.408055105966135 ], [ 0.640781995658514, 42.413283777607866 ], [ 0.634697163144545, 42.411865309946208 ], [ 0.634071200821025, 42.413650037828027 ], [ 0.620425734967331, 42.413452101707698 ], [ 0.61357173313834, 42.41661301711293 ], [ 0.604358981710619, 42.405566960387695 ], [ 0.587021407878249, 42.415584065477248 ], [ 0.583663161311569, 42.419984360848645 ], [ 0.574068098301142, 42.423931067533857 ], [ 0.555490019298132, 42.424230364906329 ], [ 0.543455075728399, 42.420731645602814 ], [ 0.536846289247898, 42.422070506046047 ], [ 0.524153871365642, 42.428278760033926 ], [ 0.518743681749686, 42.42933660582402 ], [ 0.523308026700769, 42.434436832870716 ], [ 0.516881607476273, 42.440586410699382 ], [ 0.517910588024565, 42.445282065295508 ], [ 0.514042434344951, 42.453937129981462 ], [ 0.50977105493759, 42.457138679403876 ], [ 0.498367365266651, 42.456965398317116 ], [ 0.489763094914984, 42.4601184781706 ], [ 0.470712415936494, 42.460652608053245 ], [ 0.452246244530586, 42.455015868369919 ], [ 0.442532609264669, 42.453057250999429 ], [ 0.435505546118255, 42.453520408447446 ], [ 0.426466282111269, 42.444966875948431 ], [ 0.421991190798666, 42.44606427559475 ], [ 0.413224450360177, 42.452313924319597 ], [ 0.405573849912497, 42.453388186006215 ], [ 0.403045222669776, 42.455642475835724 ], [ 0.399527385157762, 42.455575843407686 ], [ 0.373879340781102, 42.465933399813451 ], [ 0.370668266796687, 42.488566319114383 ], [ 0.36556277026245, 42.489328889582687 ], [ 0.350966816542793, 42.50510970475078 ], [ 0.329512598497387, 42.503520587020972 ], [ 0.320133991833881, 42.512095174785308 ], [ 0.318576382401145, 42.514355453026297 ], [ 0.318630848921404, 42.514551933203414 ], [ 0.321258028009542, 42.521044555550382 ], [ 0.321318912905036, 42.521060794495838 ], [ 0.33502007937654, 42.530175753181616 ], [ 0.335865230536169, 42.535526798130846 ], [ 0.342116562232176, 42.537122832185354 ], [ 0.344901764791808, 42.536964954738266 ], [ 0.349021438538019, 42.540486787991412 ], [ 0.35108926980008, 42.539224144467504 ], [ 0.351499556722899, 42.538883536186994 ], [ 0.364208064421128, 42.532320062443915 ], [ 0.36492432073691, 42.531758850475548 ], [ 0.369647361165592, 42.529395719136026 ], [ 0.374932516083334, 42.52953070836913 ], [ 0.375038112460102, 42.529448551872086 ], [ 0.375429488340822, 42.529144335606745 ], [ 0.375942201900032, 42.528746513691424 ], [ 0.376701349588151, 42.528544068356688 ], [ 0.377952586450673, 42.528056929014994 ], [ 0.379316300958089, 42.526778544700001 ], [ 0.380827398842723, 42.526031538265485 ], [ 0.386501126840633, 42.524949873667957 ], [ 0.390203924147135, 42.523933072153625 ], [ 0.390319224902623, 42.523913902083912 ], [ 0.395512266525314, 42.522629965443386 ], [ 0.398247337200041, 42.520720906886325 ], [ 0.398375878614704, 42.520973665611294 ], [ 0.39838606173906, 42.52609693702027 ], [ 0.398226869756455, 42.526470860214964 ], [ 0.395062618132016, 42.533056906446085 ], [ 0.39624493135817, 42.535381056810202 ], [ 0.39656923555021, 42.535677522876668 ], [ 0.397226975106119, 42.536342381490783 ], [ 0.397349677085994, 42.540201669800624 ], [ 0.394679314832051, 42.543108257878849 ], [ 0.39422433911877, 42.543418926959014 ], [ 0.3941553294248, 42.544168279709943 ], [ 0.393507027558553, 42.544898888224473 ], [ 0.393454569616301, 42.544914757845788 ], [ 0.39322360454498, 42.545470043929065 ], [ 0.392184313562364, 42.556315224063283 ], [ 0.408790490414324, 42.561346014958133 ], [ 0.417010057082989, 42.567548102436078 ], [ 0.405754686694662, 42.570017646435474 ], [ 0.402084329636303, 42.572638975739736 ], [ 0.405963153329349, 42.581446950905097 ], [ 0.403008971081327, 42.596338088564345 ], [ 0.404116322954455, 42.603463616596528 ], [ 0.407211789499624, 42.607252399606395 ], [ 0.409580976099234, 42.625190568880946 ], [ 0.42039865046523, 42.63257540760997 ], [ 0.426591779192194, 42.6321019510602 ], [ 0.428108910658334, 42.637297037897646 ], [ 0.424366109866595, 42.640650721800618 ], [ 0.425272607813905, 42.648718439459785 ], [ 0.435485534646915, 42.65476025649312 ], [ 0.435250717568207, 42.661124392694653 ], [ 0.43793367448483, 42.665086720262529 ], [ 0.431638938803968, 42.67396476077559 ], [ 0.435997108965639, 42.678642256410818 ], [ 0.43899904856161, 42.683918594286347 ], [ 0.43856675794521, 42.684116226923038 ], [ 0.436345407837527, 42.685619124929467 ], [ 0.436615649100143, 42.689852051114798 ], [ 0.449944063437572, 42.692494273335853 ], [ 0.450733560342951, 42.695504905870557 ], [ 0.456939844546245, 42.69274240555049 ], [ 0.462566881699144, 42.693400551135298 ], [ 0.46824811583374, 42.695029394301457 ], [ 0.474613282799623, 42.700157746380107 ], [ 0.486261048584042, 42.698443672061181 ], [ 0.497166970131499, 42.692663294341074 ], [ 0.503679752559848, 42.693652604874615 ], [ 0.51716066250601, 42.692014355483991 ], [ 0.5195859318351, 42.692597119828299 ], [ 0.521409160135514, 42.698501742834637 ], [ 0.525895200655788, 42.702271395556629 ], [ 0.538705941899668, 42.700633243251481 ], [ 0.545993420441244, 42.701695188587706 ], [ 0.56587039240849, 42.698331081333265 ], [ 0.5777327317362, 42.693818739565124 ], [ 0.580264383247262, 42.696026661413676 ], [ 0.58913665188162, 42.695568504721606 ], [ 0.591145833436181, 42.702888862504999 ], [ 0.597432643069687, 42.705626612405773 ], [ 0.603698187743065, 42.700612278073336 ], [ 0.616550326038641, 42.695947698391613 ], [ 0.628915660179343, 42.695529090217761 ], [ 0.641869317873807, 42.692650260945001 ], [ 0.648358108497687, 42.694442445204402 ], [ 0.660429068379524, 42.691103451342975 ], [ 0.664019894647942, 42.684505611219166 ], [ 0.673749164672807, 42.679169232362746 ], [ 0.676147441916316, 42.671213596945037 ], [ 0.680740026596821, 42.666131695963138 ], [ 0.686236668058026, 42.665000288834712 ], [ 0.69205984777635, 42.659707142758108 ], [ 0.696021464798486, 42.65862479920392 ], [ 0.696153100027677, 42.651381295268749 ], [ 0.699271286599284, 42.645139708040467 ], [ 0.703735081444514, 42.641645810640128 ], [ 0.699824061356183, 42.637189218671722 ], [ 0.701051787662386, 42.632395320511925 ], [ 0.69876320419924, 42.629993259006348 ], [ 0.708897494970817, 42.620787130022961 ], [ 0.718054994049069, 42.619787537776745 ], [ 0.738575232634643, 42.612491815167026 ], [ 0.745433548798409, 42.615256875049852 ], [ 0.751360318909246, 42.612451501251158 ], [ 0.768202004327065, 42.609944185641695 ], [ 0.760917143091919, 42.592616908954881 ], [ 0.760618475621176, 42.580975461254809 ], [ 0.75791841249383, 42.577408442169421 ], [ 0.759041075369536, 42.572374313342266 ], [ 0.750040775241935, 42.560433015963277 ], [ 0.748464709421863, 42.556693970766503 ], [ 0.750162156627615, 42.552910590450736 ], [ 0.7429026175428, 42.548412164314179 ], [ 0.741316644604518, 42.544088005522191 ], [ 0.750752002612645, 42.534919050771272 ], [ 0.743906114223501, 42.535674459057049 ], [ 0.735759637270587, 42.540343733685738 ], [ 0.732099362088763, 42.53572695321246 ], [ 0.726080796352536, 42.532591585478265 ], [ 0.721444360889596, 42.524638632969314 ], [ 0.724088713306363, 42.520797910637882 ], [ 0.720631519215157, 42.513211724728663 ], [ 0.729338772683264, 42.512685249220652 ], [ 0.740032088597634, 42.505268000770791 ], [ 0.733510166403918, 42.504463504822951 ], [ 0.729961811224402, 42.497393789463047 ], [ 0.726796381439112, 42.498181270232436 ], [ 0.713672204387576, 42.487379567994985 ], [ 0.705444109410687, 42.494516518854809 ], [ 0.700861576920327, 42.496033425336229 ], [ 0.70116580002054, 42.491089283388739 ], [ 0.698340573475537, 42.486507373704313 ], [ 0.690846638678551, 42.487748816724597 ], [ 0.697202767518609, 42.474226312281729 ], [ 0.706401681383849, 42.464816556218501 ], [ 0.708887497637474, 42.459549561596234 ], [ 0.706637495385806, 42.456660107294987 ], [ 0.707778000449371, 42.452913359185366 ], [ 0.706855558003216, 42.449440569985512 ], [ 0.710504839534527, 42.436509257058532 ], [ 0.719524115823988, 42.429112181097416 ] ] ] ] } },
{ "type": "Feature", "properties": { "codatzbs": "20803", "n_zbs": "ALIAGA", "ccaa_cd": "ES24", "area": "Teruel" }, "geometry": { "type": "MultiPolygon", "coordinates": [ [ [ [ -0.72098638278757, 40.598958423812661 ], [ -0.725443040230358, 40.595082892162687 ], [ -0.725046157919672, 40.591453963858292 ], [ -0.734316020207767, 40.587429569643739 ], [ -0.73675693175772, 40.584072470322134 ], [ -0.749705064016424, 40.583046530056521 ], [ -0.769321888040728, 40.570122533155271 ], [ -0.784426337663748, 40.56558520903512 ], [ -0.778483479744843, 40.562417353471609 ], [ -0.778051819160839, 40.552257169664131 ], [ -0.769537529092322, 40.539797254246672 ], [ -0.777342851022796, 40.520130320686135 ], [ -0.786982786370913, 40.507326012571774 ], [ -0.791013539816014, 40.511087389584681 ], [ -0.800706780924756, 40.514587334807835 ], [ -0.824589466024337, 40.514418008559595 ], [ -0.841277432710903, 40.532476810777915 ], [ -0.84865607668674, 40.535064699839943 ], [ -0.873128882636177, 40.541102867911185 ], [ -0.906765861842981, 40.544987386665433 ], [ -0.910386003347748, 40.548944423326105 ], [ -0.908810020643387, 40.551014694346321 ], [ -0.911183081890705, 40.563569813002289 ], [ -0.892735824470633, 40.568765505312953 ], [ -0.890821862759923, 40.574792945881782 ], [ -0.874572019829855, 40.588421201551427 ], [ -0.872428350828329, 40.590813903528321 ], [ -0.87372980811528, 40.592999788600025 ], [ -0.877450503498549, 40.5937978311172 ], [ -0.878002000101572, 40.596906691034548 ], [ -0.889974119879252, 40.608521143465957 ], [ -0.904886803068148, 40.615440572142525 ], [ -0.908020271778464, 40.619577958728513 ], [ -0.90744535144201, 40.623224815520231 ], [ -0.909733609861326, 40.623770700941577 ], [ -0.91428590562507, 40.632860909002751 ], [ -0.912156986005089, 40.649955442314578 ], [ -0.908081685239363, 40.658880479725795 ], [ -0.910151254612868, 40.66268329815783 ], [ -0.908229099590601, 40.669683614737302 ], [ -0.910055766189691, 40.677103071563231 ], [ -0.908123808704703, 40.680617152316898 ], [ -0.890411926089105, 40.690338475910309 ], [ -0.881150731483941, 40.698401953936447 ], [ -0.888470401261631, 40.703850712706434 ], [ -0.893854861883347, 40.712146145197607 ], [ -0.902566802159824, 40.715187365470591 ], [ -0.923741582732502, 40.733216576965525 ], [ -0.900916741655892, 40.75751170925917 ], [ -0.864579148690051, 40.754376738912086 ], [ -0.850847186723518, 40.75153651561638 ], [ -0.845977100157953, 40.747194024701827 ], [ -0.835118492937042, 40.746756615953601 ], [ -0.823810262140698, 40.755749698749504 ], [ -0.810976189852906, 40.769991077655256 ], [ -0.795681665417833, 40.768880108224643 ], [ -0.778125182265313, 40.766687721774296 ], [ -0.776351766501386, 40.768735949675232 ], [ -0.774933790948695, 40.770373409751222 ], [ -0.724274244697918, 40.753288494384229 ], [ -0.715806455697019, 40.753940831283799 ], [ -0.715053615489102, 40.758627896046207 ], [ -0.698785494367096, 40.758394556268449 ], [ -0.687147635692404, 40.761620700610493 ], [ -0.681542745885754, 40.760643454361926 ], [ -0.674938725822701, 40.753331559566803 ], [ -0.672298421435367, 40.758052310481652 ], [ -0.668447344636443, 40.756731480075707 ], [ -0.661764818659482, 40.76049638637047 ], [ -0.656467901256156, 40.759533171420948 ], [ -0.654542729899653, 40.760719080427329 ], [ -0.644405159275951, 40.757621144869645 ], [ -0.638308370424059, 40.75885659857699 ], [ -0.620527325262612, 40.756212291595482 ], [ -0.618402688042498, 40.755006447829437 ], [ -0.612623230659999, 40.756634424469929 ], [ -0.608489274980621, 40.753990652586921 ], [ -0.605710105271246, 40.754527549574114 ], [ -0.604376852022313, 40.751743518644737 ], [ -0.592693452420649, 40.751545308318896 ], [ -0.586842016404333, 40.74729766421121 ], [ -0.588287042824314, 40.744346398597727 ], [ -0.598647943003647, 40.742094560113351 ], [ -0.599346942350202, 40.738136817316054 ], [ -0.604117708052754, 40.732903583085012 ], [ -0.60764709759881, 40.733544275791147 ], [ -0.612875772692343, 40.726401597589515 ], [ -0.616131947809846, 40.723082078997543 ], [ -0.617195278076877, 40.717834647600093 ], [ -0.613485562945116, 40.70370622789045 ], [ -0.607828884909137, 40.697067705698274 ], [ -0.608348353366404, 40.691809062287795 ], [ -0.605224191087749, 40.686195582155463 ], [ -0.612024153104617, 40.679346633394253 ], [ -0.620478094925627, 40.676846031291632 ], [ -0.618912619280289, 40.67462489701434 ], [ -0.623655060161855, 40.669011935441695 ], [ -0.62026658409708, 40.66350146949366 ], [ -0.62253916472737, 40.656801649436645 ], [ -0.628969155298765, 40.648241563289702 ], [ -0.627249670920123, 40.638360926339956 ], [ -0.635549743055825, 40.632685325572531 ], [ -0.636897212493305, 40.627668588525033 ], [ -0.635219255476183, 40.623959131641918 ], [ -0.641581311256222, 40.619540456096701 ], [ -0.643680391348118, 40.611611542068417 ], [ -0.646982830264149, 40.61248961176053 ], [ -0.646164280629886, 40.609545394330745 ], [ -0.651228169138289, 40.596236117462702 ], [ -0.638900209331089, 40.586913850258391 ], [ -0.629863792912901, 40.576144638706104 ], [ -0.629486944737642, 40.571092622606372 ], [ -0.636773209829096, 40.566116557760758 ], [ -0.636378380063587, 40.561226382140191 ], [ -0.638634819324657, 40.557849587117083 ], [ -0.646845482487572, 40.552045024694834 ], [ -0.657451762679745, 40.558097688531937 ], [ -0.661660072659961, 40.556291381819364 ], [ -0.661533984350885, 40.562288034130603 ], [ -0.673449902012999, 40.58516520595051 ], [ -0.687197282328127, 40.598007179278497 ], [ -0.693633307267873, 40.595730819099771 ], [ -0.707611231561583, 40.597504560635691 ], [ -0.71512107294457, 40.596293271425907 ], [ -0.719917862700325, 40.598405885474655 ], [ -0.72098638278757, 40.598958423812661 ] ] ] ] } },
{ "type": "Feature", "properties": { "codatzbs": "20811", "n_zbs": "SANTA EULALIA DEL CAMPO", "ccaa_cd": "ES24", "area": "Teruel" }, "geometry": { "type": "MultiPolygon", "coordinates": [ [ [ [ -1.53867343694632, 40.657804805710093 ], [ -1.532681902888874, 40.659494725572443 ], [ -1.530883576555175, 40.659888879289355 ], [ -1.519634271324293, 40.658382275910235 ], [ -1.518074148701743, 40.658173330916085 ], [ -1.515681989290981, 40.65852511906477 ], [ -1.514185572389038, 40.658745180373828 ], [ -1.511508940400202, 40.65828958343959 ], [ -1.508810187486258, 40.657830221241539 ], [ -1.505264720848197, 40.65840207069926 ], [ -1.50178808136345, 40.65543670172702 ], [ -1.501376144535604, 40.655085343844348 ], [ -1.49799503166931, 40.653698220617173 ], [ -1.497171411962105, 40.653360325352686 ], [ -1.496915718765156, 40.653255425579559 ], [ -1.496401054253187, 40.654284754603381 ], [ -1.495778373732509, 40.655530115644687 ], [ -1.494857060717226, 40.657372741675303 ], [ -1.493572164404742, 40.660733239723278 ], [ -1.493370252127096, 40.661261317987922 ], [ -1.493336131275799, 40.661252512606978 ], [ -1.489824785489149, 40.660346358855463 ], [ -1.48840151572729, 40.660448020981292 ], [ -1.486622428525792, 40.66057509863851 ], [ -1.48557403785493, 40.660085849658856 ], [ -1.481475783406051, 40.658173330915972 ], [ -1.479415575630536, 40.658800350673886 ], [ -1.478845275900435, 40.658973920156924 ], [ -1.476235948004281, 40.657389685362745 ], [ -1.475642918937078, 40.657029632000466 ], [ -1.471411232949782, 40.658630810482201 ], [ -1.467865766311722, 40.662176277120118 ], [ -1.467865766311723, 40.663891825493351 ], [ -1.466569574209874, 40.664203871740142 ], [ -1.461800798239325, 40.665351910399828 ], [ -1.461689792167989, 40.665378634083552 ], [ -1.460660463144109, 40.66663670289055 ], [ -1.462261641625731, 40.66858099104698 ], [ -1.461575422276554, 40.669610320070753 ], [ -1.461766038762791, 40.671325868448058 ], [ -1.461804162059596, 40.671668978118724 ], [ -1.461800290162275, 40.671668382442327 ], [ -1.460317353469464, 40.671440238335684 ], [ -1.45940239433702, 40.672583937251162 ], [ -1.460088613686367, 40.674299485624388 ], [ -1.458932207005376, 40.674477394344493 ], [ -1.458767006050663, 40.67450280987601 ], [ -1.458601805096237, 40.674528225407421 ], [ -1.458767006050664, 40.675106428748045 ], [ -1.458830544879278, 40.675328814648317 ], [ -1.458767006050663, 40.675365947730043 ], [ -1.450024063230098, 40.680475459767955 ], [ -1.449278540974201, 40.68100797566516 ], [ -1.449223473989258, 40.681047309225704 ], [ -1.447050446049781, 40.681276049008744 ], [ -1.445137927308728, 40.681731410613857 ], [ -1.444648678327205, 40.681847898466465 ], [ -1.444435321628581, 40.681965612507106 ], [ -1.441331951472355, 40.68367781673124 ], [ -1.441086814572078, 40.683753243469816 ], [ -1.439845142882165, 40.684135296297427 ], [ -1.438942891514944, 40.68413529629742 ], [ -1.4378231736644, 40.684049164155098 ], [ -1.429439576086208, 40.670610801373087 ], [ -1.432329094906364, 40.668974526597687 ], [ -1.414921995079538, 40.644666812085106 ], [ -1.406353955766374, 40.648386407338542 ], [ -1.391411955492302, 40.659898854596371 ], [ -1.348037386795889, 40.664105703515006 ], [ -1.352789901384354, 40.674325851188385 ], [ -1.338309158936883, 40.681423877976371 ], [ -1.340926973556269, 40.687515047329939 ], [ -1.330817170006038, 40.690981537740356 ], [ -1.329355806775504, 40.686474350961518 ], [ -1.321707205962256, 40.688047930005112 ], [ -1.319932493583408, 40.686148439374726 ], [ -1.31628025475278, 40.686914884307804 ], [ -1.269972985792114, 40.690184644538107 ], [ -1.266542158222608, 40.689682764909556 ], [ -1.26030736569596, 40.682787874698398 ], [ -1.250042254815183, 40.684821669308867 ], [ -1.246866428278047, 40.68228720694696 ], [ -1.236461071573483, 40.686038214695351 ], [ -1.229913699528852, 40.69018983593444 ], [ -1.225349767515492, 40.699398057034323 ], [ -1.213589429853991, 40.683281367075303 ], [ -1.213352364501199, 40.666901007019966 ], [ -1.207607955099376, 40.663623015473263 ], [ -1.205701245356291, 40.658404794977912 ], [ -1.212237175631179, 40.655947881971024 ], [ -1.214167205406802, 40.651437691496085 ], [ -1.213049596745469, 40.647663966209166 ], [ -1.202409376373841, 40.639148235763663 ], [ -1.18964842652153, 40.64095768168022 ], [ -1.185415419610559, 40.640062465957271 ], [ -1.192162173525422, 40.625367917821009 ], [ -1.192268672707685, 40.591598026280842 ], [ -1.189992704295631, 40.583977492898178 ], [ -1.18987482049229, 40.5800210424783 ], [ -1.202400446632324, 40.559650971334044 ], [ -1.212546324835159, 40.560979452792473 ], [ -1.216519456961241, 40.563482152835121 ], [ -1.224115408580261, 40.562554278232064 ], [ -1.224095475352797, 40.560626147837674 ], [ -1.233233258624719, 40.562585951143184 ], [ -1.23331110987763, 40.560073809629877 ], [ -1.235575379728544, 40.56065799538851 ], [ -1.246124383847344, 40.554269639514779 ], [ -1.249970676071871, 40.554418045768323 ], [ -1.275951776087386, 40.545737465899151 ], [ -1.29511326535815, 40.537058524359111 ], [ -1.295235605001531, 40.521520939867202 ], [ -1.322736023330898, 40.517905758854518 ], [ -1.350522024805774, 40.511189193634713 ], [ -1.364640554829109, 40.502354488850536 ], [ -1.369572739671005, 40.504333957206519 ], [ -1.38686300423564, 40.522026055496653 ], [ -1.390317196190502, 40.540469365538847 ], [ -1.388526280161337, 40.545723322083887 ], [ -1.390520141025214, 40.55073273680032 ], [ -1.393701887102861, 40.551515744862115 ], [ -1.414549757034675, 40.547876108686516 ], [ -1.420300426452429, 40.534325138904649 ], [ -1.419512795831138, 40.528152589670825 ], [ -1.422515775252209, 40.519914937003442 ], [ -1.420820161936689, 40.517720726488463 ], [ -1.440756724518207, 40.512649503672137 ], [ -1.457130903651767, 40.518175326965135 ], [ -1.492872535455787, 40.536682039544573 ], [ -1.501474782511609, 40.537451613078211 ], [ -1.509313058698374, 40.548192032180253 ], [ -1.525111232622549, 40.574690480047146 ], [ -1.524009526180833, 40.577514116969667 ], [ -1.520982985758989, 40.579214032977397 ], [ -1.535372996367333, 40.590072394311079 ], [ -1.537211313829949, 40.588681387493089 ], [ -1.545150356752837, 40.595303705763733 ], [ -1.55502003486292, 40.607291724241762 ], [ -1.564491527445897, 40.614850816581608 ], [ -1.555760288452844, 40.62725457481168 ], [ -1.551596694313941, 40.643201269593746 ], [ -1.538867952949638, 40.657920463874405 ], [ -1.53867343694632, 40.657804805710093 ] ] ] ] } },
{ "type": "Feature", "properties": { "codatzbs": "20625", "n_zbs": "UNIVERSITAS", "ccaa_cd": "ES24", "area": "Zaragoza III-Clinico" }, "geometry": { "type": "MultiPolygon", "coordinates": [ [ [ [ -0.907628340310003, 41.646424081776907 ], [ -0.90665242107591, 41.644606184507808 ], [ -0.905827757023702, 41.643071403941917 ], [ -0.906218995781471, 41.64294491432878 ], [ -0.914362491831611, 41.640311663871678 ], [ -0.916182400200655, 41.640004621783874 ], [ -0.916888642777968, 41.639885461574458 ], [ -0.917504775877904, 41.639769830914048 ], [ -0.91821225448771, 41.639613879756197 ], [ -0.918643418057962, 41.639504959904976 ], [ -0.919278805610516, 41.639327073083166 ], [ -0.919683170206929, 41.639200945181521 ], [ -0.919933316748136, 41.639166316191535 ], [ -0.920776461037342, 41.638764389603757 ], [ -0.921337644896055, 41.638459154331748 ], [ -0.92188101019522, 41.638061195989266 ], [ -0.922362133283396, 41.637549208176111 ], [ -0.922596752253967, 41.637191129106661 ], [ -0.922904435802602, 41.63662541691707 ], [ -0.923079747469264, 41.637923845392685 ], [ -0.923440645833876, 41.640142493389618 ], [ -0.922825376945104, 41.640186923602243 ], [ -0.92243871901971, 41.640467562803984 ], [ -0.921807799616619, 41.640527643412987 ], [ -0.920907432698137, 41.640668631573583 ], [ -0.920131673997122, 41.641083528607354 ], [ -0.91935222657534, 41.641612736413151 ], [ -0.919561472494635, 41.641997874249093 ], [ -0.919614800193896, 41.642082915736921 ], [ -0.919573386242644, 41.642208333801655 ], [ -0.919647518153202, 41.642518081995028 ], [ -0.919595184759098, 41.642692310457775 ], [ -0.919587968406114, 41.642916490901612 ], [ -0.919553352215631, 41.64332121986822 ], [ -0.919768225109284, 41.643588399829767 ], [ -0.920330598436272, 41.643836285730934 ], [ -0.921252758720001, 41.643563053073521 ], [ -0.921763652520497, 41.644272891841773 ], [ -0.921950238749134, 41.644991161217547 ], [ -0.921537772986052, 41.645369742732676 ], [ -0.921115259742039, 41.645467903894108 ], [ -0.920984366106179, 41.646172911346866 ], [ -0.922487720019349, 41.646508422333675 ], [ -0.922685400774318, 41.646335111112755 ], [ -0.922799591881995, 41.646241855962217 ], [ -0.923470197775933, 41.645739253948051 ], [ -0.923918563589637, 41.646198699294104 ], [ -0.923512314588155, 41.646552853807812 ], [ -0.922148855239145, 41.647769930960266 ], [ -0.921648185953882, 41.648183708215896 ], [ -0.921229611920282, 41.648436378397271 ], [ -0.921001000168147, 41.648580120937794 ], [ -0.920617335263672, 41.648752954476265 ], [ -0.919899724416078, 41.649115267486096 ], [ -0.919256447471112, 41.649447931622674 ], [ -0.918952909420765, 41.649663716200969 ], [ -0.918908813679759, 41.649884485886155 ], [ -0.918856972731442, 41.65014402790036 ], [ -0.918698928041852, 41.650278746795259 ], [ -0.918377443120829, 41.650442761289021 ], [ -0.910304819501481, 41.652080969468884 ], [ -0.910256938649543, 41.652091412579075 ], [ -0.909569984262391, 41.650692602081037 ], [ -0.909280629553099, 41.649881795084916 ], [ -0.908743146779371, 41.648724116781921 ], [ -0.908154879090876, 41.647489959242222 ], [ -0.907628340310003, 41.646424081776907 ] ] ] ] } },
{ "type": "Feature", "properties": { "codatzbs": "20404", "n_zbs": "VILLAMAYOR", "ccaa_cd": "ES24", "area": "Zaragoza I-Royo Villanova" }, "geometry": { "type": "MultiPolygon", "coordinates": [ [ [ [ -0.591459770861305, 41.881267041813942 ], [ -0.584552474705181, 41.875880396078387 ], [ -0.570101558455226, 41.875638404043933 ], [ -0.554849488792511, 41.871441911568326 ], [ -0.553622218031101, 41.867921437218399 ], [ -0.545429551302325, 41.862243924372663 ], [ -0.542421629083852, 41.858054858146751 ], [ -0.538840138272505, 41.858149199069111 ], [ -0.531671793086722, 41.853465294230737 ], [ -0.528678894344144, 41.853607991148394 ], [ -0.522477495045647, 41.842631167143381 ], [ -0.516388727371048, 41.836888839363915 ], [ -0.515514375935778, 41.828674431079783 ], [ -0.517954720704929, 41.824728563976592 ], [ -0.516085365006918, 41.813286603233763 ], [ -0.510814692525169, 41.808570319122083 ], [ -0.512075368029859, 41.798393833771833 ], [ -0.508476034097695, 41.791579292016458 ], [ -0.511651390503177, 41.784470365231691 ], [ -0.506192802969738, 41.778462009018718 ], [ -0.507386685377079, 41.774975479637192 ], [ -0.504632878511574, 41.764702804419379 ], [ -0.50033328698206, 41.761430161144276 ], [ -0.50491476745904, 41.752775885792637 ], [ -0.5036278818396, 41.746263597722908 ], [ -0.510911330436635, 41.741702482916267 ], [ -0.519262669729963, 41.731553225503156 ], [ -0.519005612019541, 41.729485240981802 ], [ -0.506507891082092, 41.729025467969478 ], [ -0.489064096610546, 41.731779495450603 ], [ -0.481885100425325, 41.724426457396689 ], [ -0.477968735960113, 41.724970902599992 ], [ -0.473731433671828, 41.722662269509229 ], [ -0.466502670704747, 41.721845530935241 ], [ -0.464008922597728, 41.715261142366259 ], [ -0.459299355506881, 41.715202068311491 ], [ -0.460292587532513, 41.713485856085065 ], [ -0.44797156194831, 41.70895280730754 ], [ -0.444558235688148, 41.703797516299268 ], [ -0.43956258863049, 41.706730316627088 ], [ -0.428178518157844, 41.705593349202559 ], [ -0.419841126157359, 41.701911973966808 ], [ -0.410088772374327, 41.701467263373708 ], [ -0.384474378744051, 41.687674870632314 ], [ -0.377543935474353, 41.689696302283338 ], [ -0.374143170682559, 41.688231679132073 ], [ -0.373313474637236, 41.684114975115683 ], [ -0.365899497607133, 41.68002752763325 ], [ -0.365557305781056, 41.659855055856561 ], [ -0.360402025391452, 41.64523697161232 ], [ -0.361948925896576, 41.637932500082151 ], [ -0.355197873738469, 41.632454657442352 ], [ -0.352850950638469, 41.633481291198919 ], [ -0.345988388081248, 41.631044413923256 ], [ -0.335853268113083, 41.630260455684997 ], [ -0.326805417941126, 41.624376408526004 ], [ -0.323576562170516, 41.611035244666773 ], [ -0.325052477836974, 41.606395501261744 ], [ -0.334927598900367, 41.600284638315145 ], [ -0.346957109307387, 41.575517004093328 ], [ -0.356364259725505, 41.565421690580948 ], [ -0.367413073895692, 41.547897120818838 ], [ -0.381207689425112, 41.539692439730452 ], [ -0.396502296190629, 41.544795285273054 ], [ -0.405831243934851, 41.544141653776158 ], [ -0.411519763449149, 41.546989804411531 ], [ -0.453202200070842, 41.584576670063051 ], [ -0.476346500938903, 41.59368827340252 ], [ -0.49641757492319, 41.596180826932965 ], [ -0.51097868576359, 41.600658048235012 ], [ -0.508506238913867, 41.606602676245238 ], [ -0.510608830513479, 41.609341117430411 ], [ -0.514728903993133, 41.612672540109727 ], [ -0.523334173579734, 41.61547919232563 ], [ -0.548928792847948, 41.619396459324683 ], [ -0.55561819122184, 41.612613105745957 ], [ -0.559591773534312, 41.612580517750651 ], [ -0.572660066310884, 41.623475781643563 ], [ -0.575485730763855, 41.638711015122894 ], [ -0.581960622115069, 41.646313696529198 ], [ -0.595080139484434, 41.670626791528072 ], [ -0.600076489915885, 41.697137608959473 ], [ -0.598740371053128, 41.703332973946686 ], [ -0.607732761967612, 41.705844206086347 ], [ -0.622394412564778, 41.704230355354134 ], [ -0.65604333654515, 41.704606734810532 ], [ -0.655532922099024, 41.699138555743751 ], [ -0.64874936644237, 41.695676539093832 ], [ -0.648916626802023, 41.691744215748656 ], [ -0.662378611292576, 41.689632346245652 ], [ -0.673509587039634, 41.679167877065169 ], [ -0.672338021257148, 41.673677258127839 ], [ -0.675711636104478, 41.672727972076913 ], [ -0.676732295354101, 41.669398232379372 ], [ -0.679806488807824, 41.667749151444191 ], [ -0.682781943766123, 41.660811276707285 ], [ -0.695023444492391, 41.654996339461981 ], [ -0.701857780409111, 41.657997236404796 ], [ -0.712300725215093, 41.656791685995636 ], [ -0.718535771722757, 41.661490878294437 ], [ -0.718215666587463, 41.666131844690788 ], [ -0.725976873190566, 41.664709587707968 ], [ -0.72750774743658, 41.661479611116199 ], [ -0.733620417086999, 41.66080778523115 ], [ -0.736297244700239, 41.657077844629555 ], [ -0.747323605812863, 41.651170313459978 ], [ -0.748316734538361, 41.648172623581047 ], [ -0.756232804573146, 41.646355045710479 ], [ -0.759732190257173, 41.647936463208502 ], [ -0.766683419718139, 41.647598579185654 ], [ -0.766485972344138, 41.647833866490579 ], [ -0.766104712145274, 41.648122687395691 ], [ -0.765766469152882, 41.648354770088261 ], [ -0.765019459145076, 41.648572508736088 ], [ -0.765825124065512, 41.649776344789053 ], [ -0.766515679662906, 41.650771519556145 ], [ -0.76860586310916, 41.653213222167622 ], [ -0.770738033527181, 41.654704408028117 ], [ -0.777278673434285, 41.657086420342807 ], [ -0.780310230013598, 41.658460616529879 ], [ -0.782583324384704, 41.658987787164612 ], [ -0.789708611822383, 41.661459680184556 ], [ -0.795157844475076, 41.663299192574151 ], [ -0.800189498490623, 41.664467833265348 ], [ -0.80055477639486, 41.66530711237688 ], [ -0.801989664046086, 41.665227188252643 ], [ -0.803046790901337, 41.666777740757432 ], [ -0.807638084839401, 41.669697937524511 ], [ -0.807463963950994, 41.67060744664218 ], [ -0.807722943385812, 41.671417811518651 ], [ -0.807861733379142, 41.672601762984868 ], [ -0.808886781711956, 41.672997204356243 ], [ -0.808509272064157, 41.673908274188641 ], [ -0.80932928862817, 41.675784363782512 ], [ -0.80930288393326, 41.676562408009119 ], [ -0.809485708369126, 41.678398727690173 ], [ -0.809904797224186, 41.679766313560712 ], [ -0.809684376841724, 41.680991707820013 ], [ -0.80963455678946, 41.682460122653026 ], [ -0.809843495607756, 41.683433203444395 ], [ -0.809471776573854, 41.684048754841726 ], [ -0.809379949134443, 41.685149071866562 ], [ -0.80889341344234, 41.686141104357546 ], [ -0.809437338965305, 41.686840405468416 ], [ -0.810168077035305, 41.686813841465117 ], [ -0.809661175898776, 41.68809307171113 ], [ -0.809372945427639, 41.690169157641648 ], [ -0.809175054762357, 41.691185779967547 ], [ -0.810005661729752, 41.692385265902622 ], [ -0.810879095605022, 41.692320243597479 ], [ -0.811475916662109, 41.692753395475044 ], [ -0.812122385180408, 41.692588853601805 ], [ -0.812785636502303, 41.693907504298338 ], [ -0.812950749296659, 41.695461681985194 ], [ -0.813125648439551, 41.696730240614222 ], [ -0.812954507710367, 41.698563639342808 ], [ -0.813584195479647, 41.699269516503243 ], [ -0.81429985735971, 41.699604272079185 ], [ -0.814699457538983, 41.70010700042009 ], [ -0.814250070615198, 41.700952565218891 ], [ -0.813977369645866, 41.701626721151129 ], [ -0.813574151844461, 41.702779384560898 ], [ -0.813516085869248, 41.704492563399889 ], [ -0.813514001113553, 41.705213105207939 ], [ -0.813852676962022, 41.705346939315234 ], [ -0.813951166321061, 41.705525969891688 ], [ -0.813873106847183, 41.705736852625442 ], [ -0.8135364744153, 41.705846252793727 ], [ -0.813511007948424, 41.706247450177152 ], [ -0.813413798704461, 41.706498197676304 ], [ -0.812895020930538, 41.706382349396939 ], [ -0.812487445151001, 41.707130485165493 ], [ -0.811893791795029, 41.707471858153141 ], [ -0.812806869057044, 41.707744319148652 ], [ -0.812088044076943, 41.708057099248279 ], [ -0.810977225406319, 41.708688944191351 ], [ -0.809637604910391, 41.709642918398991 ], [ -0.808522573703868, 41.710397210143775 ], [ -0.806651003009539, 41.71097370496183 ], [ -0.805795709778079, 41.712100132707718 ], [ -0.806842888523277, 41.713823505333849 ], [ -0.806251173880253, 41.714721043672647 ], [ -0.806118727360991, 41.715412311782579 ], [ -0.804685304984724, 41.715915559942538 ], [ -0.803363252589968, 41.715802136295117 ], [ -0.802998685389076, 41.71371368053245 ], [ -0.802024343128784, 41.713531787083916 ], [ -0.800863127697424, 41.714040107124603 ], [ -0.799894427338992, 41.713156844295391 ], [ -0.79793921447492, 41.712299646927512 ], [ -0.79706499976925, 41.712568836080088 ], [ -0.796653680763465, 41.713437865662549 ], [ -0.797663596127868, 41.714410407992084 ], [ -0.799266730491606, 41.714403007758655 ], [ -0.799721222212382, 41.715250508242981 ], [ -0.799038028960998, 41.715885576624061 ], [ -0.799059342501331, 41.716858192682288 ], [ -0.797031420528322, 41.716495912495091 ], [ -0.795656588398093, 41.71949733931767 ], [ -0.792360617106256, 41.720134055328394 ], [ -0.791984658720417, 41.721807612637555 ], [ -0.792658439149113, 41.722984476643568 ], [ -0.789757529718123, 41.723377654167713 ], [ -0.779678604616913, 41.726413703828527 ], [ -0.77757461180207, 41.727098014734338 ], [ -0.775883682845613, 41.727807971181477 ], [ -0.774385232414042, 41.728354847296927 ], [ -0.772737369591361, 41.728973122761339 ], [ -0.771693069858005, 41.72938085982657 ], [ -0.77058623962439, 41.729884048097865 ], [ -0.769853610125936, 41.730217106780394 ], [ -0.768641595331922, 41.730601648829214 ], [ -0.767297276917015, 41.73008577062815 ], [ -0.766300284297239, 41.730556137705534 ], [ -0.764612368695486, 41.730523297850297 ], [ -0.762987338933815, 41.730246826318393 ], [ -0.761780951614487, 41.73046815443201 ], [ -0.760783911648787, 41.730938562446177 ], [ -0.759203456057091, 41.730948528435263 ], [ -0.757412333254505, 41.730750318163935 ], [ -0.756898085571103, 41.731434069300562 ], [ -0.756845909334344, 41.73216998650792 ], [ -0.756791162709705, 41.732942119031918 ], [ -0.756129230319199, 41.733174110095732 ], [ -0.753923741713132, 41.732355535505626 ], [ -0.753197361465015, 41.732871870178073 ], [ -0.751930808837046, 41.733255257891237 ], [ -0.750452607100564, 41.734046369697836 ], [ -0.748987911454779, 41.734830212953753 ], [ -0.747383124822924, 41.735533421308169 ], [ -0.745651423133287, 41.735403881021028 ], [ -0.745031678065025, 41.735772987165817 ], [ -0.744948635254225, 41.736587610018603 ], [ -0.745782757818586, 41.737665158649513 ], [ -0.74511502979359, 41.73806022224241 ], [ -0.744400171542556, 41.739801239956016 ], [ -0.74345726491999, 41.740272468454243 ], [ -0.741995591554514, 41.73999881955843 ], [ -0.739780048195792, 41.739465486299373 ], [ -0.738715300521763, 41.739159377475403 ], [ -0.738258020194891, 41.738768195462619 ], [ -0.73706581897868, 41.738068528906595 ], [ -0.73646022082199, 41.738548986306427 ], [ -0.735799100939547, 41.738932843369923 ], [ -0.733403895137478, 41.738959071818265 ], [ -0.730935909216733, 41.739380685943708 ], [ -0.72993158875231, 41.739478394814206 ], [ -0.726980492524343, 41.739684578461173 ], [ -0.725097561426428, 41.739654622781813 ], [ -0.723968799155192, 41.739940910902327 ], [ -0.722751285631785, 41.739960878266736 ], [ -0.721069897732289, 41.739780500708491 ], [ -0.719639827841042, 41.739708016053044 ], [ -0.718805746665218, 41.739985413920728 ], [ -0.717415753998061, 41.740442837450836 ], [ -0.716516535641572, 41.740895306828861 ], [ -0.71533645842982, 41.740967338399692 ], [ -0.713821137901458, 41.741084159923602 ], [ -0.712610098522659, 41.740369224996087 ], [ -0.71309426632272, 41.741657651885639 ], [ -0.711853083380325, 41.742147301313494 ], [ -0.711816584898324, 41.742385589975328 ], [ -0.71319232727137, 41.742007345668284 ], [ -0.712691814568686, 41.745145494023433 ], [ -0.712607951884157, 41.746949154554471 ], [ -0.711164477034021, 41.751018253091281 ], [ -0.713603901242152, 41.754304573020697 ], [ -0.716729249450774, 41.756559798651509 ], [ -0.714979766954166, 41.757898447347095 ], [ -0.713481869531812, 41.758233327044806 ], [ -0.707529978200563, 41.759332248869477 ], [ -0.704429511111377, 41.758097662181548 ], [ -0.702760623014219, 41.758685711870733 ], [ -0.701593712405839, 41.759480298038412 ], [ -0.697609744964987, 41.761788737268077 ], [ -0.69528450393454, 41.762228419672184 ], [ -0.692752720398489, 41.764735239208335 ], [ -0.690841729886337, 41.766175812860155 ], [ -0.690579571781799, 41.767636593178921 ], [ -0.689697957132649, 41.769873077509082 ], [ -0.692557837883552, 41.774710207358403 ], [ -0.693919612379839, 41.775989457355067 ], [ -0.699172314687778, 41.778990342955581 ], [ -0.70009104509309, 41.77971123991059 ], [ -0.699661235716477, 41.78044567496169 ], [ -0.697709563101885, 41.780847782139723 ], [ -0.695482520453155, 41.78168187165474 ], [ -0.694902816317129, 41.781944228951517 ], [ -0.693746104812544, 41.782659539766016 ], [ -0.693699415636998, 41.792504246844203 ], [ -0.699631815209179, 41.801269212043387 ], [ -0.700188668578421, 41.820688626391316 ], [ -0.702094799686626, 41.821591386063176 ], [ -0.696263902132759, 41.823032545346017 ], [ -0.692918203002767, 41.821953729477151 ], [ -0.686366289006071, 41.825883444480368 ], [ -0.674184190190679, 41.83179414761571 ], [ -0.66897723267125, 41.835067570496584 ], [ -0.665641136454273, 41.835894535178909 ], [ -0.664079017168026, 41.841601260011359 ], [ -0.643485035387435, 41.833705313698516 ], [ -0.638083429141753, 41.833558290019091 ], [ -0.627211680185666, 41.839683338583797 ], [ -0.623840639781303, 41.843558269290696 ], [ -0.613578138280471, 41.853034898449145 ], [ -0.612500111779876, 41.858696918269743 ], [ -0.602409886223601, 41.870981696550956 ], [ -0.602800885202356, 41.874292229607107 ], [ -0.605539335881082, 41.87949202584489 ], [ -0.604279748958824, 41.881089461121668 ], [ -0.602954301519579, 41.882939603938489 ], [ -0.592434282259029, 41.882593358476178 ], [ -0.591459770861305, 41.881267041813942 ] ] ] ] } },
{ "type": "Feature", "properties": { "codatzbs": "20523", "n_zbs": "FERNANDO EL CATOLICO", "ccaa_cd": "ES24", "area": "Zaragoza II-Miguel Servet" }, "geometry": { "type": "MultiPolygon", "coordinates": [ [ [ [ -0.892772026486517, 41.637860197762848 ], [ -0.893384066030399, 41.637789136283807 ], [ -0.893791667213454, 41.637825978872442 ], [ -0.894247149410769, 41.63786791798195 ], [ -0.894691829540453, 41.637876072068821 ], [ -0.897998728873238, 41.637472676263684 ], [ -0.899119285346774, 41.637905809332118 ], [ -0.899624471122687, 41.638101075725174 ], [ -0.900717130055403, 41.638644754370503 ], [ -0.902391737875691, 41.63952089695691 ], [ -0.903626810913614, 41.640170239141028 ], [ -0.904327637662981, 41.640536927653663 ], [ -0.904451756991373, 41.640632784445899 ], [ -0.904800707832633, 41.641013284247727 ], [ -0.905012771500702, 41.641378309682445 ], [ -0.905620119100295, 41.642378211956839 ], [ -0.905827757023702, 41.643071403941917 ], [ -0.899925242345301, 41.645023843976006 ], [ -0.899835220479066, 41.645128433906862 ], [ -0.898369305404939, 41.645757935622392 ], [ -0.896947200082235, 41.646301251700599 ], [ -0.895429464042685, 41.646905380043549 ], [ -0.894372830421678, 41.647376521095936 ], [ -0.894006559950443, 41.647506614159838 ], [ -0.893770655299615, 41.647615835747061 ], [ -0.893770216390156, 41.647608521627674 ], [ -0.89344092657873, 41.645998517752851 ], [ -0.892989366153692, 41.645195036522409 ], [ -0.892754808906522, 41.644923883920512 ], [ -0.892502162442565, 41.644717956480086 ], [ -0.891880874581678, 41.64438832485223 ], [ -0.891422306867639, 41.644167806142484 ], [ -0.890587133292322, 41.643713746836873 ], [ -0.890139007656964, 41.64357490107264 ], [ -0.890206503548662, 41.642326842804401 ], [ -0.890205056513989, 41.642144394864751 ], [ -0.889850379698953, 41.641417770051788 ], [ -0.889728172220817, 41.641167401753556 ], [ -0.8897108333062, 41.640858012402283 ], [ -0.890579237905468, 41.639952092090439 ], [ -0.891671638313715, 41.638859772322412 ], [ -0.892122784417554, 41.638613652604647 ], [ -0.892135346712687, 41.638170181741152 ], [ -0.892772026486517, 41.637860197762848 ] ] ] ] } },
{ "type": "Feature", "properties": { "codatzbs": "20403", "n_zbs": "LUNA", "ccaa_cd": "ES24", "area": "Zaragoza I-Royo Villanova" }, "geometry": { "type": "MultiPolygon", "coordinates": [ [ [ [ -0.754688275125203, 42.109724488880552 ], [ -0.754141158136877, 42.107750553766095 ], [ -0.760157386699783, 42.105193485788654 ], [ -0.762352068291511, 42.100562364039426 ], [ -0.760824211149669, 42.095183015427615 ], [ -0.757138421946976, 42.092069188036838 ], [ -0.75480070124987, 42.090094079177618 ], [ -0.757148403676254, 42.088320845361359 ], [ -0.766790131907044, 42.089193456066788 ], [ -0.76980514628389, 42.0873428220157 ], [ -0.760429054395773, 42.079613259268768 ], [ -0.765753229454259, 42.073611112248081 ], [ -0.762785742195179, 42.067591447184959 ], [ -0.768867593149913, 42.062693671208422 ], [ -0.774521863812149, 42.061362501952985 ], [ -0.775746061498207, 42.056415026993299 ], [ -0.786139190677981, 42.052572445088842 ], [ -0.794421103610335, 42.05523564134279 ], [ -0.804493439908378, 42.073989973225686 ], [ -0.804428265063127, 42.09655738646201 ], [ -0.827817092375447, 42.082665324100503 ], [ -0.843885437270306, 42.059418088143929 ], [ -0.855075416735461, 42.053341744748245 ], [ -0.856087682514004, 42.047317657284111 ], [ -0.85178858348663, 42.0458143184295 ], [ -0.848437176361003, 42.04165374701978 ], [ -0.849681995063892, 42.027312641638332 ], [ -0.853819757361418, 42.022445861256465 ], [ -0.869344134927944, 42.01255844896631 ], [ -0.879927017537206, 42.008800844087553 ], [ -0.884576387680891, 42.003690169248976 ], [ -0.889993184126474, 42.002736238225189 ], [ -0.896951227485226, 42.00777224983662 ], [ -0.90481929086137, 42.0105009323904 ], [ -0.908370737171337, 42.010097419501051 ], [ -0.927403382788691, 42.011919749843194 ], [ -0.938577068948271, 42.015183096214429 ], [ -0.943361549588724, 42.013242560014277 ], [ -0.951525276759029, 42.014370327310182 ], [ -0.952437669952854, 42.017925984217776 ], [ -0.95770568828143, 42.020118211247755 ], [ -0.95959337900846, 42.019251196032236 ], [ -0.968669170098468, 42.022870566494326 ], [ -0.980335635727296, 42.023670885410752 ], [ -0.981072117584818, 42.037796396533622 ], [ -0.987987582290195, 42.04759026466126 ], [ -0.994634484056067, 42.050237354552415 ], [ -1.009278670634836, 42.058777947670151 ], [ -1.030478766656772, 42.062205906328515 ], [ -1.032217400391655, 42.06773837502756 ], [ -1.026592357652194, 42.099477910788579 ], [ -1.023936869906095, 42.105547255944138 ], [ -1.02959543057981, 42.114182209605154 ], [ -1.026012425834475, 42.117776991055692 ], [ -1.020258821391077, 42.118803612433453 ], [ -1.014937106436868, 42.123818037800113 ], [ -1.016194159953891, 42.144003962321513 ], [ -1.019851215126255, 42.153631358967246 ], [ -1.025052578783612, 42.161898430519649 ], [ -1.0316770315164, 42.159454626105486 ], [ -1.037942300968544, 42.161957600108749 ], [ -1.03883933527925, 42.16544022188603 ], [ -1.045626083544139, 42.170302108615509 ], [ -1.045126383932355, 42.173950041193777 ], [ -1.050297262530969, 42.179819828714834 ], [ -1.041079707216321, 42.184237691699643 ], [ -1.03596974436462, 42.18736535269084 ], [ -1.026806901363897, 42.189180384220975 ], [ -1.028635241878145, 42.196200375068287 ], [ -1.021093393657011, 42.214325230562352 ], [ -0.999962415565994, 42.230916449649897 ], [ -0.990814130646635, 42.248074547863801 ], [ -0.982766092298014, 42.255669194192869 ], [ -0.980283018148217, 42.265855956907394 ], [ -0.975052273861408, 42.269041724476075 ], [ -0.969359847603146, 42.284322769354297 ], [ -0.964468628375492, 42.288576772345166 ], [ -0.964815114812326, 42.294013314514892 ], [ -0.960669461625926, 42.29881169568187 ], [ -0.961191694177981, 42.304431531780502 ], [ -0.963637984968708, 42.306825460361416 ], [ -0.970657810632635, 42.321701238722888 ], [ -0.970531981613379, 42.332784919906914 ], [ -0.974874368579897, 42.341570082092105 ], [ -0.977244897658802, 42.344872025720868 ], [ -0.991583659628042, 42.352823930038646 ], [ -0.968397351725136, 42.385861956164796 ], [ -0.970096549462712, 42.392691208530842 ], [ -0.967340990157874, 42.40127861077098 ], [ -0.973712539617969, 42.407929471395398 ], [ -0.977327422204538, 42.408884878792684 ], [ -0.96505735186661, 42.421923729635189 ], [ -0.957811945542929, 42.421587746741274 ], [ -0.95454640179296, 42.423708833836585 ], [ -0.948506191360133, 42.421817771318807 ], [ -0.944519499524233, 42.427023537671381 ], [ -0.936939775346633, 42.424266720893421 ], [ -0.931259672117089, 42.424380399246964 ], [ -0.913631585576194, 42.43253489430159 ], [ -0.908066045119158, 42.437584559811789 ], [ -0.905279313756804, 42.43657008133075 ], [ -0.883865458135005, 42.421173538453772 ], [ -0.841733303886275, 42.407500933277696 ], [ -0.842571689251491, 42.403248110893436 ], [ -0.840304945420367, 42.402025668130257 ], [ -0.84021774906923, 42.398899140214475 ], [ -0.835080941574519, 42.395641306905354 ], [ -0.827663369103379, 42.394420315783606 ], [ -0.8222443359275, 42.397946631136413 ], [ -0.814993065847899, 42.395079959231111 ], [ -0.821318586886167, 42.384673010987335 ], [ -0.832776711625093, 42.382107619731897 ], [ -0.841566991340391, 42.386479032177007 ], [ -0.84382475723885, 42.384756463339684 ], [ -0.842996663207942, 42.378076834152324 ], [ -0.845016088614177, 42.375142992995322 ], [ -0.84166007589098, 42.372774450270121 ], [ -0.842410747066987, 42.366457754848973 ], [ -0.846551612698238, 42.36432929213646 ], [ -0.849617064091584, 42.359190653846866 ], [ -0.855307855205255, 42.340034526222723 ], [ -0.865824683099253, 42.332720214162791 ], [ -0.865961886105056, 42.32902142822595 ], [ -0.868581260237905, 42.328367788112885 ], [ -0.87214178785967, 42.322472212795631 ], [ -0.879248440751978, 42.31900170853902 ], [ -0.882688732274586, 42.310131786398593 ], [ -0.887171744218022, 42.308143192513626 ], [ -0.884625966355865, 42.305907874117842 ], [ -0.888274742548985, 42.3027331648764 ], [ -0.892100573710013, 42.293149548689009 ], [ -0.888685265781504, 42.286818796319828 ], [ -0.891567303712708, 42.286592634103229 ], [ -0.893088809021529, 42.282063785695826 ], [ -0.903100702801111, 42.276015462377416 ], [ -0.906140926269186, 42.270262395736772 ], [ -0.918056851898071, 42.25931240427883 ], [ -0.91765739933471, 42.255612760726812 ], [ -0.909599645124973, 42.251827844697061 ], [ -0.900725321849454, 42.250765126318136 ], [ -0.895482655322653, 42.24767009627584 ], [ -0.897808699262851, 42.244785977122049 ], [ -0.89384627757429, 42.240750746221018 ], [ -0.888914996505626, 42.240705070053572 ], [ -0.886151117297658, 42.244715692409137 ], [ -0.890564361324681, 42.249038691359132 ], [ -0.88673873525196, 42.255794499288299 ], [ -0.889476941643665, 42.256565427686141 ], [ -0.890821048755794, 42.263155218377143 ], [ -0.876605396914482, 42.281759643795489 ], [ -0.867920872279332, 42.281076138188311 ], [ -0.857580695133387, 42.274858557774408 ], [ -0.843578033081762, 42.282944220269322 ], [ -0.836060099408749, 42.276174418677307 ], [ -0.831981255118276, 42.27382794719535 ], [ -0.827895320638218, 42.274164862518916 ], [ -0.812741142881362, 42.264600936533526 ], [ -0.823767858484554, 42.251041197982282 ], [ -0.83723051469924, 42.232726294774295 ], [ -0.838092296327314, 42.228780047877379 ], [ -0.828405190326649, 42.210558568418854 ], [ -0.822107784454803, 42.207332160582624 ], [ -0.8219379522355, 42.204167947731854 ], [ -0.818471059956089, 42.187000162483464 ], [ -0.819191285352728, 42.183663784252111 ], [ -0.813549674919371, 42.172038022743223 ], [ -0.815248967729885, 42.156436456850031 ], [ -0.803511944619845, 42.156338305959586 ], [ -0.787558075104123, 42.159507848919382 ], [ -0.789997535089568, 42.164535037908593 ], [ -0.780738439761075, 42.167958499034043 ], [ -0.776411718170188, 42.167757631151929 ], [ -0.768503746603334, 42.163020045050949 ], [ -0.757166061651429, 42.166320094073917 ], [ -0.75530822653684, 42.162033099435781 ], [ -0.748614189467848, 42.159650447573974 ], [ -0.747169283552141, 42.15738865710793 ], [ -0.747677270724575, 42.155012065738461 ], [ -0.755021995648084, 42.152670562072799 ], [ -0.758346280879788, 42.146269439824799 ], [ -0.752386474354943, 42.134121128797865 ], [ -0.753193802165348, 42.131480251532373 ], [ -0.758195075822459, 42.132037413923733 ], [ -0.760506403181349, 42.129966197799234 ], [ -0.753119681539192, 42.125021631753647 ], [ -0.753044226261136, 42.121679063200581 ], [ -0.757719183503457, 42.115349397170604 ], [ -0.755649536564288, 42.110932095014981 ], [ -0.754688275125203, 42.109724488880552 ] ] ] ] } },
{ "type": "Feature", "properties": { "codatzbs": "20110", "n_zbs": "JACA", "ccaa_cd": "ES24", "area": "Huesca-Jaca" }, "geometry": { "type": "MultiPolygon", "coordinates": [ [ [ [ -0.444596119946456, 42.796144530104428 ], [ -0.440155390020505, 42.795604052814006 ], [ -0.43928232857725, 42.797205308319938 ], [ -0.437226799754118, 42.78835267817314 ], [ -0.43992220254119, 42.783766616423975 ], [ -0.453547343161042, 42.782413703413688 ], [ -0.458227481576213, 42.7794741314612 ], [ -0.460307401665212, 42.775243113779176 ], [ -0.453963435147432, 42.769879387703533 ], [ -0.444818801325518, 42.766667984772305 ], [ -0.426444775571452, 42.765905085404533 ], [ -0.420759603265759, 42.760365274999053 ], [ -0.422679541007212, 42.754438424266922 ], [ -0.420890953561088, 42.751309501067126 ], [ -0.427083259068302, 42.73778863174941 ], [ -0.438930604097091, 42.73249834891741 ], [ -0.442622111573811, 42.726790814542767 ], [ -0.439272219648751, 42.720934844062207 ], [ -0.439596397535812, 42.715728293259986 ], [ -0.441801361396634, 42.711995622174733 ], [ -0.449544382848567, 42.708980722566402 ], [ -0.448291466364321, 42.707674104118759 ], [ -0.442689913851642, 42.702848543070374 ], [ -0.442185352739624, 42.698487922110431 ], [ -0.450881740311526, 42.693017849541341 ], [ -0.457579977771391, 42.685323652440267 ], [ -0.462336603019501, 42.684213517462958 ], [ -0.465163543236792, 42.678927266706062 ], [ -0.456061980147545, 42.670485877998196 ], [ -0.453148334005514, 42.664144710333829 ], [ -0.447122846106018, 42.65962511612549 ], [ -0.444589472454754, 42.652670813816535 ], [ -0.438158265536726, 42.646187665422218 ], [ -0.435272463861131, 42.635677331768662 ], [ -0.437266750176203, 42.631660790603725 ], [ -0.430875643639238, 42.623088956987957 ], [ -0.43300232715273, 42.617625684181888 ], [ -0.442073412909302, 42.614055590969265 ], [ -0.449383341000533, 42.605519945815033 ], [ -0.444102784147009, 42.598126137610649 ], [ -0.437421045461945, 42.59610378202116 ], [ -0.430914590757816, 42.591311375796693 ], [ -0.420415577284496, 42.588499983160332 ], [ -0.420523051041211, 42.585008470322762 ], [ -0.416501889651351, 42.580874596729615 ], [ -0.424001983220101, 42.567112821842564 ], [ -0.418878721384661, 42.562548994902301 ], [ -0.421419808164502, 42.552025362877977 ], [ -0.417376848874432, 42.548467311476038 ], [ -0.415207207122457, 42.533758206874559 ], [ -0.412237666762604, 42.532547558877845 ], [ -0.424322904725693, 42.515791424375401 ], [ -0.398767982923724, 42.509459623195731 ], [ -0.413841410952127, 42.48896327372276 ], [ -0.426643375084983, 42.486838208933733 ], [ -0.432945954184499, 42.491293100765525 ], [ -0.445850984819595, 42.495597875631674 ], [ -0.448760014378921, 42.4880984371121 ], [ -0.461474395559043, 42.473666592262248 ], [ -0.470236115207975, 42.471167908401291 ], [ -0.481863083243684, 42.472423652316039 ], [ -0.487180517696559, 42.46295900279253 ], [ -0.492114958194278, 42.468524238517986 ], [ -0.500454924519002, 42.473515295528635 ], [ -0.497499112101894, 42.478394567586676 ], [ -0.509936070935039, 42.481358142586039 ], [ -0.510346611776065, 42.483582332172759 ], [ -0.519967278356205, 42.485502029584453 ], [ -0.524659690074499, 42.488377094133412 ], [ -0.535543889232604, 42.490683007412571 ], [ -0.545495749389507, 42.483251248768603 ], [ -0.552123945892682, 42.485185202896105 ], [ -0.570201611678891, 42.459464039959933 ], [ -0.578049708401611, 42.453371530257954 ], [ -0.581708483588914, 42.443299920148128 ], [ -0.581343039543252, 42.440158387767241 ], [ -0.576857985346784, 42.438550766752918 ], [ -0.577378354900853, 42.430727178308111 ], [ -0.582748517356198, 42.426374011238387 ], [ -0.582061101775067, 42.423387741466605 ], [ -0.587911988009217, 42.424852857372841 ], [ -0.595293970592083, 42.423161973232183 ], [ -0.595571778853272, 42.429246386000109 ], [ -0.598575688189377, 42.429210353259229 ], [ -0.604331849984077, 42.427763904513441 ], [ -0.614233180185958, 42.42126328029687 ], [ -0.614233174304108, 42.421263307190245 ], [ -0.623552678605548, 42.415142593093684 ], [ -0.631244468177495, 42.42194778892113 ], [ -0.631066067756661, 42.425068932911813 ], [ -0.634311401747669, 42.427657499815858 ], [ -0.647358263561278, 42.42689949090493 ], [ -0.656302275788478, 42.435115517918575 ], [ -0.659723916112111, 42.447702880245544 ], [ -0.672992538573697, 42.458464249334831 ], [ -0.670431453241263, 42.46718334587645 ], [ -0.681368585399748, 42.469422454252339 ], [ -0.683789409669045, 42.482934248234137 ], [ -0.688692345843268, 42.485248569627672 ], [ -0.695974941131717, 42.484395718805089 ], [ -0.701234380740439, 42.489616406073289 ], [ -0.691455478492764, 42.491166680831896 ], [ -0.692867898815573, 42.493455532708616 ], [ -0.690687909099884, 42.496482396158228 ], [ -0.681059016091725, 42.496900192198851 ], [ -0.683100104147883, 42.50522632567521 ], [ -0.691599203644503, 42.507099922109276 ], [ -0.701979398981425, 42.506813275078066 ], [ -0.718461155160487, 42.510762924985627 ], [ -0.717508175358461, 42.518884627357664 ], [ -0.712545871435802, 42.521766385274979 ], [ -0.711266985151774, 42.524784610121444 ], [ -0.708749613635496, 42.557666206680416 ], [ -0.705302341753449, 42.560658950717958 ], [ -0.708282120364629, 42.562780826347627 ], [ -0.705389452738479, 42.563929532627668 ], [ -0.699994245332857, 42.561570029023159 ], [ -0.693062219015174, 42.562250086873576 ], [ -0.689756563344479, 42.558410342133001 ], [ -0.686099289403759, 42.559480111168995 ], [ -0.671776510180026, 42.557127719163482 ], [ -0.671647664253352, 42.567138755538018 ], [ -0.675774950717911, 42.567537797709399 ], [ -0.684621559411214, 42.573741463599077 ], [ -0.677570084604231, 42.575300574518202 ], [ -0.676613234537657, 42.577442405285367 ], [ -0.693752250106182, 42.576582215170568 ], [ -0.684808851220482, 42.589747331686013 ], [ -0.6819552628824, 42.602287696152686 ], [ -0.691779353755114, 42.607916185389193 ], [ -0.684640373460371, 42.617326486716209 ], [ -0.677284171873457, 42.622355445996661 ], [ -0.676058838455896, 42.626121662279573 ], [ -0.669866982644768, 42.628337114713588 ], [ -0.670994512257243, 42.631781996764282 ], [ -0.666849674689732, 42.637613981988302 ], [ -0.679815746084621, 42.646765416293853 ], [ -0.678888304189583, 42.652347686066022 ], [ -0.681796450320097, 42.659115419380527 ], [ -0.663809642388076, 42.663108167023452 ], [ -0.658440962134818, 42.669932368275632 ], [ -0.647702878079587, 42.676069730282478 ], [ -0.644956239270224, 42.681902576468694 ], [ -0.639731888707239, 42.686108387488275 ], [ -0.630214672899648, 42.695006725194169 ], [ -0.628423925089237, 42.702281692007631 ], [ -0.630375152568146, 42.708436369668114 ], [ -0.624413372571545, 42.713958912072158 ], [ -0.619262369603769, 42.72475687165943 ], [ -0.61994845657033, 42.729489643482985 ], [ -0.614296524776625, 42.734820005035438 ], [ -0.611347055821415, 42.743871372644875 ], [ -0.60410893969029, 42.747502180655978 ], [ -0.603653095270038, 42.752355261015616 ], [ -0.6062606881192, 42.755399455589512 ], [ -0.601247650793072, 42.77732034806197 ], [ -0.598622305692146, 42.776301705209114 ], [ -0.587582945006201, 42.782003776690374 ], [ -0.583377665758057, 42.781689896376569 ], [ -0.580286367343677, 42.779454416902261 ], [ -0.580911689380973, 42.775640650868851 ], [ -0.585485619679441, 42.773377912343683 ], [ -0.583638348455972, 42.769646983383204 ], [ -0.571467213982985, 42.763023011151972 ], [ -0.56544142397253, 42.763669343635868 ], [ -0.565119324244196, 42.769083457320605 ], [ -0.55710144190933, 42.770641446246444 ], [ -0.550720981361596, 42.777781009373555 ], [ -0.543800858878062, 42.792958871655891 ], [ -0.529351658302466, 42.791657263544131 ], [ -0.522792948527158, 42.798836392185962 ], [ -0.525064165881707, 42.802595453799718 ], [ -0.524891127145901, 42.812145776345574 ], [ -0.513531764271488, 42.81848199447753 ], [ -0.510593098942601, 42.824649360777862 ], [ -0.505140113908731, 42.827313035038486 ], [ -0.50092602966558, 42.82745524757258 ], [ -0.498194405160388, 42.820569942839903 ], [ -0.492537256643343, 42.816781234494414 ], [ -0.483025353767646, 42.815473888455955 ], [ -0.478229155660624, 42.809794347063843 ], [ -0.461072843932057, 42.8043543939472 ], [ -0.452317801199352, 42.803736504234251 ], [ -0.444596119946456, 42.796144530104428 ] ] ] ] } },
{ "type": "Feature", "properties": { "codatzbs": "20209", "n_zbs": "FRAGA", "ccaa_cd": "ES24", "area": "Barbastro" }, "geometry": { "type": "MultiPolygon", "coordinates": [ [ [ [ 0.347679116127034, 41.487860991352285 ], [ 0.342384410262206, 41.484115711554502 ], [ 0.341757983557372, 41.481018005424637 ], [ 0.345245882040447, 41.471073420007961 ], [ 0.345025560975766, 41.462371393475706 ], [ 0.355701066147237, 41.452793353763198 ], [ 0.348007900206483, 41.442165955404093 ], [ 0.347799798179672, 41.42742083090058 ], [ 0.342201480255583, 41.413931205249789 ], [ 0.335323627709317, 41.408340377791014 ], [ 0.309235556928995, 41.418955790992271 ], [ 0.245468683103361, 41.428825299517776 ], [ 0.240951618638781, 41.428466466963187 ], [ 0.234924316880317, 41.424682741363668 ], [ 0.230622594422476, 41.41756304009045 ], [ 0.225259079093571, 41.414588672183356 ], [ 0.219613269493789, 41.407830567257157 ], [ 0.219456265505073, 41.40368323397238 ], [ 0.199600696426143, 41.403445125594587 ], [ 0.18948950711574, 41.396278381111728 ], [ 0.183005153124159, 41.394521805078192 ], [ 0.176233677406214, 41.396438244132426 ], [ 0.171643403059194, 41.405579912717059 ], [ 0.164901376094396, 41.406900432880867 ], [ 0.156905208310327, 41.397402978963846 ], [ 0.131313098627905, 41.38899795251934 ], [ 0.121620686087799, 41.379382076235053 ], [ 0.118002965539403, 41.368736182198894 ], [ 0.118272723927061, 41.362875013836081 ], [ 0.10665883619103, 41.350932257488608 ], [ 0.087270936811953, 41.350634918314256 ], [ 0.080658029502375, 41.352586474111177 ], [ 0.079666978561551, 41.355900179431032 ], [ 0.077604227011124, 41.352965483728816 ], [ 0.037117399650359, 41.355176764271917 ], [ 0.017240775408251, 41.360878591093929 ], [ 0.010053135657107, 41.360544646433674 ], [ 0.005989860290834, 41.368351109658668 ], [ 0.006621306354402, 41.372972772866781 ], [ -0.002622220578879, 41.388029066431166 ], [ -0.023571273535461, 41.396994014870948 ], [ -0.025058417070021, 41.407650662654028 ], [ -0.019187431529064, 41.409687057201019 ], [ 0.002917422095274, 41.425466692605291 ], [ 0.00962181501437, 41.435900420739934 ], [ 0.029841228377352, 41.4568574812305 ], [ 0.02916242622556, 41.462846272021999 ], [ 0.031855598854137, 41.465143876621028 ], [ 0.037044357815392, 41.460882095328174 ], [ 0.050156351066818, 41.456851458449407 ], [ 0.058122841781556, 41.451623396032801 ], [ 0.064165635397474, 41.443951594185705 ], [ 0.072882361718232, 41.439206834178805 ], [ 0.077631222799443, 41.429029223808001 ], [ 0.093566416670091, 41.42844827819998 ], [ 0.102092047256689, 41.419779964102155 ], [ 0.110545662404531, 41.419920763445397 ], [ 0.109489047670281, 41.429864813615623 ], [ 0.116637182608777, 41.435453069850468 ], [ 0.117564966345906, 41.446577163581637 ], [ 0.13042441214613, 41.449901978513473 ], [ 0.140868232515097, 41.458208558855027 ], [ 0.14122840227179, 41.467150575398165 ], [ 0.137694658609995, 41.475550502137835 ], [ 0.14173533715729, 41.4892819956249 ], [ 0.139203220750966, 41.494880714702873 ], [ 0.142980558678692, 41.50412544684999 ], [ 0.122988254691408, 41.51612595758057 ], [ 0.11286694137774, 41.532187796520752 ], [ 0.103743128957296, 41.539387132426263 ], [ 0.09965021550001, 41.542532505136307 ], [ 0.08514024967937, 41.547200857648114 ], [ 0.07293353728875, 41.547140754563493 ], [ 0.044962972078411, 41.56265511137817 ], [ 0.037422985623678, 41.56321487689209 ], [ 0.026106064187825, 41.561217070006506 ], [ 0.055762268446185, 41.587980833682053 ], [ 0.090909999970446, 41.611607993864915 ], [ 0.097514160382773, 41.619715343035715 ], [ 0.123616535007005, 41.630382470737672 ], [ 0.126466773229637, 41.640670466352326 ], [ 0.135055761025899, 41.653890679751846 ], [ 0.137327097497503, 41.663815909977743 ], [ 0.129648890353627, 41.665961615934357 ], [ 0.128913771158387, 41.671114884868246 ], [ 0.122726653855141, 41.675056711369329 ], [ 0.125138131158366, 41.676981296606421 ], [ 0.135045239944623, 41.684338935027021 ], [ 0.14949024314487, 41.689608126863853 ], [ 0.173431598805304, 41.668046911733022 ], [ 0.176799748113452, 41.660587276151354 ], [ 0.186285497061292, 41.65009412829496 ], [ 0.198353850845631, 41.633143386974339 ], [ 0.213821921893407, 41.641978164395795 ], [ 0.236574112371578, 41.647769111722148 ], [ 0.242940274999119, 41.655955622162431 ], [ 0.236930624336296, 41.665184698638058 ], [ 0.267549446767047, 41.677879665611577 ], [ 0.276258804122798, 41.668427865167018 ], [ 0.313037329479031, 41.667786716138437 ], [ 0.32660289611143, 41.662315356435492 ], [ 0.333278002378982, 41.65971734957148 ], [ 0.349775428540523, 41.636291416890259 ], [ 0.358342990543806, 41.6318356680422 ], [ 0.346177397875671, 41.621978691606024 ], [ 0.349973675532303, 41.599579475485818 ], [ 0.392394772970898, 41.595434458324938 ], [ 0.402383109299062, 41.592833593874339 ], [ 0.428854205090384, 41.602492429384732 ], [ 0.43382505329902, 41.593068364525188 ], [ 0.436217626514728, 41.585036048382698 ], [ 0.430496320233249, 41.57802082534964 ], [ 0.433275114546328, 41.569130506948177 ], [ 0.430688777225714, 41.565353458926204 ], [ 0.440630277130778, 41.554762918546835 ], [ 0.447283376765885, 41.542352062649385 ], [ 0.443362509844008, 41.541199990523062 ], [ 0.432675328490679, 41.531100566341287 ], [ 0.426677693915548, 41.522832549551097 ], [ 0.417781050353217, 41.517045905084856 ], [ 0.408526704521458, 41.503047212392097 ], [ 0.395048337819656, 41.489956120473821 ], [ 0.384361026651681, 41.485975781945911 ], [ 0.371195548809887, 41.484750824315974 ], [ 0.367264011063758, 41.486072886686358 ], [ 0.347679116127034, 41.487860991352285 ] ] ] ] } },
{ "type": "Feature", "properties": { "codatzbs": "20812", "n_zbs": "SARRION", "ccaa_cd": "ES24", "area": "Teruel" }, "geometry": { "type": "MultiPolygon", "coordinates": [ [ [ [ -0.767916839376718, 40.160802604190245 ], [ -0.762950756918199, 40.155067443566693 ], [ -0.759859402109585, 40.156250823852368 ], [ -0.755445670699509, 40.154093350573362 ], [ -0.75226640997271, 40.154734339369156 ], [ -0.747316179633844, 40.148926771930746 ], [ -0.73989767140349, 40.148556889543094 ], [ -0.739424744523341, 40.145827136008165 ], [ -0.736575398005841, 40.146086768171592 ], [ -0.737734509994237, 40.142992534581097 ], [ -0.733267969057239, 40.143526688142749 ], [ -0.728923536952531, 40.140748027616198 ], [ -0.718952932720463, 40.144065223791543 ], [ -0.717088267297596, 40.141208875975607 ], [ -0.712551574744247, 40.138236585576287 ], [ -0.692293613021148, 40.135447277719301 ], [ -0.680587085410101, 40.128348885968862 ], [ -0.673620533021674, 40.127533499774771 ], [ -0.657945710219239, 40.140756829160225 ], [ -0.648005893266803, 40.141384037308647 ], [ -0.632429389334369, 40.14612914315186 ], [ -0.614649505977304, 40.14266521613343 ], [ -0.605582056304817, 40.134811900706481 ], [ -0.608925677600479, 40.125809754647413 ], [ -0.628334554045929, 40.102201974365457 ], [ -0.613220274867603, 40.070118977590496 ], [ -0.618355275222889, 40.068459079349637 ], [ -0.622668327446916, 40.069520599571085 ], [ -0.622747289046455, 40.075341599912399 ], [ -0.626853038302297, 40.076308645214105 ], [ -0.628710730087631, 40.074815328943004 ], [ -0.631239609700416, 40.070534055602742 ], [ -0.635329584302489, 40.072293232114973 ], [ -0.635550092350155, 40.06761334754961 ], [ -0.637610586679699, 40.069736365966641 ], [ -0.641270931781942, 40.067639964004137 ], [ -0.645521934760754, 40.067789528637981 ], [ -0.663746669398254, 40.051547222285393 ], [ -0.679509415711637, 40.045783437747417 ], [ -0.683275028098495, 40.044309332754146 ], [ -0.702498876614316, 40.046710248844199 ], [ -0.712936755920075, 40.042331481765665 ], [ -0.715580741917376, 40.04037482145889 ], [ -0.718527472463588, 40.038820356105063 ], [ -0.724226966899899, 40.039418944586721 ], [ -0.730405250745862, 40.042549045972258 ], [ -0.747210777611017, 40.037985547943087 ], [ -0.753252889801427, 40.046715123472289 ], [ -0.761902522657843, 40.041369333161924 ], [ -0.766918405560817, 40.010134343089419 ], [ -0.774217956244866, 40.004338204874855 ], [ -0.777276917976121, 39.998514254124544 ], [ -0.789252474706057, 39.990023121058691 ], [ -0.799700928692488, 39.991438225791377 ], [ -0.81596037281107, 39.982521002249754 ], [ -0.823914064740426, 39.982454411468872 ], [ -0.834443275966575, 39.979444623612736 ], [ -0.841105254675977, 39.969064767530099 ], [ -0.835369993227565, 39.960102191662735 ], [ -0.838859081616456, 39.955626940443686 ], [ -0.843811085121504, 39.954124607600512 ], [ -0.845929229330901, 39.947803857088289 ], [ -0.839457968403272, 39.942179078529378 ], [ -0.836432915814983, 39.93343816425444 ], [ -0.836039510609844, 39.928467008641164 ], [ -0.840055031653978, 39.925055507040682 ], [ -0.832850604687626, 39.917533793107502 ], [ -0.832526822080972, 39.911104521695528 ], [ -0.824039205918824, 39.903170871098652 ], [ -0.804587630955338, 39.892525092383764 ], [ -0.801524073295458, 39.885187881589218 ], [ -0.797209392091044, 39.88334934870354 ], [ -0.797325881103417, 39.88117142864084 ], [ -0.814614686254933, 39.873615902930425 ], [ -0.828369009398625, 39.871252780417834 ], [ -0.838425077525452, 39.862648052808495 ], [ -0.848319646837979, 39.857264576643814 ], [ -0.856086192009112, 39.8556066718482 ], [ -0.857679145654927, 39.850618191702445 ], [ -0.863187074371009, 39.847512675738635 ], [ -0.87366561669416, 39.848443970437636 ], [ -0.878920566793367, 39.852387050881028 ], [ -0.888206586830091, 39.852214185697676 ], [ -0.894691332640788, 39.856881682317415 ], [ -0.908340814584012, 39.866624088358449 ], [ -0.912421621685408, 39.873157073956378 ], [ -0.908185163116677, 39.880594152240832 ], [ -0.907782824752238, 39.886136329106229 ], [ -0.899875691492876, 39.891939275416988 ], [ -0.902592434496447, 39.89719552670303 ], [ -0.909248294931831, 39.898712216308724 ], [ -0.907242020599591, 39.900838065342292 ], [ -0.913455114444291, 39.918111996521034 ], [ -0.907243661580091, 39.928062922425411 ], [ -0.903120535495374, 39.926285714827358 ], [ -0.902292175992957, 39.931955316303252 ], [ -0.905667653742557, 39.944061147540125 ], [ -0.916817794423459, 39.954991604888022 ], [ -0.915602863399162, 39.958762507246298 ], [ -0.920087960068723, 39.964509658120264 ], [ -0.924522675512653, 39.959174807054595 ], [ -0.93151985233848, 39.956182959577923 ], [ -0.934424317283405, 39.960027434524541 ], [ -0.944182647139882, 39.962939639159693 ], [ -0.948838475833724, 39.96737342864256 ], [ -0.952876467798806, 39.967417817181946 ], [ -0.968084188800881, 39.974577295844036 ], [ -0.975927141586386, 39.975849630284017 ], [ -0.989015811222919, 39.981933267172401 ], [ -0.998726255649158, 39.980254594504004 ], [ -1.002155289447488, 39.981935396997002 ], [ -1.025328390748892, 39.974702134350125 ], [ -1.057210992558588, 39.980583366560602 ], [ -1.072391407137826, 39.979629680024509 ], [ -1.085572906573856, 39.976433796497844 ], [ -1.086573004693437, 39.973324213475074 ], [ -1.084187296985726, 39.971960477081666 ], [ -1.087236331083905, 39.970533408156761 ], [ -1.091782303758196, 39.967905677433748 ], [ -1.104650771080259, 39.975080742188048 ], [ -1.109452509370544, 39.969105209285431 ], [ -1.112359465983443, 39.973242655823171 ], [ -1.114290113851249, 39.972868678483721 ], [ -1.123467388443464, 39.966125828327662 ], [ -1.121384336701867, 39.960956910476753 ], [ -1.128072194386001, 39.962993029819273 ], [ -1.130644688151137, 39.970845395443156 ], [ -1.142031229934491, 39.971947433215874 ], [ -1.146988199149525, 39.988702498226601 ], [ -1.162955421583903, 39.999929638048435 ], [ -1.164823962837147, 40.010202541673351 ], [ -1.153075256537417, 40.012727527622623 ], [ -1.145910367743945, 40.016856246951491 ], [ -1.133716789301485, 40.015858640649725 ], [ -1.106910184500904, 40.026405569842815 ], [ -1.097533948654625, 40.032783427453019 ], [ -1.083863728105285, 40.036314756573582 ], [ -1.076223419538426, 40.047944707661799 ], [ -1.071334905136065, 40.051701202900304 ], [ -1.071764212959714, 40.060591049826947 ], [ -1.079095380327447, 40.067145128717286 ], [ -1.077732819775477, 40.068897256641179 ], [ -1.082318802948452, 40.071360678474981 ], [ -1.072042487217666, 40.075667420332657 ], [ -1.033015132526404, 40.081785659306554 ], [ -1.022536088628013, 40.069427393050596 ], [ -1.01345007691787, 40.062920652387341 ], [ -1.000811866429044, 40.061685211133451 ], [ -0.983407514229168, 40.067824743604177 ], [ -0.96861058283974, 40.064647269262309 ], [ -0.966829519833787, 40.058697316479268 ], [ -0.962228944907403, 40.058463250909874 ], [ -0.953094489101577, 40.063608294797241 ], [ -0.939824641712855, 40.076363569801913 ], [ -0.946782842567846, 40.083640029946366 ], [ -0.955328735487823, 40.117852987035143 ], [ -0.951534851760041, 40.12657834980201 ], [ -0.91562119912682, 40.163530000581119 ], [ -0.88304944773329, 40.181658425798446 ], [ -0.824388783852447, 40.193254240016159 ], [ -0.805567412744193, 40.195529284442124 ], [ -0.802226388650442, 40.191313044270174 ], [ -0.803627455058943, 40.186844475338148 ], [ -0.79260278909868, 40.180184740929576 ], [ -0.790401061921359, 40.176737523015305 ], [ -0.78439228654018, 40.175523564997143 ], [ -0.779827890377281, 40.168922996690462 ], [ -0.773266928569456, 40.1630766071656 ], [ -0.775086111960533, 40.161661268985888 ], [ -0.767916839376718, 40.160802604190245 ] ] ] ] } },
{ "type": "Feature", "properties": { "codatzbs": "20201", "n_zbs": "ABIEGO", "ccaa_cd": "ES24", "area": "Barbastro" }, "geometry": { "type": "MultiPolygon", "coordinates": [ [ [ [ 0.04250685229487, 42.155812169950053 ], [ 0.036060629827022, 42.149076191800681 ], [ 0.02586136737072, 42.146581222083491 ], [ 0.023382552894164, 42.143062577443963 ], [ 0.025318926014465, 42.137482355113178 ], [ 0.018264234810112, 42.138226616971153 ], [ 0.011000440514708, 42.136607604732156 ], [ 0.018429782990358, 42.126182334470165 ], [ -0.003591971873016, 42.115809674192732 ], [ -0.029209130884602, 42.111154251875504 ], [ -0.032482931568709, 42.122630704512076 ], [ -0.035541930455178, 42.124474874622798 ], [ -0.046933845138038, 42.118816357348074 ], [ -0.055010988809292, 42.110523165127766 ], [ -0.065828761988196, 42.106207864965896 ], [ -0.068455971668667, 42.103519380233223 ], [ -0.068808949127515, 42.096126111871662 ], [ -0.075120081354686, 42.095611841545264 ], [ -0.079140321897337, 42.09074341147825 ], [ -0.086509680019901, 42.096676302198134 ], [ -0.094415395378693, 42.094337390931791 ], [ -0.098827293755806, 42.098078238178687 ], [ -0.106531742621628, 42.097768638048052 ], [ -0.10716833011923, 42.103178878357575 ], [ -0.104487548432991, 42.113980671166885 ], [ -0.108924370153211, 42.120405337913375 ], [ -0.101900295121917, 42.124568571929125 ], [ -0.096862923364796, 42.135004341887004 ], [ -0.101279424556513, 42.13711531389896 ], [ -0.100771250386112, 42.138705348364425 ], [ -0.105721448196955, 42.142387513076308 ], [ -0.10495400870907, 42.144358347437858 ], [ -0.110657747528378, 42.150112472863519 ], [ -0.118005294272535, 42.156736239354217 ], [ -0.118358877388516, 42.161743028374637 ], [ -0.12870329806348, 42.166118069292907 ], [ -0.131434689199662, 42.169158128044018 ], [ -0.12929018540593, 42.172409424724727 ], [ -0.130824530862963, 42.175689704984613 ], [ -0.123338499577391, 42.179518421624209 ], [ -0.123876538194995, 42.18126994282111 ], [ -0.130141349306651, 42.181958254838158 ], [ -0.138985818160791, 42.186123659266521 ], [ -0.143916847124221, 42.195468024381668 ], [ -0.141457853192219, 42.204339910575882 ], [ -0.13417249499867, 42.208489520391986 ], [ -0.124416039020126, 42.217952785797749 ], [ -0.124901642001247, 42.228068820261349 ], [ -0.122623211234837, 42.230479011536332 ], [ -0.124451397321302, 42.247580753873805 ], [ -0.122437464202779, 42.251087241841596 ], [ -0.138218694029309, 42.26797085361909 ], [ -0.14190393928051, 42.275221910222463 ], [ -0.148206097376799, 42.279593375996747 ], [ -0.151767280603627, 42.277529701834546 ], [ -0.163389744916827, 42.287399513204122 ], [ -0.163375962515617, 42.291757679581337 ], [ -0.160915608237488, 42.294146098671376 ], [ -0.157228280482442, 42.298728387218731 ], [ -0.136454277599738, 42.307711470143168 ], [ -0.13074471621196, 42.31561918169858 ], [ -0.118009555497594, 42.320558538163638 ], [ -0.099214871008582, 42.33319563856908 ], [ -0.092960935871021, 42.335639593078447 ], [ -0.085727270637364, 42.332222944866629 ], [ -0.08308987686601, 42.333092430799738 ], [ -0.078797885495362, 42.339808853312036 ], [ -0.08325413896746, 42.346334020189865 ], [ -0.075760386510484, 42.353220839110257 ], [ -0.06237466146883, 42.360397549494124 ], [ -0.055100743882966, 42.354960957073708 ], [ -0.047891158742519, 42.354135992147135 ], [ -0.051734328101601, 42.35010170187482 ], [ -0.057677829832852, 42.348390490417408 ], [ -0.054636722174425, 42.334750767166646 ], [ -0.059100952951526, 42.330633050133976 ], [ -0.050273106501823, 42.329955852492724 ], [ -0.036561389235644, 42.315446108402575 ], [ -0.03553571349329, 42.311709537616878 ], [ -0.040212316661942, 42.305121706468164 ], [ -0.042137110435096, 42.287080250377457 ], [ -0.040195230419712, 42.284004389344751 ], [ -0.033783284690219, 42.282640882380711 ], [ -0.029639212022215, 42.279732984995334 ], [ -0.03662651859585, 42.273214143232401 ], [ -0.038015126254847, 42.264542104105786 ], [ -0.023260247204081, 42.265069267054514 ], [ -0.020959457904721, 42.262695191463301 ], [ 0.005323885493033, 42.261684663620251 ], [ 0.009819060256542, 42.255010981932351 ], [ 0.004298566009129, 42.251076574560578 ], [ -0.007307275959479, 42.247102907931612 ], [ -0.009050307160668, 42.23997128933221 ], [ -0.00506404148263, 42.233041357411793 ], [ 0.003067035918996, 42.229217543933586 ], [ 0.007306206279832, 42.223316110040088 ], [ 0.010440272210695, 42.223999192508032 ], [ 0.010501958263286, 42.222493757079455 ], [ 0.0185895614928, 42.222380052762325 ], [ 0.021838030461827, 42.218350204840945 ], [ 0.024351131543891, 42.218464067833921 ], [ 0.02538044037416, 42.215411174836198 ], [ 0.033805962164341, 42.214783205378673 ], [ 0.035625715782328, 42.216860235808021 ], [ 0.041093079715538, 42.216940364910307 ], [ 0.043293319149998, 42.218863121343944 ], [ 0.057502215551142, 42.216071508351433 ], [ 0.06216271740954, 42.214245102189913 ], [ 0.070137143653273, 42.206323452422431 ], [ 0.0837297427724, 42.208119734302777 ], [ 0.085336251059947, 42.212254798304272 ], [ 0.088385671468586, 42.213433379266313 ], [ 0.088058264913193, 42.21839504669078 ], [ 0.098601853704366, 42.216246332618667 ], [ 0.10461341733695, 42.211365052804688 ], [ 0.106816026193666, 42.205893267219636 ], [ 0.098234276951584, 42.193626607083218 ], [ 0.102546053508962, 42.190178049957993 ], [ 0.109304994749198, 42.188491071126585 ], [ 0.108658371203876, 42.182466277920817 ], [ 0.100376809670032, 42.166373395236342 ], [ 0.098023906097495, 42.150660056915008 ], [ 0.083028395649502, 42.147885581565589 ], [ 0.076883458256992, 42.144439652311611 ], [ 0.073162983342916, 42.151320291704735 ], [ 0.057013689435954, 42.156731942117574 ], [ 0.052717829490941, 42.155234480835098 ], [ 0.04250685229487, 42.155812169950053 ] ] ] ] } },
{ "type": "Feature", "properties": { "codatzbs": "20112", "n_zbs": "SABINANIGO", "ccaa_cd": "ES24", "area": "Huesca-Jaca" }, "geometry": { "type": "MultiPolygon", "coordinates": [ [ [ [ -0.41688934241665, 42.704097188614185 ], [ -0.413780823032745, 42.698101775938497 ], [ -0.40815688389666, 42.698884143800605 ], [ -0.399039280490997, 42.695039408790485 ], [ -0.385969544187318, 42.694642565001239 ], [ -0.385549270291371, 42.686915883923668 ], [ -0.390812176324909, 42.668206828125811 ], [ -0.397602952614235, 42.660743322708527 ], [ -0.397662113022606, 42.650848358601309 ], [ -0.386503425295085, 42.633881097983547 ], [ -0.381673082547709, 42.632158823098635 ], [ -0.368903356430864, 42.620619004354324 ], [ -0.370851966057368, 42.609956966385973 ], [ -0.383831399650086, 42.605679728275106 ], [ -0.385187944600824, 42.600352799641684 ], [ -0.390360338383687, 42.594995844469324 ], [ -0.392332338796835, 42.584829178034049 ], [ -0.382720299846161, 42.59058910076665 ], [ -0.367129886781253, 42.587773370594491 ], [ -0.353327579097963, 42.582187270547294 ], [ -0.35150681093909, 42.577129364614073 ], [ -0.352844856418221, 42.574722716985328 ], [ -0.352847352822329, 42.572845357160908 ], [ -0.354368639055226, 42.567817348233859 ], [ -0.356884048233343, 42.559284933254723 ], [ -0.355379959773033, 42.55117178839722 ], [ -0.354347071841786, 42.544662429642059 ], [ -0.336228736891607, 42.540187925552118 ], [ -0.325601937802098, 42.543236008339569 ], [ -0.319646843375803, 42.54807648677275 ], [ -0.311330453877118, 42.551159371494528 ], [ -0.312581099240436, 42.552665509312099 ], [ -0.306937228185848, 42.556170974254449 ], [ -0.295257284290113, 42.557561518199435 ], [ -0.296443296127514, 42.555507653112322 ], [ -0.290143955640726, 42.551064454199668 ], [ -0.278252910711572, 42.545604031439439 ], [ -0.269005857803362, 42.542226300309181 ], [ -0.266720923377302, 42.541615031396162 ], [ -0.265169042599568, 42.543123357962635 ], [ -0.257343599937055, 42.542458937686106 ], [ -0.245791014360962, 42.546522029483221 ], [ -0.213124919055287, 42.537312075146694 ], [ -0.206271092948623, 42.536730829472646 ], [ -0.196642586313706, 42.541015935505477 ], [ -0.184976160398105, 42.535885089821967 ], [ -0.189537902423898, 42.52322820819284 ], [ -0.187706255541879, 42.519014010460623 ], [ -0.181770841510683, 42.514302543918411 ], [ -0.181387472108356, 42.510105872038999 ], [ -0.179840748990515, 42.505799433726914 ], [ -0.174337785711132, 42.502872286593721 ], [ -0.175034340520508, 42.493623412659367 ], [ -0.182605904646165, 42.491657750025894 ], [ -0.179203128473366, 42.48453212413105 ], [ -0.18210269161233, 42.477399581923819 ], [ -0.178120345418475, 42.477499684926727 ], [ -0.17592128479163, 42.475005095990056 ], [ -0.178643818213487, 42.468831781125729 ], [ -0.173662056559146, 42.472770161057234 ], [ -0.163612033779198, 42.467983231995099 ], [ -0.153374633489016, 42.471655392074503 ], [ -0.133731377472037, 42.46524024882784 ], [ -0.130970465978095, 42.461515051399125 ], [ -0.132559955688448, 42.457601689959397 ], [ -0.128322478064448, 42.449210953326805 ], [ -0.12851620507721, 42.443110531983052 ], [ -0.123104149378021, 42.437040404854137 ], [ -0.085621049782908, 42.428726779153912 ], [ -0.071807330841779, 42.427536980575049 ], [ -0.065507566000649, 42.422143871143149 ], [ -0.070568124831514, 42.413178391585426 ], [ -0.078222239916227, 42.405890776901444 ], [ -0.088657267620049, 42.404895863826106 ], [ -0.092258738302313, 42.401898550713632 ], [ -0.097053761829057, 42.400147159967993 ], [ -0.10215805008569, 42.400906806055687 ], [ -0.104433527768142, 42.398983207806531 ], [ -0.106275264698175, 42.3906370994764 ], [ -0.097332986816572, 42.389087117189661 ], [ -0.100683020523167, 42.384399293291047 ], [ -0.109181381214538, 42.377878440177241 ], [ -0.114338271390826, 42.376396531718498 ], [ -0.113536266950338, 42.375079597830435 ], [ -0.124303400918879, 42.37466596945 ], [ -0.12970294633723, 42.372108891362423 ], [ -0.113889924857105, 42.369217260563914 ], [ -0.113148010580582, 42.365533457097975 ], [ -0.12645495497671, 42.358916190386743 ], [ -0.125127095244281, 42.356352433403963 ], [ -0.098274471969775, 42.341762603480262 ], [ -0.078797885495362, 42.339808853312036 ], [ -0.08308987686601, 42.333092430799738 ], [ -0.085727270637364, 42.332222944866629 ], [ -0.092960935871021, 42.335639593078447 ], [ -0.099214871008582, 42.33319563856908 ], [ -0.118009555497594, 42.320558538163638 ], [ -0.13074471621196, 42.31561918169858 ], [ -0.136454277599738, 42.307711470143168 ], [ -0.157228280482442, 42.298728387218731 ], [ -0.160915608237488, 42.294146098671376 ], [ -0.163375962515617, 42.291757679581337 ], [ -0.163389744916827, 42.287399513204122 ], [ -0.151767280603627, 42.277529701834546 ], [ -0.156458212712219, 42.273260676734729 ], [ -0.161040934197834, 42.273005073828003 ], [ -0.190131092249138, 42.283330609888125 ], [ -0.193041720364214, 42.281690945165536 ], [ -0.197366054332504, 42.284264246897926 ], [ -0.203476887405402, 42.284845788594943 ], [ -0.213494428811056, 42.28979047049431 ], [ -0.225030080400293, 42.29003438518528 ], [ -0.23843814945979, 42.286846250003713 ], [ -0.24204109839259, 42.281268720024137 ], [ -0.250183106498925, 42.284778348679794 ], [ -0.252948594074885, 42.284214346998894 ], [ -0.257891459424385, 42.270635759192729 ], [ -0.26157558509079, 42.267040643133505 ], [ -0.265764165087957, 42.270832863513 ], [ -0.261779382739706, 42.28304781313453 ], [ -0.255420408382472, 42.292081042051521 ], [ -0.261843813925733, 42.294152877330674 ], [ -0.267216003558609, 42.301188064511528 ], [ -0.281625760203855, 42.308834078931262 ], [ -0.276080483670754, 42.323191699609666 ], [ -0.281006876479841, 42.324047160639111 ], [ -0.284384909213111, 42.328737981310361 ], [ -0.294593011866126, 42.324170668393791 ], [ -0.303399272404766, 42.328520612381354 ], [ -0.300738815801758, 42.337661302233187 ], [ -0.305578994558199, 42.343691602129979 ], [ -0.322778784345816, 42.344004743965918 ], [ -0.324591900549131, 42.347622151263444 ], [ -0.335321273731432, 42.349970414939662 ], [ -0.344640060938614, 42.347782314570075 ], [ -0.363243186560338, 42.347374521177656 ], [ -0.369571999466516, 42.338550707097681 ], [ -0.369452740839455, 42.327147396495512 ], [ -0.371746390160496, 42.328604830988311 ], [ -0.39479280257059, 42.327140904987751 ], [ -0.39820035120916, 42.328380039188708 ], [ -0.397170059672609, 42.338352431183978 ], [ -0.417108480092732, 42.337867058513623 ], [ -0.41885559761991, 42.341445498072176 ], [ -0.435417332136765, 42.3392418382616 ], [ -0.443493903701893, 42.340926250685023 ], [ -0.449294220769565, 42.339173428642425 ], [ -0.466155211466322, 42.339754584785787 ], [ -0.470673948596319, 42.336342339913678 ], [ -0.490248866476944, 42.346795681013539 ], [ -0.511269287075778, 42.350324964311433 ], [ -0.521029020483198, 42.354985141862485 ], [ -0.530550871103666, 42.362656160165571 ], [ -0.553455487808453, 42.380401676191973 ], [ -0.565785235432832, 42.384455463450045 ], [ -0.568464310610265, 42.390888157736114 ], [ -0.579858933382967, 42.391534650904781 ], [ -0.610195752712406, 42.382517678966991 ], [ -0.610496068314078, 42.384823977089859 ], [ -0.610173840729665, 42.393314306439777 ], [ -0.614893880086879, 42.402687960401856 ], [ -0.613867443010369, 42.411293268639341 ], [ -0.614714523453096, 42.418964662888243 ], [ -0.614233180185958, 42.42126328029687 ], [ -0.604331849984077, 42.427763904513441 ], [ -0.598575688189377, 42.429210353259229 ], [ -0.595571778853272, 42.429246386000109 ], [ -0.595293970592083, 42.423161973232183 ], [ -0.587911988009217, 42.424852857372841 ], [ -0.582061101775067, 42.423387741466605 ], [ -0.582748517356198, 42.426374011238387 ], [ -0.577378354900853, 42.430727178308111 ], [ -0.576857985346784, 42.438550766752918 ], [ -0.581343039543252, 42.440158387767241 ], [ -0.581708483588914, 42.443299920148128 ], [ -0.578049708401611, 42.453371530257954 ], [ -0.570201611678891, 42.459464039959933 ], [ -0.552123945892682, 42.485185202896105 ], [ -0.545495749389507, 42.483251248768603 ], [ -0.535543889232604, 42.490683007412571 ], [ -0.524659690074499, 42.488377094133412 ], [ -0.519967278356205, 42.485502029584453 ], [ -0.510346611776065, 42.483582332172759 ], [ -0.509936070935039, 42.481358142586039 ], [ -0.497499112101894, 42.478394567586676 ], [ -0.500454924519002, 42.473515295528635 ], [ -0.492114958194278, 42.468524238517986 ], [ -0.487180517696559, 42.46295900279253 ], [ -0.481863083243684, 42.472423652316039 ], [ -0.470236115207975, 42.471167908401291 ], [ -0.461474395559043, 42.473666592262248 ], [ -0.448760014378921, 42.4880984371121 ], [ -0.445850984819595, 42.495597875631674 ], [ -0.432945954184499, 42.491293100765525 ], [ -0.426643375084983, 42.486838208933733 ], [ -0.413841410952127, 42.48896327372276 ], [ -0.398767982923724, 42.509459623195731 ], [ -0.424322904725693, 42.515791424375401 ], [ -0.412237666762604, 42.532547558877845 ], [ -0.415207207122457, 42.533758206874559 ], [ -0.417376848874432, 42.548467311476038 ], [ -0.421419808164502, 42.552025362877977 ], [ -0.418878721384661, 42.562548994902301 ], [ -0.424001983220101, 42.567112821842564 ], [ -0.416501889651351, 42.580874596729615 ], [ -0.420523051041211, 42.585008470322762 ], [ -0.420415577284496, 42.588499983160332 ], [ -0.430914590757816, 42.591311375796693 ], [ -0.437421045461945, 42.59610378202116 ], [ -0.444102784147009, 42.598126137610649 ], [ -0.449383341000533, 42.605519945815033 ], [ -0.442073412909302, 42.614055590969265 ], [ -0.43300232715273, 42.617625684181888 ], [ -0.430875643639238, 42.623088956987957 ], [ -0.437266750176203, 42.631660790603725 ], [ -0.435272463861131, 42.635677331768662 ], [ -0.438158265536726, 42.646187665422218 ], [ -0.444589472454754, 42.652670813816535 ], [ -0.447122846106018, 42.65962511612549 ], [ -0.453148334005514, 42.664144710333829 ], [ -0.456061980147545, 42.670485877998196 ], [ -0.465163543236792, 42.678927266706062 ], [ -0.462336603019501, 42.684213517462958 ], [ -0.457579977771391, 42.685323652440267 ], [ -0.450881740311526, 42.693017849541341 ], [ -0.442185352739624, 42.698487922110431 ], [ -0.442689913851642, 42.702848543070374 ], [ -0.448291466364321, 42.707674104118759 ], [ -0.449544382848567, 42.708980722566402 ], [ -0.441801361396634, 42.711995622174733 ], [ -0.439596397535812, 42.715728293259986 ], [ -0.439272219648751, 42.720934844062207 ], [ -0.442622111573811, 42.726790814542767 ], [ -0.438930604097091, 42.73249834891741 ], [ -0.43612404538598, 42.730058286195046 ], [ -0.438528214832681, 42.728031980222845 ], [ -0.43658150683428, 42.722810613907619 ], [ -0.428528836055557, 42.720847039369055 ], [ -0.431881825389905, 42.717428446222705 ], [ -0.431731837496842, 42.714552592246399 ], [ -0.421163967201476, 42.709074177659282 ], [ -0.422009990685301, 42.704860935262552 ], [ -0.41688934241665, 42.704097188614185 ] ] ] ] } },
{ "type": "Feature", "properties": { "codatzbs": "20510", "n_zbs": "SAN PABLO", "ccaa_cd": "ES24", "area": "Zaragoza II-Miguel Servet" }, "geometry": { "type": "MultiPolygon", "coordinates": [ [ [ [ -0.879033103117661, 41.65619995679323 ], [ -0.882122438368578, 41.65302228045956 ], [ -0.882733828730251, 41.653363702336883 ], [ -0.883475320892812, 41.653777768335026 ], [ -0.883864291168352, 41.653994974342083 ], [ -0.884171904363316, 41.65407034896608 ], [ -0.88503954551644, 41.654301570824728 ], [ -0.886157147503395, 41.654641827226051 ], [ -0.887974659298277, 41.655023153936284 ], [ -0.891102749079803, 41.655721016667442 ], [ -0.892029024760651, 41.655913031026024 ], [ -0.892331932297794, 41.655002471531645 ], [ -0.892611118090915, 41.654995352049319 ], [ -0.893460630929724, 41.654812942108137 ], [ -0.893195774416064, 41.654124254352887 ], [ -0.893260638551339, 41.653808992558979 ], [ -0.893813010169409, 41.653831066012309 ], [ -0.894272701754156, 41.653849434289704 ], [ -0.895027661459536, 41.654025520455974 ], [ -0.895818131295292, 41.65421856367886 ], [ -0.896713659089051, 41.654626030274528 ], [ -0.897146355441256, 41.654825401642888 ], [ -0.897550473264144, 41.655001908719363 ], [ -0.898127643878635, 41.655253996184292 ], [ -0.896580608334838, 41.655626439525193 ], [ -0.895276615945069, 41.655810582804421 ], [ -0.8952225692109, 41.65812833042834 ], [ -0.894025607641151, 41.65848593220678 ], [ -0.893267430167949, 41.658814424517217 ], [ -0.892911739882613, 41.659013449535799 ], [ -0.891492604567656, 41.660091329535234 ], [ -0.890315736893087, 41.661408642100731 ], [ -0.890285601099777, 41.661385567118401 ], [ -0.88769426577314, 41.659886872555653 ], [ -0.885174841490981, 41.658883502906825 ], [ -0.881529241385896, 41.658465335226012 ], [ -0.881057392793698, 41.658402240093459 ], [ -0.880273864198196, 41.65829751745688 ], [ -0.878873382955541, 41.657958634665057 ], [ -0.878770740781066, 41.657933408345762 ], [ -0.879730740490451, 41.656503914809619 ], [ -0.879033103117661, 41.65619995679323 ] ] ] ] } },
{ "type": "Feature", "properties": { "codatzbs": "20203", "n_zbs": "ALBALATE DE CINCA", "ccaa_cd": "ES24", "area": "Barbastro" }, "geometry": { "type": "MultiPolygon", "coordinates": [ [ [ [ 0.236930624336296, 41.665184698638058 ], [ 0.242940274999119, 41.655955622162431 ], [ 0.236574112371578, 41.647769111722148 ], [ 0.213821921893407, 41.641978164395795 ], [ 0.198353850845631, 41.633143386974339 ], [ 0.186285497061292, 41.65009412829496 ], [ 0.176799748113452, 41.660587276151354 ], [ 0.173431598805304, 41.668046911733022 ], [ 0.14949024314487, 41.689608126863853 ], [ 0.135045239944623, 41.684338935027021 ], [ 0.125138131158366, 41.676981296606421 ], [ 0.122726653855141, 41.675056711369329 ], [ 0.128913771158387, 41.671114884868246 ], [ 0.129648890353627, 41.665961615934357 ], [ 0.137327097497503, 41.663815909977743 ], [ 0.135055761025899, 41.653890679751846 ], [ 0.126466773229637, 41.640670466352326 ], [ 0.123616535007005, 41.630382470737672 ], [ 0.097514160382773, 41.619715343035715 ], [ 0.090909999970446, 41.611607993864915 ], [ 0.055762268446185, 41.587980833682053 ], [ 0.026106064187825, 41.561217070006506 ], [ 0.022798625745584, 41.560745806005308 ], [ -0.000902654122809, 41.55746743991287 ], [ -0.052818337401325, 41.534017647725534 ], [ -0.058508135117389, 41.536207834820686 ], [ -0.048657886756076, 41.536945869983043 ], [ -0.044401591684129, 41.539340140169479 ], [ -0.045633663871976, 41.547026838580649 ], [ -0.04099598809937, 41.553031526170145 ], [ -0.040179312607658, 41.558576088875022 ], [ -0.027599979773629, 41.571156825251471 ], [ -0.026548951780439, 41.579423966149228 ], [ -0.021487518763653, 41.588028548598423 ], [ -0.012371300208685, 41.595293678318015 ], [ 0.000078660305557, 41.619554993270917 ], [ -0.008456935797102, 41.629621033547316 ], [ -0.024946662930444, 41.640117866025925 ], [ -0.031305046454519, 41.648576670680434 ], [ -0.023396265780051, 41.651100694587591 ], [ -0.017230941239659, 41.650958827618432 ], [ -0.013573404357703, 41.653196243117748 ], [ -0.005490366829682, 41.661523189914661 ], [ -0.005286378677409, 41.666957316609256 ], [ 0.011714468954476, 41.677130535315904 ], [ 0.011872828938286, 41.680008164893749 ], [ 0.014406370653133, 41.681013324650905 ], [ 0.020433390316109, 41.691202548664556 ], [ 0.025631530248096, 41.693929456900904 ], [ 0.031086413618197, 41.704664475419243 ], [ 0.021852032421205, 41.717632922397812 ], [ 0.01809924979733, 41.719631804848724 ], [ 0.019881870591988, 41.738685899032646 ], [ 0.011432527735242, 41.752128143247113 ], [ -0.00138273359736, 41.763072256270782 ], [ -0.004347022797647, 41.770192063011208 ], [ -0.012402893667782, 41.772608398596311 ], [ -0.003002690572721, 41.77529012240992 ], [ 0.018683198930646, 41.776973342540543 ], [ 0.034092762251296, 41.800386706576894 ], [ 0.042114630858206, 41.807639968905228 ], [ 0.04410782054869, 41.803831942343251 ], [ 0.05251265481, 41.801322396620904 ], [ 0.080500126738092, 41.798047538218 ], [ 0.103323833345789, 41.797793615185789 ], [ 0.125891406409646, 41.798778680883103 ], [ 0.12553290646923, 41.789674956603562 ], [ 0.131854504541304, 41.778398875587321 ], [ 0.140768940315925, 41.777155604848573 ], [ 0.181341929193572, 41.779208139749358 ], [ 0.182009405669413, 41.772273423239106 ], [ 0.187678735498227, 41.767000974309411 ], [ 0.191258890354975, 41.766910489425754 ], [ 0.194728967031673, 41.759276399989069 ], [ 0.190968725599602, 41.755238525774601 ], [ 0.209433227210163, 41.733362811773354 ], [ 0.212587120987826, 41.728141438553493 ], [ 0.211032012892697, 41.722988772091924 ], [ 0.207882533846717, 41.719123418266136 ], [ 0.214370256009825, 41.716215456100308 ], [ 0.222931805718102, 41.708587652009868 ], [ 0.233506490864491, 41.709149319380138 ], [ 0.24088527125803, 41.705419115357401 ], [ 0.240599677105981, 41.695204544706193 ], [ 0.253628117034612, 41.689324743554465 ], [ 0.283229587579591, 41.686464742036371 ], [ 0.283445354683419, 41.683387802075707 ], [ 0.267549446767047, 41.677879665611577 ], [ 0.236930624336296, 41.665184698638058 ] ] ] ] } },
{ "type": "Feature", "properties": { "codatzbs": "20215", "n_zbs": "MONZON RURAL", "ccaa_cd": "ES24", "area": "Barbastro" }, "geometry": { "type": "MultiPolygon", "coordinates": [ [ [ [ 0.333493043451865, 41.948689860739428 ], [ 0.336005851721398, 41.943907181104237 ], [ 0.328678812690066, 41.944498211434656 ], [ 0.314267755642912, 41.942232132239504 ], [ 0.306551963767004, 41.938105339685627 ], [ 0.293365367983519, 41.938025485771952 ], [ 0.288783608874516, 41.941101585975282 ], [ 0.288120420352769, 41.934303727417877 ], [ 0.281131462348453, 41.925957988898318 ], [ 0.278826132639621, 41.918621622388038 ], [ 0.275697490209923, 41.919215291381846 ], [ 0.274004260691215, 41.917228423344525 ], [ 0.274041585703296, 41.912301524935721 ], [ 0.27902041413374, 41.910178204563366 ], [ 0.274744765965036, 41.897062679225265 ], [ 0.286260048328441, 41.887286839842147 ], [ 0.281415579298621, 41.878114203821497 ], [ 0.288474292839786, 41.870320595250128 ], [ 0.29333066005126, 41.861428179163305 ], [ 0.289169281200017, 41.858269687797502 ], [ 0.282443980749966, 41.858669468836553 ], [ 0.271963836033197, 41.868343289961068 ], [ 0.26150626550214, 41.87189193159265 ], [ 0.254095570292347, 41.867365573553371 ], [ 0.251608947877765, 41.861807843320548 ], [ 0.233759252709361, 41.864500633036272 ], [ 0.22915105351018, 41.859353223480653 ], [ 0.21555923197388, 41.852791921481277 ], [ 0.211759746759397, 41.847873398478725 ], [ 0.213327671046566, 41.843110672753639 ], [ 0.211120611501303, 41.832699213980824 ], [ 0.207932737761191, 41.834445390476994 ], [ 0.200469272445684, 41.834248556076297 ], [ 0.186325497118244, 41.839198872586266 ], [ 0.166789605951945, 41.83425545357737 ], [ 0.16425209994695, 41.83138966274916 ], [ 0.168190884639889, 41.822635847262156 ], [ 0.165788678564534, 41.807852176381395 ], [ 0.156960973456377, 41.807753134211751 ], [ 0.148085060884645, 41.811581206262609 ], [ 0.141307704633482, 41.810587181254292 ], [ 0.134766596137129, 41.812459083740805 ], [ 0.131036388137786, 41.802609842230439 ], [ 0.125891406409646, 41.798778680883103 ], [ 0.103323833345789, 41.797793615185789 ], [ 0.080500126738092, 41.798047538218 ], [ 0.05251265481, 41.801322396620904 ], [ 0.04410782054869, 41.803831942343251 ], [ 0.042114630858206, 41.807639968905228 ], [ 0.017201277271363, 41.830496297086476 ], [ 0.026683762669347, 41.830886038553039 ], [ 0.034888562330709, 41.836081644984276 ], [ 0.024326396604824, 41.847806514838979 ], [ 0.032362006361372, 41.851673924341 ], [ 0.031880915969805, 41.857549192600892 ], [ 0.027378163593996, 41.860919119612682 ], [ 0.026225943858282, 41.867901777463302 ], [ 0.033224475490851, 41.884422066948076 ], [ 0.044167721993349, 41.884438453909361 ], [ 0.048683293742596, 41.88638983841625 ], [ 0.062099931855362, 41.907636479786987 ], [ 0.071138476598081, 41.912600016651815 ], [ 0.086740428270578, 41.906120719840665 ], [ 0.089963561830418, 41.919947221790146 ], [ 0.083529294546005, 41.930800708236838 ], [ 0.077957049581271, 41.933543914931136 ], [ 0.085500170174811, 41.953153054624295 ], [ 0.088652397250763, 41.957967110763725 ], [ 0.106676983862981, 41.96317169643082 ], [ 0.10844604856349, 41.96778846335274 ], [ 0.103458931548214, 41.969454464642837 ], [ 0.106567291322361, 41.98150941096501 ], [ 0.112664558598841, 41.982298640113434 ], [ 0.117178867470934, 41.978348847931343 ], [ 0.124896224691115, 41.975500287960216 ], [ 0.127537221787487, 41.979156444237852 ], [ 0.134633296294337, 41.981853448320997 ], [ 0.147626448289713, 41.980515940828766 ], [ 0.146549678543413, 41.984381753881401 ], [ 0.153654257212374, 41.987464570343519 ], [ 0.171184931801493, 41.984882917849752 ], [ 0.17741812083042, 42.019305557372398 ], [ 0.184984566503082, 42.019782780712596 ], [ 0.199592616547963, 42.018007325870975 ], [ 0.202993396563188, 42.015751223997555 ], [ 0.204179362102923, 42.015321854728086 ], [ 0.21001136806977, 42.014591353380062 ], [ 0.210505484211466, 42.012173182009896 ], [ 0.212840815043704, 42.011549478525872 ], [ 0.215049389287329, 42.010569057394825 ], [ 0.221716250716621, 42.010841200658234 ], [ 0.22424698418087, 42.011220326355122 ], [ 0.226365231424925, 42.01180007087256 ], [ 0.230153772602706, 42.013647489540318 ], [ 0.236750555010218, 42.018477387416475 ], [ 0.243148585390193, 42.020331708984997 ], [ 0.244290694556345, 42.0214160767922 ], [ 0.247186206141969, 42.023018088597787 ], [ 0.248525368405588, 42.022754983519491 ], [ 0.249994657831533, 42.022911510204302 ], [ 0.252760976301111, 42.023634448762849 ], [ 0.255602693793292, 42.023941029937156 ], [ 0.25779909528627, 42.025562616990236 ], [ 0.260400892446152, 42.026371164169511 ], [ 0.259901059345155, 42.026988684167463 ], [ 0.260813735423966, 42.028538663379003 ], [ 0.2587322478047, 42.030822096800655 ], [ 0.261093536427572, 42.032591985743629 ], [ 0.261938508235129, 42.032108693985201 ], [ 0.263194945431319, 42.032820392415815 ], [ 0.268104782580572, 42.032698557617096 ], [ 0.274159628642006, 42.033705508934261 ], [ 0.275777140038984, 42.034154575553032 ], [ 0.275932130977925, 42.03669860438022 ], [ 0.275556907203097, 42.038564352109709 ], [ 0.27904185366912, 42.039383247840505 ], [ 0.289180675212262, 42.039687134678822 ], [ 0.292041746604597, 42.038947695011316 ], [ 0.298294856493922, 42.038164581585512 ], [ 0.3000901714412, 42.037842823814053 ], [ 0.304361931516673, 42.037755801143888 ], [ 0.312656447676063, 42.035814480814828 ], [ 0.317393043303049, 42.034218738586539 ], [ 0.322603066063391, 42.047035077035098 ], [ 0.314168305052295, 42.063713355991766 ], [ 0.326166865400042, 42.069003007405676 ], [ 0.338741346210174, 42.069105728078746 ], [ 0.34364567079931, 42.067909149217535 ], [ 0.345417958730796, 42.057708826575102 ], [ 0.366587178232338, 42.060889245358069 ], [ 0.380791385434523, 42.062128159733362 ], [ 0.383610854924929, 42.061063455760106 ], [ 0.387956496670853, 42.064609095105659 ], [ 0.392381447370823, 42.065099536417961 ], [ 0.40244145857151, 42.062487142796627 ], [ 0.408768363675419, 42.066900746668615 ], [ 0.428653688055701, 42.044335695596359 ], [ 0.435897122242399, 42.025874792489809 ], [ 0.444786066890951, 42.01939474619904 ], [ 0.450843519228587, 42.011720477414997 ], [ 0.423012844737777, 41.984522230866723 ], [ 0.416546297118523, 41.986314231589297 ], [ 0.405983081930407, 41.986353439963693 ], [ 0.385425266995599, 41.985587361795254 ], [ 0.355141956303519, 42.000776333909592 ], [ 0.33494485215958, 41.99891405008475 ], [ 0.330962088426647, 41.987602373690066 ], [ 0.337414838800378, 41.983587566572453 ], [ 0.353452259206706, 41.979166462145358 ], [ 0.350272639307145, 41.974000525455224 ], [ 0.351585035156475, 41.970035954777806 ], [ 0.348698544412869, 41.964465074878206 ], [ 0.353716221893213, 41.957537651367176 ], [ 0.350595621073579, 41.953702639545106 ], [ 0.333493043451865, 41.948689860739428 ] ], [ [ 0.160358718758328, 41.93513053922166 ], [ 0.157094299457943, 41.934151363682886 ], [ 0.152065935093827, 41.931804694854115 ], [ 0.150925364298278, 41.9247362526229 ], [ 0.153255313566469, 41.914140858896424 ], [ 0.165941503156723, 41.911188084369812 ], [ 0.169029648668748, 41.906369597330375 ], [ 0.1681452561428, 41.901305886919658 ], [ 0.166957314750015, 41.893292178033278 ], [ 0.166536013653759, 41.887978957769782 ], [ 0.169880868438948, 41.885164919497818 ], [ 0.187695726331184, 41.87721650735962 ], [ 0.19103960082198, 41.877596862569504 ], [ 0.213922114859911, 41.882401342031471 ], [ 0.226824154900013, 41.890203945456875 ], [ 0.225355183809554, 41.898764938727894 ], [ 0.226018472529232, 41.915075798431381 ], [ 0.226616720742804, 41.928873260786503 ], [ 0.229717665052691, 41.935116634743729 ], [ 0.220470106908404, 41.938762650970482 ], [ 0.215235513528775, 41.943799341412998 ], [ 0.224396247534493, 41.953474888302289 ], [ 0.222515778942077, 41.953266641196564 ], [ 0.221268350074458, 41.955561981187863 ], [ 0.211493549092129, 41.949748550195089 ], [ 0.203486220853838, 41.951485318408906 ], [ 0.202658320921218, 41.949167104779704 ], [ 0.19985717959295, 41.94983960172911 ], [ 0.198258122329599, 41.947777044760421 ], [ 0.188304499406606, 41.949675048154603 ], [ 0.183583889704189, 41.955893741506522 ], [ 0.171145527377771, 41.945684139306003 ], [ 0.168410804097464, 41.935772916142739 ], [ 0.162647624121995, 41.937030565781974 ], [ 0.160358718758328, 41.93513053922166 ] ] ] ] } },
{ "type": "Feature", "properties": { "codatzbs": "20801", "n_zbs": "ALBARRACIN", "ccaa_cd": "ES24", "area": "Teruel" }, "geometry": { "type": "MultiPolygon", "coordinates": [ [ [ [ -1.356644800758342, 40.227225650110313 ], [ -1.360779048909985, 40.22588784515095 ], [ -1.362521215388807, 40.2174802442877 ], [ -1.370302776110473, 40.211022623370319 ], [ -1.3792413955762, 40.212157213773253 ], [ -1.390031688566703, 40.212028524262422 ], [ -1.397520243911146, 40.207898248729549 ], [ -1.406408458230804, 40.205669689549637 ], [ -1.414552654046399, 40.205601405662172 ], [ -1.424964085993371, 40.201995813955001 ], [ -1.433646442975341, 40.201492068601468 ], [ -1.438845830304211, 40.197120923364984 ], [ -1.47405350567746, 40.18514910674066 ], [ -1.510539921464938, 40.203822511684741 ], [ -1.521427358956286, 40.201269429913175 ], [ -1.531170283264635, 40.193014125507737 ], [ -1.540120076322892, 40.190911140913343 ], [ -1.566592722121579, 40.212377173648946 ], [ -1.569891229917998, 40.213661149487834 ], [ -1.592230577551958, 40.23635846324111 ], [ -1.603412681979783, 40.243079536402298 ], [ -1.608319224725686, 40.242877354534343 ], [ -1.622965827831331, 40.254566057832626 ], [ -1.638775777581181, 40.265960358235994 ], [ -1.645178699328855, 40.27335975041256 ], [ -1.658589837264941, 40.282137643688777 ], [ -1.66524859841388, 40.294656006964622 ], [ -1.679504444526717, 40.300891668593295 ], [ -1.689981555265327, 40.309767411158035 ], [ -1.700033964080342, 40.307178149156464 ], [ -1.707331154255664, 40.297233022797577 ], [ -1.710216031312202, 40.292166106707619 ], [ -1.709667049277159, 40.281439322784394 ], [ -1.70966781917243, 40.280781629546624 ], [ -1.71390547888588, 40.276900884263426 ], [ -1.718910366514275, 40.277208703017415 ], [ -1.726558477624287, 40.288356181947876 ], [ -1.729095472601719, 40.303014649548615 ], [ -1.720204535397441, 40.31335803647427 ], [ -1.719787435296382, 40.318614560910582 ], [ -1.706475575496533, 40.31370980877508 ], [ -1.696874423667007, 40.316665082877215 ], [ -1.697313000466644, 40.321399644590912 ], [ -1.707155830663978, 40.326789315768103 ], [ -1.720023618624339, 40.341004374888904 ], [ -1.730429705848973, 40.344857821282858 ], [ -1.736535419943852, 40.349546214171284 ], [ -1.740741011336777, 40.349438964943978 ], [ -1.743695321678047, 40.353308827203826 ], [ -1.743797153631568, 40.35353519997885 ], [ -1.743546755789427, 40.354334288581434 ], [ -1.744226620269067, 40.354503800012296 ], [ -1.748270643845834, 40.358061117848848 ], [ -1.748674354586337, 40.358515929822303 ], [ -1.750295238699519, 40.361299164654945 ], [ -1.752707417553521, 40.360775687911413 ], [ -1.752867962590251, 40.361011602857438 ], [ -1.753023657475316, 40.362148440736 ], [ -1.752611621206061, 40.362774671301601 ], [ -1.760583805578458, 40.372472807657381 ], [ -1.760825199710251, 40.372799738734386 ], [ -1.764120446171193, 40.375537658626847 ], [ -1.767207680552947, 40.383237134904753 ], [ -1.773314553703271, 40.388184886822472 ], [ -1.775465940089478, 40.387793277685972 ], [ -1.777404815364683, 40.39198495054012 ], [ -1.788789266921937, 40.391834560660705 ], [ -1.789616923516936, 40.394960200747576 ], [ -1.78933389387034, 40.395632944247467 ], [ -1.789733965384583, 40.397637052377739 ], [ -1.80599435712593, 40.398337715614964 ], [ -1.80348821690272, 40.40078918959923 ], [ -1.804148591522266, 40.404093313116206 ], [ -1.800278337326185, 40.414323281112267 ], [ -1.796361411662838, 40.417850058598994 ], [ -1.793035562912968, 40.417959494504139 ], [ -1.785069072334681, 40.413290585379158 ], [ -1.776636433188486, 40.429867904391656 ], [ -1.769293694072448, 40.434943023674919 ], [ -1.757842059469614, 40.451153443096779 ], [ -1.748235192147568, 40.463004402908801 ], [ -1.734676804046751, 40.472135745409474 ], [ -1.692147122244986, 40.486932031052064 ], [ -1.694810141295843, 40.493808683375391 ], [ -1.695152856110177, 40.511442492854442 ], [ -1.701527225948612, 40.538323900028018 ], [ -1.689274270232531, 40.566598634687146 ], [ -1.692919914155377, 40.57775647860165 ], [ -1.68545596560713, 40.580013961503646 ], [ -1.677735785096847, 40.591060348296892 ], [ -1.673965740011182, 40.592278327893887 ], [ -1.666095675366702, 40.582152193021138 ], [ -1.633884933041558, 40.579901945675672 ], [ -1.629341314463791, 40.576172674803516 ], [ -1.598384433241551, 40.562162279792567 ], [ -1.586819321369654, 40.569516435091764 ], [ -1.582530032028534, 40.569562949351869 ], [ -1.555322783614109, 40.586098674871195 ], [ -1.545150356752834, 40.595303705763627 ], [ -1.537211313830027, 40.588681387492962 ], [ -1.535372996367386, 40.590072394311107 ], [ -1.52098298575899, 40.579214032977291 ], [ -1.524009526180916, 40.577514116969574 ], [ -1.525111232622611, 40.574690480047117 ], [ -1.50931305869845, 40.548192032180218 ], [ -1.501474782511692, 40.537451613078211 ], [ -1.4928725354558, 40.536682039544438 ], [ -1.457130903651835, 40.518175326965213 ], [ -1.440756724518329, 40.512649503672144 ], [ -1.420820161936716, 40.517720726488399 ], [ -1.42251577525234, 40.519914937003371 ], [ -1.419512795831155, 40.528152589670803 ], [ -1.420300426452423, 40.53432513890457 ], [ -1.414549757034699, 40.547876108686445 ], [ -1.393701887102918, 40.551515744862087 ], [ -1.390520141025205, 40.550732736800242 ], [ -1.38852628016134, 40.545723322083781 ], [ -1.390317196190526, 40.540469365538762 ], [ -1.386863004235663, 40.522026055496625 ], [ -1.369572739671065, 40.504333957206548 ], [ -1.364640554829187, 40.502354488850521 ], [ -1.36881966077965, 40.486216334299435 ], [ -1.365601560046301, 40.480261337682677 ], [ -1.374421670813693, 40.47653010177762 ], [ -1.375624122340221, 40.462863105098698 ], [ -1.371391791751474, 40.453993210407823 ], [ -1.373211468879291, 40.444559927430561 ], [ -1.370858926091896, 40.434554302473764 ], [ -1.360862523180091, 40.422377574314645 ], [ -1.358042737768112, 40.413761443914865 ], [ -1.365730841914275, 40.417500827356982 ], [ -1.376960434578586, 40.415659105484274 ], [ -1.384156681954777, 40.416363557072359 ], [ -1.386467574279659, 40.410414186164239 ], [ -1.394446661001563, 40.407912696338634 ], [ -1.400732830249494, 40.400738936570683 ], [ -1.399085219587332, 40.398166673248468 ], [ -1.393723678055025, 40.398173361926368 ], [ -1.388126107316075, 40.393753374255127 ], [ -1.382196201487856, 40.381094463023913 ], [ -1.383024172891544, 40.375538765777058 ], [ -1.381251440634301, 40.372829393160075 ], [ -1.376905929603158, 40.370831559338811 ], [ -1.374429267058426, 40.366553749715308 ], [ -1.364362964368068, 40.361538116052905 ], [ -1.349852341041548, 40.363539054376545 ], [ -1.34122544141996, 40.362829990739456 ], [ -1.337536557217124, 40.360065427460242 ], [ -1.331772623218449, 40.361234623164307 ], [ -1.324179953155959, 40.360151915378282 ], [ -1.313461891142795, 40.362572552030471 ], [ -1.315414417331776, 40.35699763295198 ], [ -1.311571341435433, 40.356689299042088 ], [ -1.312542356086628, 40.354586521229415 ], [ -1.310337758146201, 40.35327509425889 ], [ -1.313398690698961, 40.342428324809475 ], [ -1.324022089380084, 40.3413215602896 ], [ -1.327230614064677, 40.34535884277323 ], [ -1.3321503601366, 40.346862258545457 ], [ -1.341525530428716, 40.34722236215751 ], [ -1.344893783605169, 40.345261652273734 ], [ -1.348559546942126, 40.34557534947831 ], [ -1.356206577741455, 40.338062999195905 ], [ -1.361810778013612, 40.336583982440878 ], [ -1.36515682823534, 40.330136136262361 ], [ -1.360338442381227, 40.321059174952481 ], [ -1.355129721512045, 40.295139259752133 ], [ -1.338981891269855, 40.287701551100767 ], [ -1.337452297562312, 40.27955364384183 ], [ -1.334996859299985, 40.277518435244197 ], [ -1.328703723176504, 40.281832957954897 ], [ -1.326416445514483, 40.293493165064909 ], [ -1.320223712841075, 40.303646273253193 ], [ -1.310402882195966, 40.308665229811098 ], [ -1.304961349451834, 40.31639615283062 ], [ -1.306862460865927, 40.333567391610472 ], [ -1.304804802388976, 40.339582069161615 ], [ -1.306215763754209, 40.35047609673645 ], [ -1.303993138949719, 40.361641273183089 ], [ -1.293121432614548, 40.369652032531235 ], [ -1.285924607870613, 40.372455365970126 ], [ -1.279098183285022, 40.380587812683068 ], [ -1.273273304477212, 40.37804158701325 ], [ -1.268139224117766, 40.380270960308593 ], [ -1.267677139791146, 40.378993821345972 ], [ -1.269988058571086, 40.37384857474084 ], [ -1.273914177470578, 40.371393841365581 ], [ -1.2787550380474, 40.3713939573678 ], [ -1.286484621286128, 40.362905536227331 ], [ -1.286987566162135, 40.35839069931842 ], [ -1.278119658238534, 40.351007103755983 ], [ -1.262031086581372, 40.324569423740385 ], [ -1.255871005975514, 40.305072095387999 ], [ -1.26243790461068, 40.300441370023577 ], [ -1.280980280805294, 40.294439417311665 ], [ -1.295209442106556, 40.28346124521606 ], [ -1.303859788070404, 40.280930750642064 ], [ -1.310600951223346, 40.27615577442716 ], [ -1.31047701031672, 40.255145543729398 ], [ -1.314004856194263, 40.236656956891764 ], [ -1.323586674699553, 40.242309605263038 ], [ -1.330835818663626, 40.238180241096259 ], [ -1.33645503662518, 40.227603761112178 ], [ -1.343361691903838, 40.227783911593484 ], [ -1.347191352628231, 40.230280109119661 ], [ -1.353001290385629, 40.229651219848662 ], [ -1.356644800758342, 40.227225650110313 ] ] ] ] } },
{ "type": "Feature", "properties": { "codatzbs": "20512", "n_zbs": "VENECIA", "ccaa_cd": "ES24", "area": "Zaragoza II-Miguel Servet" }, "geometry": { "type": "MultiPolygon", "coordinates": [ [ [ [ -0.889546969745136, 41.636025278599242 ], [ -0.887810336878564, 41.635062522098444 ], [ -0.884692542441218, 41.635501732431948 ], [ -0.884976054695625, 41.633525291756342 ], [ -0.885188722007492, 41.632478144091586 ], [ -0.885217366424751, 41.63234052305512 ], [ -0.885332220114181, 41.631844119008122 ], [ -0.885958165147579, 41.629619807712174 ], [ -0.886089097190194, 41.629179221864 ], [ -0.886209642745241, 41.62874204376385 ], [ -0.886450626612304, 41.627905121612329 ], [ -0.886678148801576, 41.627114966188451 ], [ -0.886886294145272, 41.626392068537832 ], [ -0.887389797053803, 41.624877832413191 ], [ -0.887783749131651, 41.624975456161224 ], [ -0.888150264868613, 41.62498071043418 ], [ -0.888541338674107, 41.624913552895578 ], [ -0.888893691124149, 41.624633450980348 ], [ -0.88901065563226, 41.624363917894719 ], [ -0.889071521375806, 41.624223725422716 ], [ -0.889185037232683, 41.624127566623017 ], [ -0.889387958819569, 41.624106636904408 ], [ -0.889514235187604, 41.62355499163327 ], [ -0.88974775274173, 41.6230408041217 ], [ -0.890145038719065, 41.622613515451178 ], [ -0.890547470753186, 41.62220961161799 ], [ -0.890968618942431, 41.621625938976834 ], [ -0.890978703227154, 41.62161196399142 ], [ -0.89140618787721, 41.621175577242028 ], [ -0.891839070858159, 41.620644023049394 ], [ -0.892195736282777, 41.620239750887471 ], [ -0.89075864273171, 41.619971482365067 ], [ -0.890118449525835, 41.619868785807554 ], [ -0.889897719868013, 41.619817697858224 ], [ -0.890135633663182, 41.619209921931251 ], [ -0.890395556528424, 41.619249308956157 ], [ -0.890818510274694, 41.617903843484491 ], [ -0.890958978178572, 41.617541646049418 ], [ -0.890243958672052, 41.617312128407164 ], [ -0.890465658347137, 41.61690269035855 ], [ -0.890637639241712, 41.616548302227159 ], [ -0.890868717886957, 41.616099684111326 ], [ -0.89124788732195, 41.615514524968454 ], [ -0.891373289645303, 41.61512934669102 ], [ -0.891940075351383, 41.61198212384523 ], [ -0.892359644230466, 41.611328350286044 ], [ -0.893093789891611, 41.610345083372628 ], [ -0.893667540547609, 41.608915615016663 ], [ -0.894014357801725, 41.608474146765047 ], [ -0.89414373282671, 41.607876685657992 ], [ -0.89416115188593, 41.606547173359132 ], [ -0.893965841242399, 41.605976176479665 ], [ -0.893625066534588, 41.605482397570704 ], [ -0.893669514153401, 41.604095579838535 ], [ -0.893731257558802, 41.602915510094604 ], [ -0.893746219745099, 41.600768191885173 ], [ -0.893076476780882, 41.599523082510501 ], [ -0.893821660688768, 41.59661454781363 ], [ -0.89433628818045, 41.596368169328706 ], [ -0.894520733227396, 41.595906416983723 ], [ -0.894511920889799, 41.595476942867208 ], [ -0.895067881292052, 41.595352164859911 ], [ -0.904220819792281, 41.586078531615165 ], [ -0.906304847664854, 41.585862424067827 ], [ -0.906393584863671, 41.586315881608328 ], [ -0.906632656719227, 41.586711984630526 ], [ -0.907145684855822, 41.587171698508371 ], [ -0.907640232286966, 41.587459897944676 ], [ -0.907928653849648, 41.587749894813761 ], [ -0.908669620253509, 41.588200870715625 ], [ -0.90968631791287, 41.588735946954287 ], [ -0.910564474052893, 41.58927533148475 ], [ -0.911111786595932, 41.589549575739447 ], [ -0.911628589441908, 41.58989220664197 ], [ -0.911994113078519, 41.590277114337383 ], [ -0.912677239705269, 41.590856948984388 ], [ -0.913279697200689, 41.590962464316192 ], [ -0.913452624971294, 41.591366425356796 ], [ -0.913990038960976, 41.591866714586573 ], [ -0.914675691401632, 41.592393683012517 ], [ -0.915288113489904, 41.592864358953513 ], [ -0.916016849798156, 41.593515980275711 ], [ -0.916455374423713, 41.594067762987251 ], [ -0.917084806592148, 41.594629686296258 ], [ -0.917655287004704, 41.595171368361989 ], [ -0.917862994354732, 41.595427321660701 ], [ -0.917929403055304, 41.595728828801022 ], [ -0.918310118695335, 41.596074911147774 ], [ -0.918794536010514, 41.596308835198194 ], [ -0.919659567695152, 41.596644221547869 ], [ -0.920341300417673, 41.596899788833738 ], [ -0.920843548509093, 41.597512303639171 ], [ -0.921130720139358, 41.59772468006696 ], [ -0.921349129253911, 41.598021328685142 ], [ -0.921480619687996, 41.598410949694127 ], [ -0.921629000143465, 41.598647854997189 ], [ -0.921604368485815, 41.599228333430304 ], [ -0.921657684967218, 41.599810181010604 ], [ -0.921389233209694, 41.600323232218322 ], [ -0.921013489990097, 41.601374685420467 ], [ -0.920934861385497, 41.602075329592004 ], [ -0.920856236230464, 41.602533716485546 ], [ -0.921047045497545, 41.603122197264348 ], [ -0.9203649509547, 41.606180226726366 ], [ -0.915859964836273, 41.609913334657925 ], [ -0.914887429860141, 41.610531907036581 ], [ -0.914729680749076, 41.610808484978214 ], [ -0.914634933088824, 41.610989779917283 ], [ -0.914439924818635, 41.611129220113021 ], [ -0.914101906886645, 41.611370915885693 ], [ -0.913660802183104, 41.611658399104186 ], [ -0.913056604230702, 41.611956004407304 ], [ -0.912620321346988, 41.612020782108395 ], [ -0.912180059660052, 41.611999124637279 ], [ -0.911822763173555, 41.61193956852501 ], [ -0.911629283059919, 41.612031371630174 ], [ -0.911522736959623, 41.612198245248599 ], [ -0.911704614197739, 41.612452147369332 ], [ -0.912021547109138, 41.612667609863067 ], [ -0.911951976813031, 41.613052390347605 ], [ -0.911596163987162, 41.613304018203564 ], [ -0.910176654222089, 41.614376427948123 ], [ -0.907883269739365, 41.616299946009718 ], [ -0.909546816208016, 41.617253918869345 ], [ -0.907252378740441, 41.619367614840613 ], [ -0.905885518359423, 41.620395646164489 ], [ -0.905666114103292, 41.620638297172377 ], [ -0.904640337183512, 41.620952114784359 ], [ -0.904323663026231, 41.621320555401702 ], [ -0.903931120020072, 41.621698093006991 ], [ -0.903369413180487, 41.621934984943707 ], [ -0.903218010835089, 41.622116956423561 ], [ -0.902079607797139, 41.62298661936488 ], [ -0.901385942156346, 41.6235764118247 ], [ -0.901078835544332, 41.624046839540036 ], [ -0.900319965780044, 41.62510715164359 ], [ -0.899702056844319, 41.625650130159059 ], [ -0.899275681794767, 41.626024801115712 ], [ -0.898770391983609, 41.626468809737631 ], [ -0.898357471318725, 41.626973403770286 ], [ -0.89792523414906, 41.628059270213377 ], [ -0.897675844448247, 41.628387894273644 ], [ -0.897323677820349, 41.628706514977111 ], [ -0.8971285135906, 41.628829751767768 ], [ -0.896743957596856, 41.62909769077973 ], [ -0.896290454219752, 41.629416698612914 ], [ -0.896066495679181, 41.629601272218061 ], [ -0.895665052145802, 41.629727347250984 ], [ -0.894927420453377, 41.629746971946453 ], [ -0.894171876192216, 41.629772728504307 ], [ -0.893652434804283, 41.629792022197279 ], [ -0.892817449820402, 41.629846349409725 ], [ -0.892426136398819, 41.630032691270991 ], [ -0.892319333624069, 41.63012766765312 ], [ -0.892121092184623, 41.630472679962118 ], [ -0.891890985294035, 41.631241811626957 ], [ -0.891687078834423, 41.631802074089471 ], [ -0.891667826108356, 41.632211521117007 ], [ -0.891792257683061, 41.633171281931816 ], [ -0.891733590234751, 41.633313723477528 ], [ -0.891581789180099, 41.633482203340016 ], [ -0.891251668434843, 41.633683467207192 ], [ -0.890988405428841, 41.633786866684154 ], [ -0.890746625203355, 41.633856391914485 ], [ -0.890205263138156, 41.635639978027207 ], [ -0.890060971104201, 41.635633656518891 ], [ -0.889546969745136, 41.636025278599242 ] ] ] ] } },
{ "type": "Feature", "properties": { "codatzbs": "20616", "n_zbs": "GALLUR", "ccaa_cd": "ES24", "area": "Zaragoza III-Clinico" }, "geometry": { "type": "MultiPolygon", "coordinates": [ [ [ [ -1.200106053316638, 41.840457304092901 ], [ -1.198599351629369, 41.834489474625364 ], [ -1.213862046678523, 41.823505812995634 ], [ -1.212764482657073, 41.821840619689105 ], [ -1.20886098252037, 41.81674513505795 ], [ -1.20933580782363, 41.816122125742638 ], [ -1.217088089384507, 41.818764584614591 ], [ -1.226993571402631, 41.817143585633204 ], [ -1.23723592723883, 41.812879175127676 ], [ -1.237743038017828, 41.81106756851873 ], [ -1.238444790017569, 41.81225821416956 ], [ -1.248527980141692, 41.809800551821397 ], [ -1.263397706846876, 41.804811588587668 ], [ -1.26992211099327, 41.798542491898594 ], [ -1.282276776494053, 41.791126446731731 ], [ -1.286338091007697, 41.790916886007061 ], [ -1.304823540619537, 41.796397022429474 ], [ -1.317010750606149, 41.804411978338976 ], [ -1.317691596042073, 41.80552971256116 ], [ -1.324644078843171, 41.816817430233669 ], [ -1.337209196529634, 41.825826447359773 ], [ -1.355892303688455, 41.846252060932443 ], [ -1.359449049045118, 41.856489269336706 ], [ -1.358518170340355, 41.873570278184062 ], [ -1.369830766527531, 41.867985325115349 ], [ -1.377258326582147, 41.856823380533442 ], [ -1.409419520311605, 41.867711956896372 ], [ -1.407568216893683, 41.87191028918479 ], [ -1.415365241877731, 41.877250944750706 ], [ -1.43020651427657, 41.881417671519372 ], [ -1.442318153425909, 41.887391795108769 ], [ -1.441926138473426, 41.889638086844954 ], [ -1.453934483184836, 41.899500396648214 ], [ -1.453688250162854, 41.901712669709518 ], [ -1.473957237713565, 41.903596066249811 ], [ -1.50272617644725, 41.902948150154245 ], [ -1.522950240908845, 41.910000977273292 ], [ -1.512537769164722, 41.914973255247396 ], [ -1.505761992990346, 41.915966001458543 ], [ -1.501404867234023, 41.924384270003614 ], [ -1.472697368947307, 41.92458231883964 ], [ -1.452937299042939, 41.915833681734789 ], [ -1.44036766919814, 41.916528227705925 ], [ -1.435928880472591, 41.914603526851195 ], [ -1.421421921655768, 41.913180070187927 ], [ -1.41743576071919, 41.913953792658802 ], [ -1.415417789426589, 41.917051180559369 ], [ -1.411574206628254, 41.912548894818293 ], [ -1.410830098834839, 41.907062721422406 ], [ -1.4009796197084, 41.906106345550889 ], [ -1.398654259808812, 41.903633147692688 ], [ -1.396754536846689, 41.904390214252849 ], [ -1.39177966759557, 41.901816903394213 ], [ -1.37091167620892, 41.888994675428592 ], [ -1.359602299183599, 41.878296089454302 ], [ -1.360004622430121, 41.888010789047186 ], [ -1.351891275183142, 41.890416436020587 ], [ -1.334693659359341, 41.913503889701985 ], [ -1.325123335082887, 41.901836484879723 ], [ -1.329074007382678, 41.89365315646819 ], [ -1.327981675066208, 41.890241805779858 ], [ -1.320815961964695, 41.884949591722076 ], [ -1.313290924280993, 41.888775098342066 ], [ -1.30800491787196, 41.884004940665527 ], [ -1.298054568846699, 41.885641134283446 ], [ -1.28711389130021, 41.874247465243727 ], [ -1.283907876705656, 41.872920668938541 ], [ -1.283210891678441, 41.874648494264875 ], [ -1.278752315238346, 41.877788000357931 ], [ -1.271793106522716, 41.877106984263193 ], [ -1.269283441610203, 41.871413224365703 ], [ -1.270943393784971, 41.865710147266675 ], [ -1.266407656031411, 41.859220126681727 ], [ -1.281134558886188, 41.85274975929066 ], [ -1.274752754891848, 41.850402444304152 ], [ -1.262755002564468, 41.857525812763576 ], [ -1.257868762307283, 41.854236416425096 ], [ -1.247033482832753, 41.855314409496046 ], [ -1.232944306196847, 41.863420387189933 ], [ -1.228050262981827, 41.861327486429253 ], [ -1.229502271397191, 41.855423702784286 ], [ -1.224827820943801, 41.860223995241327 ], [ -1.219920488327322, 41.859931908080334 ], [ -1.218620536403553, 41.857281871698831 ], [ -1.228435594870382, 41.845184968678446 ], [ -1.227285306183566, 41.83798910685676 ], [ -1.223085191190757, 41.834393661433737 ], [ -1.207108842618542, 41.845016027610143 ], [ -1.203866355630833, 41.845100511507781 ], [ -1.200106053316638, 41.840457304092901 ] ] ] ] } },
{ "type": "Feature", "properties": { "codatzbs": "20108", "n_zbs": "HUESCA CAPITAL-N2-(SANTO GRIAL)", "ccaa_cd": "ES24", "area": "Huesca-Jaca" }, "geometry": { "type": "MultiPolygon", "coordinates": [ [ [ [ -0.441519270300914, 42.182127877161037 ], [ -0.440987293677866, 42.181723903619535 ], [ -0.439964425687483, 42.181465807634986 ], [ -0.440211159974606, 42.180577326114474 ], [ -0.438814971733593, 42.180687300692526 ], [ -0.438460427673683, 42.180067701968973 ], [ -0.438323712457305, 42.179798019179138 ], [ -0.438335104505031, 42.179515960741767 ], [ -0.43798075076245, 42.17941393885728 ], [ -0.437369788072424, 42.179400284111637 ], [ -0.437059472506917, 42.179252190965329 ], [ -0.436601051850446, 42.179116469561663 ], [ -0.436347418217315, 42.179090983537897 ], [ -0.435865270806454, 42.179042533018659 ], [ -0.434765196323461, 42.178931980356445 ], [ -0.434093088948238, 42.177760353018549 ], [ -0.433544549235027, 42.177230909778018 ], [ -0.432509982916382, 42.176509730672592 ], [ -0.431331515336671, 42.175947225215552 ], [ -0.430206860061334, 42.175242950886116 ], [ -0.42941392214535, 42.174653324711265 ], [ -0.42831560245342, 42.174485731545111 ], [ -0.426439076046393, 42.174550845918567 ], [ -0.424914525505802, 42.174230688684354 ], [ -0.42401114343334, 42.173995951533527 ], [ -0.422972459679789, 42.173543722149368 ], [ -0.422324947935681, 42.171742136598901 ], [ -0.422179367443496, 42.170595164073077 ], [ -0.420435254574501, 42.169769642496171 ], [ -0.418465714501181, 42.16858161363961 ], [ -0.4170861754016, 42.167690563159908 ], [ -0.416515125925878, 42.166678212135686 ], [ -0.415117361631944, 42.165610230616338 ], [ -0.41404688987126, 42.164764056872073 ], [ -0.413645480210016, 42.164004449964622 ], [ -0.412791740320779, 42.163735003719459 ], [ -0.412284169072945, 42.163223180558902 ], [ -0.412189458308792, 42.162350691212716 ], [ -0.412179796765974, 42.161605877632688 ], [ -0.411691410927174, 42.160820472963529 ], [ -0.410778816577856, 42.160621164263958 ], [ -0.409746243654712, 42.160419138712122 ], [ -0.407950161760696, 42.160044201541673 ], [ -0.407888036554772, 42.159307016992365 ], [ -0.4077160089416, 42.157873503247629 ], [ -0.407744205853449, 42.157183083606043 ], [ -0.408048293409487, 42.156010040625922 ], [ -0.40863792967537, 42.154117202443103 ], [ -0.409043636319781, 42.152336479741962 ], [ -0.409322416721095, 42.150115244116137 ], [ -0.409322996727837, 42.150101033029912 ], [ -0.409341184259688, 42.149655504976828 ], [ -0.409341764382128, 42.149641293892188 ], [ -0.409371036381125, 42.148924211232035 ], [ -0.409435796393912, 42.147926458734688 ], [ -0.409472253842079, 42.147420958683917 ], [ -0.409497695580381, 42.147068196151594 ], [ -0.409519509602524, 42.146765725738561 ], [ -0.409602341037294, 42.146262711454064 ], [ -0.40969102269411, 42.145724167419587 ], [ -0.409760244043211, 42.145303787101518 ], [ -0.409842696935083, 42.145302473665687 ], [ -0.410859639747538, 42.145290017177764 ], [ -0.410865499505096, 42.145286178998987 ], [ -0.410871238036435, 42.1452860875658 ], [ -0.41090978526457, 42.145257171516924 ], [ -0.410976140413702, 42.145213708346624 ], [ -0.411010919159591, 42.145078391070278 ], [ -0.411002749253231, 42.144963366503383 ], [ -0.410998141639809, 42.144957237580179 ], [ -0.410922985256873, 42.144899874855732 ], [ -0.41077254145935, 42.144780296840338 ], [ -0.410620287492479, 42.144659280509011 ], [ -0.410600602784269, 42.14464298782211 ], [ -0.410471602517139, 42.144518428593692 ], [ -0.410365147331257, 42.144415638078478 ], [ -0.410162200862784, 42.144274111067141 ], [ -0.410010058763691, 42.144155771391404 ], [ -0.409948395665962, 42.144127804812776 ], [ -0.409904783366613, 42.144106725404562 ], [ -0.409906135484996, 42.144101439445826 ], [ -0.409914830408559, 42.144098108146451 ], [ -0.409910077170045, 42.144095952389193 ], [ -0.409983884973342, 42.143982533557931 ], [ -0.409995791277146, 42.143972809278132 ], [ -0.410011551019403, 42.143963358125724 ], [ -0.410117266776877, 42.143802358243569 ], [ -0.410131972038831, 42.143780421371915 ], [ -0.41013139262886, 42.14377985809962 ], [ -0.410131912344154, 42.143779076495655 ], [ -0.410127867000593, 42.143776430666428 ], [ -0.410125208647023, 42.143773846352452 ], [ -0.410084375283031, 42.143747985183964 ], [ -0.409986109763259, 42.143683715091484 ], [ -0.409939641590238, 42.143654137649136 ], [ -0.409819185649526, 42.143577466063959 ], [ -0.40981458852824, 42.143570842064641 ], [ -0.409682274830751, 42.143504819937455 ], [ -0.409515706276953, 42.143418059950854 ], [ -0.409447973528908, 42.14338790715184 ], [ -0.409391355628718, 42.143359655546611 ], [ -0.409388462453844, 42.143361783159079 ], [ -0.408738428004643, 42.143345255632134 ], [ -0.408737041011064, 42.143345920067972 ], [ -0.408734368467452, 42.143345853408675 ], [ -0.408728282034069, 42.143350116033538 ], [ -0.408721972871071, 42.143353138421169 ], [ -0.408479672440433, 42.143335503634141 ], [ -0.408474811915548, 42.143325546803986 ], [ -0.408473900541505, 42.143327418681459 ], [ -0.408317689229313, 42.143181540873655 ], [ -0.408194907222988, 42.143062488355277 ], [ -0.40815037105661, 42.142958159403825 ], [ -0.407955798244383, 42.142482197474258 ], [ -0.407861999166877, 42.142264637844448 ], [ -0.407826688194316, 42.14219018515152 ], [ -0.40774539818637, 42.141908644746245 ], [ -0.40772981660381, 42.141684871772092 ], [ -0.407723431711647, 42.141457201726276 ], [ -0.407713691907578, 42.141453297863478 ], [ -0.407713422105385, 42.141449423105307 ], [ -0.40767806758786, 42.141439019078881 ], [ -0.407617090790617, 42.141414578584659 ], [ -0.407617459501772, 42.141412819228023 ], [ -0.407653768346902, 42.141292479463203 ], [ -0.407644247994387, 42.141284993906538 ], [ -0.407645852975994, 42.14127733547685 ], [ -0.407458888245568, 42.141129469294341 ], [ -0.407364010236687, 42.140995176170208 ], [ -0.407388574772311, 42.140771654829862 ], [ -0.407266595453313, 42.14054481989016 ], [ -0.407323962911119, 42.14047248439325 ], [ -0.407355655037734, 42.140433591737029 ], [ -0.407361284181316, 42.140432387956125 ], [ -0.409022269833258, 42.140578760546532 ], [ -0.409900843833877, 42.140426243411028 ], [ -0.410447295020565, 42.140277710313391 ], [ -0.411247883364578, 42.140333709029299 ], [ -0.412278361575276, 42.140431662226746 ], [ -0.412680836438518, 42.140216667857409 ], [ -0.413329373960646, 42.139646402009987 ], [ -0.41353925727783, 42.139231710565888 ], [ -0.412920146438314, 42.138700642789132 ], [ -0.413963685589091, 42.135633069479162 ], [ -0.414202682258809, 42.135589413788949 ], [ -0.414114818069969, 42.135414624849247 ], [ -0.413980184372548, 42.135159746824492 ], [ -0.413850185622143, 42.134791044788521 ], [ -0.413752626496862, 42.134417078045836 ], [ -0.413700920633281, 42.134104107774441 ], [ -0.413921157104624, 42.133839244686136 ], [ -0.413945081199383, 42.133837299475992 ], [ -0.414137417511637, 42.133723555551988 ], [ -0.413811989390354, 42.133433835727523 ], [ -0.412203791249378, 42.132174321032537 ], [ -0.411390447389395, 42.131574327708485 ], [ -0.410688354520193, 42.130419191255726 ], [ -0.410801174005276, 42.129944052628041 ], [ -0.410792677978202, 42.129930382996235 ], [ -0.410781658496503, 42.129920414004765 ], [ -0.410768614033208, 42.129792329688868 ], [ -0.410780464597405, 42.129715717034074 ], [ -0.410797644117458, 42.12964660768889 ], [ -0.41082967654339, 42.129526186330708 ], [ -0.410842670382794, 42.129498845908046 ], [ -0.410843292202034, 42.129497850366292 ], [ -0.410843191114018, 42.129497750233575 ], [ -0.410845725286044, 42.129492418062277 ], [ -0.410855756650268, 42.129494054110559 ], [ -0.411349993138671, 42.127313419680362 ], [ -0.411789762277922, 42.125372965177426 ], [ -0.411816186543784, 42.125284300543804 ], [ -0.411814452293912, 42.125280824014666 ], [ -0.411816625085986, 42.125273533362474 ], [ -0.411565241424646, 42.124769598046889 ], [ -0.411584015809246, 42.124308676480979 ], [ -0.411584454375774, 42.124297909299813 ], [ -0.41109847177475, 42.122270116144506 ], [ -0.411036692659169, 42.121880598775711 ], [ -0.410989366384653, 42.120590809812185 ], [ -0.410600093854205, 42.119574294548428 ], [ -0.410495894563378, 42.118968895373357 ], [ -0.410490928898796, 42.118907698263477 ], [ -0.410429307478366, 42.11785651467946 ], [ -0.410395955040396, 42.117737219625518 ], [ -0.410371727962851, 42.117438634994706 ], [ -0.41023441631349, 42.117146706912536 ], [ -0.410247255509473, 42.116831576348176 ], [ -0.410247694187443, 42.116820809164274 ], [ -0.410141235627011, 42.116843837565099 ], [ -0.410135727543175, 42.116822322103829 ], [ -0.413783374521099, 42.116099261365733 ], [ -0.414687932210117, 42.115869711445818 ], [ -0.414767864872384, 42.11593294129387 ], [ -0.414798883914154, 42.115836216772209 ], [ -0.415711302708114, 42.115606715270992 ], [ -0.434160481783297, 42.111528447632253 ], [ -0.455860368934794, 42.151064967381515 ], [ -0.455414605203216, 42.152016767542491 ], [ -0.455317723331469, 42.152223626849356 ], [ -0.455219203829541, 42.152859753331406 ], [ -0.455062473296085, 42.153871713138933 ], [ -0.454915254028708, 42.154822227333192 ], [ -0.454875883365771, 42.15526570510422 ], [ -0.454979089423073, 42.156038695362604 ], [ -0.455046288422146, 42.156678088046576 ], [ -0.455116355908886, 42.157244208707986 ], [ -0.455041034205572, 42.15776896207975 ], [ -0.454957189090352, 42.158195243469102 ], [ -0.454686746030739, 42.158738086287372 ], [ -0.454562240154555, 42.158987997438032 ], [ -0.454384135892754, 42.159506337503458 ], [ -0.454244021032238, 42.160606040072047 ], [ -0.454100358171266, 42.161733545482157 ], [ -0.454187099256753, 42.163006351054655 ], [ -0.454206086472513, 42.163175717065563 ], [ -0.454284376959075, 42.163874067298252 ], [ -0.454343440885359, 42.164400918143777 ], [ -0.454380142474139, 42.164729470770958 ], [ -0.454025378752235, 42.164843878552894 ], [ -0.453119596567906, 42.16511536093698 ], [ -0.452851745295666, 42.16522457860264 ], [ -0.451558393576477, 42.165751932294995 ], [ -0.4513524515408, 42.165952021058409 ], [ -0.451100836485897, 42.166196481857249 ], [ -0.450088735837489, 42.166381083996619 ], [ -0.450061413498775, 42.16636228430724 ], [ -0.449819424012013, 42.16619577550572 ], [ -0.44935841240366, 42.165878558679076 ], [ -0.447218563471353, 42.165218612964246 ], [ -0.446926141059075, 42.165346690011269 ], [ -0.445986085303705, 42.165758413040763 ], [ -0.444950425044989, 42.165924451904552 ], [ -0.444028966152167, 42.165912689341461 ], [ -0.443062976010311, 42.165900349517045 ], [ -0.442213955373302, 42.166241636677071 ], [ -0.442185472361268, 42.166289559834432 ], [ -0.44190230681554, 42.166765994996538 ], [ -0.44063050403851, 42.168062329460327 ], [ -0.439706419998541, 42.168986358340021 ], [ -0.43987377412017, 42.169638468902946 ], [ -0.440556762693466, 42.170441353155248 ], [ -0.441029517289772, 42.170997083429754 ], [ -0.441093035391332, 42.171396331620358 ], [ -0.441164675411491, 42.171846624979118 ], [ -0.440435829530077, 42.172473079115342 ], [ -0.440293128452914, 42.173032807881889 ], [ -0.44082916757369, 42.173640451871329 ], [ -0.441718969162307, 42.1740407473578 ], [ -0.441706052427237, 42.174732240546973 ], [ -0.44159844065544, 42.175414868266998 ], [ -0.441952573396119, 42.176024725290091 ], [ -0.442724994344239, 42.176273949218825 ], [ -0.442867022462853, 42.176723875110255 ], [ -0.442570185623789, 42.177134228182155 ], [ -0.441947366638242, 42.177654622090294 ], [ -0.441950150764712, 42.178023024993358 ], [ -0.441951837548128, 42.178246195267441 ], [ -0.441954193006865, 42.178557767536859 ], [ -0.442577011286311, 42.17895119501722 ], [ -0.443172319608495, 42.17908360827105 ], [ -0.443848845764751, 42.179188045411394 ], [ -0.443823661226627, 42.179812944002023 ], [ -0.443842081902646, 42.18034946409049 ], [ -0.444589047479211, 42.18069373822415 ], [ -0.444676701383793, 42.181499855045658 ], [ -0.444013773969552, 42.182050970541241 ], [ -0.443493654925772, 42.182039373621826 ], [ -0.442554376062486, 42.181860492941404 ], [ -0.442338301751545, 42.182372896506351 ], [ -0.441519270300914, 42.182127877161037 ] ] ] ] } },
{ "type": "Feature", "properties": { "codatzbs": "20205", "n_zbs": "BENABARRE", "ccaa_cd": "ES24", "area": "Barbastro" }, "geometry": { "type": "MultiPolygon", "coordinates": [ [ [ [ 0.73896710429297, 42.281591275904823 ], [ 0.740127604428613, 42.269244361035888 ], [ 0.734411182134743, 42.249855331476859 ], [ 0.727983553175893, 42.245058289186282 ], [ 0.720431236956436, 42.230599616426495 ], [ 0.715216292580065, 42.22494292179384 ], [ 0.714523274205413, 42.222011994113906 ], [ 0.717884106152529, 42.219624753680897 ], [ 0.713712470911448, 42.215627055548936 ], [ 0.71452833714029, 42.210125915803943 ], [ 0.708696585385575, 42.204443881862197 ], [ 0.709773860753649, 42.197403581269164 ], [ 0.707562646365246, 42.191901347119206 ], [ 0.702980581472066, 42.190158627552606 ], [ 0.703703655575741, 42.185128684158258 ], [ 0.69895189704203, 42.172792957652149 ], [ 0.714328044039444, 42.163543073239211 ], [ 0.704036318811335, 42.158500575523639 ], [ 0.696197204786767, 42.152117390453746 ], [ 0.695732774788582, 42.138742622840866 ], [ 0.698338837490442, 42.126574439185482 ], [ 0.702797136387597, 42.120055168424351 ], [ 0.699912817545078, 42.107082738736942 ], [ 0.695268825952451, 42.101460648163062 ], [ 0.695913746785282, 42.099242725705437 ], [ 0.685969382093214, 42.092890607789727 ], [ 0.679596936270661, 42.076157715358455 ], [ 0.669177961355759, 42.061273839422562 ], [ 0.667956434224683, 42.052866570455492 ], [ 0.671493164367008, 42.047152398861911 ], [ 0.666381153443646, 42.041877234509272 ], [ 0.657108522158688, 42.040489568117863 ], [ 0.656551547272097, 42.030575196902141 ], [ 0.652071079710484, 42.026368745533247 ], [ 0.657285634270049, 42.014955645705889 ], [ 0.66424752942712, 42.014652202235759 ], [ 0.657089097447084, 42.001004555593674 ], [ 0.646952886248455, 41.996861119525732 ], [ 0.644709988590066, 41.992466102683217 ], [ 0.645703357547502, 41.987247755266189 ], [ 0.642288561085753, 41.98218753479842 ], [ 0.638899887903215, 41.994721701650214 ], [ 0.624132587050636, 41.991884773784534 ], [ 0.61727120171885, 41.987319913166623 ], [ 0.619532858961865, 41.983358447296098 ], [ 0.613575875044875, 41.977053961964927 ], [ 0.609768435684441, 41.968196137094132 ], [ 0.603911475778826, 41.96554381468939 ], [ 0.604716112006785, 41.96077295622883 ], [ 0.592957978871534, 41.969012250968653 ], [ 0.587288407747917, 41.966893560491485 ], [ 0.586321752447851, 41.961926051155025 ], [ 0.578497326416903, 41.957722124036685 ], [ 0.57759355047057, 41.95515700571638 ], [ 0.568535364567214, 41.966416120061325 ], [ 0.545492432658627, 41.97385767209412 ], [ 0.527315821034409, 41.972707347100503 ], [ 0.515305694416153, 41.973742502015952 ], [ 0.509592651815295, 41.968379537908767 ], [ 0.500794094774779, 41.965037543690521 ], [ 0.491262922402598, 41.971010172146201 ], [ 0.491926758822052, 41.966820713895856 ], [ 0.480076003077602, 41.968558737013666 ], [ 0.484434937190336, 41.97192928967727 ], [ 0.479561305918429, 41.97284273032006 ], [ 0.471298873228541, 41.970022467322138 ], [ 0.458927032831365, 41.960824019158785 ], [ 0.461552986082195, 41.972991558789694 ], [ 0.467288531379535, 41.977500789965916 ], [ 0.470588588033615, 41.986036732621514 ], [ 0.473845077040254, 41.988432516142261 ], [ 0.473626101615003, 41.994166288103791 ], [ 0.460215354302342, 42.006638376759113 ], [ 0.450843519228587, 42.011720477414997 ], [ 0.444786066890951, 42.01939474619904 ], [ 0.435897122242399, 42.025874792489809 ], [ 0.428653688055701, 42.044335695596359 ], [ 0.408768363675419, 42.066900746668615 ], [ 0.413904345236676, 42.072754126061035 ], [ 0.414573077397092, 42.086790869304743 ], [ 0.411364739945055, 42.090533357188107 ], [ 0.410378387949174, 42.096938130166372 ], [ 0.398175684849454, 42.114977236043849 ], [ 0.394559529107003, 42.114751190665153 ], [ 0.391510372918665, 42.117443878587792 ], [ 0.392544682720196, 42.125940858675804 ], [ 0.39806686834166, 42.132386837988115 ], [ 0.39753967851831, 42.134743703451207 ], [ 0.418576004322245, 42.1418893514373 ], [ 0.42686207206068, 42.148350451801939 ], [ 0.437154030848888, 42.141765893220686 ], [ 0.452497703923433, 42.139125501961708 ], [ 0.46315153254517, 42.139470352614367 ], [ 0.484269787182876, 42.145745910243107 ], [ 0.487749514366083, 42.143010660678854 ], [ 0.488412177738097, 42.147582883311024 ], [ 0.485433792690316, 42.15349966303954 ], [ 0.490832055419489, 42.177485992642779 ], [ 0.499680735885454, 42.179224162316096 ], [ 0.508685461351073, 42.167584799716643 ], [ 0.517111031428403, 42.168911356813609 ], [ 0.512267160266745, 42.164503486649977 ], [ 0.513025775898007, 42.158095834534855 ], [ 0.518036274134939, 42.154169182804722 ], [ 0.514749006715683, 42.148786215838371 ], [ 0.515633473811951, 42.144220722734914 ], [ 0.531299829685689, 42.151780212239032 ], [ 0.546278744711973, 42.149138481311311 ], [ 0.545808507615239, 42.159562412694143 ], [ 0.548751571862982, 42.167386428608395 ], [ 0.532060648603207, 42.178482669006726 ], [ 0.535426753278056, 42.183700616716507 ], [ 0.544722139848027, 42.18927552016919 ], [ 0.550116161583572, 42.189162527686449 ], [ 0.55425239690091, 42.18691817569097 ], [ 0.559373796678828, 42.183679592719727 ], [ 0.567528014943814, 42.18378618567646 ], [ 0.584067726277844, 42.176741604232241 ], [ 0.593617691611818, 42.178207377649969 ], [ 0.600539281194531, 42.174955501023454 ], [ 0.60144978876401, 42.172018353522425 ], [ 0.608787137480881, 42.170346767689736 ], [ 0.618195719691003, 42.167222625343832 ], [ 0.62475374096411, 42.169932778914053 ], [ 0.640071675648142, 42.171086005169883 ], [ 0.646284282496059, 42.183972141057502 ], [ 0.640913192652966, 42.193111485522913 ], [ 0.649294695364363, 42.193988424631378 ], [ 0.67244435599027, 42.208556311582846 ], [ 0.673376031726015, 42.211254793490966 ], [ 0.667983679389072, 42.21372371665106 ], [ 0.665231566296261, 42.223302616545354 ], [ 0.659776337578718, 42.224287457239775 ], [ 0.65324720377527, 42.232906090555616 ], [ 0.645303198004942, 42.234455827163181 ], [ 0.629951187900879, 42.245226501889682 ], [ 0.636031140136081, 42.256541436093684 ], [ 0.634087953431777, 42.265751713646772 ], [ 0.637208357688721, 42.270046866255072 ], [ 0.623604506796937, 42.279329489703073 ], [ 0.61316433165171, 42.282720769166261 ], [ 0.616226883240378, 42.301470558791024 ], [ 0.620072978055559, 42.305716236036623 ], [ 0.628183150614547, 42.30836806932119 ], [ 0.621013999630339, 42.312178741899594 ], [ 0.617368898262965, 42.316525988813915 ], [ 0.622228360930549, 42.321495966837539 ], [ 0.619677615716861, 42.325043351412326 ], [ 0.624827625154975, 42.328086016057085 ], [ 0.623095098892632, 42.333624519876061 ], [ 0.629448450124629, 42.337736479679272 ], [ 0.631735557295285, 42.343516828844493 ], [ 0.641542181953436, 42.346654096115927 ], [ 0.642417554829013, 42.351506645668415 ], [ 0.639006325227166, 42.357179872277996 ], [ 0.652189651363505, 42.36699812241568 ], [ 0.661798475562375, 42.381890578353932 ], [ 0.669596327488761, 42.382316285184103 ], [ 0.670473800911957, 42.387780778178033 ], [ 0.667516025357646, 42.391009072744609 ], [ 0.66937706809042, 42.395010387711267 ], [ 0.679483478266169, 42.392299910989628 ], [ 0.683627857551898, 42.393580305136958 ], [ 0.701671534411583, 42.385812894013135 ], [ 0.735661064029047, 42.376280854109538 ], [ 0.7346322953758, 42.371632140076684 ], [ 0.725859836134564, 42.370315244424354 ], [ 0.723163717527887, 42.368872167901216 ], [ 0.723634814226007, 42.365750357209755 ], [ 0.737714762483881, 42.361987030345958 ], [ 0.746510355198842, 42.356972263122167 ], [ 0.760957890216687, 42.357182961864432 ], [ 0.76582162900062, 42.356293711246416 ], [ 0.766490446046201, 42.353471404918608 ], [ 0.771669745013423, 42.350761670975395 ], [ 0.767373801399694, 42.348958214221298 ], [ 0.763618359309946, 42.347866118379592 ], [ 0.759540434859643, 42.348486315020047 ], [ 0.754666781726886, 42.346755358120063 ], [ 0.754361804548389, 42.344694337406985 ], [ 0.749792310628739, 42.343376402766154 ], [ 0.745122555438131, 42.337712366806699 ], [ 0.740722722388535, 42.336991771276779 ], [ 0.744040173394348, 42.326438367986036 ], [ 0.759547437863332, 42.326020292361854 ], [ 0.764985704820321, 42.322600080262909 ], [ 0.755468235380785, 42.313557127958404 ], [ 0.756981517279199, 42.309428450273039 ], [ 0.745192471583637, 42.301296527247615 ], [ 0.744251845260528, 42.285848769351396 ], [ 0.73896710429297, 42.281591275904823 ] ], [ [ 0.53357264922897, 42.140003969901457 ], [ 0.525656815074369, 42.147136439664116 ], [ 0.519365705708422, 42.139954922322495 ], [ 0.525352514637414, 42.135340576170407 ], [ 0.53357264922897, 42.140003969901457 ] ] ] ] } },
{ "type": "Feature", "properties": { "codatzbs": "20814", "n_zbs": "UTRILLAS", "ccaa_cd": "ES24", "area": "Teruel" }, "geometry": { "type": "MultiPolygon", "coordinates": [ [ [ [ -0.647768509142744, 40.783162850650079 ], [ -0.649755178754652, 40.781266782435559 ], [ -0.631212969105927, 40.768520214660406 ], [ -0.639359818855184, 40.762282974573523 ], [ -0.638308370424059, 40.75885659857699 ], [ -0.644405159275951, 40.757621144869645 ], [ -0.654542729899653, 40.760719080427329 ], [ -0.656467901256156, 40.759533171420948 ], [ -0.661764818659482, 40.76049638637047 ], [ -0.668447344636443, 40.756731480075707 ], [ -0.672298421435367, 40.758052310481652 ], [ -0.674938725822701, 40.753331559566803 ], [ -0.681542745885754, 40.760643454361926 ], [ -0.687147635692404, 40.761620700610493 ], [ -0.698785494367096, 40.758394556268449 ], [ -0.715053615489102, 40.758627896046207 ], [ -0.715806455697019, 40.753940831283799 ], [ -0.724274244697918, 40.753288494384229 ], [ -0.774933790948695, 40.770373409751222 ], [ -0.776351766501386, 40.768735949675232 ], [ -0.778125182265313, 40.766687721774296 ], [ -0.795681665417833, 40.768880108224643 ], [ -0.810976189852906, 40.769991077655256 ], [ -0.823810262140698, 40.755749698749504 ], [ -0.835118492937042, 40.746756615953601 ], [ -0.845977100157953, 40.747194024701827 ], [ -0.850847186723518, 40.75153651561638 ], [ -0.864579148690051, 40.754376738912086 ], [ -0.900916741655892, 40.75751170925917 ], [ -0.906655958609661, 40.767515529536411 ], [ -0.92019132866115, 40.774561149452595 ], [ -0.93188102247559, 40.777023243586072 ], [ -0.942952108361381, 40.775365629336257 ], [ -0.940034945226202, 40.778889630193135 ], [ -0.949625554786039, 40.780294581222144 ], [ -0.952090810877434, 40.783364985468808 ], [ -0.954830400093625, 40.796808042152414 ], [ -0.96078013365575, 40.797597922817864 ], [ -0.951965492558822, 40.799396467263939 ], [ -0.94610168802563, 40.797355576073464 ], [ -0.942017864164772, 40.7983276421608 ], [ -0.934360179196791, 40.805225763208007 ], [ -0.935549758497355, 40.809678838449365 ], [ -0.930832988897363, 40.814206199587325 ], [ -0.948453501421888, 40.845297940196431 ], [ -0.950913728066173, 40.845506040263238 ], [ -0.956043477117392, 40.847254509194457 ], [ -0.963887760810509, 40.854112969751775 ], [ -0.97049994385378, 40.851247984215433 ], [ -0.982482106995401, 40.848873039209835 ], [ -0.999251063921413, 40.852957478296922 ], [ -1.003683741191064, 40.852304651258251 ], [ -1.004076268555075, 40.847528443835358 ], [ -1.006770290358018, 40.846295941425417 ], [ -1.014887902664745, 40.849336393730141 ], [ -1.040463353142286, 40.842891994833543 ], [ -1.044166642948197, 40.846431854104949 ], [ -1.046253357085438, 40.854943464973019 ], [ -1.045892269912742, 40.881347810675727 ], [ -1.043808121430492, 40.899318789494259 ], [ -1.035717418782802, 40.90715296985752 ], [ -1.032153345138216, 40.920837791712493 ], [ -1.028067810762404, 40.92484839466551 ], [ -1.031214667184592, 40.934855611928128 ], [ -1.026235949111355, 40.954866298177095 ], [ -1.021775825115436, 40.968544419075776 ], [ -1.010005125354478, 40.980204586916365 ], [ -1.000891862166436, 40.974984681985234 ], [ -0.979398396883844, 40.9701061009063 ], [ -0.970889357122626, 40.969335025492569 ], [ -0.961362760523308, 40.963023782460183 ], [ -0.956956537863632, 40.962180184801497 ], [ -0.947048790407413, 40.964021742572434 ], [ -0.939725613041532, 40.967566074251927 ], [ -0.929930508687363, 40.964246952091422 ], [ -0.926762370083041, 40.958407218090315 ], [ -0.917873081672503, 40.956193319066593 ], [ -0.910294343001903, 40.951246155240383 ], [ -0.904301664031218, 40.944264606749904 ], [ -0.889620986669834, 40.946437791516225 ], [ -0.884704746332613, 40.949725400327985 ], [ -0.876891691068114, 40.949969065726037 ], [ -0.874248796049253, 40.952361406437205 ], [ -0.862336276961753, 40.952978763476558 ], [ -0.856663093730965, 40.957205888350536 ], [ -0.849959828878738, 40.958369091677987 ], [ -0.837095090673621, 40.957542911254485 ], [ -0.81652629860951, 40.948949363735665 ], [ -0.813636685150934, 40.951551757422585 ], [ -0.805906007800815, 40.946784002637564 ], [ -0.796031174349219, 40.92794130598751 ], [ -0.790993204848778, 40.925160662751132 ], [ -0.792995113563737, 40.917821921382831 ], [ -0.79904358427653, 40.910173230736156 ], [ -0.797652749240126, 40.904859302875529 ], [ -0.801582136938157, 40.899133531638675 ], [ -0.796704370838811, 40.896950653440705 ], [ -0.785910970312094, 40.898464278981059 ], [ -0.782375428255502, 40.891298467503866 ], [ -0.762744050479785, 40.877885350676664 ], [ -0.745521653781514, 40.876577055131236 ], [ -0.742624653099218, 40.878366870511456 ], [ -0.738265971095635, 40.876723204864795 ], [ -0.736357526728722, 40.873875376310366 ], [ -0.723039424983719, 40.870181351343334 ], [ -0.715517374798571, 40.865672945498638 ], [ -0.713652977032155, 40.870202710934322 ], [ -0.704993735598886, 40.869778410750726 ], [ -0.703709908066841, 40.872590226991079 ], [ -0.693084188120878, 40.868991282739543 ], [ -0.679470556052687, 40.872501199248362 ], [ -0.665353425464107, 40.868009692598271 ], [ -0.666603817924245, 40.858757418386119 ], [ -0.672152385297258, 40.849375844632178 ], [ -0.671354381446231, 40.84201866842038 ], [ -0.66363830683713, 40.837142758895936 ], [ -0.663217927474603, 40.831891920163194 ], [ -0.646377829629097, 40.83090082781456 ], [ -0.643060878123601, 40.833481246668221 ], [ -0.616240357164757, 40.82904768970112 ], [ -0.615110952227448, 40.814900862172621 ], [ -0.618326164211125, 40.799591672390605 ], [ -0.622170245598803, 40.798824294390641 ], [ -0.647768509142744, 40.783162850650079 ] ] ] ] } },
{ "type": "Feature", "properties": { "codatzbs": "20807", "n_zbs": "CELLA", "ccaa_cd": "ES24", "area": "Teruel" }, "geometry": { "type": "MultiPolygon", "coordinates": [ [ [ [ -1.207251219432713, 40.505316367925133 ], [ -1.212741462071571, 40.477214310838534 ], [ -1.212300267702807, 40.469388285253757 ], [ -1.208438066964018, 40.463364878444459 ], [ -1.208308424127249, 40.453597787852956 ], [ -1.21803665531488, 40.450946625368637 ], [ -1.230887711384176, 40.442946369614937 ], [ -1.261359470563481, 40.412572797846465 ], [ -1.26020894149129, 40.407366659992917 ], [ -1.262733931207858, 40.391207301384767 ], [ -1.260377443814927, 40.380226480572425 ], [ -1.257991508168105, 40.377731184482933 ], [ -1.278119658238534, 40.351007103755983 ], [ -1.286987566162135, 40.35839069931842 ], [ -1.286484621286128, 40.362905536227331 ], [ -1.2787550380474, 40.3713939573678 ], [ -1.273914177470578, 40.371393841365581 ], [ -1.269988058571086, 40.37384857474084 ], [ -1.267677139791146, 40.378993821345972 ], [ -1.268139224117766, 40.380270960308593 ], [ -1.273273304477212, 40.37804158701325 ], [ -1.279098183285022, 40.380587812683068 ], [ -1.285924607870613, 40.372455365970126 ], [ -1.293121432614548, 40.369652032531235 ], [ -1.303993138949719, 40.361641273183089 ], [ -1.30672590906274, 40.363032609952199 ], [ -1.313461891142795, 40.362572552030471 ], [ -1.324179953155959, 40.360151915378282 ], [ -1.331772623218449, 40.361234623164307 ], [ -1.337536557217124, 40.360065427460242 ], [ -1.34122544141996, 40.362829990739456 ], [ -1.349852341041548, 40.363539054376545 ], [ -1.364362964368068, 40.361538116052905 ], [ -1.374429267058426, 40.366553749715308 ], [ -1.376905929603158, 40.370831559338811 ], [ -1.381251440634301, 40.372829393160075 ], [ -1.383024172891544, 40.375538765777058 ], [ -1.382196201487856, 40.381094463023913 ], [ -1.388126107316075, 40.393753374255127 ], [ -1.393723678055025, 40.398173361926368 ], [ -1.399085219587332, 40.398166673248468 ], [ -1.400732830249494, 40.400738936570683 ], [ -1.394446661001563, 40.407912696338634 ], [ -1.386467574279659, 40.410414186164239 ], [ -1.384156681954777, 40.416363557072359 ], [ -1.376960434578586, 40.415659105484274 ], [ -1.365730841914275, 40.417500827356982 ], [ -1.358042737768112, 40.413761443914865 ], [ -1.360862523180091, 40.422377574314645 ], [ -1.370858926091896, 40.434554302473764 ], [ -1.373211468879291, 40.444559927430561 ], [ -1.371391791751474, 40.453993210407823 ], [ -1.375624122340221, 40.462863105098698 ], [ -1.374421670813693, 40.47653010177762 ], [ -1.365601560046301, 40.480261337682677 ], [ -1.36881966077965, 40.486216334299435 ], [ -1.364640554829187, 40.502354488850521 ], [ -1.350522024805769, 40.511189193634678 ], [ -1.322736023330883, 40.517905758854546 ], [ -1.2952356050016, 40.521520939867102 ], [ -1.295113265358153, 40.537058524359111 ], [ -1.275951776087417, 40.545737465899215 ], [ -1.249970676071864, 40.554418045768301 ], [ -1.246124383847477, 40.5542696395147 ], [ -1.235575379728573, 40.560657995388368 ], [ -1.233311109877655, 40.560073809629749 ], [ -1.233233258624743, 40.562585951143184 ], [ -1.224095475352863, 40.560626147837617 ], [ -1.224115408580261, 40.562554278231914 ], [ -1.216519456961232, 40.563482152835128 ], [ -1.212546324835213, 40.560979452792395 ], [ -1.202400446632377, 40.559650971334072 ], [ -1.191496878381761, 40.547869065149804 ], [ -1.186733016746824, 40.548046644354663 ], [ -1.182019230815158, 40.536766319051857 ], [ -1.204909651162651, 40.5125766941565 ], [ -1.207251219432713, 40.505316367925133 ] ] ] ] } },
{ "type": "Feature", "properties": { "codatzbs": "20525", "n_zbs": "CAMPO DE BELCHITE", "ccaa_cd": "ES24", "area": "Zaragoza II-Miguel Servet" }, "geometry": { "type": "MultiPolygon", "coordinates": [ [ [ [ -0.869264026178334, 41.543199614180629 ], [ -0.85565565163665, 41.534806120844152 ], [ -0.836810926705276, 41.518152649704319 ], [ -0.821079155369905, 41.512841887157876 ], [ -0.795861879809439, 41.508473962875449 ], [ -0.769819042400703, 41.505231219900374 ], [ -0.748051357722096, 41.502185561237653 ], [ -0.732627482559527, 41.500292773221389 ], [ -0.747889116200976, 41.490649531321253 ], [ -0.76284563037937, 41.48451979141317 ], [ -0.768191100712557, 41.479183705519745 ], [ -0.779052773936323, 41.472900219058793 ], [ -0.77905475351016, 41.471089927749155 ], [ -0.786373856031321, 41.468556102734254 ], [ -0.798188733858074, 41.460181629311947 ], [ -0.804331413432687, 41.457326861434787 ], [ -0.819817618156005, 41.455009586605875 ], [ -0.820921974771134, 41.45241856568844 ], [ -0.824834351452611, 41.451772162238605 ], [ -0.82321718363841, 41.445716029457294 ], [ -0.816498645488869, 41.442598394562616 ], [ -0.811709230528946, 41.441930946557044 ], [ -0.809013885211455, 41.443419726751316 ], [ -0.806967236789218, 41.440570647721977 ], [ -0.800155376197662, 41.438837303427675 ], [ -0.799435985334399, 41.435689209311697 ], [ -0.791512263748338, 41.432529040000965 ], [ -0.78239573031475, 41.424355634555688 ], [ -0.752779351587609, 41.419493562749842 ], [ -0.724317248835017, 41.405684994239898 ], [ -0.710913387481105, 41.403113190445325 ], [ -0.692323678505847, 41.396022696811627 ], [ -0.677542642641285, 41.395608089096257 ], [ -0.671558539809802, 41.39269504661403 ], [ -0.652389825570437, 41.385613411073422 ], [ -0.632148407863025, 41.402265985139209 ], [ -0.628479152031775, 41.402838901646589 ], [ -0.603493560805084, 41.388099402117604 ], [ -0.599219864205021, 41.37813902770165 ], [ -0.589481278576648, 41.371801797401652 ], [ -0.581038456566155, 41.361519075499658 ], [ -0.570152167233581, 41.356263934993642 ], [ -0.566612825881663, 41.356612425603956 ], [ -0.56736665188938, 41.35402544248457 ], [ -0.581423031330918, 41.348233352072647 ], [ -0.590982417792153, 41.343111019560894 ], [ -0.611999496670894, 41.339982618227225 ], [ -0.612303927446777, 41.333612231407372 ], [ -0.604898120041753, 41.323424773784538 ], [ -0.629355724993171, 41.311871386978439 ], [ -0.631603760993084, 41.301911149278538 ], [ -0.626900396129806, 41.280107915732764 ], [ -0.628383409109757, 41.259927294139921 ], [ -0.625093211371002, 41.248285598838095 ], [ -0.642416118839253, 41.238473066902316 ], [ -0.662782937939467, 41.239519032337078 ], [ -0.66885201970365, 41.236958085500312 ], [ -0.660194526154494, 41.229793040544905 ], [ -0.63909349043291, 41.217743267643527 ], [ -0.62211870580513, 41.199326004431818 ], [ -0.610997788667948, 41.194925572117569 ], [ -0.609538010081266, 41.191787891723131 ], [ -0.621514585045433, 41.184398075840278 ], [ -0.623749248349747, 41.179967805025399 ], [ -0.640460506090965, 41.171079441982165 ], [ -0.646150503081698, 41.163305915227333 ], [ -0.664640590495278, 41.146064816445808 ], [ -0.675519436853416, 41.125487771152379 ], [ -0.693606995838101, 41.112403909482417 ], [ -0.696236256045147, 41.115545964821671 ], [ -0.711821418152851, 41.121855465001453 ], [ -0.715174213291309, 41.1247772415797 ], [ -0.713437429427247, 41.126427103425229 ], [ -0.722027699960366, 41.133604879052463 ], [ -0.721941071251144, 41.137827515816447 ], [ -0.725457744800657, 41.138113165460055 ], [ -0.727386541539426, 41.144014821334054 ], [ -0.732846302364491, 41.145320423174866 ], [ -0.735635135667906, 41.150842553059 ], [ -0.745016598020273, 41.157349692714142 ], [ -0.746134795159631, 41.161929126257562 ], [ -0.750349409423166, 41.165542321308735 ], [ -0.761051845363845, 41.169768092297303 ], [ -0.76462790830155, 41.164154121050728 ], [ -0.764633877846695, 41.158723006419919 ], [ -0.775993736454896, 41.15266509290214 ], [ -0.780495222692675, 41.147104494607241 ], [ -0.779142936563742, 41.138098371301908 ], [ -0.78449063931276, 41.136381967624061 ], [ -0.782036912202758, 41.126111575019955 ], [ -0.783073776984782, 41.1183134178182 ], [ -0.791218924044498, 41.111615459260975 ], [ -0.788148092771859, 41.108016709514132 ], [ -0.798639077147231, 41.103398890792128 ], [ -0.811067898027592, 41.102410894776611 ], [ -0.811404572836932, 41.100877019590492 ], [ -0.828170637614563, 41.096528746009689 ], [ -0.859525194791558, 41.108122498547154 ], [ -0.870992880236235, 41.11661272419456 ], [ -0.870828882749364, 41.119473940133659 ], [ -0.876425643571741, 41.122099328093874 ], [ -0.883299342325572, 41.130224268141106 ], [ -0.885718797217642, 41.140942226393321 ], [ -0.882902108050484, 41.148870826565336 ], [ -0.889193595357868, 41.147392120091958 ], [ -0.891132741164234, 41.145256912888556 ], [ -0.893253707768826, 41.132604576975702 ], [ -0.890185745168454, 41.125738996124312 ], [ -0.900123704466017, 41.119282325626109 ], [ -0.901321690548925, 41.111963235142746 ], [ -0.914943666499931, 41.105266143443764 ], [ -0.912184741592335, 41.09311935044294 ], [ -0.937356339054216, 41.083538833195348 ], [ -0.944573272915803, 41.075426123905665 ], [ -0.956896638640344, 41.076456045630401 ], [ -0.963400311799456, 41.082858317476727 ], [ -0.981444702644923, 41.092273401781171 ], [ -0.989226811340434, 41.091247546654195 ], [ -0.998234229908585, 41.095340660007849 ], [ -1.000215260762801, 41.114812877715387 ], [ -0.995256367935897, 41.11925731296008 ], [ -0.983902373034025, 41.139190319283294 ], [ -0.972057248717976, 41.153565052389325 ], [ -0.969081224655101, 41.163879964472905 ], [ -0.954048379609522, 41.188869966382065 ], [ -0.970103873828902, 41.20563727913725 ], [ -0.997319351667688, 41.265065662676506 ], [ -0.962240128614679, 41.279113458088865 ], [ -0.954992843310199, 41.283695523877704 ], [ -0.949592571443857, 41.305522561463789 ], [ -0.945242403544423, 41.305976355542967 ], [ -0.948654310572766, 41.316016938883372 ], [ -0.97591243283546, 41.322327203766484 ], [ -0.980665074987295, 41.328211304395246 ], [ -0.978529953907683, 41.332344011151768 ], [ -0.979751042311135, 41.335364806888663 ], [ -0.987847505406164, 41.345252250699225 ], [ -0.977294395321087, 41.352570000837915 ], [ -0.972909660677171, 41.352889138261055 ], [ -0.964302588274955, 41.36211336899607 ], [ -0.956208218378216, 41.380848383458137 ], [ -0.959083060084332, 41.390635891202166 ], [ -0.959272675517309, 41.390728022115852 ], [ -0.956711160259227, 41.392649247281966 ], [ -0.954097188556645, 41.393620542123983 ], [ -0.951727492711334, 41.394046693666276 ], [ -0.947892408123812, 41.395806715553533 ], [ -0.943180391567368, 41.396542142873301 ], [ -0.937806217681079, 41.39665301891138 ], [ -0.934569341738219, 41.396883112139029 ], [ -0.930883173520812, 41.398077800158163 ], [ -0.927091721992318, 41.399945965497515 ], [ -0.922492289745344, 41.40051142908613 ], [ -0.917210900446998, 41.402862658740332 ], [ -0.91550764255157, 41.406560729108868 ], [ -0.919356879434163, 41.408571986934454 ], [ -0.922071230762313, 41.416055770426354 ], [ -0.920015694787689, 41.421494424047786 ], [ -0.924693348045292, 41.426193938582813 ], [ -0.92206068007146, 41.439977950980655 ], [ -0.914336304525294, 41.458985874505856 ], [ -0.919992756327456, 41.472471906268545 ], [ -0.91570685963812, 41.480698939561535 ], [ -0.917374370732111, 41.486462981670805 ], [ -0.91662504244165, 41.498433585316413 ], [ -0.927572960205045, 41.503871457446969 ], [ -0.945171577251465, 41.517209886306141 ], [ -0.942245570052833, 41.522462970013983 ], [ -0.94419538524808, 41.53128359001191 ], [ -0.938134847834452, 41.536744075436005 ], [ -0.933803682583078, 41.536525843411781 ], [ -0.937498990647538, 41.540325531857228 ], [ -0.937216117458853, 41.543327836967812 ], [ -0.947049484368607, 41.552643259010843 ], [ -0.945796063901473, 41.555250886017816 ], [ -0.948371279890821, 41.562857583715072 ], [ -0.946039934244713, 41.565032687936792 ], [ -0.948287710414186, 41.566817643137512 ], [ -0.94225423529238, 41.573260104699926 ], [ -0.936334416721492, 41.580262547042345 ], [ -0.926619803305663, 41.572082644208237 ], [ -0.916633743281846, 41.568921145695398 ], [ -0.901176331124875, 41.56459336444275 ], [ -0.888408063727843, 41.558030351853482 ], [ -0.878712187672721, 41.549707135727544 ], [ -0.869264026178334, 41.543199614180629 ] ] ], [ [ [ -0.483445618770132, 41.366378194588918 ], [ -0.466467105233762, 41.362114580787811 ], [ -0.459182485067505, 41.365295341446874 ], [ -0.453129530328181, 41.359568369405601 ], [ -0.45121538394083, 41.354707459712586 ], [ -0.443938473671439, 41.350366974844427 ], [ -0.458720819671865, 41.346137258065923 ], [ -0.479567931007294, 41.346046511061964 ], [ -0.492611685449309, 41.351222261942695 ], [ -0.489573938374996, 41.364638784997041 ], [ -0.483445618770132, 41.366378194588918 ] ] ] ] } },
{ "type": "Feature", "properties": { "codatzbs": "20813", "n_zbs": "TERUEL CENTRO", "ccaa_cd": "ES24", "area": "Teruel" }, "geometry": { "type": "MultiPolygon", "coordinates": [ [ [ [ -1.306215763754198, 40.350476096736479 ], [ -1.304804802388966, 40.339582069161615 ], [ -1.306862460865915, 40.333567391610508 ], [ -1.304961349451834, 40.316396152830656 ], [ -1.310402882195955, 40.308665229811119 ], [ -1.320223712841063, 40.303646273253207 ], [ -1.326416445514461, 40.29349316506493 ], [ -1.328703723176493, 40.281832957954911 ], [ -1.334996859299973, 40.277518435244211 ], [ -1.337452297562312, 40.279553643841844 ], [ -1.338981891269843, 40.287701551100781 ], [ -1.355129721512045, 40.295139259752133 ], [ -1.360338442381227, 40.321059174952495 ], [ -1.36515682823534, 40.330136136262375 ], [ -1.3618107780136, 40.336583982440892 ], [ -1.356206577741455, 40.338062999195891 ], [ -1.348559546942125, 40.345575349478338 ], [ -1.344893783605158, 40.345261652273734 ], [ -1.341525530428705, 40.34722236215751 ], [ -1.3321503601366, 40.346862258545457 ], [ -1.327230614064666, 40.34535884277323 ], [ -1.324022089380084, 40.341321560289586 ], [ -1.31339869069896, 40.342428324809497 ], [ -1.310337758146189, 40.353275094258905 ], [ -1.312542356086626, 40.354586521229457 ], [ -1.311571341435411, 40.356689299042088 ], [ -1.315414417331776, 40.356997632951995 ], [ -1.313461891142795, 40.362572552030485 ], [ -1.30672590906274, 40.363032609952199 ], [ -1.303993138949708, 40.361641273183103 ], [ -1.306215763754198, 40.350476096736479 ] ] ], [ [ [ -1.109784813707636, 40.335974507869658 ], [ -1.110150103276299, 40.335761892155269 ], [ -1.110599263754768, 40.335515389839081 ], [ -1.110922824107237, 40.335146963879964 ], [ -1.111213276415727, 40.334644023792272 ], [ -1.111423722508384, 40.333637314429041 ], [ -1.111591443467804, 40.333105208546286 ], [ -1.112406725729534, 40.331279989646511 ], [ -1.11273701562094, 40.330399543170117 ], [ -1.113064038482534, 40.329636039703828 ], [ -1.113502990430193, 40.328774077703642 ], [ -1.113531798933858, 40.328523838834691 ], [ -1.113960538124479, 40.327243860083755 ], [ -1.114136561186348, 40.327196589082575 ], [ -1.114418935810816, 40.327251335588954 ], [ -1.115083995933574, 40.327680026308265 ], [ -1.115749064519999, 40.328108713362397 ], [ -1.116175882237608, 40.328466659843045 ], [ -1.117148053351935, 40.329485328903175 ], [ -1.117684152103389, 40.330086356469593 ], [ -1.118336508329741, 40.330040564129156 ], [ -1.118932961730817, 40.330238299930016 ], [ -1.119546932233664, 40.330690160305373 ], [ -1.119263234691682, 40.331616303244211 ], [ -1.118614276658192, 40.332423684089413 ], [ -1.118093583109932, 40.333035715458166 ], [ -1.117553024889944, 40.333920066737036 ], [ -1.117219642967587, 40.334422324153408 ], [ -1.116576382974957, 40.335022951001299 ], [ -1.116071590729166, 40.335503609730615 ], [ -1.1157520387933, 40.335949678553924 ], [ -1.115752952940522, 40.335987107437425 ], [ -1.115754230066569, 40.335987321124755 ], [ -1.118050341140107, 40.336371479070905 ], [ -1.119637879801777, 40.33657674942814 ], [ -1.122052015990408, 40.336831124349679 ], [ -1.122899401071594, 40.336197268875189 ], [ -1.123542679771621, 40.337149191779439 ], [ -1.12393613737476, 40.337000649074376 ], [ -1.124517052144102, 40.336831310060333 ], [ -1.125087015462652, 40.33649494526243 ], [ -1.126379622806654, 40.335931939749152 ], [ -1.12678137568921, 40.336393204416964 ], [ -1.146203684144598, 40.341031911087761 ], [ -1.176250432749241, 40.335551790440107 ], [ -1.206639054629703, 40.326212621535269 ], [ -1.199197639365751, 40.301521355062178 ], [ -1.199628050814941, 40.295246645389447 ], [ -1.213529763818113, 40.289165194481328 ], [ -1.232077379415481, 40.284810765275317 ], [ -1.245433022268065, 40.280095404062244 ], [ -1.233389820039454, 40.271452891799157 ], [ -1.24142289486596, 40.265989966676841 ], [ -1.243109758333287, 40.26079054155511 ], [ -1.259917945968914, 40.25878340409681 ], [ -1.267094529556898, 40.260476605428472 ], [ -1.278401155667085, 40.259771657524922 ], [ -1.283397047131999, 40.254719891440757 ], [ -1.284914942729654, 40.249553347662726 ], [ -1.298095822454309, 40.237306906006317 ], [ -1.314004856194241, 40.236656956891785 ], [ -1.31047701031672, 40.255145543729398 ], [ -1.310600951223335, 40.27615577442716 ], [ -1.303859788070393, 40.280930750642092 ], [ -1.295209442106556, 40.28346124521606 ], [ -1.280980280805294, 40.294439417311665 ], [ -1.262437904610669, 40.300441370023577 ], [ -1.255871005975503, 40.305072095387999 ], [ -1.262031086581372, 40.324569423740385 ], [ -1.278119658238533, 40.351007103756011 ], [ -1.257991508168115, 40.377731184482954 ], [ -1.260377443814927, 40.380226480572425 ], [ -1.262733931207836, 40.391207301384767 ], [ -1.26020894149129, 40.407366659992917 ], [ -1.261359470563481, 40.412572797846487 ], [ -1.230887711384165, 40.442946369614937 ], [ -1.218036655314858, 40.450946625368658 ], [ -1.208308424127227, 40.453597787852978 ], [ -1.208438066964006, 40.463364878444473 ], [ -1.212300267702796, 40.469388285253757 ], [ -1.21274146207156, 40.477214310838534 ], [ -1.207251219432724, 40.505316367925154 ], [ -1.20490965116265, 40.512576694156529 ], [ -1.182019230815158, 40.536766319051857 ], [ -1.186733016746812, 40.548046644354699 ], [ -1.191496878381749, 40.547869065149804 ], [ -1.202400446632366, 40.559650971334094 ], [ -1.19829525919448, 40.558578016643487 ], [ -1.1912573206711, 40.560720059777339 ], [ -1.189003288283087, 40.559333508139858 ], [ -1.187616791105579, 40.563878988325705 ], [ -1.176738985878614, 40.563410472442918 ], [ -1.173675863358059, 40.565722193538477 ], [ -1.171866728724684, 40.564054140878596 ], [ -1.160116140920366, 40.569146346291092 ], [ -1.153520954389174, 40.565410805067408 ], [ -1.138940509221588, 40.566843210524624 ], [ -1.133617132509531, 40.565847481451016 ], [ -1.131432827464927, 40.56368621463303 ], [ -1.1353598244672, 40.546895371161149 ], [ -1.1356235666428, 40.532702695843078 ], [ -1.099301485886359, 40.511175674818752 ], [ -1.084077855933768, 40.505726429118482 ], [ -1.076199918366742, 40.494794689699546 ], [ -1.072124996659845, 40.492465707804655 ], [ -1.052893774629931, 40.485062735632205 ], [ -1.046522979249883, 40.48058619570142 ], [ -1.043954000070019, 40.472768596316207 ], [ -1.038867036478859, 40.468007145724307 ], [ -1.02819654302201, 40.466663448381091 ], [ -1.013177058252133, 40.468027667804087 ], [ -0.988284467596325, 40.458327417170707 ], [ -0.977387112096445, 40.462271995091619 ], [ -0.967907835878186, 40.471951578331044 ], [ -0.953083057897951, 40.464114040300771 ], [ -0.945575983214822, 40.45695442780265 ], [ -0.942268388823569, 40.457138833104629 ], [ -0.940714279279855, 40.4504901423078 ], [ -0.926297162459252, 40.44997103419022 ], [ -0.92075889718037, 40.43798982421049 ], [ -0.913950256777079, 40.436659996853273 ], [ -0.910853269898902, 40.433117879172976 ], [ -0.907531960726406, 40.426553863782267 ], [ -0.903045003827149, 40.40365485994802 ], [ -0.895364271855876, 40.398668839673007 ], [ -0.901239743136636, 40.391974424752206 ], [ -0.902643385446205, 40.385847282041702 ], [ -0.910957276579514, 40.380610930264943 ], [ -0.910387192614236, 40.377330671146531 ], [ -0.911311351862537, 40.365283487361985 ], [ -0.920071784692623, 40.360795458688507 ], [ -0.924659955642822, 40.359849966329982 ], [ -0.932887020157988, 40.360375712646565 ], [ -0.944641541404216, 40.356819850944298 ], [ -0.952445662962262, 40.35064503250883 ], [ -0.95565807925115, 40.351538108594269 ], [ -0.958364887461862, 40.346191584144727 ], [ -0.954524007172342, 40.341722390670931 ], [ -0.955116719555654, 40.333402441571167 ], [ -0.969487141941965, 40.326297583512343 ], [ -0.977828704525317, 40.323719864906906 ], [ -0.983606906492846, 40.320003568688044 ], [ -0.989846166807936, 40.315407502403275 ], [ -0.995155569508357, 40.313716051780631 ], [ -0.998512849264081, 40.311741752829818 ], [ -1.003330839962717, 40.323854151502303 ], [ -1.009328620697604, 40.324064429865921 ], [ -1.014376590882577, 40.324241166353453 ], [ -1.020409797054796, 40.324452107817166 ], [ -1.026067952126924, 40.324649649462927 ], [ -1.031692747360807, 40.325087106324865 ], [ -1.034136128430903, 40.325928370198042 ], [ -1.035916488171933, 40.32595171149066 ], [ -1.037858982368086, 40.325903575126041 ], [ -1.039240713336121, 40.326082597123126 ], [ -1.041690407109229, 40.326571996558791 ], [ -1.044038184672009, 40.326491062342839 ], [ -1.046888252216367, 40.326256731487376 ], [ -1.048171654033059, 40.326175344862285 ], [ -1.04954642612449, 40.325693205349282 ], [ -1.052856051554838, 40.325526675413435 ], [ -1.054965345876873, 40.325429715284614 ], [ -1.056986153417814, 40.325345791960878 ], [ -1.058998270112097, 40.325262194551186 ], [ -1.064747314082645, 40.325357118969293 ], [ -1.069347370690146, 40.325432865404444 ], [ -1.071526681243614, 40.325468687898343 ], [ -1.07448352037697, 40.325517224242468 ], [ -1.080397575601092, 40.325614076237287 ], [ -1.084847448916327, 40.325686750384641 ], [ -1.090425969401112, 40.324316311500439 ], [ -1.093601745759527, 40.323632286312716 ], [ -1.094543969302207, 40.324968105334676 ], [ -1.093188795970828, 40.326046361370857 ], [ -1.092792557896019, 40.328448034577377 ], [ -1.093302926333027, 40.329345797806866 ], [ -1.093213261120153, 40.331789970420232 ], [ -1.093299118304515, 40.333455863928748 ], [ -1.092871313832779, 40.334584315702941 ], [ -1.093168120701055, 40.334565148077964 ], [ -1.093174634352453, 40.334572101470229 ], [ -1.093180469765644, 40.334567824240985 ], [ -1.09352940260393, 40.334479562201672 ], [ -1.093873498017533, 40.334475833362177 ], [ -1.093923410239224, 40.334448451456474 ], [ -1.094385277828749, 40.334625291949948 ], [ -1.094718416317829, 40.334574372246159 ], [ -1.095281696682309, 40.334640061435081 ], [ -1.095309692218046, 40.334518302340364 ], [ -1.095740010059645, 40.334506586605436 ], [ -1.09650016587162, 40.334124237083607 ], [ -1.096800423214189, 40.333931746677926 ], [ -1.097348252727575, 40.334109990183038 ], [ -1.097940716766982, 40.334448791826411 ], [ -1.098473371237267, 40.334730197565364 ], [ -1.098730881141744, 40.334922463119618 ], [ -1.099403896055981, 40.335018141176995 ], [ -1.100147539896801, 40.33478592116554 ], [ -1.100360250355315, 40.334648392410166 ], [ -1.100515515195699, 40.334368896188266 ], [ -1.100792521055945, 40.334129005583947 ], [ -1.100920324797413, 40.333952474931706 ], [ -1.101057772349391, 40.333870118132992 ], [ -1.101219863297933, 40.333872779902784 ], [ -1.101398524820247, 40.334073146350093 ], [ -1.101676215226837, 40.334246933616726 ], [ -1.101913116923287, 40.334561074132822 ], [ -1.101940737291348, 40.334890582204828 ], [ -1.102171156624489, 40.334997781406749 ], [ -1.1022878978215, 40.335215933312355 ], [ -1.102415339629745, 40.335490670072858 ], [ -1.10227858242724, 40.3359867084868 ], [ -1.102251290488719, 40.336522149532946 ], [ -1.102329779207111, 40.337228554657777 ], [ -1.102488535216744, 40.337701237923461 ], [ -1.102874923161984, 40.337942616928068 ], [ -1.103242018015755, 40.337995646995452 ], [ -1.104017787311721, 40.337933157351145 ], [ -1.104216378201918, 40.337861200978494 ], [ -1.104836183011253, 40.33766452679771 ], [ -1.105449673852489, 40.337693383290087 ], [ -1.106266411984528, 40.337922998177646 ], [ -1.106658858927605, 40.337948227917749 ], [ -1.107015515898775, 40.337935264165424 ], [ -1.107895039720386, 40.337677014139615 ], [ -1.108089222745328, 40.337322932024527 ], [ -1.108653179633783, 40.336486017011076 ], [ -1.108866928702046, 40.336310883274962 ], [ -1.109213133580079, 40.33623193076658 ], [ -1.109333048367611, 40.336337308762843 ], [ -1.109356003670801, 40.336333797130429 ], [ -1.109784813707636, 40.335974507869658 ] ] ] ] } },
{ "type": "Feature", "properties": { "codatzbs": "20103", "n_zbs": "BIESCAS-VALLE DE TENA", "ccaa_cd": "ES24", "area": "Huesca-Jaca" }, "geometry": { "type": "MultiPolygon", "coordinates": [ [ [ [ -0.206146725485772, 42.600617159187301 ], [ -0.226925633044304, 42.601509571872072 ], [ -0.229978692955389, 42.598629870358344 ], [ -0.229040202736083, 42.578283320893021 ], [ -0.226070304857925, 42.57216911674513 ], [ -0.217792605776832, 42.569275826473962 ], [ -0.225372477288033, 42.568127044828998 ], [ -0.223181991989443, 42.561212190177329 ], [ -0.225625102502137, 42.559956700338873 ], [ -0.229542717617156, 42.561438297753028 ], [ -0.231362845167288, 42.558843981559768 ], [ -0.236699873777013, 42.558801759830899 ], [ -0.238520966385868, 42.552587312739405 ], [ -0.24403074850286, 42.549991591708242 ], [ -0.245791014360962, 42.546522029483221 ], [ -0.257343599937055, 42.542458937686106 ], [ -0.265169042599568, 42.543123357962635 ], [ -0.266720923377302, 42.541615031396162 ], [ -0.269005857803362, 42.542226300309181 ], [ -0.278252910711572, 42.545604031439439 ], [ -0.290143955640726, 42.551064454199668 ], [ -0.296443296127514, 42.555507653112322 ], [ -0.295257284290113, 42.557561518199435 ], [ -0.306937228185848, 42.556170974254449 ], [ -0.312581099240436, 42.552665509312099 ], [ -0.311330453877118, 42.551159371494528 ], [ -0.319646843375803, 42.54807648677275 ], [ -0.325601937802098, 42.543236008339569 ], [ -0.336228736891607, 42.540187925552118 ], [ -0.354347071841786, 42.544662429642059 ], [ -0.355379959773033, 42.55117178839722 ], [ -0.356884048233343, 42.559284933254723 ], [ -0.354368639055226, 42.567817348233859 ], [ -0.352847352822329, 42.572845357160908 ], [ -0.352844856418221, 42.574722716985328 ], [ -0.35150681093909, 42.577129364614073 ], [ -0.353327579097963, 42.582187270547294 ], [ -0.367129886781253, 42.587773370594491 ], [ -0.382720299846161, 42.59058910076665 ], [ -0.392332338796835, 42.584829178034049 ], [ -0.390360338383687, 42.594995844469324 ], [ -0.385187944600824, 42.600352799641684 ], [ -0.383831399650086, 42.605679728275106 ], [ -0.370851966057368, 42.609956966385973 ], [ -0.368903356430864, 42.620619004354324 ], [ -0.381673082547709, 42.632158823098635 ], [ -0.386503425295085, 42.633881097983547 ], [ -0.397662113022606, 42.650848358601309 ], [ -0.397602952614235, 42.660743322708527 ], [ -0.390812176324909, 42.668206828125811 ], [ -0.385549270291371, 42.686915883923668 ], [ -0.385969544187318, 42.694642565001239 ], [ -0.399039280490997, 42.695039408790485 ], [ -0.40815688389666, 42.698884143800605 ], [ -0.413780823032745, 42.698101775938497 ], [ -0.41688934241665, 42.704097188614185 ], [ -0.422009990685301, 42.704860935262552 ], [ -0.421163967201476, 42.709074177659282 ], [ -0.431731837496842, 42.714552592246399 ], [ -0.431881825389905, 42.717428446222705 ], [ -0.428528836055557, 42.720847039369055 ], [ -0.43658150683428, 42.722810613907619 ], [ -0.438528214832681, 42.728031980222845 ], [ -0.43612404538598, 42.730058286195046 ], [ -0.438930604097091, 42.73249834891741 ], [ -0.427083259068302, 42.73778863174941 ], [ -0.420890953561088, 42.751309501067126 ], [ -0.422679541007212, 42.754438424266922 ], [ -0.420759603265759, 42.760365274999053 ], [ -0.426444775571452, 42.765905085404533 ], [ -0.444818801325518, 42.766667984772305 ], [ -0.453963435147432, 42.769879387703533 ], [ -0.460307401665212, 42.775243113779176 ], [ -0.458227481576213, 42.7794741314612 ], [ -0.453547343161042, 42.782413703413688 ], [ -0.43992220254119, 42.783766616423975 ], [ -0.437226799754118, 42.78835267817314 ], [ -0.43928232857725, 42.797205308319938 ], [ -0.429961860432056, 42.799049474115662 ], [ -0.41613448864388, 42.806626224589493 ], [ -0.414239126443301, 42.805448784139124 ], [ -0.404837179424306, 42.806271549319142 ], [ -0.392201363888602, 42.800230306817021 ], [ -0.385318762768136, 42.801054746291413 ], [ -0.38256363205836, 42.808681711401768 ], [ -0.364947495894328, 42.816003450803009 ], [ -0.36394210277485, 42.821239012991384 ], [ -0.360371355282229, 42.82265143274315 ], [ -0.355451713731337, 42.830443910447521 ], [ -0.346147458702032, 42.837450161454619 ], [ -0.343237157974183, 42.83740963229846 ], [ -0.341825585958151, 42.835233737962639 ], [ -0.334854792835258, 42.837718938620867 ], [ -0.330320610736133, 42.834191554676941 ], [ -0.324589992456817, 42.834300778894274 ], [ -0.320884247358108, 42.836249144708248 ], [ -0.319297451020143, 42.842100951888391 ], [ -0.312075734635061, 42.847793483573902 ], [ -0.306050231129756, 42.841429615623895 ], [ -0.297758077726486, 42.838811889961576 ], [ -0.290077731362819, 42.839008447697125 ], [ -0.278634031169398, 42.836575730384439 ], [ -0.27636600913549, 42.83807050435918 ], [ -0.272551978451376, 42.827426280990501 ], [ -0.262729230677184, 42.825471918874726 ], [ -0.259587630677487, 42.821821820656545 ], [ -0.253749010478815, 42.819421696504165 ], [ -0.245333918047654, 42.821065334734641 ], [ -0.242554717446063, 42.823321636764469 ], [ -0.242529117850075, 42.820871735840001 ], [ -0.23809888066558, 42.818450730387951 ], [ -0.237055450206158, 42.807827153466881 ], [ -0.227273008871353, 42.804790127678778 ], [ -0.222893424234133, 42.801000984743887 ], [ -0.219401556447376, 42.80251903072196 ], [ -0.214180903481934, 42.795962826147623 ], [ -0.208054436056909, 42.797335239333641 ], [ -0.198500226531522, 42.795814056370844 ], [ -0.193487541060658, 42.791477036386041 ], [ -0.189478987133793, 42.79063133077306 ], [ -0.189314107718769, 42.787250533386072 ], [ -0.182961919197112, 42.787679593415504 ], [ -0.177623306197053, 42.785441037743261 ], [ -0.179378224457572, 42.780180614786325 ], [ -0.184404527485029, 42.779052748750189 ], [ -0.18677068296076, 42.775121915466443 ], [ -0.193086556353851, 42.772494622077815 ], [ -0.194417458534338, 42.769006458927336 ], [ -0.199630478732758, 42.769404233344922 ], [ -0.203649813003007, 42.762109712459335 ], [ -0.201603611602304, 42.758160767074479 ], [ -0.202830597645613, 42.755606425579707 ], [ -0.196725299516389, 42.752800667895123 ], [ -0.199970917541822, 42.740696820659458 ], [ -0.205592627122091, 42.737655607191755 ], [ -0.202850712753785, 42.728818079125837 ], [ -0.197352371713895, 42.728593532924279 ], [ -0.190785511063752, 42.724713553865755 ], [ -0.188201149441261, 42.718391957068086 ], [ -0.190004669630108, 42.700354865052361 ], [ -0.192644411798441, 42.696502593482812 ], [ -0.187680029545519, 42.690734758452706 ], [ -0.198874890779985, 42.680113558505504 ], [ -0.200972814834661, 42.67796772759349 ], [ -0.200207757601718, 42.670277026967184 ], [ -0.193424342264661, 42.652632767545846 ], [ -0.196664719629691, 42.648119695480837 ], [ -0.200620847324788, 42.632809354544257 ], [ -0.205645504743874, 42.626808947019796 ], [ -0.205089676718008, 42.616890060559427 ], [ -0.207292308875081, 42.612891671682441 ], [ -0.204634939994697, 42.602804441840824 ], [ -0.206146725485772, 42.600617159187301 ] ] ] ] } },
{ "type": "Feature", "properties": { "codatzbs": "20809", "n_zbs": "MORA DE RUBIELOS", "ccaa_cd": "ES24", "area": "Teruel" }, "geometry": { "type": "MultiPolygon", "coordinates": [ [ [ [ -0.708423800954832, 40.467699757611051 ], [ -0.697208297902351, 40.463179943433275 ], [ -0.68615188763959, 40.463004062733908 ], [ -0.677226300436162, 40.457465262400483 ], [ -0.669501049180563, 40.456471944727362 ], [ -0.66239421046863, 40.448194271449943 ], [ -0.649322929483784, 40.440947929072372 ], [ -0.645159123368719, 40.430873341861705 ], [ -0.63843538049193, 40.428313033990051 ], [ -0.629578946257131, 40.42104247326531 ], [ -0.635712558086055, 40.417204648214771 ], [ -0.636567485513772, 40.407934967306055 ], [ -0.634134249662602, 40.400696871895512 ], [ -0.647384893202387, 40.388995808380031 ], [ -0.650207365085673, 40.388458642340929 ], [ -0.638541480001334, 40.374051342823478 ], [ -0.642511438410532, 40.361530252849448 ], [ -0.640255736850687, 40.351251150679531 ], [ -0.643704083661779, 40.343853835866796 ], [ -0.642882197960382, 40.333649006585979 ], [ -0.633818846005097, 40.330608270386627 ], [ -0.641957982425751, 40.3206405089106 ], [ -0.637021523889018, 40.316071742822828 ], [ -0.6168565347591, 40.30755967186586 ], [ -0.586844805234104, 40.30247824754003 ], [ -0.582929948544781, 40.300414758954844 ], [ -0.573379410535428, 40.289819436511053 ], [ -0.577014090572145, 40.281266013553839 ], [ -0.588705991874799, 40.270988980434886 ], [ -0.579445324781905, 40.26356199913824 ], [ -0.568248134009994, 40.261345377965462 ], [ -0.547531784057072, 40.244369220611475 ], [ -0.558704106884131, 40.210212710883944 ], [ -0.557521285718385, 40.200945420409191 ], [ -0.563373573358348, 40.188754703629769 ], [ -0.571792920236684, 40.181581113968974 ], [ -0.570119981462321, 40.18041092822633 ], [ -0.570901225979043, 40.175959296017872 ], [ -0.573647619806502, 40.172710875376922 ], [ -0.56889005529673, 40.159269935814955 ], [ -0.570174541303299, 40.155513527900332 ], [ -0.575109762576443, 40.151761514902979 ], [ -0.574381701696185, 40.148800547413636 ], [ -0.579198500654246, 40.147370052070798 ], [ -0.578116815380947, 40.138168034530061 ], [ -0.579766029368492, 40.13733774089274 ], [ -0.585869902809388, 40.131681946252492 ], [ -0.590488911322064, 40.133814004151596 ], [ -0.596463759837882, 40.132451909049863 ], [ -0.598192159148054, 40.128695369076468 ], [ -0.603655198207938, 40.126853759532032 ], [ -0.606171207798136, 40.128392243703395 ], [ -0.608925677600479, 40.125809754647413 ], [ -0.605582056304817, 40.134811900706481 ], [ -0.614649505977304, 40.14266521613343 ], [ -0.632429389334369, 40.14612914315186 ], [ -0.648005893266803, 40.141384037308647 ], [ -0.657945710219239, 40.140756829160225 ], [ -0.673620533021674, 40.127533499774771 ], [ -0.680587085410101, 40.128348885968862 ], [ -0.692293613021148, 40.135447277719301 ], [ -0.712551574744247, 40.138236585576287 ], [ -0.717088267297596, 40.141208875975607 ], [ -0.718952932720463, 40.144065223791543 ], [ -0.728923536952531, 40.140748027616198 ], [ -0.733267969057239, 40.143526688142749 ], [ -0.737734509994237, 40.142992534581097 ], [ -0.736575398005841, 40.146086768171592 ], [ -0.739424744523341, 40.145827136008165 ], [ -0.73989767140349, 40.148556889543094 ], [ -0.747316179633844, 40.148926771930746 ], [ -0.75226640997271, 40.154734339369156 ], [ -0.755445670699509, 40.154093350573362 ], [ -0.759859402109585, 40.156250823852368 ], [ -0.762950756918199, 40.155067443566693 ], [ -0.767916839376718, 40.160802604190245 ], [ -0.775086111960533, 40.161661268985888 ], [ -0.773266928569456, 40.1630766071656 ], [ -0.779827890377281, 40.168922996690462 ], [ -0.78439228654018, 40.175523564997143 ], [ -0.790401061921359, 40.176737523015305 ], [ -0.79260278909868, 40.180184740929576 ], [ -0.803627455058943, 40.186844475338148 ], [ -0.802226388650442, 40.191313044270174 ], [ -0.805567412744193, 40.195529284442124 ], [ -0.824388783852447, 40.193254240016159 ], [ -0.822354183186652, 40.208377157875347 ], [ -0.827461682724709, 40.21179722188203 ], [ -0.828877046933463, 40.216048761982577 ], [ -0.833180073416941, 40.216714945554564 ], [ -0.832965094331734, 40.219404417368146 ], [ -0.839945463212005, 40.223102266437543 ], [ -0.842993200282556, 40.230383908366868 ], [ -0.839547053578045, 40.234895823314254 ], [ -0.840812627990466, 40.239829000090033 ], [ -0.843778575765332, 40.240082554405433 ], [ -0.849629059600663, 40.247992638467302 ], [ -0.8520633158363, 40.254289651001685 ], [ -0.851102557254732, 40.258271508731177 ], [ -0.855471013968868, 40.265892561349681 ], [ -0.84322519349327, 40.267133284995538 ], [ -0.837247196016506, 40.271687917108615 ], [ -0.835200753221432, 40.275748388697899 ], [ -0.834361743674219, 40.292452092109876 ], [ -0.844260632941574, 40.32003120211818 ], [ -0.8429170399034, 40.345589551610345 ], [ -0.813024683517426, 40.342307497431811 ], [ -0.778743312039305, 40.352328586720063 ], [ -0.768587689154232, 40.358222527743422 ], [ -0.770718996246692, 40.360011229701897 ], [ -0.77063999460092, 40.365982048299607 ], [ -0.775120533040986, 40.367608717991402 ], [ -0.77864960247377, 40.371676281827753 ], [ -0.782838035137654, 40.372531416354128 ], [ -0.781227490904035, 40.375311015445014 ], [ -0.78235498407775, 40.381872563582846 ], [ -0.770273551053871, 40.402088472718688 ], [ -0.769651760648113, 40.407003875525824 ], [ -0.762741026645502, 40.412500359437232 ], [ -0.757988364178951, 40.414371968048428 ], [ -0.736600845230095, 40.414999955680322 ], [ -0.741379802301434, 40.419047985473313 ], [ -0.741802082957115, 40.422281082833756 ], [ -0.754632493527056, 40.433773162325153 ], [ -0.760775186777442, 40.445467643767799 ], [ -0.769042928154279, 40.453590653979525 ], [ -0.768142953306631, 40.461185011837642 ], [ -0.746559600473477, 40.467576133858159 ], [ -0.725170848818339, 40.470877201160427 ], [ -0.708423800954832, 40.467699757611051 ] ] ] ] } },
{ "type": "Feature", "properties": { "codatzbs": "20520", "n_zbs": "ROMAREDA - SEMINARIO", "ccaa_cd": "ES24", "area": "Zaragoza II-Miguel Servet" }, "geometry": { "type": "MultiPolygon", "coordinates": [ [ [ [ -0.900184075961297, 41.630459492266894 ], [ -0.900263668309552, 41.630310183763541 ], [ -0.904970173555377, 41.632338451295183 ], [ -0.906313755171832, 41.632917408973277 ], [ -0.907956645250787, 41.633592810976211 ], [ -0.909005816332194, 41.634084612584395 ], [ -0.910925866915565, 41.634983073670625 ], [ -0.911569679227973, 41.635362897476561 ], [ -0.912219257274031, 41.635922205496939 ], [ -0.912799086819066, 41.636729029328507 ], [ -0.913443128278288, 41.638220891816367 ], [ -0.914362491831611, 41.640311663871678 ], [ -0.906218995781471, 41.64294491432878 ], [ -0.905827757023702, 41.643071403941917 ], [ -0.905620119100295, 41.642378211956839 ], [ -0.905012771500702, 41.641378309682445 ], [ -0.904800707832633, 41.641013284247727 ], [ -0.904451756991373, 41.640632784445899 ], [ -0.904327637662981, 41.640536927653663 ], [ -0.903626810913614, 41.640170239141028 ], [ -0.902391737875691, 41.63952089695691 ], [ -0.900717130055403, 41.638644754370503 ], [ -0.899624471122687, 41.638101075725174 ], [ -0.899119285346774, 41.637905809332118 ], [ -0.897998728873238, 41.637472676263684 ], [ -0.898351396016281, 41.637435407092013 ], [ -0.898885526274223, 41.63704383884572 ], [ -0.898958847308139, 41.636290777327517 ], [ -0.898853878531649, 41.63563663179297 ], [ -0.898584682056501, 41.635007700135858 ], [ -0.898585593442385, 41.63474678977208 ], [ -0.898744497827714, 41.634511457106775 ], [ -0.898694184797368, 41.634198588001524 ], [ -0.898277854014525, 41.633942396179535 ], [ -0.898019648329915, 41.633783506511108 ], [ -0.898221457729345, 41.633390135681928 ], [ -0.898618297953706, 41.632926610313248 ], [ -0.898594804015602, 41.632428129751965 ], [ -0.898567569891471, 41.632032646920123 ], [ -0.898543286051239, 41.631745439529929 ], [ -0.898400111999092, 41.631498878296675 ], [ -0.89870013973662, 41.631307507099798 ], [ -0.899398307622329, 41.631142832422483 ], [ -0.899698883155535, 41.630734233850532 ], [ -0.900184075961297, 41.630459492266894 ] ] ] ] } },
{ "type": "Feature", "properties": { "codatzbs": "20101", "n_zbs": "ALMUDEVAR", "ccaa_cd": "ES24", "area": "Huesca-Jaca" }, "geometry": { "type": "MultiPolygon", "coordinates": [ [ [ [ -0.482281531125794, 41.967892713399429 ], [ -0.48466570246332, 41.962199311041559 ], [ -0.481434246000018, 41.948052338785644 ], [ -0.475326647713208, 41.944775097971103 ], [ -0.474666526374873, 41.933998560798805 ], [ -0.477935301888955, 41.925118676881389 ], [ -0.480965914731252, 41.923185995229886 ], [ -0.486202484566067, 41.92403024282374 ], [ -0.513232868666865, 41.92046751890183 ], [ -0.530260286884701, 41.911694233822587 ], [ -0.54805993996926, 41.91002262600491 ], [ -0.552000447265257, 41.905657832811549 ], [ -0.552493754021572, 41.898427535735031 ], [ -0.549677053611247, 41.896115959415354 ], [ -0.545722179488547, 41.89614850746662 ], [ -0.543497421948083, 41.893183043709321 ], [ -0.539635166622301, 41.893316410358011 ], [ -0.537452667231757, 41.883615231070486 ], [ -0.537322575057199, 41.87853313432197 ], [ -0.542996073553117, 41.875763776684366 ], [ -0.542179033887319, 41.866587291660245 ], [ -0.545429551302325, 41.862243924372663 ], [ -0.553622218031101, 41.867921437218399 ], [ -0.554849488792511, 41.871441911568326 ], [ -0.570101558455226, 41.875638404043933 ], [ -0.584552474705181, 41.875880396078387 ], [ -0.591459770861305, 41.881267041813942 ], [ -0.592434282259029, 41.882593358476178 ], [ -0.602954301519579, 41.882939603938489 ], [ -0.597706019560941, 41.890169692692147 ], [ -0.595106220122392, 41.899706625589481 ], [ -0.599347014241483, 41.902344116867638 ], [ -0.615575950728239, 41.905834511745503 ], [ -0.630223180199309, 41.913018487048845 ], [ -0.632239703123733, 41.920111781231569 ], [ -0.650879526864659, 41.943838200039686 ], [ -0.651795094184559, 41.947486312098171 ], [ -0.65746824764265, 41.957607886743638 ], [ -0.663158730792674, 41.958719046203001 ], [ -0.688325810632053, 41.958783015928731 ], [ -0.702480007052842, 41.956743769794542 ], [ -0.725463262391212, 41.960858030263275 ], [ -0.721253948733521, 41.970514368336929 ], [ -0.725047437025956, 41.980909074437093 ], [ -0.740874391836753, 41.983329999219571 ], [ -0.762881288130744, 41.983428291485687 ], [ -0.777977314743008, 41.976914578400496 ], [ -0.796011486907967, 41.962712009487817 ], [ -0.812646450173441, 41.971676112974322 ], [ -0.81445534961574, 41.974538430797125 ], [ -0.819452491072031, 41.974876701012931 ], [ -0.832573228843133, 41.981231372784556 ], [ -0.843398993816428, 41.984128134728167 ], [ -0.857351296662253, 41.991729358873584 ], [ -0.865921597488834, 41.999706318955077 ], [ -0.87225162689142, 41.999607775716647 ], [ -0.884576387680891, 42.003690169248976 ], [ -0.879927017537206, 42.008800844087553 ], [ -0.869344134927944, 42.01255844896631 ], [ -0.853819757361418, 42.022445861256465 ], [ -0.849681995063892, 42.027312641638332 ], [ -0.848437176361003, 42.04165374701978 ], [ -0.85178858348663, 42.0458143184295 ], [ -0.856087682514004, 42.047317657284111 ], [ -0.855075416735461, 42.053341744748245 ], [ -0.843885437270306, 42.059418088143929 ], [ -0.827817092375447, 42.082665324100503 ], [ -0.804428265063127, 42.09655738646201 ], [ -0.804493439908378, 42.073989973225686 ], [ -0.794421103610335, 42.05523564134279 ], [ -0.786139190677981, 42.052572445088842 ], [ -0.775746061498207, 42.056415026993299 ], [ -0.774521863812149, 42.061362501952985 ], [ -0.768867593149913, 42.062693671208422 ], [ -0.762785742195179, 42.067591447184959 ], [ -0.765753229454259, 42.073611112248081 ], [ -0.760429054395773, 42.079613259268768 ], [ -0.76980514628389, 42.0873428220157 ], [ -0.766790131907044, 42.089193456066788 ], [ -0.757148403676254, 42.088320845361359 ], [ -0.75480070124987, 42.090094079177618 ], [ -0.757138421946976, 42.092069188036838 ], [ -0.731347962256885, 42.099151769606934 ], [ -0.726940085137269, 42.113536712469788 ], [ -0.732596537293408, 42.115350783737902 ], [ -0.736681590035887, 42.113062986553551 ], [ -0.748128329296464, 42.113270298931596 ], [ -0.754688275125203, 42.109724488880552 ], [ -0.755649536564288, 42.110932095014981 ], [ -0.757719183503457, 42.115349397170604 ], [ -0.753044226261136, 42.121679063200581 ], [ -0.753119681539192, 42.125021631753647 ], [ -0.760506403181349, 42.129966197799234 ], [ -0.758195075822459, 42.132037413923733 ], [ -0.753193802165348, 42.131480251532373 ], [ -0.731320672510143, 42.138218190235193 ], [ -0.716391140016718, 42.135139128070392 ], [ -0.711087524223139, 42.143309589333612 ], [ -0.68129674149927, 42.128013810631572 ], [ -0.674034172048669, 42.120184897477301 ], [ -0.662160105938134, 42.119727275195054 ], [ -0.656726810414375, 42.121750756422692 ], [ -0.658461015608701, 42.128855658568966 ], [ -0.647804319400576, 42.127502906987026 ], [ -0.642350239645287, 42.132010787082919 ], [ -0.635612076217042, 42.131989109148904 ], [ -0.628973942055052, 42.134796940706174 ], [ -0.622731899955353, 42.135090980939026 ], [ -0.615799049554992, 42.12993092436507 ], [ -0.602513375618016, 42.133184067726049 ], [ -0.601507468381929, 42.138674541435563 ], [ -0.596727410849835, 42.144446117031968 ], [ -0.592113074060049, 42.144547489907538 ], [ -0.588209415211974, 42.148878214452132 ], [ -0.5826248544991, 42.14648220974923 ], [ -0.575662385662887, 42.13961694831368 ], [ -0.567779246665634, 42.147672183934731 ], [ -0.554573451561175, 42.143347807501627 ], [ -0.543357177324045, 42.148322321484002 ], [ -0.533728638361654, 42.155374098734207 ], [ -0.516726323663533, 42.145407162107219 ], [ -0.521458662453789, 42.114683420063493 ], [ -0.516865309540761, 42.110891686234915 ], [ -0.517042519681997, 42.10263741679411 ], [ -0.50459889441726, 42.097089928980871 ], [ -0.50242997876734, 42.094737290788743 ], [ -0.503341860236468, 42.089371786902703 ], [ -0.498210103603709, 42.086126000420741 ], [ -0.502506095607578, 42.074008015199546 ], [ -0.507874955024675, 42.069324762684616 ], [ -0.510358137720054, 42.064857859001343 ], [ -0.509548394631834, 42.061147890552348 ], [ -0.514475804320042, 42.05596842750942 ], [ -0.493794715361467, 42.037975285194292 ], [ -0.490581536537242, 42.026611922512373 ], [ -0.492964558404501, 42.023449010815838 ], [ -0.493698516197171, 42.011532452957297 ], [ -0.495657799736238, 42.010224385374713 ], [ -0.503858313523448, 42.007413182631353 ], [ -0.505690637092737, 41.999149707618585 ], [ -0.494692571035202, 41.988364296808719 ], [ -0.48350633729136, 41.983364499116647 ], [ -0.485088728875757, 41.976897002518022 ], [ -0.482281531125794, 41.967892713399429 ] ] ] ] } },
{ "type": "Feature", "properties": { "codatzbs": "20515", "n_zbs": "LAS FUENTES NORTE", "ccaa_cd": "ES24", "area": "Zaragoza II-Miguel Servet" }, "geometry": { "type": "MultiPolygon", "coordinates": [ [ [ [ -0.834509741396149, 41.643591690746774 ], [ -0.834466289966764, 41.642589944508615 ], [ -0.835438198370404, 41.640172337738804 ], [ -0.836555448122553, 41.638289644519332 ], [ -0.839407796078686, 41.632910849998687 ], [ -0.842180666032371, 41.633612618105417 ], [ -0.842053744519754, 41.633850249135634 ], [ -0.841842618665521, 41.634465855941315 ], [ -0.84165910879709, 41.635015257422488 ], [ -0.844385063529866, 41.636904779425521 ], [ -0.845382737157065, 41.637935741717662 ], [ -0.844747312722046, 41.638551568625836 ], [ -0.845200329228655, 41.6388746176127 ], [ -0.845930579958745, 41.639329569423168 ], [ -0.84701587646426, 41.639967745750759 ], [ -0.849333682589392, 41.641308636689615 ], [ -0.85148768918185, 41.642110309318142 ], [ -0.852846944597774, 41.642789343293742 ], [ -0.853729505115475, 41.643162455354251 ], [ -0.855421837412317, 41.643730324173681 ], [ -0.855529812690712, 41.64363860008455 ], [ -0.856240596423231, 41.643115018591203 ], [ -0.856593845867481, 41.64288313003901 ], [ -0.856820604358986, 41.642721594826931 ], [ -0.857511680493341, 41.643022308150464 ], [ -0.857792386680388, 41.643173430076693 ], [ -0.858028771362309, 41.643360117548504 ], [ -0.858537697923679, 41.643740411845236 ], [ -0.858325246409272, 41.644827841965125 ], [ -0.858181220456575, 41.645527045666633 ], [ -0.860770202396718, 41.645788754206357 ], [ -0.861973944863536, 41.645910437884929 ], [ -0.864193559356557, 41.646134555309871 ], [ -0.8661514115677, 41.646352397904423 ], [ -0.869312504329519, 41.646672012029093 ], [ -0.870498356985585, 41.64841801572846 ], [ -0.868672996476561, 41.648878439562615 ], [ -0.867265527641723, 41.649198150034252 ], [ -0.865649664125838, 41.650073786841077 ], [ -0.865624599332158, 41.651809759162724 ], [ -0.864532761655027, 41.653664719475536 ], [ -0.861664059733723, 41.652837353890014 ], [ -0.859025206983577, 41.652102291636602 ], [ -0.858230772091008, 41.651939603137627 ], [ -0.857999058199429, 41.65189641777593 ], [ -0.858011097117615, 41.651825608191402 ], [ -0.853788874607309, 41.650754454928624 ], [ -0.847693452636489, 41.649648911455991 ], [ -0.840073052787253, 41.648376259718354 ], [ -0.837979539204143, 41.647547543854259 ], [ -0.836322565186928, 41.646228145562212 ], [ -0.835205995702683, 41.644952088408694 ], [ -0.834509741396149, 41.643591690746774 ] ] ] ] } },
{ "type": "Feature", "properties": { "codatzbs": "20503", "n_zbs": "FUENTES DE EBRO", "ccaa_cd": "ES24", "area": "Zaragoza II-Miguel Servet" }, "geometry": { "type": "MultiPolygon", "coordinates": [ [ [ [ -0.309525863565517, 41.545151415443186 ], [ -0.322131488425927, 41.536872008682757 ], [ -0.349603046497463, 41.530168781227118 ], [ -0.355218256700686, 41.525020486948051 ], [ -0.354509346864296, 41.523004832080652 ], [ -0.348988080841536, 41.513826281004746 ], [ -0.324999485453837, 41.49666298621473 ], [ -0.304757725303369, 41.493416108842062 ], [ -0.284257266599551, 41.498697601745661 ], [ -0.236624883518444, 41.493113068791345 ], [ -0.207023370671945, 41.483985777902213 ], [ -0.200429380713771, 41.478025398329144 ], [ -0.197900877899168, 41.471119146389718 ], [ -0.204662334419119, 41.446976098823768 ], [ -0.211376215392064, 41.446724877533761 ], [ -0.225584997247173, 41.438566838274774 ], [ -0.260012010046008, 41.430746501904665 ], [ -0.281311859688034, 41.431351230591623 ], [ -0.288909808743192, 41.424766954431234 ], [ -0.296561154284457, 41.421182537092342 ], [ -0.310985452821599, 41.405957787674289 ], [ -0.327156721121602, 41.393752993964249 ], [ -0.352876144347033, 41.388917130988169 ], [ -0.358064905147529, 41.385118659955026 ], [ -0.36021789591912, 41.378017021648567 ], [ -0.37075052585263, 41.378060130911337 ], [ -0.375302094413706, 41.378164107442075 ], [ -0.387977869278273, 41.367987280190135 ], [ -0.398500921050788, 41.365532879856204 ], [ -0.396501980921073, 41.353004590078669 ], [ -0.410407595373939, 41.339628632323276 ], [ -0.412652750257208, 41.333932996378039 ], [ -0.421498647151163, 41.333239995662815 ], [ -0.427901338342011, 41.339669895362739 ], [ -0.43140619852826, 41.348700781480751 ], [ -0.443938473671439, 41.350366974844427 ], [ -0.45121538394083, 41.354707459712586 ], [ -0.453129530328181, 41.359568369405601 ], [ -0.459182485067505, 41.365295341446874 ], [ -0.466467105233762, 41.362114580787811 ], [ -0.483445618770132, 41.366378194588918 ], [ -0.489573938374996, 41.364638784997041 ], [ -0.492611685449309, 41.351222261942695 ], [ -0.499919895308705, 41.352336034006996 ], [ -0.502191773240708, 41.354501870771095 ], [ -0.510176144783555, 41.354197649488306 ], [ -0.521083324077564, 41.350578396187252 ], [ -0.522178668786658, 41.348485516117123 ], [ -0.543048795243135, 41.349077294584255 ], [ -0.550302355796212, 41.345611359731308 ], [ -0.558554540857543, 41.354415127646341 ], [ -0.56736665188938, 41.35402544248457 ], [ -0.566612825881663, 41.356612425603956 ], [ -0.570152167233581, 41.356263934993642 ], [ -0.581038456566155, 41.361519075499658 ], [ -0.589481278576648, 41.371801797401652 ], [ -0.599219864205021, 41.37813902770165 ], [ -0.603493560805084, 41.388099402117604 ], [ -0.628479152031775, 41.402838901646589 ], [ -0.632148407863025, 41.402265985139209 ], [ -0.652389825570437, 41.385613411073422 ], [ -0.671558539809802, 41.39269504661403 ], [ -0.677542642641285, 41.395608089096257 ], [ -0.692323678505847, 41.396022696811627 ], [ -0.710913387481105, 41.403113190445325 ], [ -0.724317248835017, 41.405684994239898 ], [ -0.752779351587609, 41.419493562749842 ], [ -0.78239573031475, 41.424355634555688 ], [ -0.791512263748338, 41.432529040000965 ], [ -0.799435985334399, 41.435689209311697 ], [ -0.800155376197662, 41.438837303427675 ], [ -0.806967236789218, 41.440570647721977 ], [ -0.809013885211455, 41.443419726751316 ], [ -0.811709230528946, 41.441930946557044 ], [ -0.816498645488869, 41.442598394562616 ], [ -0.82321718363841, 41.445716029457294 ], [ -0.824834351452611, 41.451772162238605 ], [ -0.820921974771134, 41.45241856568844 ], [ -0.819817618156005, 41.455009586605875 ], [ -0.804331413432687, 41.457326861434787 ], [ -0.798188733858074, 41.460181629311947 ], [ -0.786373856031321, 41.468556102734254 ], [ -0.77905475351016, 41.471089927749155 ], [ -0.779052773936323, 41.472900219058793 ], [ -0.768191100712557, 41.479183705519745 ], [ -0.76284563037937, 41.48451979141317 ], [ -0.747889116200976, 41.490649531321253 ], [ -0.732627482559527, 41.500292773221389 ], [ -0.730948539708913, 41.500638302438162 ], [ -0.7292858633069, 41.501093030439172 ], [ -0.728350719822242, 41.50087457371454 ], [ -0.726598919938458, 41.500692092888144 ], [ -0.724888006132277, 41.500546277669294 ], [ -0.723282082284623, 41.500204224925959 ], [ -0.720173031597608, 41.499367418418565 ], [ -0.717038256650585, 41.497826631786616 ], [ -0.71865511084026, 41.498626106231399 ], [ -0.713534402931726, 41.496330031958898 ], [ -0.711855968828496, 41.495499321373337 ], [ -0.710475076164401, 41.494750328176913 ], [ -0.709417642793189, 41.494176756062174 ], [ -0.708083934031999, 41.493889382180498 ], [ -0.707921028594548, 41.493318583315258 ], [ -0.707425276091412, 41.492246180736231 ], [ -0.705719472417594, 41.49193791617364 ], [ -0.703882274283396, 41.491410937093498 ], [ -0.702422954484094, 41.490569434551581 ], [ -0.700731403905964, 41.489593968014042 ], [ -0.699932590175569, 41.488738299551372 ], [ -0.698808816196019, 41.487790935256562 ], [ -0.697973271097053, 41.48708655159178 ], [ -0.696550284841375, 41.487165598536208 ], [ -0.695467513504397, 41.487225734589046 ], [ -0.693950606127819, 41.486865121081408 ], [ -0.693063551813581, 41.486990232020545 ], [ -0.692192551784206, 41.486506131646458 ], [ -0.690084599288306, 41.487174944465366 ], [ -0.689074967870404, 41.487693050580027 ], [ -0.688335452526917, 41.487959995213494 ], [ -0.688083511600945, 41.48845087882971 ], [ -0.687821729075339, 41.489290320489623 ], [ -0.688052354103553, 41.490394301472392 ], [ -0.686947495456111, 41.491042835287445 ], [ -0.686285266925838, 41.491425880273816 ], [ -0.685640004853558, 41.491795017276935 ], [ -0.686515341068257, 41.494245611506003 ], [ -0.687097901644864, 41.495410277291612 ], [ -0.687856347637231, 41.4969104358956 ], [ -0.687888651802128, 41.498690922337119 ], [ -0.687792215725154, 41.500836371557412 ], [ -0.68818536674561, 41.502718669730577 ], [ -0.686863009963833, 41.503214615319308 ], [ -0.687136770076352, 41.503882067668648 ], [ -0.685686314495117, 41.504646363039427 ], [ -0.685918471245297, 41.505502434866408 ], [ -0.685760225575106, 41.506374422555872 ], [ -0.685255667109559, 41.507015705409749 ], [ -0.684953000729507, 41.508082961443833 ], [ -0.684634534538808, 41.50869967691807 ], [ -0.68330301972381, 41.509740118004459 ], [ -0.682069345094293, 41.511065086158013 ], [ -0.684420779771868, 41.511410219975396 ], [ -0.686595078571062, 41.511713301059821 ], [ -0.688836643287085, 41.512170759554486 ], [ -0.69209026124024, 41.513285553294473 ], [ -0.694529935663728, 41.514138478101778 ], [ -0.697705399712172, 41.515066966906012 ], [ -0.698482707795811, 41.516148859068586 ], [ -0.699358137371386, 41.517367274689107 ], [ -0.698587251362667, 41.517919166242315 ], [ -0.69663259139229, 41.519438497819912 ], [ -0.694935101680569, 41.520558759694616 ], [ -0.693739107099402, 41.521302795427282 ], [ -0.691853146074473, 41.522020370882977 ], [ -0.690789774568809, 41.522424945606417 ], [ -0.688280152302212, 41.523883625036959 ], [ -0.68689919312296, 41.524915149715966 ], [ -0.686075618986935, 41.526221993746859 ], [ -0.685116971200226, 41.527605494540836 ], [ -0.684082557103456, 41.528586710314876 ], [ -0.680866332524586, 41.530979980028988 ], [ -0.682120601536802, 41.531868045836468 ], [ -0.682471014204476, 41.532680060609479 ], [ -0.684580437729701, 41.533762053903409 ], [ -0.68660253531472, 41.534558499429224 ], [ -0.688316646802442, 41.535620144491801 ], [ -0.690675638476853, 41.537188674544922 ], [ -0.692513024406868, 41.538347011431654 ], [ -0.692766293058107, 41.539427799794801 ], [ -0.693107233248278, 41.540539255339702 ], [ -0.694202879684637, 41.541012685509067 ], [ -0.695638365165839, 41.541254094853677 ], [ -0.696473211918011, 41.541358297367964 ], [ -0.697138865001199, 41.541374078990472 ], [ -0.69743777401703, 41.542812881898854 ], [ -0.69764184579833, 41.544011105579017 ], [ -0.698205582538996, 41.544624824459405 ], [ -0.699455686791779, 41.544901280851846 ], [ -0.700455899687979, 41.545032578615938 ], [ -0.70144279823555, 41.545545181532354 ], [ -0.702950520498766, 41.545498559497425 ], [ -0.704887942893225, 41.546278093026842 ], [ -0.706384528898545, 41.547066866337104 ], [ -0.707983994291573, 41.548087163859201 ], [ -0.709125593689004, 41.548731622242421 ], [ -0.711306326247773, 41.5488630153625 ], [ -0.712569910214223, 41.548352253101875 ], [ -0.713569392220348, 41.548648564773814 ], [ -0.715075804552596, 41.54985762466756 ], [ -0.716004526081255, 41.550317068995348 ], [ -0.718128043783534, 41.551164199112158 ], [ -0.718677199963728, 41.55263079577778 ], [ -0.719088012633334, 41.5542100498431 ], [ -0.720773337110327, 41.555266263605432 ], [ -0.722325468044461, 41.55555372388681 ], [ -0.724294749714043, 41.555636835349226 ], [ -0.725862430283504, 41.55570297242037 ], [ -0.726649942470402, 41.555864884609448 ], [ -0.727357934187193, 41.556688221047757 ], [ -0.728059142504787, 41.557538551111435 ], [ -0.730678875663102, 41.558317529696936 ], [ -0.73295012436812, 41.558593841857785 ], [ -0.735034612488455, 41.558818651023742 ], [ -0.736664478797634, 41.559611319032776 ], [ -0.738883696803352, 41.560709367165529 ], [ -0.741449643316522, 41.561232684562242 ], [ -0.743376926683441, 41.561500213509611 ], [ -0.745091845978982, 41.56218689923918 ], [ -0.746218969788205, 41.563051120318889 ], [ -0.748432262591627, 41.564356557798405 ], [ -0.750215944932426, 41.565408535997399 ], [ -0.753469344019057, 41.566647167156489 ], [ -0.75556202565977, 41.568205650066375 ], [ -0.75764701227205, 41.569989146301388 ], [ -0.761474547542233, 41.571675987067643 ], [ -0.763080321161275, 41.572409786443799 ], [ -0.76423637089117, 41.573143765055889 ], [ -0.767543979709828, 41.574171872951929 ], [ -0.769480274972454, 41.574773675044071 ], [ -0.772649745562846, 41.575243680385526 ], [ -0.77527987448353, 41.575668400107546 ], [ -0.777077022036337, 41.576076975862705 ], [ -0.779604790636235, 41.577022367558747 ], [ -0.781762126341816, 41.577829151979664 ], [ -0.784181227336109, 41.578733758290568 ], [ -0.785609521002153, 41.579267822972533 ], [ -0.78833334909535, 41.579950943879666 ], [ -0.79060350361977, 41.580777248988362 ], [ -0.793233011285292, 41.581720443047544 ], [ -0.796096935292941, 41.582865227418978 ], [ -0.798979535916988, 41.58467310435428 ], [ -0.800290063283314, 41.58549443081494 ], [ -0.80074196090986, 41.585786772541539 ], [ -0.801147523472608, 41.589284610676202 ], [ -0.798867269989789, 41.589412059659082 ], [ -0.797729999415957, 41.588813840539089 ], [ -0.795883324798114, 41.588084871959246 ], [ -0.794653825244964, 41.587903666247023 ], [ -0.793588527330491, 41.587658063024428 ], [ -0.791735045581181, 41.58765843723846 ], [ -0.788960118664034, 41.58759154055619 ], [ -0.787962643825918, 41.587644340940273 ], [ -0.786149751269242, 41.587861621827308 ], [ -0.785461620352549, 41.588163584568484 ], [ -0.783999768294536, 41.588288479924614 ], [ -0.781790100997294, 41.58993004917739 ], [ -0.779807650856358, 41.591002711416181 ], [ -0.777520629863989, 41.592239009624343 ], [ -0.77476002630295, 41.59374459875805 ], [ -0.764549826571759, 41.599493752399987 ], [ -0.764043005632042, 41.598187001761751 ], [ -0.763986444870114, 41.594961570537215 ], [ -0.765385969910688, 41.591439986862284 ], [ -0.76576883771351, 41.589898635390718 ], [ -0.765881377628984, 41.58907226246599 ], [ -0.765580331831568, 41.586688653608689 ], [ -0.765355943185587, 41.58569292512302 ], [ -0.76510127524214, 41.584562791440781 ], [ -0.764477179113064, 41.582488244369721 ], [ -0.762713814587734, 41.58176099813079 ], [ -0.760693246264115, 41.581334441597825 ], [ -0.758334035208352, 41.582651166403714 ], [ -0.755780732601162, 41.58407610145651 ], [ -0.753122003067574, 41.585121614292092 ], [ -0.751198039503912, 41.585597320524251 ], [ -0.749463082250567, 41.585897523750717 ], [ -0.747164534585001, 41.585680321731694 ], [ -0.743637618264544, 41.584305154165001 ], [ -0.741196367949602, 41.583104334520662 ], [ -0.740190507298544, 41.583742041888669 ], [ -0.729665797640387, 41.582580970465997 ], [ -0.724612705051166, 41.585056894701822 ], [ -0.718668556513843, 41.582165078600624 ], [ -0.722312750645626, 41.569268070308794 ], [ -0.718456921535532, 41.568417006423381 ], [ -0.710747946016524, 41.575477858760841 ], [ -0.705667349730339, 41.571611792505301 ], [ -0.700025141551429, 41.571084798212858 ], [ -0.685436905568531, 41.566504809713258 ], [ -0.68250490680119, 41.563986917868007 ], [ -0.68421349672427, 41.557446627701658 ], [ -0.67679501508881, 41.553325051676296 ], [ -0.672701978716221, 41.557790569276008 ], [ -0.668561724072409, 41.559219699684455 ], [ -0.654793609261501, 41.556300674222022 ], [ -0.649614065290191, 41.559266064480113 ], [ -0.641211379548337, 41.554896953274259 ], [ -0.640207690489815, 41.552165421041991 ], [ -0.64281584172176, 41.547373472347672 ], [ -0.640059743044215, 41.545029199175055 ], [ -0.630761849457867, 41.552763576494968 ], [ -0.63205149081446, 41.554222247906758 ], [ -0.626410963304589, 41.556654641256024 ], [ -0.612517853565895, 41.536354596695169 ], [ -0.609734507564155, 41.53511687175402 ], [ -0.604564323994027, 41.536198108620141 ], [ -0.600852657023536, 41.534139317736688 ], [ -0.595547538995828, 41.529804397359406 ], [ -0.594652994586085, 41.522247293529958 ], [ -0.591088911155652, 41.521407079945952 ], [ -0.588633857723012, 41.524588973870479 ], [ -0.59055509116406, 41.527069962475238 ], [ -0.588068777395805, 41.528503933065615 ], [ -0.582594010006328, 41.526506503798792 ], [ -0.581143425267753, 41.523945153032329 ], [ -0.576952924999811, 41.523514712365582 ], [ -0.586953383826885, 41.517564689229992 ], [ -0.573369707679642, 41.513252843665789 ], [ -0.575514099127055, 41.510055715955588 ], [ -0.568991319566444, 41.506018140018838 ], [ -0.560312224512256, 41.505825340423918 ], [ -0.557721264070676, 41.499213613823343 ], [ -0.544944003653918, 41.512703234389399 ], [ -0.550758978573788, 41.516105681013286 ], [ -0.549346533944875, 41.517651646603156 ], [ -0.544469070456678, 41.517340353139573 ], [ -0.535940833345834, 41.527974571036268 ], [ -0.53155731891304, 41.537346178339057 ], [ -0.516029591145496, 41.549053095627677 ], [ -0.514797919737199, 41.558978516967905 ], [ -0.512591512785612, 41.560542945113397 ], [ -0.514514130993037, 41.564817467415651 ], [ -0.513271416267149, 41.570014265537225 ], [ -0.521103712847538, 41.571246201440466 ], [ -0.51097868576359, 41.600658048235012 ], [ -0.49641757492319, 41.596180826932965 ], [ -0.476346500938903, 41.59368827340252 ], [ -0.453202200070842, 41.584576670063051 ], [ -0.411519763449149, 41.546989804411531 ], [ -0.405831243934851, 41.544141653776158 ], [ -0.396502296190629, 41.544795285273054 ], [ -0.381207689425112, 41.539692439730452 ], [ -0.367413073895692, 41.547897120818838 ], [ -0.356364259725505, 41.565421690580948 ], [ -0.346957109307387, 41.575517004093328 ], [ -0.334927598900367, 41.600284638315145 ], [ -0.325052477836974, 41.606395501261744 ], [ -0.323576562170516, 41.611035244666773 ], [ -0.326805417941126, 41.624376408526004 ], [ -0.312228731465606, 41.624216450476268 ], [ -0.306659587737702, 41.621041946664306 ], [ -0.308078163931529, 41.619832341545845 ], [ -0.301945107665832, 41.608034620440016 ], [ -0.273575864271426, 41.590703573195405 ], [ -0.275928749433081, 41.586103284638426 ], [ -0.282582648715193, 41.581901801806602 ], [ -0.302438697246423, 41.561052216195208 ], [ -0.309620621861989, 41.548648038155996 ], [ -0.309525863565517, 41.545151415443186 ] ] ] ] } },
{ "type": "Feature", "properties": { "codatzbs": "20604", "n_zbs": "TAUSTE", "ccaa_cd": "ES24", "area": "Zaragoza III-Clinico" }, "geometry": { "type": "MultiPolygon", "coordinates": [ [ [ [ -1.304467028814692, 42.043058091434567 ], [ -1.220507221286207, 42.025305379823706 ], [ -1.219621362284723, 42.02718290961041 ], [ -1.211290069255624, 42.03007942586008 ], [ -1.206968256480644, 42.021384115677584 ], [ -1.179409652349757, 42.01490701963629 ], [ -1.129103632530867, 41.995329069371607 ], [ -1.119773716522308, 41.993600464703512 ], [ -1.106217667747589, 41.995169774786923 ], [ -1.088113869374171, 41.990537698473474 ], [ -1.07894477765241, 41.981513428958927 ], [ -1.065602522265054, 41.976074814588181 ], [ -1.034273586729048, 41.978712606069088 ], [ -1.023527161992027, 41.967531520078538 ], [ -1.015770327399697, 41.964722848610322 ], [ -1.009707758277212, 41.958673762592753 ], [ -1.006908527635287, 41.959057570523932 ], [ -0.986493954135851, 41.946749982221128 ], [ -0.979807365243008, 41.935771106824355 ], [ -0.978744852899482, 41.92816922107383 ], [ -0.984968277344983, 41.925856683908854 ], [ -0.992623155625172, 41.924806626510737 ], [ -0.997713706668447, 41.921874062214513 ], [ -1.002347779334954, 41.920995695442706 ], [ -1.004240664756338, 41.919074320121631 ], [ -1.009526713527746, 41.919517412733107 ], [ -1.010844575208586, 41.918824315006511 ], [ -1.011296483801415, 41.918057593126335 ], [ -1.012978066028925, 41.917105077760105 ], [ -1.017168422340877, 41.915735375330044 ], [ -1.020181173804668, 41.914433211297869 ], [ -1.022075354227312, 41.910885964164713 ], [ -1.025571770547673, 41.905222782712706 ], [ -1.02743622394765, 41.903012322788285 ], [ -1.033874181379862, 41.902024069966885 ], [ -1.04387344469274, 41.900470329515755 ], [ -1.049156453586315, 41.898993210638729 ], [ -1.058480850112224, 41.898399377726363 ], [ -1.065355267094255, 41.895701071951052 ], [ -1.068811427223328, 41.893615803117179 ], [ -1.074926136913314, 41.889692817258251 ], [ -1.078379345615728, 41.887080335578325 ], [ -1.079543870407242, 41.886273057078618 ], [ -1.088117438135951, 41.887300665601757 ], [ -1.093467245229338, 41.886827644276792 ], [ -1.10022367402653, 41.885266817483313 ], [ -1.10675354200671, 41.880862548102314 ], [ -1.114927468166208, 41.87810831731084 ], [ -1.118605486523706, 41.878024536157625 ], [ -1.122803475338919, 41.875309574081854 ], [ -1.129146368312832, 41.870088832129198 ], [ -1.13472471465891, 41.865135989886099 ], [ -1.139092777930775, 41.864081126923629 ], [ -1.196606311981555, 41.862999452057664 ], [ -1.205471728892581, 41.852303703799009 ], [ -1.211349775200518, 41.851458765103011 ], [ -1.209927093455829, 41.845456290785954 ], [ -1.207108842618542, 41.845016027610143 ], [ -1.223085191190757, 41.834393661433737 ], [ -1.227285306183566, 41.83798910685676 ], [ -1.228435594870382, 41.845184968678446 ], [ -1.218620536403553, 41.857281871698831 ], [ -1.219920488327322, 41.859931908080334 ], [ -1.224827820943801, 41.860223995241327 ], [ -1.229502271397191, 41.855423702784286 ], [ -1.228050262981827, 41.861327486429253 ], [ -1.232944306196847, 41.863420387189933 ], [ -1.247033482832753, 41.855314409496046 ], [ -1.257868762307283, 41.854236416425096 ], [ -1.262755002564468, 41.857525812763576 ], [ -1.274752754891848, 41.850402444304152 ], [ -1.281134558886188, 41.85274975929066 ], [ -1.266407656031411, 41.859220126681727 ], [ -1.270943393784971, 41.865710147266675 ], [ -1.269283441610203, 41.871413224365703 ], [ -1.271793106522716, 41.877106984263193 ], [ -1.278752315238346, 41.877788000357931 ], [ -1.283210891678441, 41.874648494264875 ], [ -1.283907876705656, 41.872920668938541 ], [ -1.28711389130021, 41.874247465243727 ], [ -1.298054568846699, 41.885641134283446 ], [ -1.30800491787196, 41.884004940665527 ], [ -1.313290924280993, 41.888775098342066 ], [ -1.320815961964695, 41.884949591722076 ], [ -1.327981675066208, 41.890241805779858 ], [ -1.329074007382678, 41.89365315646819 ], [ -1.325123335082887, 41.901836484879723 ], [ -1.334693659359341, 41.913503889701985 ], [ -1.351891275183142, 41.890416436020587 ], [ -1.360004622430121, 41.888010789047186 ], [ -1.359602299183599, 41.878296089454302 ], [ -1.37091167620892, 41.888994675428592 ], [ -1.39177966759557, 41.901816903394213 ], [ -1.396754536846689, 41.904390214252849 ], [ -1.398654259808812, 41.903633147692688 ], [ -1.4009796197084, 41.906106345550889 ], [ -1.410830098834839, 41.907062721422406 ], [ -1.411574206628254, 41.912548894818293 ], [ -1.415417789426589, 41.917051180559369 ], [ -1.410399693914793, 41.919062315967125 ], [ -1.406717700569762, 41.928431949853589 ], [ -1.401925467123579, 41.933913317491111 ], [ -1.403196409125085, 41.935182907331402 ], [ -1.395637585792382, 41.939355483983249 ], [ -1.381878940443518, 41.94344942219417 ], [ -1.379733892963244, 41.950507168909787 ], [ -1.385695614483219, 41.957129800637887 ], [ -1.379646397153247, 41.959674422930064 ], [ -1.373997651683523, 41.962107248401765 ], [ -1.365609437004293, 41.982936866683886 ], [ -1.351137336148845, 42.002543614121848 ], [ -1.340723775687249, 42.012498556305012 ], [ -1.339164449616264, 42.018122934711322 ], [ -1.327840059791368, 42.02809049496868 ], [ -1.304467028814692, 42.043058091434567 ] ] ], [ [ [ -1.193508794156553, 41.832220934688209 ], [ -1.212764482657073, 41.821840619689105 ], [ -1.213862046678523, 41.823505812995634 ], [ -1.198599351629369, 41.834489474625364 ], [ -1.200106053316638, 41.840457304092901 ], [ -1.19746766865583, 41.840911258854028 ], [ -1.197244152584777, 41.836431568667237 ], [ -1.194822981458535, 41.836024252268501 ], [ -1.193508794156553, 41.832220934688209 ] ] ] ] } },
{ "type": "Feature", "properties": { "codatzbs": "20407", "n_zbs": "ARRABAL", "ccaa_cd": "ES24", "area": "Zaragoza I-Royo Villanova" }, "geometry": { "type": "MultiPolygon", "coordinates": [ [ [ [ -0.876947527527925, 41.666637259893285 ], [ -0.875260673378862, 41.666586317680377 ], [ -0.873811884236745, 41.666573126613997 ], [ -0.872656678786451, 41.666551822604028 ], [ -0.871423894897691, 41.666527162978866 ], [ -0.869065629142549, 41.665841682224922 ], [ -0.868702948455984, 41.665616793828896 ], [ -0.866944480038153, 41.664526379582057 ], [ -0.865889588724859, 41.663197782075933 ], [ -0.864988930991991, 41.662086452537693 ], [ -0.867540654101519, 41.661050877898518 ], [ -0.870709355168912, 41.6596116426553 ], [ -0.873036392048977, 41.658493616528965 ], [ -0.873811591997933, 41.658301317119182 ], [ -0.874748510568338, 41.658267199994 ], [ -0.874985094883933, 41.657842307761101 ], [ -0.875393213764745, 41.657109087468946 ], [ -0.875840305174939, 41.657219129372969 ], [ -0.87818993055586, 41.657790661015859 ], [ -0.878770740781066, 41.657933408345762 ], [ -0.878873382955541, 41.657958634665057 ], [ -0.880273864198196, 41.65829751745688 ], [ -0.881057392793698, 41.658402240093459 ], [ -0.881529241385896, 41.658465335226012 ], [ -0.881456466103572, 41.658887914674573 ], [ -0.880107096325317, 41.666722130635989 ], [ -0.879946496886443, 41.666717818866665 ], [ -0.876947527527925, 41.666637259893285 ] ] ] ] } },
{ "type": "Feature", "properties": { "codatzbs": "20210", "n_zbs": "GRAUS", "ccaa_cd": "ES24", "area": "Barbastro" }, "geometry": { "type": "MultiPolygon", "coordinates": [ [ [ [ 0.631735557295285, 42.343516828844493 ], [ 0.629448450124629, 42.337736479679272 ], [ 0.623095098892632, 42.333624519876061 ], [ 0.624827625154975, 42.328086016057085 ], [ 0.619677615716861, 42.325043351412326 ], [ 0.622228360930549, 42.321495966837539 ], [ 0.617368898262965, 42.316525988813915 ], [ 0.621013999630339, 42.312178741899594 ], [ 0.628183150614547, 42.30836806932119 ], [ 0.620072978055559, 42.305716236036623 ], [ 0.616226883240378, 42.301470558791024 ], [ 0.61316433165171, 42.282720769166261 ], [ 0.623604506796937, 42.279329489703073 ], [ 0.637208357688721, 42.270046866255072 ], [ 0.634087953431777, 42.265751713646772 ], [ 0.636031140136081, 42.256541436093684 ], [ 0.629951187900879, 42.245226501889682 ], [ 0.645303198004942, 42.234455827163181 ], [ 0.65324720377527, 42.232906090555616 ], [ 0.659776337578718, 42.224287457239775 ], [ 0.665231566296261, 42.223302616545354 ], [ 0.667983679389072, 42.21372371665106 ], [ 0.673376031726015, 42.211254793490966 ], [ 0.67244435599027, 42.208556311582846 ], [ 0.649294695364363, 42.193988424631378 ], [ 0.640913192652966, 42.193111485522913 ], [ 0.646284282496059, 42.183972141057502 ], [ 0.640071675648142, 42.171086005169883 ], [ 0.62475374096411, 42.169932778914053 ], [ 0.618195719691003, 42.167222625343832 ], [ 0.608787137480881, 42.170346767689736 ], [ 0.60144978876401, 42.172018353522425 ], [ 0.600539281194531, 42.174955501023454 ], [ 0.593617691611818, 42.178207377649969 ], [ 0.584067726277844, 42.176741604232241 ], [ 0.567528014943814, 42.18378618567646 ], [ 0.559373796678828, 42.183679592719727 ], [ 0.55425239690091, 42.18691817569097 ], [ 0.550116161583572, 42.189162527686449 ], [ 0.544722139848027, 42.18927552016919 ], [ 0.535426753278056, 42.183700616716507 ], [ 0.532060648603207, 42.178482669006726 ], [ 0.548751571862982, 42.167386428608395 ], [ 0.545808507615239, 42.159562412694143 ], [ 0.546278744711973, 42.149138481311311 ], [ 0.531299829685689, 42.151780212239032 ], [ 0.515633473811951, 42.144220722734914 ], [ 0.514749006715683, 42.148786215838371 ], [ 0.518036274134939, 42.154169182804722 ], [ 0.513025775898007, 42.158095834534855 ], [ 0.512267160266745, 42.164503486649977 ], [ 0.517111031428403, 42.168911356813609 ], [ 0.508685461351073, 42.167584799716643 ], [ 0.499680735885454, 42.179224162316096 ], [ 0.490832055419489, 42.177485992642779 ], [ 0.485433792690316, 42.15349966303954 ], [ 0.488412177738097, 42.147582883311024 ], [ 0.487749514366083, 42.143010660678854 ], [ 0.484269787182876, 42.145745910243107 ], [ 0.46315153254517, 42.139470352614367 ], [ 0.452497703923433, 42.139125501961708 ], [ 0.437154030848888, 42.141765893220686 ], [ 0.42686207206068, 42.148350451801939 ], [ 0.418576004322245, 42.1418893514373 ], [ 0.39753967851831, 42.134743703451207 ], [ 0.39806686834166, 42.132386837988115 ], [ 0.392544682720196, 42.125940858675804 ], [ 0.391510372918665, 42.117443878587792 ], [ 0.394559529107003, 42.114751190665153 ], [ 0.398175684849454, 42.114977236043849 ], [ 0.410378387949174, 42.096938130166372 ], [ 0.411364739945055, 42.090533357188107 ], [ 0.414573077397092, 42.086790869304743 ], [ 0.413904345236676, 42.072754126061035 ], [ 0.408768363675419, 42.066900746668615 ], [ 0.40244145857151, 42.062487142796627 ], [ 0.392381447370823, 42.065099536417961 ], [ 0.387956496670853, 42.064609095105659 ], [ 0.383610854924929, 42.061063455760106 ], [ 0.380791385434523, 42.062128159733362 ], [ 0.366587178232338, 42.060889245358069 ], [ 0.345417958730796, 42.057708826575102 ], [ 0.34364567079931, 42.067909149217535 ], [ 0.338741346210174, 42.069105728078746 ], [ 0.326166865400042, 42.069003007405676 ], [ 0.314168305052295, 42.063713355991766 ], [ 0.306857768890476, 42.067913681746361 ], [ 0.304218552453311, 42.078300485334083 ], [ 0.299998347034198, 42.081762945488094 ], [ 0.299102423172018, 42.082437051649251 ], [ 0.284148171802066, 42.088035351354897 ], [ 0.274297751513992, 42.094656633169684 ], [ 0.272058845108386, 42.093441840649035 ], [ 0.254775198557693, 42.100165439159262 ], [ 0.249596233402472, 42.099618944845481 ], [ 0.244998925807064, 42.102414664001863 ], [ 0.240681941462184, 42.10098796785644 ], [ 0.231855631537551, 42.110755428775725 ], [ 0.229249471088988, 42.119680820855656 ], [ 0.231194899771438, 42.12202138542775 ], [ 0.239784277943737, 42.122283201543226 ], [ 0.251096880333853, 42.13108490399955 ], [ 0.259842565289665, 42.131538931197319 ], [ 0.265468609259213, 42.13507979628239 ], [ 0.266353798339597, 42.143114092807274 ], [ 0.244640432374279, 42.155302223124025 ], [ 0.23680905745664, 42.15266903394469 ], [ 0.233993922775767, 42.164869168084891 ], [ 0.22909300650446, 42.170599477906357 ], [ 0.22925642332343, 42.18165297043533 ], [ 0.22581643035918, 42.186144276593183 ], [ 0.226355729887548, 42.19317097562319 ], [ 0.224131050671731, 42.196808544555672 ], [ 0.227865169694909, 42.204258562037133 ], [ 0.223804652922831, 42.21562007894547 ], [ 0.228369081113212, 42.222461313708678 ], [ 0.230763260958149, 42.228066944213381 ], [ 0.224494803305258, 42.242012003288849 ], [ 0.225028917748384, 42.247021760486277 ], [ 0.230156219278742, 42.259610156198242 ], [ 0.214487848207769, 42.27354918243104 ], [ 0.218907474894949, 42.285806780195408 ], [ 0.223035875511422, 42.285906781562254 ], [ 0.232063103703216, 42.295710887612827 ], [ 0.235332972675001, 42.296086833321766 ], [ 0.237235620470145, 42.299130743737386 ], [ 0.244773811406528, 42.303248811472031 ], [ 0.26021782216235, 42.319487220039271 ], [ 0.26331978666067, 42.326908788206048 ], [ 0.280111681876137, 42.320867423510073 ], [ 0.294545203046848, 42.316226774440651 ], [ 0.301626471228108, 42.313422032320609 ], [ 0.308702632478438, 42.31053570497123 ], [ 0.321337108647162, 42.313526074552435 ], [ 0.324938759929972, 42.314646249660662 ], [ 0.326739046114273, 42.321635683130587 ], [ 0.336086425660679, 42.335249046549464 ], [ 0.35748766296601, 42.340341671906366 ], [ 0.368793904341965, 42.348176955293908 ], [ 0.374608780611067, 42.349995750914978 ], [ 0.379569579988345, 42.349462260832688 ], [ 0.371978962493648, 42.360059406834168 ], [ 0.371708626645817, 42.364308500651745 ], [ 0.375205609257574, 42.36770830291011 ], [ 0.372736128601999, 42.375786168762154 ], [ 0.361690360487273, 42.384080047294589 ], [ 0.340170263863044, 42.384133482274095 ], [ 0.326964854155099, 42.388452926301738 ], [ 0.325140297950777, 42.390703057131667 ], [ 0.315582856992352, 42.391214331671179 ], [ 0.309881034628263, 42.394359749667871 ], [ 0.29935065269464, 42.389765086187204 ], [ 0.294865733249687, 42.390875700324436 ], [ 0.2845556034024, 42.389073843668434 ], [ 0.282615082591324, 42.39146167321239 ], [ 0.284261767598521, 42.396943292140072 ], [ 0.296194070451489, 42.412520711755704 ], [ 0.315620022446372, 42.42902370587646 ], [ 0.33223017715561, 42.438086450877861 ], [ 0.323755298856737, 42.455513470156859 ], [ 0.296981059038715, 42.476854127642959 ], [ 0.296843145822917, 42.479091231829543 ], [ 0.299603391024014, 42.4786065007549 ], [ 0.303211415589234, 42.480825618546056 ], [ 0.307115202184355, 42.488186722509695 ], [ 0.31590552385308, 42.48945428102121 ], [ 0.320124067545357, 42.499272998658412 ], [ 0.320133991833881, 42.512095174785308 ], [ 0.329512598497387, 42.503520587020972 ], [ 0.350966816542793, 42.50510970475078 ], [ 0.36556277026245, 42.489328889582687 ], [ 0.370668266796687, 42.488566319114383 ], [ 0.373879340781102, 42.465933399813451 ], [ 0.399527385157762, 42.455575843407686 ], [ 0.403045222669776, 42.455642475835724 ], [ 0.405573849912497, 42.453388186006215 ], [ 0.413224450360177, 42.452313924319597 ], [ 0.421991190798666, 42.44606427559475 ], [ 0.426466282111269, 42.444966875948431 ], [ 0.435505546118255, 42.453520408447446 ], [ 0.442532609264669, 42.453057250999429 ], [ 0.452246244530586, 42.455015868369919 ], [ 0.470712415936494, 42.460652608053245 ], [ 0.489763094914984, 42.4601184781706 ], [ 0.498367365266651, 42.456965398317116 ], [ 0.50977105493759, 42.457138679403876 ], [ 0.514042434344951, 42.453937129981462 ], [ 0.517910588024565, 42.445282065295508 ], [ 0.516881607476273, 42.440586410699382 ], [ 0.523308026700769, 42.434436832870716 ], [ 0.518743681749686, 42.42933660582402 ], [ 0.524153871365642, 42.428278760033926 ], [ 0.536846289247898, 42.422070506046047 ], [ 0.543455075728399, 42.420731645602814 ], [ 0.555490019298132, 42.424230364906329 ], [ 0.574068098301142, 42.423931067533857 ], [ 0.583663161311569, 42.419984360848645 ], [ 0.587021407878249, 42.415584065477248 ], [ 0.604358981710619, 42.405566960387695 ], [ 0.61357173313834, 42.41661301711293 ], [ 0.620425734967331, 42.413452101707698 ], [ 0.634071200821025, 42.413650037828027 ], [ 0.634697163144545, 42.411865309946208 ], [ 0.640781995658514, 42.413283777607866 ], [ 0.651718283661102, 42.408055105966135 ], [ 0.654088473895072, 42.405143055320572 ], [ 0.659305359900141, 42.40501243663239 ], [ 0.66937706809042, 42.395010387711267 ], [ 0.667516025357646, 42.391009072744609 ], [ 0.670473800911957, 42.387780778178033 ], [ 0.669596327488761, 42.382316285184103 ], [ 0.661798475562375, 42.381890578353932 ], [ 0.652189651363505, 42.36699812241568 ], [ 0.639006325227166, 42.357179872277996 ], [ 0.642417554829013, 42.351506645668415 ], [ 0.641542181953436, 42.346654096115927 ], [ 0.631735557295285, 42.343516828844493 ] ] ], [ [ [ 0.53357264922897, 42.140003969901457 ], [ 0.525352514637414, 42.135340576170407 ], [ 0.519365705708422, 42.139954922322495 ], [ 0.525656815074369, 42.147136439664116 ], [ 0.53357264922897, 42.140003969901457 ] ] ] ] } },
{ "type": "Feature", "properties": { "codatzbs": "20207", "n_zbs": "BINEFAR", "ccaa_cd": "ES24", "area": "Barbastro" }, "geometry": { "type": "MultiPolygon", "coordinates": [ [ [ [ 0.251608947877765, 41.861807843320548 ], [ 0.254095570292347, 41.867365573553371 ], [ 0.26150626550214, 41.87189193159265 ], [ 0.271963836033197, 41.868343289961068 ], [ 0.282443980749966, 41.858669468836553 ], [ 0.289169281200017, 41.858269687797502 ], [ 0.29333066005126, 41.861428179163305 ], [ 0.288474292839786, 41.870320595250128 ], [ 0.281415579298621, 41.878114203821497 ], [ 0.286260048328441, 41.887286839842147 ], [ 0.274744765965036, 41.897062679225265 ], [ 0.27902041413374, 41.910178204563366 ], [ 0.274041585703296, 41.912301524935721 ], [ 0.274004260691215, 41.917228423344525 ], [ 0.275697490209923, 41.919215291381846 ], [ 0.278826132639621, 41.918621622388038 ], [ 0.281131462348453, 41.925957988898318 ], [ 0.288120420352769, 41.934303727417877 ], [ 0.288783608874516, 41.941101585975282 ], [ 0.293365367983519, 41.938025485771952 ], [ 0.306551963767004, 41.938105339685627 ], [ 0.314267755642912, 41.942232132239504 ], [ 0.328678812690066, 41.944498211434656 ], [ 0.336005851721398, 41.943907181104237 ], [ 0.333493043451865, 41.948689860739428 ], [ 0.353965401565519, 41.945274416170029 ], [ 0.357427372449878, 41.940454420836495 ], [ 0.362644986093768, 41.938527557097665 ], [ 0.358100101840594, 41.934662462932053 ], [ 0.361905256014299, 41.93363247307385 ], [ 0.366152072138827, 41.92770863536078 ], [ 0.364126766809934, 41.925886016184073 ], [ 0.358750083797141, 41.921550060758882 ], [ 0.363709005987112, 41.914272608917678 ], [ 0.36325828266051, 41.906154237751366 ], [ 0.358198794195331, 41.892434601150072 ], [ 0.355205794817809, 41.887524265118024 ], [ 0.352124586362936, 41.869405921642716 ], [ 0.347160899773493, 41.864562010218251 ], [ 0.370597829838869, 41.865586793213879 ], [ 0.372085878234126, 41.863642910249624 ], [ 0.359869679752792, 41.858111989859275 ], [ 0.361700165533746, 41.850061774220798 ], [ 0.349380573821278, 41.843172950467817 ], [ 0.340105772474674, 41.833654681761153 ], [ 0.340092948163814, 41.830863463767642 ], [ 0.335586665851126, 41.825708482828524 ], [ 0.324011522211839, 41.821424659381513 ], [ 0.319595810504044, 41.818679863385583 ], [ 0.318406547634839, 41.814535772640816 ], [ 0.319514743494005, 41.802904950860487 ], [ 0.325277044797879, 41.797506033341691 ], [ 0.32512908027271, 41.794646685433889 ], [ 0.337840479520323, 41.792170394622559 ], [ 0.340471415445374, 41.789770501493877 ], [ 0.341050692801604, 41.764565863684233 ], [ 0.345170304959887, 41.747560940199179 ], [ 0.358730319839229, 41.734116189539307 ], [ 0.348883625330048, 41.729252837733675 ], [ 0.331896060415908, 41.726676392692347 ], [ 0.351647121118983, 41.702651467023038 ], [ 0.342383818363293, 41.696653845248733 ], [ 0.334715526117546, 41.688240753176281 ], [ 0.327378122097203, 41.678286568413107 ], [ 0.32660289611143, 41.662315356435492 ], [ 0.313037329479031, 41.667786716138437 ], [ 0.276258804122798, 41.668427865167018 ], [ 0.267549446767047, 41.677879665611577 ], [ 0.283445354683419, 41.683387802075707 ], [ 0.283229587579591, 41.686464742036371 ], [ 0.253628117034612, 41.689324743554465 ], [ 0.240599677105981, 41.695204544706193 ], [ 0.24088527125803, 41.705419115357401 ], [ 0.233506490864491, 41.709149319380138 ], [ 0.222931805718102, 41.708587652009868 ], [ 0.214370256009825, 41.716215456100308 ], [ 0.207882533846717, 41.719123418266136 ], [ 0.211032012892697, 41.722988772091924 ], [ 0.212587120987826, 41.728141438553493 ], [ 0.209433227210163, 41.733362811773354 ], [ 0.190968725599602, 41.755238525774601 ], [ 0.194728967031673, 41.759276399989069 ], [ 0.191258890354975, 41.766910489425754 ], [ 0.187678735498227, 41.767000974309411 ], [ 0.182009405669413, 41.772273423239106 ], [ 0.181341929193572, 41.779208139749358 ], [ 0.140768940315925, 41.777155604848573 ], [ 0.131854504541304, 41.778398875587321 ], [ 0.12553290646923, 41.789674956603562 ], [ 0.125891406409646, 41.798778680883103 ], [ 0.131036388137786, 41.802609842230439 ], [ 0.134766596137129, 41.812459083740805 ], [ 0.141307704633482, 41.810587181254292 ], [ 0.148085060884645, 41.811581206262609 ], [ 0.156960973456377, 41.807753134211751 ], [ 0.165788678564534, 41.807852176381395 ], [ 0.168190884639889, 41.822635847262156 ], [ 0.16425209994695, 41.83138966274916 ], [ 0.166789605951945, 41.83425545357737 ], [ 0.186325497118244, 41.839198872586266 ], [ 0.200469272445684, 41.834248556076297 ], [ 0.207932737761191, 41.834445390476994 ], [ 0.211120611501303, 41.832699213980824 ], [ 0.213327671046566, 41.843110672753639 ], [ 0.211759746759397, 41.847873398478725 ], [ 0.21555923197388, 41.852791921481277 ], [ 0.22915105351018, 41.859353223480653 ], [ 0.233759252709361, 41.864500633036272 ], [ 0.251608947877765, 41.861807843320548 ] ] ], [ [ [ 0.402624687689248, 41.908793357318359 ], [ 0.402782036252432, 41.901323462224617 ], [ 0.409079537876417, 41.901424567260669 ], [ 0.4094917316258, 41.897621226497122 ], [ 0.408005182893321, 41.891658971375691 ], [ 0.394218438994338, 41.890762017478039 ], [ 0.394821870331247, 41.886457789848613 ], [ 0.392203184264289, 41.883887755296627 ], [ 0.378423236422416, 41.885825261566559 ], [ 0.379859693252405, 41.904594680799924 ], [ 0.382261913403687, 41.907396454342631 ], [ 0.3803343754712, 41.912442078891885 ], [ 0.38321132572255, 41.913041682012476 ], [ 0.384826795513624, 41.915776567004386 ], [ 0.381873098693793, 41.917376604406371 ], [ 0.382103336715429, 41.924240651039725 ], [ 0.392321763641902, 41.931386079706591 ], [ 0.396893208738496, 41.929359732595586 ], [ 0.391762943954446, 41.92357726106637 ], [ 0.395957441614579, 41.910143550552753 ], [ 0.402624687689248, 41.908793357318359 ] ] ] ] } },
{ "type": "Feature", "properties": { "codatzbs": "20623", "n_zbs": "DELICIAS NORTE", "ccaa_cd": "ES24", "area": "Zaragoza III-Clinico" }, "geometry": { "type": "MultiPolygon", "coordinates": [ [ [ [ -0.897354073822651, 41.653929850800516 ], [ -0.897260899196867, 41.653717109905003 ], [ -0.89802084994492, 41.651888878264472 ], [ -0.898340387841885, 41.651040066453483 ], [ -0.898515769421817, 41.650576187428527 ], [ -0.898708102408166, 41.65007582565628 ], [ -0.898755199724912, 41.649915521068465 ], [ -0.89867042620176, 41.649770052183989 ], [ -0.898610688670286, 41.649616239082846 ], [ -0.898845729132946, 41.649639521542781 ], [ -0.899001003728323, 41.649601729999858 ], [ -0.89908207777368, 41.649531536064444 ], [ -0.899126152994646, 41.649439192246895 ], [ -0.899237690952245, 41.649317132883667 ], [ -0.899501170671013, 41.64922575162295 ], [ -0.899951374825147, 41.649071750755311 ], [ -0.900210999903494, 41.648985041122458 ], [ -0.900445133396806, 41.648906844562475 ], [ -0.900705495338985, 41.649478279494211 ], [ -0.90141772183461, 41.65104171587874 ], [ -0.902426898769496, 41.653237897231129 ], [ -0.902741311064855, 41.653910660009451 ], [ -0.904452189838612, 41.653464591577865 ], [ -0.90548090372338, 41.65319637013085 ], [ -0.906049401649675, 41.653059582422692 ], [ -0.90652307760238, 41.652964531361256 ], [ -0.906940316012794, 41.652851569324518 ], [ -0.907470720180541, 41.65273038594222 ], [ -0.908611512024288, 41.652469508417184 ], [ -0.909764116842533, 41.65220593071048 ], [ -0.910256938649543, 41.652091412579075 ], [ -0.910376153386987, 41.652379232072647 ], [ -0.91042506995002, 41.65249713874644 ], [ -0.910464516896538, 41.652640145432791 ], [ -0.91045359732214, 41.65272780259955 ], [ -0.910419257626262, 41.652847087976816 ], [ -0.910245422448191, 41.653154307574063 ], [ -0.90993587913154, 41.653755926138651 ], [ -0.909787527557643, 41.654034830975071 ], [ -0.909169175064494, 41.654995061720236 ], [ -0.908699586347906, 41.655724160171722 ], [ -0.907456202091562, 41.657886462360032 ], [ -0.907894521322665, 41.659409008480978 ], [ -0.905508383563849, 41.658940515249526 ], [ -0.903678393787076, 41.658447638263297 ], [ -0.901791012332084, 41.657777688229515 ], [ -0.900247339156552, 41.65693783588808 ], [ -0.899416340544171, 41.656277703338205 ], [ -0.898737616947688, 41.655738548352097 ], [ -0.898127643878635, 41.655253996184292 ], [ -0.898486409223386, 41.655164998256943 ], [ -0.897914551440783, 41.654745133252334 ], [ -0.897760896478872, 41.654597215546467 ], [ -0.897430866136242, 41.654178846476754 ], [ -0.897354073822651, 41.653929850800516 ] ] ] ] } },
{ "type": "Feature", "properties": { "codatzbs": "20701", "n_zbs": "ALHAMA DE ARAGON", "ccaa_cd": "ES24", "area": "Calatayud" }, "geometry": { "type": "MultiPolygon", "coordinates": [ [ [ [ -1.938618659702795, 41.403789919892631 ], [ -1.937683753053475, 41.400223367487825 ], [ -1.93533428353339, 41.399787302800128 ], [ -1.93716618179138, 41.398218898028581 ], [ -1.935066921313531, 41.391245731192633 ], [ -1.928463031808516, 41.386959984148241 ], [ -1.929622583404349, 41.383349805021922 ], [ -1.924123228726554, 41.383226379510361 ], [ -1.919616852295515, 41.37946412029028 ], [ -1.92522042069373, 41.375418235289899 ], [ -1.927744951219605, 41.367335018685438 ], [ -1.93184244934741, 41.363166687758081 ], [ -1.912720898349445, 41.349755617195534 ], [ -1.905818730791391, 41.340061172926511 ], [ -1.898191298109221, 41.346572881925361 ], [ -1.899287239251346, 41.350339533819607 ], [ -1.881164454127197, 41.360874612762302 ], [ -1.87705243473925, 41.360834558001891 ], [ -1.861149137825516, 41.341771581960636 ], [ -1.853397660716319, 41.338055611769498 ], [ -1.82966232190926, 41.318693818511562 ], [ -1.832841180695929, 41.318653964293894 ], [ -1.833908551179655, 41.315746408329169 ], [ -1.833128609491999, 41.305217713129245 ], [ -1.840633109676723, 41.297637180754968 ], [ -1.844975015147149, 41.288484115443985 ], [ -1.848992098195417, 41.286191424298082 ], [ -1.845009482630978, 41.285854252697177 ], [ -1.843034394420549, 41.275980174782049 ], [ -1.839283941578678, 41.27200610274442 ], [ -1.829904761039521, 41.266371450758477 ], [ -1.83608228536007, 41.261362849821495 ], [ -1.836340517613045, 41.258915354831714 ], [ -1.82856693996188, 41.253053650587923 ], [ -1.826257140882026, 41.246733835031897 ], [ -1.81822708918735, 41.238670952696992 ], [ -1.80387551970971, 41.236486990286224 ], [ -1.780828526956883, 41.23417355829671 ], [ -1.776414971611631, 41.236018307369683 ], [ -1.768268696877201, 41.233913792149984 ], [ -1.76000543139405, 41.23739209149916 ], [ -1.741580842014725, 41.228067459461435 ], [ -1.739248740740818, 41.222763489243391 ], [ -1.729574881932687, 41.218369509709909 ], [ -1.726336077659919, 41.214370378308935 ], [ -1.727064501362502, 41.211252800084175 ], [ -1.714229605618167, 41.206390264139102 ], [ -1.705816283465232, 41.199963595478373 ], [ -1.699106744103439, 41.202130878476403 ], [ -1.682888510750533, 41.195497112288628 ], [ -1.680905508432974, 41.189727552420919 ], [ -1.683340494969658, 41.18008121436349 ], [ -1.678315420389455, 41.177402422202071 ], [ -1.673396673120267, 41.170653198906258 ], [ -1.661739657511447, 41.170581367619725 ], [ -1.655376763403663, 41.16636376912777 ], [ -1.639025397241902, 41.160469848980242 ], [ -1.640823382531972, 41.157671722749768 ], [ -1.639097014266917, 41.152399862763197 ], [ -1.62927459299734, 41.146221199982641 ], [ -1.622254028134438, 41.13150898727622 ], [ -1.617654836729758, 41.129584647897914 ], [ -1.618926678639997, 41.126091013143771 ], [ -1.635041721338233, 41.121217130451896 ], [ -1.644487576429152, 41.117585104215166 ], [ -1.64890822189002, 41.116925435287527 ], [ -1.656234933607972, 41.116272525074336 ], [ -1.664789266409314, 41.113317526345263 ], [ -1.691447002660911, 41.104103075605671 ], [ -1.699176821580328, 41.102250014120287 ], [ -1.717422101601223, 41.097873605339863 ], [ -1.719654265504041, 41.094421993753969 ], [ -1.723402741089196, 41.093923054900188 ], [ -1.733583933943216, 41.082100090175139 ], [ -1.734857638572843, 41.076520291075745 ], [ -1.741957788220058, 41.067491088449096 ], [ -1.757388559555789, 41.055182685504818 ], [ -1.761795679897244, 41.058770216437793 ], [ -1.770823839851102, 41.066676718602956 ], [ -1.794345103743965, 41.078896667582043 ], [ -1.802928817308712, 41.090002761933803 ], [ -1.813659475872202, 41.093140312854743 ], [ -1.816107589579178, 41.095390427234911 ], [ -1.8250804669314, 41.095013882652552 ], [ -1.834863956615653, 41.09929292582747 ], [ -1.855335258128083, 41.102632863416567 ], [ -1.868890037934128, 41.10801832394295 ], [ -1.878731515510927, 41.123869156488482 ], [ -1.890208849566355, 41.133429549989707 ], [ -1.899573231594836, 41.135573112169077 ], [ -1.921288876653698, 41.134400337234638 ], [ -1.93208502029551, 41.138698621137166 ], [ -1.938795219706769, 41.14744410345719 ], [ -1.938795850359548, 41.152578587656407 ], [ -1.947375488914866, 41.161584017283978 ], [ -1.947968977709586, 41.166958062410785 ], [ -1.958655627445916, 41.172595005606006 ], [ -1.961761495990794, 41.171433993078651 ], [ -1.962789275240646, 41.178072970918997 ], [ -1.960111772283704, 41.180021573336944 ], [ -1.961583526058569, 41.197798110703836 ], [ -1.948278599460757, 41.214656869399015 ], [ -1.950907622284313, 41.217356134034979 ], [ -1.971056090992073, 41.212043279686945 ], [ -1.998767589333049, 41.215061921451166 ], [ -2.015467017996507, 41.235022893294271 ], [ -2.016678336947273, 41.243374376876822 ], [ -2.013006192175107, 41.247891807006134 ], [ -2.007424357949271, 41.274452409313533 ], [ -1.997246265008353, 41.292739683578759 ], [ -1.991500024273189, 41.302147508205437 ], [ -1.984775459334907, 41.299809488313819 ], [ -1.983939921083499, 41.301315351767791 ], [ -1.988367179935035, 41.303128840296758 ], [ -1.987020330109767, 41.306801065012543 ], [ -1.990926472437815, 41.31145630980113 ], [ -1.993874752934569, 41.32948816107281 ], [ -1.981974378134675, 41.338589225464169 ], [ -1.991379916500644, 41.344031507728815 ], [ -1.999429033693156, 41.354631573832599 ], [ -2.01425228954866, 41.364946987302361 ], [ -2.012779457396217, 41.370627107454155 ], [ -2.015006720578806, 41.374384349694147 ], [ -2.027837855085006, 41.381600366699054 ], [ -2.024753704028166, 41.383907178520658 ], [ -2.016146379616881, 41.383662796034102 ], [ -2.016352122280007, 41.385087624822575 ], [ -2.00929461970065, 41.385945919694898 ], [ -2.001578583121383, 41.393877834749773 ], [ -1.993275319779908, 41.39554392535625 ], [ -1.993093479274304, 41.397253760283924 ], [ -1.991455452964142, 41.395654066350573 ], [ -1.987047709675547, 41.396020687015763 ], [ -1.981516878018166, 41.402430225781224 ], [ -1.970244766688265, 41.401095853159426 ], [ -1.95332600434335, 41.408743544010868 ], [ -1.937517478025935, 41.407499777425315 ], [ -1.938618659702795, 41.403789919892631 ] ] ] ] } },
{ "type": "Feature", "properties": { "codatzbs": "20405", "n_zbs": "ZUERA", "ccaa_cd": "ES24", "area": "Zaragoza I-Royo Villanova" }, "geometry": { "type": "MultiPolygon", "coordinates": [ [ [ [ -0.927403382788691, 42.011919749843194 ], [ -0.908370737171337, 42.010097419501051 ], [ -0.90481929086137, 42.0105009323904 ], [ -0.896951227485226, 42.00777224983662 ], [ -0.889993184126474, 42.002736238225189 ], [ -0.884576387680891, 42.003690169248976 ], [ -0.87225162689142, 41.999607775716647 ], [ -0.865921597488834, 41.999706318955077 ], [ -0.857351296662253, 41.991729358873584 ], [ -0.843398993816428, 41.984128134728167 ], [ -0.832573228843133, 41.981231372784556 ], [ -0.819452491072031, 41.974876701012931 ], [ -0.81445534961574, 41.974538430797125 ], [ -0.812646450173441, 41.971676112974322 ], [ -0.796011486907967, 41.962712009487817 ], [ -0.777977314743008, 41.976914578400496 ], [ -0.762881288130744, 41.983428291485687 ], [ -0.740874391836753, 41.983329999219571 ], [ -0.725047437025956, 41.980909074437093 ], [ -0.721253948733521, 41.970514368336929 ], [ -0.725463262391212, 41.960858030263275 ], [ -0.702480007052842, 41.956743769794542 ], [ -0.688325810632053, 41.958783015928731 ], [ -0.663158730792674, 41.958719046203001 ], [ -0.65746824764265, 41.957607886743638 ], [ -0.651795094184559, 41.947486312098171 ], [ -0.650879526864659, 41.943838200039686 ], [ -0.632239703123733, 41.920111781231569 ], [ -0.630223180199309, 41.913018487048845 ], [ -0.615575950728239, 41.905834511745503 ], [ -0.599347014241483, 41.902344116867638 ], [ -0.595106220122392, 41.899706625589481 ], [ -0.597706019560941, 41.890169692692147 ], [ -0.602954301519579, 41.882939603938489 ], [ -0.604279748958824, 41.881089461121668 ], [ -0.605539335881082, 41.87949202584489 ], [ -0.602800885202356, 41.874292229607107 ], [ -0.602409886223601, 41.870981696550956 ], [ -0.612500111779876, 41.858696918269743 ], [ -0.613578138280471, 41.853034898449145 ], [ -0.623840639781303, 41.843558269290696 ], [ -0.627211680185666, 41.839683338583797 ], [ -0.638083429141753, 41.833558290019091 ], [ -0.643485035387435, 41.833705313698516 ], [ -0.664079017168026, 41.841601260011359 ], [ -0.665641136454273, 41.835894535178909 ], [ -0.66897723267125, 41.835067570496584 ], [ -0.674184190190679, 41.83179414761571 ], [ -0.686366289006071, 41.825883444480368 ], [ -0.692918203002767, 41.821953729477151 ], [ -0.696263902132759, 41.823032545346017 ], [ -0.702094799686626, 41.821591386063176 ], [ -0.700188668578421, 41.820688626391316 ], [ -0.699631815209179, 41.801269212043387 ], [ -0.693699415636998, 41.792504246844203 ], [ -0.693746104812544, 41.782659539766016 ], [ -0.694902816317129, 41.781944228951517 ], [ -0.695482520453155, 41.78168187165474 ], [ -0.697709563101885, 41.780847782139723 ], [ -0.699661235716477, 41.78044567496169 ], [ -0.70009104509309, 41.77971123991059 ], [ -0.700640727031481, 41.779816841286404 ], [ -0.701378567591655, 41.780214403015577 ], [ -0.702142877614101, 41.780517037631483 ], [ -0.703104285300625, 41.780744266308574 ], [ -0.704030835351639, 41.780378281764364 ], [ -0.704787026082696, 41.780458196216891 ], [ -0.706550935807001, 41.780425949982195 ], [ -0.708049861315368, 41.780906185345266 ], [ -0.709029499563519, 41.781610227977545 ], [ -0.709695957588661, 41.782154881080544 ], [ -0.71082699417476, 41.783676979378598 ], [ -0.71169146372356, 41.785252273049792 ], [ -0.712417025809762, 41.785658520198659 ], [ -0.713998918886164, 41.786518612729317 ], [ -0.716239220572044, 41.78747731603486 ], [ -0.716882570552318, 41.786981281820914 ], [ -0.717954648930035, 41.786781954461105 ], [ -0.719465351825876, 41.787275811729735 ], [ -0.720939164794331, 41.788642510375759 ], [ -0.724054180297841, 41.789033050755634 ], [ -0.725473573964555, 41.789561019777068 ], [ -0.727342008119598, 41.791003002989456 ], [ -0.730401572961852, 41.792968365966232 ], [ -0.732503455979003, 41.793086458988292 ], [ -0.734528380019609, 41.792658161764201 ], [ -0.735000616435701, 41.791892920892266 ], [ -0.735644436807762, 41.791015514025368 ], [ -0.737262376404182, 41.78986162911405 ], [ -0.739292219048695, 41.790144809514707 ], [ -0.742979863964423, 41.789312280973149 ], [ -0.745050510646786, 41.789461035137613 ], [ -0.745360450627133, 41.789330081121165 ], [ -0.747704824879343, 41.788923265932837 ], [ -0.75002600276147, 41.788275297639316 ], [ -0.750919604633802, 41.787842527599224 ], [ -0.754275300461004, 41.78685903959223 ], [ -0.756468439625582, 41.787039667483462 ], [ -0.759196869996197, 41.786518419524121 ], [ -0.760426069194579, 41.786064346436056 ], [ -0.764435913850146, 41.785179645403979 ], [ -0.766414940517251, 41.784673288129184 ], [ -0.768767044431723, 41.784858618081486 ], [ -0.7704291454271, 41.785161153309168 ], [ -0.771650388563967, 41.784991204516203 ], [ -0.774183362455149, 41.785166453698679 ], [ -0.779702417554735, 41.786682833380603 ], [ -0.78439143054331, 41.787761561793417 ], [ -0.78508549737045, 41.787264209847542 ], [ -0.793600447798818, 41.788283816428518 ], [ -0.793468985120487, 41.789834868711097 ], [ -0.792191491117956, 41.791116183482615 ], [ -0.791959005768633, 41.792629282003865 ], [ -0.79276732538078, 41.79554931782593 ], [ -0.795190531912429, 41.796131738120451 ], [ -0.796765821911327, 41.797049114512575 ], [ -0.79952553239816, 41.796066378535521 ], [ -0.802193916782572, 41.795815800028407 ], [ -0.802930510240687, 41.793560320329199 ], [ -0.802435617116207, 41.793145614194472 ], [ -0.803286952735168, 41.791477726616343 ], [ -0.803224136400676, 41.789265522106739 ], [ -0.802661205684476, 41.787417094755462 ], [ -0.802909158681019, 41.787390707360927 ], [ -0.800794505341229, 41.786237910979416 ], [ -0.798728980889922, 41.785667553830429 ], [ -0.796595885528268, 41.783748230023413 ], [ -0.799262664642379, 41.781597361053045 ], [ -0.80024246766495, 41.780215675383907 ], [ -0.801115940066795, 41.77807094912189 ], [ -0.801497994586071, 41.776222985902649 ], [ -0.801186278579641, 41.774429270470961 ], [ -0.806045844271393, 41.770757657611561 ], [ -0.807072241211253, 41.767998859327953 ], [ -0.806587868622526, 41.765445326535151 ], [ -0.804952993441901, 41.764119719564377 ], [ -0.806039665625892, 41.763437862673193 ], [ -0.80568878551393, 41.762901418985116 ], [ -0.805463043967225, 41.763059675119088 ], [ -0.804985731704744, 41.762752682648731 ], [ -0.804005613494287, 41.763343480097916 ], [ -0.803378277667087, 41.76229365584603 ], [ -0.804155255415095, 41.761779619143695 ], [ -0.802881883342076, 41.760592561685272 ], [ -0.803753789230179, 41.755961575437453 ], [ -0.804999860423041, 41.753634769007959 ], [ -0.804134766112182, 41.751317112334007 ], [ -0.805118708102101, 41.746796764593277 ], [ -0.80983295253889, 41.743968751201841 ], [ -0.810980400867366, 41.742229929787705 ], [ -0.80935193804948, 41.740433630125921 ], [ -0.810074947888039, 41.738267904608591 ], [ -0.813584363112368, 41.735840067229255 ], [ -0.813985867734382, 41.734065011761984 ], [ -0.819157491904639, 41.730070575986311 ], [ -0.821830306386645, 41.729381182603156 ], [ -0.825424443980207, 41.728982076811526 ], [ -0.826745830112855, 41.727022373986671 ], [ -0.82676193395048, 41.726998491246896 ], [ -0.84615458859323, 41.732898975719145 ], [ -0.848076128209095, 41.733823290372442 ], [ -0.854969506252067, 41.737591959063494 ], [ -0.859149220696629, 41.740337063264668 ], [ -0.859572951503209, 41.741507130450231 ], [ -0.860583355305647, 41.750190007894119 ], [ -0.867084606958687, 41.760312746427061 ], [ -0.868045812703427, 41.76257035289288 ], [ -0.869221023881743, 41.767153859973618 ], [ -0.871320420795802, 41.770694602167872 ], [ -0.873335161785157, 41.776186952912894 ], [ -0.876958257813225, 41.784640612504106 ], [ -0.883977292063839, 41.783042117788725 ], [ -0.88729101982344, 41.781527061224395 ], [ -0.893590002131458, 41.779856193217164 ], [ -0.897362850851722, 41.780457943099378 ], [ -0.899549321209456, 41.781323206448285 ], [ -0.908578282834721, 41.78500110405276 ], [ -0.912594610986211, 41.785715318489729 ], [ -0.914836533669681, 41.78729334498729 ], [ -0.91856043660639, 41.788474945188796 ], [ -0.928056415087356, 41.78862767485127 ], [ -0.935085063854664, 41.789003110816701 ], [ -0.935255146900744, 41.791388367730981 ], [ -0.935840833698552, 41.796010126828079 ], [ -0.935701192762541, 41.799757742520107 ], [ -0.933445268575411, 41.802577614364672 ], [ -0.930460137287733, 41.808184228226565 ], [ -0.923555327899432, 41.817903337540777 ], [ -0.922811543122766, 41.819682136372492 ], [ -0.922396183071097, 41.822258741196222 ], [ -0.916882565680578, 41.825599806365965 ], [ -0.916587752164368, 41.827634388633165 ], [ -0.915514884680699, 41.829339595621903 ], [ -0.913223725852493, 41.83187343156218 ], [ -0.912253845994399, 41.832603586960843 ], [ -0.911776963572604, 41.834542849521647 ], [ -0.9091900705185, 41.838671987030821 ], [ -0.907920264890295, 41.841602900691342 ], [ -0.899626460890781, 41.84275275018981 ], [ -0.894647933865575, 41.84508418324986 ], [ -0.884556332788529, 41.843242907519716 ], [ -0.893467732423262, 41.847647276796167 ], [ -0.895716721833687, 41.849588864108718 ], [ -0.899926336977324, 41.853092826881053 ], [ -0.904605704787378, 41.857168105469803 ], [ -0.907452651763656, 41.860002994902075 ], [ -0.910292490432031, 41.86177044182142 ], [ -0.910943012874776, 41.86288101391245 ], [ -0.912127817288207, 41.864235521489917 ], [ -0.913279355125864, 41.865873069183593 ], [ -0.915884521410372, 41.866717453707402 ], [ -0.917523631672776, 41.868365098141091 ], [ -0.919584787521886, 41.869648584559506 ], [ -0.920281476104648, 41.870273653129352 ], [ -0.922180411076114, 41.870609724598239 ], [ -0.923609930130695, 41.871860459108518 ], [ -0.926668571748749, 41.874716703261583 ], [ -0.928374977617296, 41.876913520751948 ], [ -0.930248308804272, 41.87805057978332 ], [ -0.932775675664654, 41.880208095134535 ], [ -0.933605930423547, 41.881555973850922 ], [ -0.933971426436595, 41.882368602618968 ], [ -0.934691300024637, 41.884898792577239 ], [ -0.935585509516372, 41.888193096954325 ], [ -0.936248363043879, 41.890438562905629 ], [ -0.936967483074398, 41.891874437643175 ], [ -0.936926410080276, 41.892963456225907 ], [ -0.935972094637924, 41.894337722340829 ], [ -0.93791670562738, 41.896835871426809 ], [ -0.939804794258109, 41.899035770434978 ], [ -0.940979453619746, 41.90055641865218 ], [ -0.942492513354364, 41.901866898648336 ], [ -0.944022188136938, 41.904348497972393 ], [ -0.944037070901803, 41.905762717065215 ], [ -0.944005853280677, 41.906734810948485 ], [ -0.944408029405067, 41.90810191269297 ], [ -0.944782333425493, 41.909774764275589 ], [ -0.946502426548736, 41.910841304357369 ], [ -0.946371026643301, 41.911365781410538 ], [ -0.947450137384351, 41.912681982189596 ], [ -0.948408808964497, 41.91399600118158 ], [ -0.949112965223374, 41.915539646772757 ], [ -0.94995874460349, 41.921507755641628 ], [ -0.95615235573033, 41.931160686318641 ], [ -0.954971941822947, 41.931251511999847 ], [ -0.951531888461519, 41.933973040202638 ], [ -0.942558030509599, 41.933227154939893 ], [ -0.936889461862758, 41.935466968049759 ], [ -0.933044237391914, 41.939495548971216 ], [ -0.940052650240865, 41.95747174142732 ], [ -0.937772288581105, 41.975794166898822 ], [ -0.941025975252387, 41.982318989984918 ], [ -0.943361549588724, 42.013242560014277 ], [ -0.938577068948271, 42.015183096214429 ], [ -0.927403382788691, 42.011919749843194 ] ] ] ] } },
{ "type": "Feature", "properties": { "codatzbs": "20509", "n_zbs": "ALMOZARA", "ccaa_cd": "ES24", "area": "Zaragoza II-Miguel Servet" }, "geometry": { "type": "MultiPolygon", "coordinates": [ [ [ [ -0.894549987180211, 41.66467709800353 ], [ -0.892424835768825, 41.663023471119701 ], [ -0.890315736893087, 41.661408642100731 ], [ -0.891492604567656, 41.660091329535234 ], [ -0.892911739882613, 41.659013449535799 ], [ -0.893267430167949, 41.658814424517217 ], [ -0.894025607641151, 41.65848593220678 ], [ -0.8952225692109, 41.65812833042834 ], [ -0.895276615945069, 41.655810582804421 ], [ -0.896580608334838, 41.655626439525193 ], [ -0.898127643878635, 41.655253996184292 ], [ -0.898737616947688, 41.655738548352097 ], [ -0.899416340544171, 41.656277703338205 ], [ -0.900247339156552, 41.65693783588808 ], [ -0.901791012332084, 41.657777688229515 ], [ -0.903678393787076, 41.658447638263297 ], [ -0.905508383563849, 41.658940515249526 ], [ -0.907894521322665, 41.659409008480978 ], [ -0.90922024026263, 41.659767427390335 ], [ -0.913450121125229, 41.661443978209533 ], [ -0.918758392703716, 41.663586151618404 ], [ -0.918516861800054, 41.663844110909338 ], [ -0.918027114726772, 41.664536275535248 ], [ -0.917243961920024, 41.664319331248066 ], [ -0.911640673803762, 41.664555494663716 ], [ -0.906846808827021, 41.666467633271807 ], [ -0.901935441809796, 41.667363591651082 ], [ -0.899837491978441, 41.666992147168031 ], [ -0.896841649351762, 41.666461658359026 ], [ -0.896307308932868, 41.666140038691104 ], [ -0.894549987180211, 41.66467709800353 ] ] ] ] } },
{ "type": "Feature", "properties": { "codatzbs": "20601", "n_zbs": "EJEA DE LOS CABALLEROS", "ccaa_cd": "ES24", "area": "Zaragoza III-Clinico" }, "geometry": { "type": "MultiPolygon", "coordinates": [ [ [ [ -0.936961685259157, 42.444349236771295 ], [ -0.913631585576194, 42.43253489430159 ], [ -0.931259672117089, 42.424380399246964 ], [ -0.936939775346633, 42.424266720893421 ], [ -0.944519499524233, 42.427023537671381 ], [ -0.948506191360133, 42.421817771318807 ], [ -0.95454640179296, 42.423708833836585 ], [ -0.957811945542929, 42.421587746741274 ], [ -0.96505735186661, 42.421923729635189 ], [ -0.977327422204538, 42.408884878792684 ], [ -0.973712539617969, 42.407929471395398 ], [ -0.967340990157874, 42.40127861077098 ], [ -0.970096549462712, 42.392691208530842 ], [ -0.968397351725136, 42.385861956164796 ], [ -0.991583659628042, 42.352823930038646 ], [ -0.977244897658802, 42.344872025720868 ], [ -0.974874368579897, 42.341570082092105 ], [ -0.970531981613379, 42.332784919906914 ], [ -0.970657810632635, 42.321701238722888 ], [ -0.963637984968708, 42.306825460361416 ], [ -0.961191694177981, 42.304431531780502 ], [ -0.960669461625926, 42.29881169568187 ], [ -0.964815114812326, 42.294013314514892 ], [ -0.964468628375492, 42.288576772345166 ], [ -0.969359847603146, 42.284322769354297 ], [ -0.975052273861408, 42.269041724476075 ], [ -0.980283018148217, 42.265855956907394 ], [ -0.982766092298014, 42.255669194192869 ], [ -0.990814130646635, 42.248074547863801 ], [ -0.999962415565994, 42.230916449649897 ], [ -1.021093393657011, 42.214325230562352 ], [ -1.028635241878145, 42.196200375068287 ], [ -1.026806901363897, 42.189180384220975 ], [ -1.03596974436462, 42.18736535269084 ], [ -1.041079707216321, 42.184237691699643 ], [ -1.050297262530969, 42.179819828714834 ], [ -1.045126383932355, 42.173950041193777 ], [ -1.045626083544139, 42.170302108615509 ], [ -1.03883933527925, 42.16544022188603 ], [ -1.037942300968544, 42.161957600108749 ], [ -1.0316770315164, 42.159454626105486 ], [ -1.025052578783612, 42.161898430519649 ], [ -1.019851215126255, 42.153631358967246 ], [ -1.016194159953891, 42.144003962321513 ], [ -1.014937106436868, 42.123818037800113 ], [ -1.020258821391077, 42.118803612433453 ], [ -1.026012425834475, 42.117776991055692 ], [ -1.02959543057981, 42.114182209605154 ], [ -1.023936869906095, 42.105547255944138 ], [ -1.026592357652194, 42.099477910788579 ], [ -1.032217400391655, 42.06773837502756 ], [ -1.030478766656772, 42.062205906328515 ], [ -1.009278670634836, 42.058777947670151 ], [ -0.994634484056067, 42.050237354552415 ], [ -0.987987582290195, 42.04759026466126 ], [ -0.981072117584818, 42.037796396533622 ], [ -0.980335635727296, 42.023670885410752 ], [ -0.968669170098468, 42.022870566494326 ], [ -0.95959337900846, 42.019251196032236 ], [ -0.95770568828143, 42.020118211247755 ], [ -0.952437669952854, 42.017925984217776 ], [ -0.951525276759029, 42.014370327310182 ], [ -0.943361549588724, 42.013242560014277 ], [ -0.941025975252387, 41.982318989984918 ], [ -0.937772288581105, 41.975794166898822 ], [ -0.940052650240865, 41.95747174142732 ], [ -0.933044237391914, 41.939495548971216 ], [ -0.936889461862758, 41.935466968049759 ], [ -0.942558030509599, 41.933227154939893 ], [ -0.951531888461519, 41.933973040202638 ], [ -0.954971941822947, 41.931251511999847 ], [ -0.95615235573033, 41.931160686318641 ], [ -0.957202181183649, 41.931079898749154 ], [ -0.959403583681741, 41.931465453549876 ], [ -0.96097154383841, 41.930656555084973 ], [ -0.963999298430921, 41.929094437177554 ], [ -0.964895844309906, 41.926569524043529 ], [ -0.965028460240561, 41.925054339088533 ], [ -0.966230712124546, 41.924602857789409 ], [ -0.969391077862049, 41.924771437164729 ], [ -0.971131959104046, 41.924635600638069 ], [ -0.973401711833792, 41.924365030406825 ], [ -0.974625450367971, 41.923422976565618 ], [ -0.976239384044658, 41.924442175090995 ], [ -0.976428549083172, 41.925895465526153 ], [ -0.97728916476614, 41.927284097211505 ], [ -0.977807853079216, 41.928234369993021 ], [ -0.978744852899482, 41.92816922107383 ], [ -0.979807365243008, 41.935771106824355 ], [ -0.986493954135851, 41.946749982221128 ], [ -1.006908527635287, 41.959057570523932 ], [ -1.009707758277212, 41.958673762592753 ], [ -1.015770327399697, 41.964722848610322 ], [ -1.023527161992027, 41.967531520078538 ], [ -1.034273586729048, 41.978712606069088 ], [ -1.065602522265054, 41.976074814588181 ], [ -1.07894477765241, 41.981513428958927 ], [ -1.088113869374171, 41.990537698473474 ], [ -1.106217667747589, 41.995169774786923 ], [ -1.119773716522308, 41.993600464703512 ], [ -1.129103632530867, 41.995329069371607 ], [ -1.179409652349757, 42.01490701963629 ], [ -1.206968256480644, 42.021384115677584 ], [ -1.211290069255624, 42.03007942586008 ], [ -1.219621362284723, 42.02718290961041 ], [ -1.220507221286207, 42.025305379823706 ], [ -1.304467028814692, 42.043058091434567 ], [ -1.307793434855483, 42.046556494073009 ], [ -1.302962793094245, 42.051906936133506 ], [ -1.30779200017877, 42.062083104931958 ], [ -1.312388524551936, 42.065131867670075 ], [ -1.310237146412195, 42.072422245829252 ], [ -1.328782792588001, 42.073234232315876 ], [ -1.343851211338909, 42.071120158638379 ], [ -1.351920724954921, 42.07318165093811 ], [ -1.364895260170308, 42.09327089618413 ], [ -1.366403117388059, 42.107071747808192 ], [ -1.398525001121768, 42.126329395472524 ], [ -1.397834727649739, 42.135956306503282 ], [ -1.392465627609503, 42.149696592086627 ], [ -1.393840626970215, 42.155146489516106 ], [ -1.398018514415265, 42.156501794946578 ], [ -1.393700104099334, 42.16596075697052 ], [ -1.391411039733204, 42.180815691114667 ], [ -1.394852486244408, 42.190761580838277 ], [ -1.413019237695161, 42.202334901032195 ], [ -1.387837781023351, 42.212304517524466 ], [ -1.331960025746069, 42.226311208468211 ], [ -1.301296931070431, 42.227455078615179 ], [ -1.28815671550586, 42.223603294016613 ], [ -1.244032225644657, 42.214695674411971 ], [ -1.231352351967092, 42.203684749626476 ], [ -1.216176738100662, 42.205773199964185 ], [ -1.191512526852248, 42.220687932684072 ], [ -1.172765804398445, 42.222056758269453 ], [ -1.163113044758441, 42.219831249532348 ], [ -1.137880248286207, 42.204420493775359 ], [ -1.107551402563289, 42.224232180573139 ], [ -1.108516942612602, 42.238558329893422 ], [ -1.113297310386848, 42.246922457109747 ], [ -1.102410205888227, 42.246193459231286 ], [ -1.099289316589824, 42.24880747791849 ], [ -1.097021696841178, 42.258514120472825 ], [ -1.102622089930577, 42.270525280250929 ], [ -1.104213424978421, 42.272009537238084 ], [ -1.106193253490869, 42.273291349153276 ], [ -1.107142088917498, 42.275305564262176 ], [ -1.106753533700023, 42.277047875549052 ], [ -1.106686239271959, 42.279295126473293 ], [ -1.105587728180446, 42.282274794097383 ], [ -1.105512896381321, 42.284771736242476 ], [ -1.104444180094903, 42.286752612425857 ], [ -1.103382889226201, 42.288483782362945 ], [ -1.101656440476332, 42.28995411296102 ], [ -1.099929911101773, 42.291424414682076 ], [ -1.099877356628238, 42.293172265692931 ], [ -1.097806856757154, 42.294886649519981 ], [ -1.094054587908044, 42.296573047668602 ], [ -1.093329179892848, 42.298309704065176 ], [ -1.090309667596902, 42.298009626444021 ], [ -1.08829919568606, 42.29772630054832 ], [ -1.085257038820859, 42.298175162552688 ], [ -1.081840596316623, 42.299866766565955 ], [ -1.081145152425601, 42.300604578654379 ], [ -1.078722358642702, 42.302812349250736 ], [ -1.078310037036869, 42.305303604077999 ], [ -1.076590148092073, 42.306523842104674 ], [ -1.075864139489306, 42.308260373932683 ], [ -1.074090820885119, 42.311228391223295 ], [ -1.073341831709737, 42.313713967248084 ], [ -1.071973286958791, 42.314440406047943 ], [ -1.070910622554698, 42.316171239780388 ], [ -1.071912291836067, 42.316437908173292 ], [ -1.073885186605145, 42.317969972362782 ], [ -1.075544561151385, 42.318747290217615 ], [ -1.075177665537584, 42.319740394067558 ], [ -1.07514721375475, 42.320739146633002 ], [ -1.075093919407443, 42.322486963384605 ], [ -1.074696529948292, 42.324478816240443 ], [ -1.074291495073203, 42.326720354065046 ], [ -1.073901668990776, 42.328462513423801 ], [ -1.073137193890125, 42.33144745199268 ], [ -1.073068574491143, 42.333694637470131 ], [ -1.073007572881804, 42.335692135054465 ], [ -1.07263290190714, 42.336934912011074 ], [ -1.072242956670237, 42.33867706147624 ], [ -1.071837723935512, 42.340918581728729 ], [ -1.071057709101714, 42.344402867895887 ], [ -1.071998765979017, 42.346667035446707 ], [ -1.071952969160122, 42.348165154813593 ], [ -1.071211039359117, 42.350401005043231 ], [ -1.071456022245803, 42.353402902825259 ], [ -1.072374315514144, 42.356416125490483 ], [ -1.070599396841884, 42.359384034306302 ], [ -1.070209233904335, 42.361126166430893 ], [ -1.069451778956207, 42.363861366596424 ], [ -1.06939059833158, 42.36585884938264 ], [ -1.069337060179693, 42.367606646413797 ], [ -1.069275867928386, 42.369604126855798 ], [ -1.068502951874044, 42.372838684353354 ], [ -1.068051388157149, 42.37657828006148 ], [ -1.067354905370888, 42.377315977692959 ], [ -1.066298655449381, 42.378797043317739 ], [ -1.06422436806001, 42.38051072034218 ], [ -1.062838887076478, 42.381736378283264 ], [ -1.062111561029318, 42.383472775143545 ], [ -1.062050105711951, 42.385470242415472 ], [ -1.061636464510843, 42.387961378749964 ], [ -1.062210216414827, 42.391218651708954 ], [ -1.06047992758415, 42.392688260067388 ], [ -1.059775479106039, 42.393675587622447 ], [ -1.058718766016206, 42.39515656926892 ], [ -1.056605185412699, 42.398118500054565 ], [ -1.053496201097965, 42.400563861273298 ], [ -1.052110060215923, 42.401789371238934 ], [ -1.05106075548096, 42.403020592975928 ], [ -1.048977501389407, 42.404983643702948 ], [ -1.04651845706846, 42.408189310933949 ], [ -1.046096267961183, 42.410930046761663 ], [ -1.045007903855483, 42.413409604029049 ], [ -1.044608884693993, 42.415401291299645 ], [ -1.044554565515965, 42.417149046580661 ], [ -1.042133653674209, 42.419106203772806 ], [ -1.041068305637745, 42.420836678554608 ], [ -1.039759270815335, 42.419565235375707 ], [ -1.037071248299011, 42.419269410402066 ], [ -1.033348920743623, 42.419705210110834 ], [ -1.03164841557903, 42.42017563555914 ], [ -1.030284866340097, 42.420651828983388 ], [ -1.025904122953788, 42.420576444281465 ], [ -1.023498198828621, 42.422033839046769 ], [ -1.018498460133264, 42.420198813942974 ], [ -1.016131755697725, 42.4204076755342 ], [ -1.014744452171006, 42.421632705208239 ], [ -1.012024919540572, 42.422334991165485 ], [ -1.00896043617918, 42.423281029941535 ], [ -1.005543034488374, 42.424720465626365 ], [ -1.004452825692836, 42.427199593622724 ], [ -1.004678935626258, 42.430700882767631 ], [ -1.006966925666869, 42.432988997475213 ], [ -1.008965462865418, 42.433773172726951 ], [ -1.009568423331266, 42.436031943680121 ], [ -1.012515138553704, 42.438831009213906 ], [ -1.014161078598709, 42.440108598978995 ], [ -1.012795227748985, 42.442248452671066 ], [ -1.004621295179555, 42.441062774257823 ], [ -0.997676940065299, 42.445705546850611 ], [ -0.989273929732439, 42.442694608978925 ], [ -0.986435336505295, 42.450839772145628 ], [ -0.983851012134077, 42.451037424660967 ], [ -0.986891846176601, 42.457845043861546 ], [ -0.968254831782111, 42.458389604048179 ], [ -0.96688031673779, 42.456140791931858 ], [ -0.954961763116537, 42.455037233188733 ], [ -0.934751013935075, 42.446866974566959 ], [ -0.936961685259157, 42.444349236771295 ] ] ] ] } },
{ "type": "Feature", "properties": { "codatzbs": "20703", "n_zbs": "ATECA", "ccaa_cd": "ES24", "area": "Calatayud" }, "geometry": { "type": "MultiPolygon", "coordinates": [ [ [ [ -1.861259014156925, 41.511489099234737 ], [ -1.858061884094806, 41.507259984893331 ], [ -1.852538450983896, 41.505196442713711 ], [ -1.841392847058724, 41.486502770392519 ], [ -1.833176444454973, 41.477106211274297 ], [ -1.829229445676442, 41.468824422329945 ], [ -1.829055851738695, 41.461832992051839 ], [ -1.821009046406852, 41.44928472383743 ], [ -1.809146968867019, 41.44328979640602 ], [ -1.803791940862419, 41.433740486086414 ], [ -1.794824077647824, 41.431323017698496 ], [ -1.801234746112066, 41.42830949643627 ], [ -1.792647996888937, 41.423454802698394 ], [ -1.764788341489567, 41.399487819244683 ], [ -1.751831971797332, 41.390781939709392 ], [ -1.741114845901892, 41.385828219096588 ], [ -1.733831976810265, 41.37962337469623 ], [ -1.73763427563931, 41.376566621144946 ], [ -1.736610671003164, 41.373222616887801 ], [ -1.742666105184796, 41.370487682902038 ], [ -1.74322185095501, 41.368953445503934 ], [ -1.746850465328621, 41.369281289742467 ], [ -1.750274757224747, 41.367165755799981 ], [ -1.756975134585889, 41.359383862268253 ], [ -1.758409589186431, 41.351842139647651 ], [ -1.761970931386587, 41.347475878875692 ], [ -1.752728014960029, 41.328226289844281 ], [ -1.743396140952015, 41.321972677115127 ], [ -1.75114818382143, 41.320850035388325 ], [ -1.748825367602864, 41.317978488111066 ], [ -1.752434000091157, 41.312946500560329 ], [ -1.748414986908344, 41.310705039782832 ], [ -1.733972403369292, 41.310060591498932 ], [ -1.731833096491511, 41.307028617050314 ], [ -1.737526404272656, 41.300461703636927 ], [ -1.741075245556075, 41.289835624703542 ], [ -1.749196758266393, 41.286051006574979 ], [ -1.748099530691987, 41.284102497859379 ], [ -1.746384876253146, 41.282597538448066 ], [ -1.763412256441528, 41.282007054111489 ], [ -1.763502419558664, 41.276594520894648 ], [ -1.76147604802138, 41.274519076908341 ], [ -1.764466945877232, 41.271668763019804 ], [ -1.758008787426363, 41.270356207811794 ], [ -1.764865067160642, 41.249280220763644 ], [ -1.76000543139405, 41.23739209149916 ], [ -1.768268696877201, 41.233913792149984 ], [ -1.776414971611631, 41.236018307369683 ], [ -1.780828526956883, 41.23417355829671 ], [ -1.80387551970971, 41.236486990286224 ], [ -1.81822708918735, 41.238670952696992 ], [ -1.826257140882026, 41.246733835031897 ], [ -1.82856693996188, 41.253053650587923 ], [ -1.836340517613045, 41.258915354831714 ], [ -1.83608228536007, 41.261362849821495 ], [ -1.829904761039521, 41.266371450758477 ], [ -1.839283941578678, 41.27200610274442 ], [ -1.843034394420549, 41.275980174782049 ], [ -1.845009482630978, 41.285854252697177 ], [ -1.848992098195417, 41.286191424298082 ], [ -1.844975015147149, 41.288484115443985 ], [ -1.840633109676723, 41.297637180754968 ], [ -1.833128609491999, 41.305217713129245 ], [ -1.833908551179655, 41.315746408329169 ], [ -1.832841180695929, 41.318653964293894 ], [ -1.82966232190926, 41.318693818511562 ], [ -1.853397660716262, 41.338055611769498 ], [ -1.861149137825516, 41.341771581960636 ], [ -1.877052434739193, 41.360834558001891 ], [ -1.881164454127197, 41.360874612762302 ], [ -1.899287239251346, 41.350339533819607 ], [ -1.898191298109221, 41.346572881925361 ], [ -1.905818730791391, 41.340061172926511 ], [ -1.912720898349445, 41.349755617195534 ], [ -1.93184244934741, 41.363166687758081 ], [ -1.927744951219605, 41.367335018685438 ], [ -1.92522042069373, 41.375418235289899 ], [ -1.919616852295515, 41.37946412029028 ], [ -1.924123228726554, 41.383226379510361 ], [ -1.929622583404349, 41.383349805021922 ], [ -1.928463031808516, 41.386959984148241 ], [ -1.935066921313531, 41.391245731192633 ], [ -1.93716618179138, 41.398218898028581 ], [ -1.93533428353339, 41.399787302800128 ], [ -1.937683753053475, 41.400223367487825 ], [ -1.938618659702795, 41.403789919892631 ], [ -1.937517478025935, 41.407499777425315 ], [ -1.936807759269013, 41.411402447650119 ], [ -1.93956253040619, 41.417111551138923 ], [ -1.936164772195579, 41.420007526968028 ], [ -1.946832461895777, 41.421141588443348 ], [ -1.95332639609978, 41.424371438766016 ], [ -1.948380922007741, 41.429748755725711 ], [ -1.9520392442256, 41.445617102540773 ], [ -1.951811922039551, 41.45973854669699 ], [ -1.956871404993589, 41.468296440915168 ], [ -1.969618542442899, 41.481562041167749 ], [ -1.957379539154713, 41.488144150089482 ], [ -1.945239627461657, 41.490681597894728 ], [ -1.931285817995898, 41.49565084727913 ], [ -1.922465000288637, 41.500909838485931 ], [ -1.912273719658911, 41.503489137329431 ], [ -1.904964188389156, 41.509922934276148 ], [ -1.880770227465119, 41.507861553940209 ], [ -1.877556507362382, 41.510775624935384 ], [ -1.874049588324452, 41.511227722794231 ], [ -1.871944125374168, 41.514476673876295 ], [ -1.861259014156925, 41.511489099234737 ] ] ] ] } },
{ "type": "Feature", "properties": { "codatzbs": "20810", "n_zbs": "MOSQUERUELA", "ccaa_cd": "ES24", "area": "Teruel" }, "geometry": { "type": "MultiPolygon", "coordinates": [ [ [ [ -0.389743521381759, 40.305745080788725 ], [ -0.391124438963263, 40.302578505508322 ], [ -0.389600668630091, 40.299985879502827 ], [ -0.392142161288862, 40.298755110597504 ], [ -0.394298629499087, 40.300497213317556 ], [ -0.393412393868175, 40.297846954631652 ], [ -0.400040549703391, 40.294960550481647 ], [ -0.389987523617721, 40.288104307590785 ], [ -0.382444711537972, 40.27843060772274 ], [ -0.384784550911588, 40.273565294538763 ], [ -0.383052794422103, 40.265410009781526 ], [ -0.388180700861909, 40.261715682892991 ], [ -0.42770433979888, 40.243910129670624 ], [ -0.451438770031528, 40.235427659296157 ], [ -0.462795648752704, 40.234407208223089 ], [ -0.462729134162826, 40.234612979925764 ], [ -0.466243595034266, 40.235870004699521 ], [ -0.469606932760353, 40.240240457352343 ], [ -0.476934086522649, 40.235383115977868 ], [ -0.488361889709272, 40.233388849433446 ], [ -0.494147828854538, 40.228839152773439 ], [ -0.501199987472649, 40.233297565180571 ], [ -0.510219393019107, 40.231888600719593 ], [ -0.526696541140349, 40.23804325833877 ], [ -0.543819917224535, 40.251767043946494 ], [ -0.547531784057084, 40.244369220611453 ], [ -0.568248134009994, 40.261345377965462 ], [ -0.579445324781916, 40.26356199913824 ], [ -0.588705991874811, 40.270988980434879 ], [ -0.577014090572145, 40.281266013553839 ], [ -0.57337941053544, 40.289819436511038 ], [ -0.582929948544782, 40.300414758954823 ], [ -0.586844805234115, 40.302478247540044 ], [ -0.6168565347591, 40.307559671865839 ], [ -0.63702152388903, 40.3160717428228 ], [ -0.641957982425762, 40.320640508910586 ], [ -0.633818846005086, 40.330608270386627 ], [ -0.642882197960394, 40.333649006585958 ], [ -0.643704083661779, 40.343853835866781 ], [ -0.640255736850688, 40.351251150679509 ], [ -0.642511438410544, 40.36153025284942 ], [ -0.638541480001346, 40.374051342823464 ], [ -0.650207365085673, 40.388458642340929 ], [ -0.647384893202386, 40.388995808380052 ], [ -0.634134249662591, 40.400696871895512 ], [ -0.636567485513783, 40.407934967306055 ], [ -0.635712558086067, 40.417204648214756 ], [ -0.629578946257131, 40.42104247326531 ], [ -0.613031982767665, 40.427682977609869 ], [ -0.610016620173509, 40.432944296767502 ], [ -0.610344353917878, 40.438337762359758 ], [ -0.616299054653738, 40.442973688910556 ], [ -0.619153230512267, 40.454634639011338 ], [ -0.603461175499466, 40.460183363864395 ], [ -0.588784389190554, 40.47024591293534 ], [ -0.584007154812287, 40.461048183603147 ], [ -0.572943752726722, 40.453880339100003 ], [ -0.565883505388734, 40.446282334617251 ], [ -0.562304325650697, 40.434721912537775 ], [ -0.544214915597694, 40.42387174279137 ], [ -0.538312168689062, 40.42639443138421 ], [ -0.525804647333792, 40.425469755168294 ], [ -0.52299241908159, 40.427904689868235 ], [ -0.504289480388182, 40.429087533640583 ], [ -0.491914888394829, 40.436638324887959 ], [ -0.4500278754848, 40.475958673564875 ], [ -0.430710436048917, 40.468747799348264 ], [ -0.400680262460895, 40.463599172056917 ], [ -0.378382502568108, 40.451385446418314 ], [ -0.346988421179082, 40.44404815084026 ], [ -0.332460241129261, 40.425644413652044 ], [ -0.314309229163929, 40.415865061038495 ], [ -0.306852133256133, 40.409296065288956 ], [ -0.301158978629696, 40.397840775161733 ], [ -0.29553880166785, 40.395493509756697 ], [ -0.285022172505688, 40.386599592369542 ], [ -0.280369139858324, 40.376942212012729 ], [ -0.2796869957515, 40.369602961624864 ], [ -0.283510401801149, 40.369116441342165 ], [ -0.282019077129419, 40.365199088926332 ], [ -0.285083346747687, 40.366604236876356 ], [ -0.288788134761384, 40.365547209029423 ], [ -0.289369863517727, 40.368074001013426 ], [ -0.297698802994824, 40.361810660991608 ], [ -0.304230057836404, 40.362800817917737 ], [ -0.308329354120426, 40.357735058237182 ], [ -0.31362550834875, 40.358686994202152 ], [ -0.323608356412396, 40.348028321562154 ], [ -0.331241977677167, 40.344926079422038 ], [ -0.332054748339373, 40.341629974739121 ], [ -0.336465788108699, 40.341119218512482 ], [ -0.337247244643801, 40.339506804710417 ], [ -0.34024936707467, 40.34009835370405 ], [ -0.342709299469761, 40.334408025591074 ], [ -0.340986150575633, 40.328234147491038 ], [ -0.345501399617669, 40.325041142598195 ], [ -0.347142830003091, 40.32820449158816 ], [ -0.349247964420568, 40.328243778030419 ], [ -0.348176508703671, 40.32074279395259 ], [ -0.352749440786409, 40.317857018346523 ], [ -0.351772596218474, 40.317861662751163 ], [ -0.353209244843984, 40.313318669169746 ], [ -0.354503313346829, 40.314834532787621 ], [ -0.359116982183149, 40.313300674239471 ], [ -0.362810017913046, 40.316672764394873 ], [ -0.369565819172951, 40.310278028896342 ], [ -0.365711709207852, 40.305299067420663 ], [ -0.369680266905908, 40.306722572615278 ], [ -0.370264361621023, 40.304709166194222 ], [ -0.370411489315212, 40.305162898965627 ], [ -0.373228301291348, 40.30503771816646 ], [ -0.372203958108564, 40.308698675839167 ], [ -0.372540700228658, 40.308814400017361 ], [ -0.375556534824143, 40.305072581240019 ], [ -0.3784430919099, 40.30831779708052 ], [ -0.378699770871596, 40.310197301014909 ], [ -0.384583984519536, 40.305601458298788 ], [ -0.387361832476689, 40.307402773597978 ], [ -0.389743521381759, 40.305745080788725 ] ] ] ] } },
{ "type": "Feature", "properties": { "codatzbs": "20522", "n_zbs": "HERNAN CORTES", "ccaa_cd": "ES24", "area": "Zaragoza II-Miguel Servet" }, "geometry": { "type": "MultiPolygon", "coordinates": [ [ [ [ -0.893813010169409, 41.653831066012309 ], [ -0.893260638551339, 41.653808992558979 ], [ -0.893195774416064, 41.654124254352887 ], [ -0.892466674788198, 41.653232025401714 ], [ -0.8916077976746, 41.652234362559533 ], [ -0.8910032537372, 41.651540766763553 ], [ -0.890754743446192, 41.651328932095176 ], [ -0.887780987046498, 41.64977434876085 ], [ -0.889185519993043, 41.648728864529893 ], [ -0.889338676863245, 41.648614856708605 ], [ -0.891021872700341, 41.648405707797863 ], [ -0.891564608554508, 41.648345483831115 ], [ -0.892925124458471, 41.647921907965845 ], [ -0.89353471969111, 41.647707522420937 ], [ -0.893625972006601, 41.647674193412286 ], [ -0.893694686449677, 41.647649095601395 ], [ -0.893722821618152, 41.647638819790693 ], [ -0.893770655299615, 41.647615835747061 ], [ -0.894006559950443, 41.647506614159838 ], [ -0.894372830421678, 41.647376521095936 ], [ -0.895429464042685, 41.646905380043549 ], [ -0.896947200082235, 41.646301251700599 ], [ -0.898369305404939, 41.645757935622392 ], [ -0.899835220479066, 41.645128433906862 ], [ -0.899925242345301, 41.645023843976006 ], [ -0.900951232190031, 41.646549823284253 ], [ -0.901274604922801, 41.647036788778074 ], [ -0.901640388265776, 41.647584768821758 ], [ -0.902175510389957, 41.648260190694998 ], [ -0.901959516475076, 41.648401400122545 ], [ -0.901603450818098, 41.648520220505283 ], [ -0.901442071623635, 41.648574072573147 ], [ -0.900959441362427, 41.648735125359693 ], [ -0.90051609046047, 41.648883126516139 ], [ -0.900445133396806, 41.648906844562475 ], [ -0.900210999903494, 41.648985041122458 ], [ -0.899951374825147, 41.649071750755311 ], [ -0.899501170671013, 41.64922575162295 ], [ -0.899237690952245, 41.649317132883667 ], [ -0.899126152994646, 41.649439192246895 ], [ -0.89908207777368, 41.649531536064444 ], [ -0.899001003728323, 41.649601729999858 ], [ -0.898845729132946, 41.649639521542781 ], [ -0.898610688670286, 41.649616239082846 ], [ -0.89867042620176, 41.649770052183989 ], [ -0.898755199724912, 41.649915521068465 ], [ -0.898708102408166, 41.65007582565628 ], [ -0.898515769421817, 41.650576187428527 ], [ -0.898340387841885, 41.651040066453483 ], [ -0.89802084994492, 41.651888878264472 ], [ -0.897260899196867, 41.653717109905003 ], [ -0.897354073822651, 41.653929850800516 ], [ -0.897430866136242, 41.654178846476754 ], [ -0.897760896478872, 41.654597215546467 ], [ -0.897914551440783, 41.654745133252334 ], [ -0.898486409223386, 41.655164998256943 ], [ -0.898127643878635, 41.655253996184292 ], [ -0.897550473264144, 41.655001908719363 ], [ -0.897146355441256, 41.654825401642888 ], [ -0.896713659089051, 41.654626030274528 ], [ -0.895818131295292, 41.65421856367886 ], [ -0.895027661459536, 41.654025520455974 ], [ -0.894272701754156, 41.653849434289704 ], [ -0.893813010169409, 41.653831066012309 ] ] ] ] } },
{ "type": "Feature", "properties": { "codatzbs": "20517", "n_zbs": "SAN JOSE NORTE", "ccaa_cd": "ES24", "area": "Zaragoza II-Miguel Servet" }, "geometry": { "type": "MultiPolygon", "coordinates": [ [ [ [ -0.872317157090158, 41.648284582881246 ], [ -0.87191364282841, 41.648159421928803 ], [ -0.870498356985585, 41.64841801572846 ], [ -0.869312504329519, 41.646672012029093 ], [ -0.8687867234161, 41.646146138375542 ], [ -0.868690370705509, 41.645887612190663 ], [ -0.869419535497481, 41.645960685855059 ], [ -0.869029294576892, 41.645542251268729 ], [ -0.868469017207772, 41.644995038509997 ], [ -0.868236196290058, 41.644863399715355 ], [ -0.869860939567758, 41.643959577713943 ], [ -0.869315510090501, 41.643344056241304 ], [ -0.868799230144342, 41.642784878878452 ], [ -0.869274591226275, 41.642552549187272 ], [ -0.86968021751669, 41.642328413803433 ], [ -0.869846654979178, 41.642167560752526 ], [ -0.87049609041516, 41.642383316152952 ], [ -0.872100149078668, 41.64291537168274 ], [ -0.87243118036274, 41.642992493799134 ], [ -0.872929592991698, 41.643237338964298 ], [ -0.873544515724017, 41.643334805350577 ], [ -0.874319193730365, 41.643397513068166 ], [ -0.875103085892988, 41.64334296921222 ], [ -0.8753659416785, 41.643744149194163 ], [ -0.876179074381595, 41.643408178699872 ], [ -0.877013322015703, 41.644473151969258 ], [ -0.87740956604668, 41.644978969639503 ], [ -0.878263497841096, 41.645961948352713 ], [ -0.877707857984064, 41.64657221189308 ], [ -0.877303210163673, 41.647114882903445 ], [ -0.876921772107178, 41.647307220857975 ], [ -0.876658533819297, 41.647740062708586 ], [ -0.876298240759247, 41.648135781152568 ], [ -0.875946848451868, 41.648446133761439 ], [ -0.875616576289729, 41.648580776437981 ], [ -0.875777680812516, 41.648850847896902 ], [ -0.875946571900376, 41.649133803651729 ], [ -0.8750866335843, 41.649133096687422 ], [ -0.873882783817797, 41.649026049534577 ], [ -0.873479237536219, 41.648774469437015 ], [ -0.87294753468726, 41.648540607992253 ], [ -0.872317157090158, 41.648284582881246 ] ] ] ] } },
{ "type": "Feature", "properties": { "codatzbs": "20709", "n_zbs": "VILLARROYA DE LA SIERRA", "ccaa_cd": "ES24", "area": "Calatayud" }, "geometry": { "type": "MultiPolygon", "coordinates": [ [ [ [ -1.865010626000241, 41.606695686675096 ], [ -1.859876509053093, 41.59225151847545 ], [ -1.838008071165004, 41.573288810254546 ], [ -1.835713441048253, 41.56347486551379 ], [ -1.831943573859515, 41.559041141335577 ], [ -1.817460544138039, 41.552281849352177 ], [ -1.810936320466506, 41.5530072087004 ], [ -1.803845090854447, 41.550654771987453 ], [ -1.799414177213856, 41.53998917016456 ], [ -1.782477418340982, 41.53982908672522 ], [ -1.769774967265269, 41.547142793206874 ], [ -1.762348051798816, 41.54930585420351 ], [ -1.753920513157814, 41.544855457925152 ], [ -1.747731323217456, 41.544995336925268 ], [ -1.739601778254485, 41.541330687733485 ], [ -1.736775425182249, 41.541795051370464 ], [ -1.730639112868164, 41.529432722730931 ], [ -1.727017035181336, 41.529545859846614 ], [ -1.722511343698544, 41.527045907222487 ], [ -1.713698776497708, 41.530217214797112 ], [ -1.709771552360493, 41.534217490325524 ], [ -1.699480160235723, 41.533930357805737 ], [ -1.692403142414304, 41.524041353926187 ], [ -1.676829818161575, 41.513072606173239 ], [ -1.679738125370572, 41.500865380406644 ], [ -1.674136684512783, 41.490010388074261 ], [ -1.675705310309391, 41.480633907032207 ], [ -1.666211404612319, 41.47400305594067 ], [ -1.668468912697598, 41.471957531446904 ], [ -1.66652799939218, 41.465566989831927 ], [ -1.667898054823504, 41.461817809691183 ], [ -1.665466154576599, 41.459537823291335 ], [ -1.650877039869532, 41.456332178123816 ], [ -1.637841545572571, 41.441307588772837 ], [ -1.633092179054272, 41.434333751699704 ], [ -1.632684806262857, 41.428077897277447 ], [ -1.628838114544491, 41.421492828334877 ], [ -1.634101475391701, 41.419347899710857 ], [ -1.63783987169191, 41.417857963789722 ], [ -1.643822525161143, 41.415738665131755 ], [ -1.645415375829913, 41.411627587123803 ], [ -1.647965665650164, 41.410964022102014 ], [ -1.652266674225219, 41.411843162875712 ], [ -1.654874378624047, 41.411873683789693 ], [ -1.66046661550266, 41.410479749025313 ], [ -1.667533961571598, 41.41241732615071 ], [ -1.672302190365066, 41.409761274784671 ], [ -1.675155364420426, 41.405362587089883 ], [ -1.676326313536471, 41.40484460922557 ], [ -1.677869376870468, 41.402164735989004 ], [ -1.675526882710053, 41.399440043540999 ], [ -1.677334961005307, 41.396992862309283 ], [ -1.679501522251805, 41.39455873133678 ], [ -1.681387611911454, 41.392382589392092 ], [ -1.682259502007334, 41.390077702956226 ], [ -1.680431107700237, 41.387039297645082 ], [ -1.686414576454674, 41.387468038141876 ], [ -1.690953450761053, 41.388366451317196 ], [ -1.69614389473433, 41.387785869121949 ], [ -1.705763074807391, 41.388840257957042 ], [ -1.708428083219684, 41.390158251588403 ], [ -1.714697309789627, 41.389462833911942 ], [ -1.717623926255085, 41.390766049516699 ], [ -1.727719836278864, 41.386428513496234 ], [ -1.733831976810265, 41.37962337469623 ], [ -1.741114845901892, 41.385828219096588 ], [ -1.751831971797332, 41.390781939709392 ], [ -1.764788341489567, 41.399487819244683 ], [ -1.792647996888937, 41.423454802698394 ], [ -1.801234746112122, 41.42830949643627 ], [ -1.794824077647824, 41.431323017698496 ], [ -1.803791940862475, 41.433740486086414 ], [ -1.809146968867019, 41.44328979640602 ], [ -1.821009046406852, 41.44928472383743 ], [ -1.829055851738695, 41.461832992051839 ], [ -1.829229445676442, 41.468824422329945 ], [ -1.833176444454973, 41.477106211274297 ], [ -1.841392847058724, 41.486502770392519 ], [ -1.852538450983896, 41.505196442713711 ], [ -1.858061884094806, 41.507259984893331 ], [ -1.861259014156925, 41.511489099234737 ], [ -1.871944125374168, 41.514476673876295 ], [ -1.874049588324452, 41.511227722794231 ], [ -1.877556507362382, 41.510775624935384 ], [ -1.880770227465119, 41.507861553940209 ], [ -1.904964188389156, 41.509922934276148 ], [ -1.912273719658911, 41.503489137329431 ], [ -1.922465000288637, 41.500909838485931 ], [ -1.931285817995898, 41.49565084727913 ], [ -1.945239627461657, 41.490681597894728 ], [ -1.957379539154713, 41.488144150089482 ], [ -1.969618542442899, 41.481562041167749 ], [ -1.9807516858541, 41.486543195532448 ], [ -1.976277651153564, 41.496816777636603 ], [ -1.978425960883951, 41.504194858472466 ], [ -1.974630498880059, 41.516167746640136 ], [ -1.977818727319172, 41.526797659901028 ], [ -1.971620826579281, 41.532921361647936 ], [ -1.972690433315959, 41.534263989767908 ], [ -1.966974659594596, 41.546174357359625 ], [ -1.970074668215259, 41.548778242484389 ], [ -1.968198742364449, 41.551382525513972 ], [ -1.970923202374535, 41.555757341100374 ], [ -1.973188837892336, 41.558074412554035 ], [ -1.977987583491369, 41.558711700797218 ], [ -1.981507344640817, 41.562138672297557 ], [ -1.980302075916425, 41.564812122905998 ], [ -1.993326257670217, 41.577194601301521 ], [ -1.994669846250814, 41.581827082182009 ], [ -1.99160831227175, 41.590465095974061 ], [ -1.992968148374756, 41.600240745474785 ], [ -1.984147473031839, 41.60717969870867 ], [ -1.976686425975231, 41.603159393015545 ], [ -1.968941121789271, 41.60574728403607 ], [ -1.957661274633153, 41.604952061804909 ], [ -1.922739938496988, 41.598442231444771 ], [ -1.918006268413875, 41.606702341625159 ], [ -1.913842122986239, 41.608833788189791 ], [ -1.912789759426005, 41.61719133801094 ], [ -1.907560782020823, 41.621204024839606 ], [ -1.880910577439522, 41.62134388297671 ], [ -1.867361293770386, 41.616383380197355 ], [ -1.872322586809445, 41.610631618447592 ], [ -1.865010626000241, 41.606695686675096 ] ] ] ] } },
{ "type": "Feature", "properties": { "codatzbs": "20602", "n_zbs": "SADABA", "ccaa_cd": "ES24", "area": "Zaragoza III-Clinico" }, "geometry": { "type": "MultiPolygon", "coordinates": [ [ [ [ -1.012795227748985, 42.442248452671066 ], [ -1.014161078598709, 42.440108598978995 ], [ -1.012515138553704, 42.438831009213906 ], [ -1.009568423331266, 42.436031943680121 ], [ -1.008965462865418, 42.433773172726951 ], [ -1.006966925666869, 42.432988997475213 ], [ -1.004678935626258, 42.430700882767631 ], [ -1.004452825692836, 42.427199593622724 ], [ -1.005543034488374, 42.424720465626365 ], [ -1.00896043617918, 42.423281029941535 ], [ -1.012024919540572, 42.422334991165485 ], [ -1.014744452171006, 42.421632705208239 ], [ -1.016131755697725, 42.4204076755342 ], [ -1.018498460133264, 42.420198813942974 ], [ -1.023498198828621, 42.422033839046769 ], [ -1.025904122953788, 42.420576444281465 ], [ -1.030284866340097, 42.420651828983388 ], [ -1.03164841557903, 42.42017563555914 ], [ -1.033348920743623, 42.419705210110834 ], [ -1.037071248299011, 42.419269410402066 ], [ -1.039759270815335, 42.419565235375707 ], [ -1.041068305637745, 42.420836678554608 ], [ -1.042133653674209, 42.419106203772806 ], [ -1.044554565515965, 42.417149046580661 ], [ -1.044608884693993, 42.415401291299645 ], [ -1.045007903855483, 42.413409604029049 ], [ -1.046096267961183, 42.410930046761663 ], [ -1.04651845706846, 42.408189310933949 ], [ -1.048977501389407, 42.404983643702948 ], [ -1.05106075548096, 42.403020592975928 ], [ -1.052110060215923, 42.401789371238934 ], [ -1.053496201097965, 42.400563861273298 ], [ -1.056605185412699, 42.398118500054565 ], [ -1.058718766016206, 42.39515656926892 ], [ -1.059775479106039, 42.393675587622447 ], [ -1.06047992758415, 42.392688260067388 ], [ -1.062210216414827, 42.391218651708954 ], [ -1.061636464510843, 42.387961378749964 ], [ -1.062050105711951, 42.385470242415472 ], [ -1.062111561029318, 42.383472775143545 ], [ -1.062838887076478, 42.381736378283264 ], [ -1.06422436806001, 42.38051072034218 ], [ -1.066298655449381, 42.378797043317739 ], [ -1.067354905370888, 42.377315977692959 ], [ -1.068051388157149, 42.37657828006148 ], [ -1.068502951874044, 42.372838684353354 ], [ -1.069275867928386, 42.369604126855798 ], [ -1.069337060179693, 42.367606646413797 ], [ -1.06939059833158, 42.36585884938264 ], [ -1.069451778956207, 42.363861366596424 ], [ -1.070209233904335, 42.361126166430893 ], [ -1.070599396841884, 42.359384034306302 ], [ -1.072374315514144, 42.356416125490483 ], [ -1.071456022245803, 42.353402902825259 ], [ -1.071211039359117, 42.350401005043231 ], [ -1.071952969160122, 42.348165154813593 ], [ -1.071998765979017, 42.346667035446707 ], [ -1.071057709101714, 42.344402867895887 ], [ -1.071837723935512, 42.340918581728729 ], [ -1.072242956670237, 42.33867706147624 ], [ -1.07263290190714, 42.336934912011074 ], [ -1.073007572881804, 42.335692135054465 ], [ -1.073068574491143, 42.333694637470131 ], [ -1.073137193890125, 42.33144745199268 ], [ -1.073901668990776, 42.328462513423801 ], [ -1.074291495073203, 42.326720354065046 ], [ -1.074696529948292, 42.324478816240443 ], [ -1.075093919407443, 42.322486963384605 ], [ -1.07514721375475, 42.320739146633002 ], [ -1.075177665537584, 42.319740394067558 ], [ -1.075544561151385, 42.318747290217615 ], [ -1.073885186605145, 42.317969972362782 ], [ -1.071912291836067, 42.316437908173292 ], [ -1.070910622554698, 42.316171239780388 ], [ -1.071973286958791, 42.314440406047943 ], [ -1.073341831709737, 42.313713967248084 ], [ -1.074090820885119, 42.311228391223295 ], [ -1.075864139489306, 42.308260373932683 ], [ -1.076590148092073, 42.306523842104674 ], [ -1.078310037036869, 42.305303604077999 ], [ -1.078722358642702, 42.302812349250736 ], [ -1.081145152425601, 42.300604578654379 ], [ -1.081840596316623, 42.299866766565955 ], [ -1.085257038820859, 42.298175162552688 ], [ -1.08829919568606, 42.29772630054832 ], [ -1.090309667596902, 42.298009626444021 ], [ -1.093329179892848, 42.298309704065176 ], [ -1.094054587908044, 42.296573047668602 ], [ -1.097806856757154, 42.294886649519981 ], [ -1.099877356628238, 42.293172265692931 ], [ -1.099929911101773, 42.291424414682076 ], [ -1.101656440476332, 42.28995411296102 ], [ -1.103382889226201, 42.288483782362945 ], [ -1.104444180094903, 42.286752612425857 ], [ -1.105512896381321, 42.284771736242476 ], [ -1.105587728180446, 42.282274794097383 ], [ -1.106686239271959, 42.279295126473293 ], [ -1.106753533700023, 42.277047875549052 ], [ -1.107142088917498, 42.275305564262176 ], [ -1.106193253490869, 42.273291349153276 ], [ -1.104213424978421, 42.272009537238084 ], [ -1.102622089930577, 42.270525280250929 ], [ -1.097021696841178, 42.258514120472825 ], [ -1.099289316589824, 42.24880747791849 ], [ -1.102410205888227, 42.246193459231286 ], [ -1.113297310386848, 42.246922457109747 ], [ -1.108516942612602, 42.238558329893422 ], [ -1.107551402563289, 42.224232180573139 ], [ -1.137880248286207, 42.204420493775359 ], [ -1.163113044758441, 42.219831249532348 ], [ -1.172765804398445, 42.222056758269453 ], [ -1.191512526852248, 42.220687932684072 ], [ -1.216176738100662, 42.205773199964185 ], [ -1.231352351967092, 42.203684749626476 ], [ -1.244032225644657, 42.214695674411971 ], [ -1.28815671550586, 42.223603294016613 ], [ -1.301296931070431, 42.227455078615179 ], [ -1.331960025746069, 42.226311208468211 ], [ -1.387837781023351, 42.212304517524466 ], [ -1.413019237695161, 42.202334901032195 ], [ -1.417175042933009, 42.212479070150877 ], [ -1.416001433325886, 42.222108294550878 ], [ -1.399522675217873, 42.245619135050376 ], [ -1.399404321540296, 42.256532698853832 ], [ -1.394611181873237, 42.263877581645531 ], [ -1.395145868497121, 42.269567715730879 ], [ -1.391016035245763, 42.272229696110529 ], [ -1.389531050844139, 42.278639004580072 ], [ -1.397647053959054, 42.289055416545168 ], [ -1.397371595045275, 42.292744031884979 ], [ -1.383308051129111, 42.303839880006876 ], [ -1.358499912916851, 42.333629811732173 ], [ -1.351922267633876, 42.339632372044662 ], [ -1.342824107564018, 42.34263520940538 ], [ -1.337111596628127, 42.345659471263126 ], [ -1.328729112962547, 42.355497973080823 ], [ -1.318766971890669, 42.372102963901703 ], [ -1.300471407648884, 42.380838820786813 ], [ -1.283575315430958, 42.385288043398958 ], [ -1.275838251560319, 42.38480266726765 ], [ -1.268384021287605, 42.393038560413125 ], [ -1.249238206318339, 42.396917273667725 ], [ -1.23576654214856, 42.389884352968537 ], [ -1.227789628963843, 42.396623633367398 ], [ -1.225763551191604, 42.40255406657873 ], [ -1.215795605114901, 42.410414312597474 ], [ -1.211433367510162, 42.41723555779447 ], [ -1.198063775713837, 42.422762686700089 ], [ -1.194662786060646, 42.426068280932114 ], [ -1.187880690226791, 42.426465536058004 ], [ -1.182469418181867, 42.424011402421634 ], [ -1.18007702530485, 42.417633439097585 ], [ -1.187441148589582, 42.405439473801472 ], [ -1.185608980604105, 42.401970406126857 ], [ -1.183030340757905, 42.401218073854217 ], [ -1.17403357845629, 42.403911904455128 ], [ -1.171228757608134, 42.406766936752177 ], [ -1.158417706140238, 42.409776760760231 ], [ -1.153987017135433, 42.414577588329486 ], [ -1.152612655911236, 42.428270841426347 ], [ -1.144489148375993, 42.43703716161059 ], [ -1.144622782260593, 42.441983263586408 ], [ -1.129012608220853, 42.446835623736987 ], [ -1.115941645788089, 42.445189596396546 ], [ -1.107664908223696, 42.441433005203614 ], [ -1.09302423787122, 42.440289740041926 ], [ -1.083062269828143, 42.43724170848153 ], [ -1.080178139149183, 42.43852623926032 ], [ -1.067456708767873, 42.434710202020234 ], [ -1.064178818956688, 42.436140750261785 ], [ -1.057313661808965, 42.434052400166429 ], [ -1.050661393906809, 42.441576069831903 ], [ -1.054008750461391, 42.448918459568752 ], [ -1.044664166642352, 42.451055757340548 ], [ -1.035011162212235, 42.446315867849179 ], [ -1.032214417369134, 42.447483544466664 ], [ -1.025357550995551, 42.446284965126885 ], [ -1.019577071539001, 42.448751779086805 ], [ -1.015037569681134, 42.446178679793761 ], [ -1.012802876939668, 42.442249561524235 ], [ -1.012795227748985, 42.442248452671066 ] ] ] ] } },
{ "type": "Feature", "properties": { "codatzbs": "20111", "n_zbs": "BERDUN", "ccaa_cd": "ES24", "area": "Huesca-Jaca" }, "geometry": { "type": "MultiPolygon", "coordinates": [ [ [ [ -0.671776510180026, 42.557127719163482 ], [ -0.686099289403759, 42.559480111168995 ], [ -0.689756563344479, 42.558410342133001 ], [ -0.693062219015174, 42.562250086873576 ], [ -0.699994245332857, 42.561570029023159 ], [ -0.705389452738479, 42.563929532627668 ], [ -0.708282120364629, 42.562780826347627 ], [ -0.705302341753449, 42.560658950717958 ], [ -0.708749613635496, 42.557666206680416 ], [ -0.711266985151774, 42.524784610121444 ], [ -0.712545871435802, 42.521766385274979 ], [ -0.717508175358461, 42.518884627357664 ], [ -0.718461155160487, 42.510762924985627 ], [ -0.701979398981425, 42.506813275078066 ], [ -0.7074037784274, 42.488938560132446 ], [ -0.714739706390967, 42.488968009640487 ], [ -0.718405527900314, 42.483854115221639 ], [ -0.713935619488768, 42.478640964282668 ], [ -0.713579579256906, 42.472384208934763 ], [ -0.731310826912422, 42.454320852228896 ], [ -0.742498804238394, 42.451948403290132 ], [ -0.74978929208061, 42.452785187512703 ], [ -0.778691576279393, 42.462507665490563 ], [ -0.796207725952077, 42.452732933914184 ], [ -0.802739321629777, 42.455127723933884 ], [ -0.816082734540958, 42.456094313168016 ], [ -0.82129040137991, 42.458471806206894 ], [ -0.825694936108633, 42.45138722907955 ], [ -0.820917428490839, 42.447135928452248 ], [ -0.79024710866819, 42.443108512015044 ], [ -0.782945835009615, 42.439833510808576 ], [ -0.780870855500083, 42.43593010547545 ], [ -0.785167474711329, 42.433023438869924 ], [ -0.78548134430035, 42.430327903460309 ], [ -0.800328577633252, 42.434017879775659 ], [ -0.804077243626917, 42.432153663186057 ], [ -0.808470988507425, 42.433048287741613 ], [ -0.822465243829477, 42.441419923855399 ], [ -0.828651680041681, 42.430919976334266 ], [ -0.834216108191062, 42.42607233707345 ], [ -0.839030570682147, 42.426397421702568 ], [ -0.847905679679528, 42.434165011475102 ], [ -0.851019809043953, 42.434817786609862 ], [ -0.84930153681466, 42.443466785039782 ], [ -0.860480287785746, 42.446539751389864 ], [ -0.881546642773519, 42.45717032503029 ], [ -0.877366248901167, 42.461757782724241 ], [ -0.876894134622178, 42.466728987120177 ], [ -0.882434586966291, 42.471955620877665 ], [ -0.896667493695478, 42.479196902637739 ], [ -0.889937653497679, 42.490482956930322 ], [ -0.892732120003787, 42.493866415033231 ], [ -0.893540061902173, 42.50060824615003 ], [ -0.891054550048248, 42.505038157115258 ], [ -0.892641500894755, 42.509966253021354 ], [ -0.899593649231505, 42.512084158156384 ], [ -0.912028927804488, 42.507835848980456 ], [ -0.912900548828777, 42.503952403580492 ], [ -0.92631015181534, 42.502917156069707 ], [ -0.933072941637343, 42.505993068470382 ], [ -0.93286699245285, 42.51039306205864 ], [ -0.928905914789165, 42.51386961921304 ], [ -0.927452097158885, 42.522866631462591 ], [ -0.91609599576365, 42.537438282211184 ], [ -0.897909364102188, 42.539078180129145 ], [ -0.8946961172447, 42.549177125389136 ], [ -0.898994260723222, 42.560098341844089 ], [ -0.907912004115595, 42.559343045851783 ], [ -0.918251119266971, 42.555398036974218 ], [ -0.919389863863672, 42.56328035009178 ], [ -0.922892839081088, 42.564181338673308 ], [ -0.92125351539147, 42.571355871423116 ], [ -0.93032043962881, 42.570547520632431 ], [ -0.940948889281248, 42.570784102032839 ], [ -0.946479607614335, 42.567092137829228 ], [ -0.961505529253354, 42.568450235092769 ], [ -0.963423252917948, 42.575409347814933 ], [ -0.967206212225521, 42.574855222781196 ], [ -1.01196369537506, 42.574335056906726 ], [ -1.033122177559199, 42.572575078139224 ], [ -1.035224167464274, 42.583237407183717 ], [ -1.032890082710694, 42.589257930121455 ], [ -1.033584883434341, 42.598554303293767 ], [ -1.053584407047592, 42.600597943486768 ], [ -1.063196253346893, 42.607073563675257 ], [ -1.068135541163603, 42.613316596040747 ], [ -1.073190919442418, 42.612267055761933 ], [ -1.076418539502459, 42.606431888652061 ], [ -1.084012930311182, 42.604451928453742 ], [ -1.092566286293884, 42.598597221322088 ], [ -1.096239359103799, 42.599261655680849 ], [ -1.099643053555768, 42.604379117428635 ], [ -1.106739326035848, 42.610764398203521 ], [ -1.117526915067454, 42.612040816819828 ], [ -1.123856084637816, 42.610361624768188 ], [ -1.130975791051601, 42.600986480328679 ], [ -1.139685980089437, 42.598705807635703 ], [ -1.143994384993674, 42.600982008177603 ], [ -1.14671476919248, 42.607077658347251 ], [ -1.157302716240132, 42.610580410804936 ], [ -1.152060185986419, 42.647678746101462 ], [ -1.143476980204499, 42.648341407328388 ], [ -1.120078513882948, 42.645141090556685 ], [ -1.102895741049376, 42.646199512437853 ], [ -1.087066016162258, 42.646476480143612 ], [ -1.07069481734371, 42.641771274298584 ], [ -1.059129846452947, 42.641828040422219 ], [ -1.051576480341326, 42.642708335839401 ], [ -1.038247249897644, 42.648442179659305 ], [ -1.036459629417519, 42.651752512302323 ], [ -1.039273200848084, 42.664317910178127 ], [ -1.032141553284342, 42.675713185910631 ], [ -1.03647979850018, 42.6817311159204 ], [ -1.038837442661326, 42.691749177598815 ], [ -1.028700960246807, 42.694979082971642 ], [ -1.029735035308588, 42.696635842806693 ], [ -1.02763310990924, 42.700174683920196 ], [ -1.016465033548769, 42.702377081790807 ], [ -1.001143289413533, 42.700066521104922 ], [ -0.983452903087541, 42.702322705993424 ], [ -0.978794914952743, 42.70477103187045 ], [ -0.96886273324395, 42.703820806095614 ], [ -0.95833342823048, 42.711783187553884 ], [ -0.948327390255962, 42.711568306087038 ], [ -0.943806256492395, 42.722014050694931 ], [ -0.938040999701625, 42.725350313193829 ], [ -0.935150593758272, 42.730007891745394 ], [ -0.935530415781545, 42.734391200706064 ], [ -0.924419342627572, 42.738998995991771 ], [ -0.922635832653982, 42.744117462296948 ], [ -0.900736529371208, 42.742835491722062 ], [ -0.90061062219929, 42.737880442079657 ], [ -0.89651585966823, 42.735779201565862 ], [ -0.906495573040093, 42.726722962398021 ], [ -0.904000856932092, 42.712305218575047 ], [ -0.911437406974051, 42.709397399140784 ], [ -0.922113792669291, 42.700919830631562 ], [ -0.90236010322346, 42.702288609314301 ], [ -0.889282370925159, 42.694772118552741 ], [ -0.879771815960444, 42.694074117353544 ], [ -0.868777160510114, 42.694302233248244 ], [ -0.857629398349668, 42.69010494112775 ], [ -0.851404364325173, 42.685845905948526 ], [ -0.851457652272733, 42.68182164859833 ], [ -0.846465684684497, 42.679701776266135 ], [ -0.850004932540072, 42.672276059756655 ], [ -0.838733982482538, 42.676359312926735 ], [ -0.829887766817182, 42.675606598327512 ], [ -0.825347462086147, 42.666524417108221 ], [ -0.823272208016014, 42.652563161318312 ], [ -0.815200639983801, 42.637803160345797 ], [ -0.806468280145423, 42.635015631126755 ], [ -0.804766522978178, 42.639710730086762 ], [ -0.79852666750125, 42.64440867255032 ], [ -0.798135526181944, 42.647543919360679 ], [ -0.792729853398075, 42.649664097926433 ], [ -0.770044611146803, 42.648170988916398 ], [ -0.77751970214013, 42.638996065545456 ], [ -0.766136755811705, 42.638747554841757 ], [ -0.76483774695371, 42.641306678039321 ], [ -0.764726052535115, 42.635910379223354 ], [ -0.762679407062313, 42.633123874855023 ], [ -0.759029121748243, 42.632548222406072 ], [ -0.757444009264195, 42.628464911571982 ], [ -0.753353438003701, 42.617767714135915 ], [ -0.74629709870675, 42.615314764121756 ], [ -0.738956303625435, 42.617367303613086 ], [ -0.717213300014677, 42.613468941614386 ], [ -0.694644307189167, 42.606587127285202 ], [ -0.691779353755114, 42.607916185389193 ], [ -0.6819552628824, 42.602287696152686 ], [ -0.684808851220482, 42.589747331686013 ], [ -0.693752250106182, 42.576582215170568 ], [ -0.676613234537657, 42.577442405285367 ], [ -0.677570084604231, 42.575300574518202 ], [ -0.684621559411214, 42.573741463599077 ], [ -0.675774950717911, 42.567537797709399 ], [ -0.671647664253352, 42.567138755538018 ], [ -0.671776510180026, 42.557127719163482 ] ] ] ] } },
{ "type": "Feature", "properties": { "codatzbs": "20107", "n_zbs": "HUESCA CAPITAL-N1-(PERPETUO SOCORRO)", "ccaa_cd": "ES24", "area": "Huesca-Jaca" }, "geometry": { "type": "MultiPolygon", "coordinates": [ [ [ [ -0.40035347608844, 42.127761542710417 ], [ -0.400540950778866, 42.128020379804987 ], [ -0.396980853648058, 42.130011243971012 ], [ -0.397289840542362, 42.130611427302789 ], [ -0.40167527014182, 42.132586957211707 ], [ -0.401790872183551, 42.132479219647941 ], [ -0.401801299623291, 42.132224255133146 ], [ -0.402654842982488, 42.131439365168504 ], [ -0.40315574875202, 42.131757748821826 ], [ -0.403147752833196, 42.131791946745864 ], [ -0.403144922527758, 42.132213435336531 ], [ -0.403907660238821, 42.13302584145611 ], [ -0.404196524639797, 42.133158847742102 ], [ -0.404206248756538, 42.133185514997905 ], [ -0.404216882088262, 42.133228839928407 ], [ -0.404239931695422, 42.133322755277085 ], [ -0.404278153490688, 42.133478489795792 ], [ -0.40297074094294, 42.1336740096217 ], [ -0.403032247348181, 42.133859011092838 ], [ -0.403057385196004, 42.133934621438826 ], [ -0.403741377114829, 42.135500311618884 ], [ -0.404729736611569, 42.135549844577795 ], [ -0.405034265579223, 42.135878755377355 ], [ -0.40503421833688, 42.135878860829187 ], [ -0.405040889913553, 42.135879087157633 ], [ -0.404881050813963, 42.136222791348715 ], [ -0.404804206027061, 42.136327441879281 ], [ -0.404766031477418, 42.13650825882771 ], [ -0.405030196351839, 42.136609169962334 ], [ -0.404960968965822, 42.136990278993686 ], [ -0.405101617895443, 42.137207878354225 ], [ -0.405257127584809, 42.137330881441002 ], [ -0.405469427950167, 42.137463353198989 ], [ -0.405714611717127, 42.137652218597694 ], [ -0.405969567514628, 42.137440297023844 ], [ -0.406472135738244, 42.137142316981368 ], [ -0.406473027130751, 42.137359147202574 ], [ -0.4067406833633, 42.137832538453623 ], [ -0.406819495508973, 42.138023060405544 ], [ -0.406846671086495, 42.138145204835794 ], [ -0.406843225337817, 42.138147981501021 ], [ -0.406872072238748, 42.138277830130072 ], [ -0.406883027266774, 42.138494002601718 ], [ -0.406886786858936, 42.138495786537931 ], [ -0.407062967423477, 42.138564770834662 ], [ -0.406971116736809, 42.138754195243024 ], [ -0.407026875074335, 42.138812538374296 ], [ -0.406966860722774, 42.139040246480612 ], [ -0.40702487335246, 42.139376686077874 ], [ -0.406989889392027, 42.139415484194181 ], [ -0.407278155881353, 42.139853986081143 ], [ -0.407282814095732, 42.14007321333446 ], [ -0.407240527072615, 42.140109084344211 ], [ -0.407370544566229, 42.140257491768942 ], [ -0.40740131705457, 42.140382479411365 ], [ -0.407366645973445, 42.140431241347486 ], [ -0.407355655037734, 42.140433591737029 ], [ -0.407264690816037, 42.140545223097661 ], [ -0.407385002557864, 42.14077302326956 ], [ -0.407360453951806, 42.140996399539375 ], [ -0.407418299467, 42.141075850385661 ], [ -0.407447608609835, 42.141130381922807 ], [ -0.407653768346902, 42.141292479463203 ], [ -0.407615141643106, 42.141420501376494 ], [ -0.407713422105385, 42.141449423105307 ], [ -0.40774539818637, 42.141908644746245 ], [ -0.407826688194316, 42.14219018515152 ], [ -0.407861999166877, 42.142264637844448 ], [ -0.407955798244383, 42.142482197474258 ], [ -0.408191782372535, 42.143059458414392 ], [ -0.408478577645247, 42.143337541471759 ], [ -0.408590788565435, 42.143346522349617 ], [ -0.40859231064482, 42.143347417347037 ], [ -0.408592395332327, 42.143346558663914 ], [ -0.408718239546355, 42.143354926860084 ], [ -0.408738428004643, 42.143345255632134 ], [ -0.409389341054865, 42.143361805495552 ], [ -0.409515706276953, 42.143418059950854 ], [ -0.409805061483733, 42.14356877509519 ], [ -0.409807648985466, 42.143570122829139 ], [ -0.409939641590238, 42.143654137649136 ], [ -0.409986109763259, 42.143683715091484 ], [ -0.410131912344154, 42.143779076495655 ], [ -0.410127803628509, 42.143785255625275 ], [ -0.410128279106428, 42.143785586954031 ], [ -0.410011551019403, 42.143963358125724 ], [ -0.409983495287673, 42.143980183206779 ], [ -0.409908557009836, 42.144091972757288 ], [ -0.409904485510744, 42.14410788983939 ], [ -0.410010058763691, 42.144155771391404 ], [ -0.410162200862784, 42.144274111067141 ], [ -0.410365147331257, 42.144415638078478 ], [ -0.410471602517139, 42.144518428593692 ], [ -0.410604389927302, 42.144646644577406 ], [ -0.41077254145935, 42.144780296840338 ], [ -0.411000075296143, 42.14496114848162 ], [ -0.411008254459462, 42.145085181445957 ], [ -0.410968024890598, 42.145213483217923 ], [ -0.410871238036435, 42.1452860875658 ], [ -0.410735597644355, 42.145288248674007 ], [ -0.410535300477974, 42.145291440353631 ], [ -0.410321103469337, 42.145294853571009 ], [ -0.410121084805625, 42.14529804000933 ], [ -0.409910593174356, 42.145301392065917 ], [ -0.409760244043211, 42.145303787101518 ], [ -0.40969102269411, 42.145724167419587 ], [ -0.409602341037294, 42.146262711454064 ], [ -0.409519509602524, 42.146765725738561 ], [ -0.409497695580381, 42.147068196151594 ], [ -0.409472253842079, 42.147420958683917 ], [ -0.409435796393912, 42.147926458734688 ], [ -0.40937103651037, 42.148924211234956 ], [ -0.409341184390511, 42.149655504979783 ], [ -0.409322416721095, 42.150115244116137 ], [ -0.409043636319781, 42.152336479741962 ], [ -0.40863792967537, 42.154117202443103 ], [ -0.408048293409487, 42.156010040625922 ], [ -0.407744205853449, 42.157183083606043 ], [ -0.407715428548247, 42.157887714299427 ], [ -0.407887456170774, 42.159321228042508 ], [ -0.407949581375614, 42.160058412590715 ], [ -0.40525397843075, 42.159262544772766 ], [ -0.403483485346405, 42.158507651212091 ], [ -0.40197004077129, 42.157341581440399 ], [ -0.400779021934512, 42.156123233006788 ], [ -0.399665590529063, 42.154966200502997 ], [ -0.398275929437908, 42.153713537815314 ], [ -0.396669294467629, 42.152872905102228 ], [ -0.394970515165835, 42.152327994994998 ], [ -0.392707038985597, 42.15188935615371 ], [ -0.389795221415586, 42.151644400650433 ], [ -0.387820987286149, 42.151376059651405 ], [ -0.385963604435931, 42.1507976198683 ], [ -0.384513482781772, 42.150049737163563 ], [ -0.38327722375922, 42.149174245655679 ], [ -0.382186645360395, 42.148239388934165 ], [ -0.381762751630775, 42.147842519929462 ], [ -0.381466699082539, 42.147277624237717 ], [ -0.38176886850506, 42.14611536581701 ], [ -0.382052739643902, 42.145023443786947 ], [ -0.382323753311166, 42.143980941211204 ], [ -0.38252109593077, 42.142692039866631 ], [ -0.381206242084654, 42.1406022320893 ], [ -0.379835078977699, 42.138442690438367 ], [ -0.37687001240131, 42.138324226068761 ], [ -0.373505309466512, 42.138189699661893 ], [ -0.371175603373072, 42.138640579269072 ], [ -0.370526761207503, 42.138238501236579 ], [ -0.371959318237752, 42.135785858863464 ], [ -0.36973005319084, 42.134104712596255 ], [ -0.370113437624879, 42.133147796057848 ], [ -0.369359507427947, 42.132028498832554 ], [ -0.36952132291171, 42.131019559241246 ], [ -0.370368014042525, 42.13031518750028 ], [ -0.371131648096925, 42.129071381167044 ], [ -0.371885263154045, 42.127634216709936 ], [ -0.372194207403519, 42.126374993715004 ], [ -0.372753210802854, 42.125434718990348 ], [ -0.373637497415091, 42.125335841094767 ], [ -0.374224145271923, 42.12469403038709 ], [ -0.375460784700611, 42.124781910051297 ], [ -0.375726490105701, 42.123909778517557 ], [ -0.394289177952416, 42.120285629617115 ], [ -0.394290195309136, 42.120287140950701 ], [ -0.394668727728588, 42.120192437305221 ], [ -0.400258786145796, 42.127647975363203 ], [ -0.40035347608844, 42.127761542710417 ] ] ] ] } },
{ "type": "Feature", "properties": { "codatzbs": "20711", "n_zbs": "SABINAN", "ccaa_cd": "ES24", "area": "Calatayud" }, "geometry": { "type": "MultiPolygon", "coordinates": [ [ [ [ -1.637841545572571, 41.441307588772837 ], [ -1.650877039869532, 41.456332178123816 ], [ -1.665466154576599, 41.459537823291335 ], [ -1.667898054823504, 41.461817809691183 ], [ -1.66652799939218, 41.465566989831927 ], [ -1.668468912697598, 41.471957531446904 ], [ -1.666211404612319, 41.47400305594067 ], [ -1.675705310309391, 41.480633907032207 ], [ -1.674136684512783, 41.490010388074261 ], [ -1.679738125370572, 41.500865380406644 ], [ -1.676829818161575, 41.513072606173239 ], [ -1.669314872556222, 41.510211714100123 ], [ -1.66541849265898, 41.506221423906915 ], [ -1.63463402544315, 41.50747233430414 ], [ -1.623568864464203, 41.509997517903564 ], [ -1.616990413886951, 41.506613016125009 ], [ -1.591496970199862, 41.511374537636968 ], [ -1.579478271798354, 41.507524806731467 ], [ -1.57392359251135, 41.510023093467346 ], [ -1.568875044575535, 41.504754248264192 ], [ -1.570403183963222, 41.499558124594046 ], [ -1.567149447654358, 41.496067887515487 ], [ -1.556976113295274, 41.494544588390703 ], [ -1.544068693176775, 41.489959405728357 ], [ -1.538082854808128, 41.489262011386778 ], [ -1.531601610566329, 41.49088170093615 ], [ -1.526696895117652, 41.482649564782776 ], [ -1.526071652417556, 41.473247150002109 ], [ -1.530632151431575, 41.465397234925277 ], [ -1.528426007740449, 41.459694512448969 ], [ -1.524698326822032, 41.458286683648971 ], [ -1.516761688137246, 41.459265510725217 ], [ -1.51376658110234, 41.459343914759224 ], [ -1.509423603907571, 41.459197657093455 ], [ -1.508549777667318, 41.455529363689671 ], [ -1.498422510571617, 41.44922769409623 ], [ -1.495013201003915, 41.441346976379045 ], [ -1.492623001064416, 41.441180597157569 ], [ -1.484799198000512, 41.43120588958881 ], [ -1.478028720970578, 41.429008805353185 ], [ -1.473731496248182, 41.419845669852684 ], [ -1.467225236801342, 41.41563380947305 ], [ -1.467817924434174, 41.41434466530832 ], [ -1.457611177534059, 41.408299584210042 ], [ -1.447606586868537, 41.399364975626504 ], [ -1.443833115269361, 41.398584378238908 ], [ -1.439332694230659, 41.396199578751208 ], [ -1.435326454999382, 41.388678183393814 ], [ -1.455664164341522, 41.363192335898013 ], [ -1.461394056249415, 41.362044095285597 ], [ -1.464828176946723, 41.364972332064355 ], [ -1.472625700156785, 41.366922579778489 ], [ -1.480484222424287, 41.361649314579751 ], [ -1.492871963723514, 41.368819913458054 ], [ -1.495604998894506, 41.372152297979788 ], [ -1.494268058270889, 41.37671955816657 ], [ -1.505799318374376, 41.385444762660939 ], [ -1.521009068124608, 41.388748796083853 ], [ -1.526779540750678, 41.38797614504648 ], [ -1.531931280398339, 41.391834090832127 ], [ -1.542273316913, 41.391488221889041 ], [ -1.548183329638283, 41.395733275334003 ], [ -1.561165706604138, 41.398805757547436 ], [ -1.564323904131309, 41.402060778863351 ], [ -1.568768314487681, 41.410501906905942 ], [ -1.571624678423986, 41.410823039009649 ], [ -1.571642524401125, 41.410805193032502 ], [ -1.594134573800166, 41.404578580487168 ], [ -1.606714872616543, 41.413727888717311 ], [ -1.628825700839371, 41.421225238517032 ], [ -1.632637912602007, 41.427833072238812 ], [ -1.633273281229065, 41.434186758509618 ], [ -1.637720861618705, 41.441175813407661 ], [ -1.637826550301753, 41.441426334730437 ], [ -1.637841545572571, 41.441307588772837 ] ] ] ] } },
{ "type": "Feature", "properties": { "codatzbs": "20511", "n_zbs": "TORRERO LA PAZ", "ccaa_cd": "ES24", "area": "Zaragoza II-Miguel Servet" }, "geometry": { "type": "MultiPolygon", "coordinates": [ [ [ [ -0.879541885719393, 41.629800712846425 ], [ -0.879042987680207, 41.629627247750314 ], [ -0.878538271799191, 41.629705683471201 ], [ -0.876821817588209, 41.630433557540549 ], [ -0.876375961138497, 41.630643963828234 ], [ -0.87597482234185, 41.630817565791297 ], [ -0.875646159778754, 41.630838784091551 ], [ -0.873807464072486, 41.630321487524306 ], [ -0.873493998336455, 41.630155520269653 ], [ -0.873184440644712, 41.629566067206888 ], [ -0.873013908080006, 41.629108990520741 ], [ -0.872895012221632, 41.628865576271075 ], [ -0.872657866385583, 41.628657893676554 ], [ -0.872194102030058, 41.628311313763533 ], [ -0.871985775093938, 41.628069294740719 ], [ -0.871883570939095, 41.627675653708529 ], [ -0.87176468179482, 41.627432238394157 ], [ -0.871497866162383, 41.627056712379236 ], [ -0.871205057265102, 41.626659763128131 ], [ -0.87108777321649, 41.626361725307405 ], [ -0.871180969974631, 41.625886067993349 ], [ -0.871320074184284, 41.625513824528589 ], [ -0.871413596202924, 41.625263552930839 ], [ -0.871544415816459, 41.624913471121516 ], [ -0.871734069103321, 41.624720194333882 ], [ -0.872140189428913, 41.6245899160226 ], [ -0.872709126047733, 41.624415396162661 ], [ -0.872989264246677, 41.624285749146019 ], [ -0.873224467934536, 41.624079610499948 ], [ -0.873273666546372, 41.623915617145137 ], [ -0.873296679490006, 41.623689777701969 ], [ -0.873081352437129, 41.623424619336106 ], [ -0.872733322382318, 41.623067362911648 ], [ -0.872487726017567, 41.622728309260999 ], [ -0.872033007082316, 41.622384471946049 ], [ -0.871626096123578, 41.622241044319736 ], [ -0.87104718456473, 41.622094363765981 ], [ -0.870700135933582, 41.621992231757837 ], [ -0.870293716718351, 41.62168558968672 ], [ -0.869857324742751, 41.621356329080044 ], [ -0.869405625258843, 41.621015513132178 ], [ -0.869313349990318, 41.620766846953963 ], [ -0.869239635932694, 41.620568196745666 ], [ -0.869463200002158, 41.620133435462002 ], [ -0.869689732908839, 41.619900808073133 ], [ -0.870270355551355, 41.61930455295861 ], [ -0.870614368242341, 41.61896480866011 ], [ -0.870758217274999, 41.618639201777135 ], [ -0.870692126825346, 41.618365392842712 ], [ -0.870288180295701, 41.618155612155824 ], [ -0.869821185271621, 41.617902772829474 ], [ -0.869452871353218, 41.617703352498978 ], [ -0.868945206431669, 41.617588086757713 ], [ -0.868169113872191, 41.617411868068587 ], [ -0.867463205594708, 41.617349226516936 ], [ -0.866603382089935, 41.617272921614777 ], [ -0.866055440912404, 41.617224290261241 ], [ -0.865332986011524, 41.617103147107457 ], [ -0.86408116971921, 41.616939884206204 ], [ -0.863486531046917, 41.616821609597999 ], [ -0.862933297106055, 41.616711567474624 ], [ -0.861988545933107, 41.616378201099685 ], [ -0.861554541836124, 41.615506993243955 ], [ -0.861341532218717, 41.615079394580043 ], [ -0.861031597128562, 41.614600120422992 ], [ -0.860744164512711, 41.613891211613854 ], [ -0.860473947362705, 41.613292054552872 ], [ -0.860226083036182, 41.613023370675997 ], [ -0.859965121944935, 41.612776119259969 ], [ -0.859577400004339, 41.612511784997842 ], [ -0.859128409414472, 41.612387162807309 ], [ -0.858342934403875, 41.612169139878681 ], [ -0.857551513029552, 41.611949459711532 ], [ -0.856950074989097, 41.611488209346227 ], [ -0.856592048884328, 41.61134635729583 ], [ -0.855737656107916, 41.611201458295014 ], [ -0.85502053414738, 41.611068420032552 ], [ -0.854588241431785, 41.610980683542351 ], [ -0.853917246430662, 41.610857551153259 ], [ -0.853542318693608, 41.610978994893102 ], [ -0.853172271664032, 41.611230752985499 ], [ -0.852770486260441, 41.611474590894531 ], [ -0.8524257557129, 41.611671731211032 ], [ -0.852166621394363, 41.611745353637659 ], [ -0.851947350028536, 41.611762723788416 ], [ -0.851606960016988, 41.611682133040411 ], [ -0.8511585259498, 41.611462522719435 ], [ -0.850998345173868, 41.611241620751706 ], [ -0.850707798815858, 41.611004447156688 ], [ -0.850482835057369, 41.610907491862285 ], [ -0.850063026313769, 41.610949582019359 ], [ -0.849594288303613, 41.611033567491532 ], [ -0.849161817509955, 41.610996816593961 ], [ -0.848665702797454, 41.61093411093438 ], [ -0.84832644282433, 41.610842129393838 ], [ -0.847877670413662, 41.610612488331341 ], [ -0.847633865522217, 41.61043926676178 ], [ -0.847124548985247, 41.610098852357162 ], [ -0.846901947433648, 41.609930458593702 ], [ -0.846541998758459, 41.609888074841329 ], [ -0.846020980882948, 41.609828316281913 ], [ -0.845580783534192, 41.609627413709205 ], [ -0.845254365735887, 41.609435728467552 ], [ -0.844707205137122, 41.609018667898745 ], [ -0.844509325293992, 41.608394122479432 ], [ -0.844337680138037, 41.607837833885888 ], [ -0.844329127404171, 41.607523625977635 ], [ -0.844666167658251, 41.606554156354441 ], [ -0.844821136566193, 41.605722503163726 ], [ -0.844812950582255, 41.605274080533576 ], [ -0.844471325419288, 41.604967932141278 ], [ -0.843310185225784, 41.604432354164899 ], [ -0.841865213574386, 41.60382967030958 ], [ -0.839306574775275, 41.602731933061428 ], [ -0.836677572819211, 41.601580952176583 ], [ -0.835565157686296, 41.601105765514717 ], [ -0.83403988064302, 41.600454189462887 ], [ -0.831892081196289, 41.599669178838724 ], [ -0.830065882326538, 41.596682022435459 ], [ -0.827429434981966, 41.596003029280972 ], [ -0.820184233631414, 41.594918634983273 ], [ -0.817766297766356, 41.593900636607692 ], [ -0.813884556177314, 41.594067777886075 ], [ -0.812946364950062, 41.595487876040529 ], [ -0.811112545358682, 41.595868140111286 ], [ -0.810639963178499, 41.595966172697786 ], [ -0.808961056645643, 41.595970225342235 ], [ -0.803497921868603, 41.594407796762113 ], [ -0.80202666909128, 41.59385992274607 ], [ -0.801591556647926, 41.590158799502113 ], [ -0.801147523472608, 41.589284610676202 ], [ -0.80074196090986, 41.585786772541539 ], [ -0.800290063283314, 41.58549443081494 ], [ -0.798979535916988, 41.58467310435428 ], [ -0.796096935292941, 41.582865227418978 ], [ -0.793233011285292, 41.581720443047544 ], [ -0.79060350361977, 41.580777248988362 ], [ -0.78833334909535, 41.579950943879666 ], [ -0.785609521002153, 41.579267822972533 ], [ -0.784181227336109, 41.578733758290568 ], [ -0.781762126341816, 41.577829151979664 ], [ -0.779604790636235, 41.577022367558747 ], [ -0.777077022036337, 41.576076975862705 ], [ -0.77527987448353, 41.575668400107546 ], [ -0.772649745562846, 41.575243680385526 ], [ -0.769480274972454, 41.574773675044071 ], [ -0.767543979709828, 41.574171872951929 ], [ -0.76423637089117, 41.573143765055889 ], [ -0.763080321161275, 41.572409786443799 ], [ -0.761474547542233, 41.571675987067643 ], [ -0.75764701227205, 41.569989146301388 ], [ -0.75556202565977, 41.568205650066375 ], [ -0.753469344019057, 41.566647167156489 ], [ -0.750215944932426, 41.565408535997399 ], [ -0.748432262591627, 41.564356557798405 ], [ -0.746218969788205, 41.563051120318889 ], [ -0.745091845978982, 41.56218689923918 ], [ -0.743376926683441, 41.561500213509611 ], [ -0.741449643316522, 41.561232684562242 ], [ -0.738883696803352, 41.560709367165529 ], [ -0.736664478797634, 41.559611319032776 ], [ -0.735034612488455, 41.558818651023742 ], [ -0.73295012436812, 41.558593841857785 ], [ -0.730678875663102, 41.558317529696936 ], [ -0.728059142504787, 41.557538551111435 ], [ -0.727357934187193, 41.556688221047757 ], [ -0.726649942470402, 41.555864884609448 ], [ -0.725862430283504, 41.55570297242037 ], [ -0.724294749714043, 41.555636835349226 ], [ -0.722325468044461, 41.55555372388681 ], [ -0.720773337110327, 41.555266263605432 ], [ -0.719088012633334, 41.5542100498431 ], [ -0.718677199963728, 41.55263079577778 ], [ -0.718128043783534, 41.551164199112158 ], [ -0.716004526081255, 41.550317068995348 ], [ -0.715075804552596, 41.54985762466756 ], [ -0.713569392220348, 41.548648564773814 ], [ -0.712569910214223, 41.548352253101875 ], [ -0.711306326247773, 41.5488630153625 ], [ -0.709125593689004, 41.548731622242421 ], [ -0.707983994291573, 41.548087163859201 ], [ -0.706384528898545, 41.547066866337104 ], [ -0.704887942893225, 41.546278093026842 ], [ -0.702950520498766, 41.545498559497425 ], [ -0.70144279823555, 41.545545181532354 ], [ -0.700455899687979, 41.545032578615938 ], [ -0.699455686791779, 41.544901280851846 ], [ -0.698205582538996, 41.544624824459405 ], [ -0.69764184579833, 41.544011105579017 ], [ -0.69743777401703, 41.542812881898854 ], [ -0.697138865001199, 41.541374078990472 ], [ -0.696473211918011, 41.541358297367964 ], [ -0.695638365165839, 41.541254094853677 ], [ -0.694202879684637, 41.541012685509067 ], [ -0.693107233248278, 41.540539255339702 ], [ -0.692766293058107, 41.539427799794801 ], [ -0.692513024406868, 41.538347011431654 ], [ -0.690675638476853, 41.537188674544922 ], [ -0.688316646802442, 41.535620144491801 ], [ -0.68660253531472, 41.534558499429224 ], [ -0.684580437729701, 41.533762053903409 ], [ -0.682471014204476, 41.532680060609479 ], [ -0.682120601536802, 41.531868045836468 ], [ -0.680866332524586, 41.530979980028988 ], [ -0.684082557103456, 41.528586710314876 ], [ -0.685116971200226, 41.527605494540836 ], [ -0.686075618986935, 41.526221993746859 ], [ -0.68689919312296, 41.524915149715966 ], [ -0.688280152302212, 41.523883625036959 ], [ -0.690789774568809, 41.522424945606417 ], [ -0.691853146074473, 41.522020370882977 ], [ -0.693739107099402, 41.521302795427282 ], [ -0.694935101680569, 41.520558759694616 ], [ -0.69663259139229, 41.519438497819912 ], [ -0.698587251362667, 41.517919166242315 ], [ -0.699358137371386, 41.517367274689107 ], [ -0.698482707795811, 41.516148859068586 ], [ -0.697705399712172, 41.515066966906012 ], [ -0.694529935663728, 41.514138478101778 ], [ -0.69209026124024, 41.513285553294473 ], [ -0.688836643287085, 41.512170759554486 ], [ -0.686595078571062, 41.511713301059821 ], [ -0.684420779771868, 41.511410219975396 ], [ -0.682069345094293, 41.511065086158013 ], [ -0.68330301972381, 41.509740118004459 ], [ -0.684634534538808, 41.50869967691807 ], [ -0.684953000729507, 41.508082961443833 ], [ -0.685255667109559, 41.507015705409749 ], [ -0.685760225575106, 41.506374422555872 ], [ -0.685918471245297, 41.505502434866408 ], [ -0.685686314495117, 41.504646363039427 ], [ -0.687136770076352, 41.503882067668648 ], [ -0.686863009963833, 41.503214615319308 ], [ -0.68818536674561, 41.502718669730577 ], [ -0.687792215725154, 41.500836371557412 ], [ -0.687888651802128, 41.498690922337119 ], [ -0.687856347637231, 41.4969104358956 ], [ -0.687097901644864, 41.495410277291612 ], [ -0.686515341068257, 41.494245611506003 ], [ -0.685640004853558, 41.491795017276935 ], [ -0.686285266925838, 41.491425880273816 ], [ -0.686947495456111, 41.491042835287445 ], [ -0.688052354103553, 41.490394301472392 ], [ -0.687821729075339, 41.489290320489623 ], [ -0.688083511600945, 41.48845087882971 ], [ -0.688335452526917, 41.487959995213494 ], [ -0.689074967870404, 41.487693050580027 ], [ -0.690084599288306, 41.487174944465366 ], [ -0.692192551784206, 41.486506131646458 ], [ -0.693063551813581, 41.486990232020545 ], [ -0.693950606127819, 41.486865121081408 ], [ -0.695467513504397, 41.487225734589046 ], [ -0.696550284841375, 41.487165598536208 ], [ -0.697973271097053, 41.48708655159178 ], [ -0.698808816196019, 41.487790935256562 ], [ -0.699932590175569, 41.488738299551372 ], [ -0.700731403905964, 41.489593968014042 ], [ -0.702422954484094, 41.490569434551581 ], [ -0.703882274283396, 41.491410937093498 ], [ -0.705719472417594, 41.49193791617364 ], [ -0.707425276091412, 41.492246180736231 ], [ -0.707921028594548, 41.493318583315258 ], [ -0.708083934031999, 41.493889382180498 ], [ -0.709417642793189, 41.494176756062174 ], [ -0.710475076164401, 41.494750328176913 ], [ -0.711855968828496, 41.495499321373337 ], [ -0.713534402931726, 41.496330031958898 ], [ -0.71865511084026, 41.498626106231399 ], [ -0.717038256650585, 41.497826631786616 ], [ -0.720173031597608, 41.499367418418565 ], [ -0.723282082284623, 41.500204224925959 ], [ -0.724888006132277, 41.500546277669294 ], [ -0.726598919938458, 41.500692092888144 ], [ -0.728350719822242, 41.50087457371454 ], [ -0.7292858633069, 41.501093030439172 ], [ -0.730948539708913, 41.500638302438162 ], [ -0.732627482559527, 41.500292773221389 ], [ -0.748051357722096, 41.502185561237653 ], [ -0.769819042400703, 41.505231219900374 ], [ -0.795861879809439, 41.508473962875449 ], [ -0.821079155369905, 41.512841887157876 ], [ -0.836810926705276, 41.518152649704319 ], [ -0.85565565163665, 41.534806120844152 ], [ -0.869264026178334, 41.543199614180629 ], [ -0.878712187672721, 41.549707135727544 ], [ -0.888408063727843, 41.558030351853482 ], [ -0.901176331124875, 41.56459336444275 ], [ -0.916633743281846, 41.568921145695398 ], [ -0.915761158732099, 41.570592567332163 ], [ -0.915087266270307, 41.571883329652792 ], [ -0.914556729845449, 41.572064144731556 ], [ -0.913632047426043, 41.57237928259449 ], [ -0.91284255689574, 41.572750464683416 ], [ -0.912341096353484, 41.572986222622902 ], [ -0.912016701686235, 41.573376684733041 ], [ -0.911684897282356, 41.573911661065587 ], [ -0.91140982500055, 41.574355179347883 ], [ -0.911199042477506, 41.574928912107247 ], [ -0.911295467723504, 41.57541095111101 ], [ -0.911394820354088, 41.575907446576316 ], [ -0.911534191441032, 41.576603918762373 ], [ -0.911472084913309, 41.577248602778532 ], [ -0.911114565188547, 41.577670626192337 ], [ -0.910943685653271, 41.578211696784081 ], [ -0.91054520027995, 41.578479158857149 ], [ -0.909845772327511, 41.578966309246816 ], [ -0.90912019622793, 41.579520523706456 ], [ -0.908314171843132, 41.579965180202151 ], [ -0.907751209395964, 41.58031070182264 ], [ -0.90728174355602, 41.580919077657938 ], [ -0.906838237776467, 41.58128027611118 ], [ -0.906537954697214, 41.582054438646125 ], [ -0.906224229355174, 41.582462451528841 ], [ -0.906481516212853, 41.583221965327894 ], [ -0.906609704155043, 41.583897007571686 ], [ -0.906897692691625, 41.584451675134353 ], [ -0.906678313584996, 41.58511418551435 ], [ -0.906304847664854, 41.585862424067827 ], [ -0.904220819792281, 41.586078531615165 ], [ -0.895067881292052, 41.595352164859911 ], [ -0.894511920889799, 41.595476942867208 ], [ -0.894520733227396, 41.595906416983723 ], [ -0.89433628818045, 41.596368169328706 ], [ -0.893821660688768, 41.59661454781363 ], [ -0.893076476780882, 41.599523082510501 ], [ -0.893746219745099, 41.600768191885173 ], [ -0.893731257558802, 41.602915510094604 ], [ -0.893669514153401, 41.604095579838535 ], [ -0.893625066534588, 41.605482397570704 ], [ -0.893965841242399, 41.605976176479665 ], [ -0.89416115188593, 41.606547173359132 ], [ -0.89414373282671, 41.607876685657992 ], [ -0.894014357801725, 41.608474146765047 ], [ -0.893667540547609, 41.608915615016663 ], [ -0.893093789891611, 41.610345083372628 ], [ -0.892359644230466, 41.611328350286044 ], [ -0.891940075351383, 41.61198212384523 ], [ -0.891373289645303, 41.61512934669102 ], [ -0.89124788732195, 41.615514524968454 ], [ -0.890868717886957, 41.616099684111326 ], [ -0.890637639241712, 41.616548302227159 ], [ -0.890465658347137, 41.61690269035855 ], [ -0.890243958672052, 41.617312128407164 ], [ -0.890958978178572, 41.617541646049418 ], [ -0.890818510274694, 41.617903843484491 ], [ -0.890395556528424, 41.619249308956157 ], [ -0.890135633663182, 41.619209921931251 ], [ -0.889897719868013, 41.619817697858224 ], [ -0.890118449525835, 41.619868785807554 ], [ -0.89075864273171, 41.619971482365067 ], [ -0.892195736282777, 41.620239750887471 ], [ -0.891839070858159, 41.620644023049394 ], [ -0.89140618787721, 41.621175577242028 ], [ -0.890978703227154, 41.62161196399142 ], [ -0.890968618942431, 41.621625938976834 ], [ -0.890547470753186, 41.62220961161799 ], [ -0.890145038719065, 41.622613515451178 ], [ -0.88974775274173, 41.6230408041217 ], [ -0.889514235187604, 41.62355499163327 ], [ -0.889387958819569, 41.624106636904408 ], [ -0.889185037232683, 41.624127566623017 ], [ -0.889071521375806, 41.624223725422716 ], [ -0.88901065563226, 41.624363917894719 ], [ -0.888893691124149, 41.624633450980348 ], [ -0.888541338674107, 41.624913552895578 ], [ -0.888150264868613, 41.62498071043418 ], [ -0.887783749131651, 41.624975456161224 ], [ -0.887389797053803, 41.624877832413191 ], [ -0.886886294145272, 41.626392068537832 ], [ -0.886678148801576, 41.627114966188451 ], [ -0.886450626612304, 41.627905121612329 ], [ -0.886209642745241, 41.62874204376385 ], [ -0.886089097190194, 41.629179221864 ], [ -0.885958165147579, 41.629619807712174 ], [ -0.885332220114181, 41.631844119008122 ], [ -0.885217366424751, 41.63234052305512 ], [ -0.885188722007492, 41.632478144091586 ], [ -0.884976054695625, 41.633525291756342 ], [ -0.882582529487703, 41.633173824548791 ], [ -0.881868869645044, 41.6330491172303 ], [ -0.881558158765379, 41.632974481169533 ], [ -0.881551172594478, 41.632851684567484 ], [ -0.881494721503672, 41.63185943196428 ], [ -0.881194023196268, 41.631210023495726 ], [ -0.880874027257813, 41.63063708297971 ], [ -0.880248847930715, 41.630248511540351 ], [ -0.879541885719393, 41.629800712846425 ] ] ] ] } },
{ "type": "Feature", "properties": { "codatzbs": "20214", "n_zbs": "TAMARITE DE LITERA", "ccaa_cd": "ES24", "area": "Barbastro" }, "geometry": { "type": "MultiPolygon", "coordinates": [ [ [ [ 0.596369473635066, 41.892841243122724 ], [ 0.593143357142044, 41.884531783106986 ], [ 0.608582287604823, 41.878373962879799 ], [ 0.607519698665836, 41.87191491718584 ], [ 0.603764529134635, 41.869196366925152 ], [ 0.594349538894791, 41.868231093393746 ], [ 0.591095027709323, 41.865406489518875 ], [ 0.58041537171659, 41.863570156721735 ], [ 0.582572130060574, 41.857757659029112 ], [ 0.580413437567894, 41.851026267758215 ], [ 0.562505974795711, 41.853663995972227 ], [ 0.562575810749055, 41.852320089198116 ], [ 0.557749873341302, 41.854342884036086 ], [ 0.552819086651594, 41.849479964906394 ], [ 0.553774472531247, 41.835204495567055 ], [ 0.549687898055153, 41.826632154039054 ], [ 0.54275162610213, 41.820498059067113 ], [ 0.525462900479457, 41.822660582477631 ], [ 0.519847822472023, 41.821031902637316 ], [ 0.51582147890463, 41.822470102778603 ], [ 0.502493709159598, 41.814512048755333 ], [ 0.499308147612236, 41.80708100975729 ], [ 0.495538364456664, 41.804602536526417 ], [ 0.489412846359684, 41.805275260908665 ], [ 0.483591773669296, 41.801579931725719 ], [ 0.474178768563729, 41.787304049149014 ], [ 0.470018561721685, 41.765736544818289 ], [ 0.465040572668083, 41.76331147293488 ], [ 0.448376918171553, 41.764785963746107 ], [ 0.438635787233639, 41.761440190131594 ], [ 0.408372404807465, 41.759353254138865 ], [ 0.400973516431656, 41.756808174455998 ], [ 0.39903630287196, 41.757928238270722 ], [ 0.398967316514335, 41.755255639560851 ], [ 0.395797260279848, 41.732097960700003 ], [ 0.385102709891683, 41.740428562420092 ], [ 0.373133535931923, 41.724022098929716 ], [ 0.369579221518503, 41.72478393060409 ], [ 0.369019457887462, 41.71430915077967 ], [ 0.36421993267265, 41.711469134351887 ], [ 0.351647121118983, 41.702651467023038 ], [ 0.331896060415908, 41.726676392692347 ], [ 0.348883625330048, 41.729252837733675 ], [ 0.358730319839229, 41.734116189539307 ], [ 0.345170304959887, 41.747560940199179 ], [ 0.341050692801604, 41.764565863684233 ], [ 0.340471415445374, 41.789770501493877 ], [ 0.337840479520323, 41.792170394622559 ], [ 0.32512908027271, 41.794646685433889 ], [ 0.325277044797879, 41.797506033341691 ], [ 0.319514743494005, 41.802904950860487 ], [ 0.318406547634839, 41.814535772640816 ], [ 0.319595810504044, 41.818679863385583 ], [ 0.324011522211839, 41.821424659381513 ], [ 0.335586665851126, 41.825708482828524 ], [ 0.340092948163814, 41.830863463767642 ], [ 0.340105772474674, 41.833654681761153 ], [ 0.349380573821278, 41.843172950467817 ], [ 0.361700165533746, 41.850061774220798 ], [ 0.359869679752792, 41.858111989859275 ], [ 0.372085878234126, 41.863642910249624 ], [ 0.370597829838869, 41.865586793213879 ], [ 0.347160899773493, 41.864562010218251 ], [ 0.352124586362936, 41.869405921642716 ], [ 0.355205794817809, 41.887524265118024 ], [ 0.358198794195331, 41.892434601150072 ], [ 0.36325828266051, 41.906154237751366 ], [ 0.363709005987112, 41.914272608917678 ], [ 0.358750083797141, 41.921550060758882 ], [ 0.364126766809934, 41.925886016184073 ], [ 0.366152072138827, 41.92770863536078 ], [ 0.361905256014299, 41.93363247307385 ], [ 0.358100101840594, 41.934662462932053 ], [ 0.362644986093768, 41.938527557097665 ], [ 0.357427372449878, 41.940454420836495 ], [ 0.353965401565519, 41.945274416170029 ], [ 0.333493043451865, 41.948689860739428 ], [ 0.350595621073579, 41.953702639545106 ], [ 0.353716221893213, 41.957537651367176 ], [ 0.348698544412869, 41.964465074878206 ], [ 0.351585035156475, 41.970035954777806 ], [ 0.350272639307145, 41.974000525455224 ], [ 0.353452259206706, 41.979166462145358 ], [ 0.337414838800378, 41.983587566572453 ], [ 0.330962088426647, 41.987602373690066 ], [ 0.33494485215958, 41.99891405008475 ], [ 0.355141956303519, 42.000776333909592 ], [ 0.385425266995599, 41.985587361795254 ], [ 0.405983081930407, 41.986353439963693 ], [ 0.416546297118523, 41.986314231589297 ], [ 0.423012844737777, 41.984522230866723 ], [ 0.450843519228587, 42.011720477414997 ], [ 0.460215354302342, 42.006638376759113 ], [ 0.473626101615003, 41.994166288103791 ], [ 0.473845077040254, 41.988432516142261 ], [ 0.470588588033615, 41.986036732621514 ], [ 0.467288531379535, 41.977500789965916 ], [ 0.461552986082195, 41.972991558789694 ], [ 0.458927032831365, 41.960824019158785 ], [ 0.471298873228541, 41.970022467322138 ], [ 0.479561305918429, 41.97284273032006 ], [ 0.484434937190336, 41.97192928967727 ], [ 0.480076003077602, 41.968558737013666 ], [ 0.491926758822052, 41.966820713895856 ], [ 0.491262922402598, 41.971010172146201 ], [ 0.500794094774779, 41.965037543690521 ], [ 0.509592651815295, 41.968379537908767 ], [ 0.515305694416153, 41.973742502015952 ], [ 0.527315821034409, 41.972707347100503 ], [ 0.545492432658627, 41.97385767209412 ], [ 0.568535364567214, 41.966416120061325 ], [ 0.57759355047057, 41.95515700571638 ], [ 0.56610387276897, 41.944474937786445 ], [ 0.562239714667391, 41.938336571829062 ], [ 0.562799913631604, 41.932808216835994 ], [ 0.576076313563329, 41.930846169533801 ], [ 0.603254161298457, 41.922440250695317 ], [ 0.607106718617183, 41.918915359075207 ], [ 0.597766606557257, 41.919199764954321 ], [ 0.595019748703438, 41.91752095334386 ], [ 0.601345001669512, 41.908659765481062 ], [ 0.596369473635066, 41.892841243122724 ] ], [ [ 0.382103336715429, 41.924240651039725 ], [ 0.381873098693793, 41.917376604406371 ], [ 0.384826795513624, 41.915776567004386 ], [ 0.38321132572255, 41.913041682012476 ], [ 0.3803343754712, 41.912442078891885 ], [ 0.382261913403687, 41.907396454342631 ], [ 0.379859693252405, 41.904594680799924 ], [ 0.378423236422416, 41.885825261566559 ], [ 0.392203184264289, 41.883887755296627 ], [ 0.394821870331247, 41.886457789848613 ], [ 0.394218438994338, 41.890762017478039 ], [ 0.408005182893321, 41.891658971375691 ], [ 0.4094917316258, 41.897621226497122 ], [ 0.409079537876417, 41.901424567260669 ], [ 0.402782036252432, 41.901323462224617 ], [ 0.402624687689248, 41.908793357318359 ], [ 0.395957441614579, 41.910143550552753 ], [ 0.391762943954446, 41.92357726106637 ], [ 0.396893208738496, 41.929359732595586 ], [ 0.392321763641902, 41.931386079706591 ], [ 0.382103336715429, 41.924240651039725 ] ] ] ] } },
{ "type": "Feature", "properties": { "codatzbs": "20710", "n_zbs": "CALATAYUD URBANA", "ccaa_cd": "ES24", "area": "Calatayud" }, "geometry": { "type": "MultiPolygon", "coordinates": [ [ [ [ -1.5671651127309, 41.341404495997295 ], [ -1.566139601402776, 41.341527174659326 ], [ -1.566427842289054, 41.342067626321111 ], [ -1.581131543057111, 41.345785803526901 ], [ -1.594483179386901, 41.351870093499919 ], [ -1.609355888209868, 41.36099652845953 ], [ -1.611214976812755, 41.379418406433331 ], [ -1.603271598236879, 41.397502268297657 ], [ -1.593976155222454, 41.404600606599452 ], [ -1.571667091988001, 41.410684896572441 ], [ -1.568793955056276, 41.410684896572434 ], [ -1.564568753686169, 41.402234493832154 ], [ -1.56101958453514, 41.398685324681225 ], [ -1.548343980424708, 41.39581218774947 ], [ -1.542259690451718, 41.391586986379352 ], [ -1.531274166889259, 41.39158698637933 ], [ -1.526203925244996, 41.38803781722833 ], [ -1.520119635272005, 41.38888285750236 ], [ -1.505753950613372, 41.385502696406029 ], [ -1.49439807545137, 41.376651793706358 ], [ -1.494308362588965, 41.376581870445953 ], [ -1.494261402886634, 41.376545269501463 ], [ -1.494397102659475, 41.376278716376262 ], [ -1.495604998894506, 41.372152297979788 ], [ -1.492871963723514, 41.368819913458054 ], [ -1.480484222424287, 41.361649314579751 ], [ -1.472625700156785, 41.366922579778489 ], [ -1.464828176946723, 41.364972332064355 ], [ -1.461394056249415, 41.362044095285597 ], [ -1.455664164341522, 41.363192335898013 ], [ -1.443219937551095, 41.356602509811431 ], [ -1.441505228265286, 41.349805778419309 ], [ -1.434680016169648, 41.341318358394005 ], [ -1.43657626204107, 41.339488658733785 ], [ -1.427358103168564, 41.332193270873894 ], [ -1.42528033960969, 41.326174971519173 ], [ -1.423159738736903, 41.321948580908909 ], [ -1.424093104039917, 41.318421500309064 ], [ -1.430248289425102, 41.316334858041785 ], [ -1.429497145862121, 41.313289135293466 ], [ -1.434785122348568, 41.311469668765433 ], [ -1.434921147865462, 41.308282947397927 ], [ -1.431573682070346, 41.306399896501539 ], [ -1.427694951186316, 41.296808174469106 ], [ -1.424497803768592, 41.288216520467344 ], [ -1.426245456885572, 41.281584005654061 ], [ -1.406757880861725, 41.270308903398053 ], [ -1.401931292192205, 41.269467337208162 ], [ -1.385604521218944, 41.25714265234128 ], [ -1.392460594147435, 41.254032004509021 ], [ -1.392425916911674, 41.250581677137845 ], [ -1.39598193211195, 41.246704054456934 ], [ -1.398842235210495, 41.245888167155407 ], [ -1.403258350943066, 41.248318419177501 ], [ -1.416602516785073, 41.244314346190187 ], [ -1.420647859021016, 41.241352421862359 ], [ -1.436698067403377, 41.219332180449975 ], [ -1.449600504845663, 41.205409960176858 ], [ -1.447856572670914, 41.19542414539572 ], [ -1.449308636341825, 41.187967480962456 ], [ -1.449896926179477, 41.187290881560209 ], [ -1.462165903618788, 41.177628212237757 ], [ -1.48458981163296, 41.17561049015513 ], [ -1.49128822119528, 41.173077244309496 ], [ -1.496880196218321, 41.17303329742947 ], [ -1.497658389400137, 41.171323000522484 ], [ -1.504414033701248, 41.17147406760207 ], [ -1.509544343121133, 41.168126691365487 ], [ -1.514462705522916, 41.168334335259217 ], [ -1.525003818783137, 41.161263796820933 ], [ -1.528326359050357, 41.135814754558965 ], [ -1.525928802865894, 41.127956530612209 ], [ -1.512151917923785, 41.127671231309428 ], [ -1.529844382580439, 41.121719173383113 ], [ -1.53788301211079, 41.113750659699058 ], [ -1.538836113875781, 41.107295306378546 ], [ -1.546263522868681, 41.100993780738087 ], [ -1.551844645092272, 41.099541818663781 ], [ -1.560268254557343, 41.112402208915235 ], [ -1.565648517005686, 41.114189805635661 ], [ -1.565889857534844, 41.11677802654436 ], [ -1.585956451599494, 41.116936053779462 ], [ -1.588978417230302, 41.120432076378115 ], [ -1.59998036266161, 41.118953915943429 ], [ -1.610598313195355, 41.12945037273817 ], [ -1.615033501033241, 41.128152641219863 ], [ -1.617400197423666, 41.129478096087674 ], [ -1.617654836729758, 41.129584647897914 ], [ -1.622254028134438, 41.13150898727622 ], [ -1.62927459299734, 41.146221199982641 ], [ -1.639097014266917, 41.152399862763197 ], [ -1.640823382531972, 41.157671722749768 ], [ -1.639025397241902, 41.160469848980242 ], [ -1.655376763403663, 41.16636376912777 ], [ -1.661739657511447, 41.170581367619725 ], [ -1.673396673120267, 41.170653198906258 ], [ -1.678315420389455, 41.177402422202071 ], [ -1.683340494969658, 41.18008121436349 ], [ -1.680905508432974, 41.189727552420919 ], [ -1.682888510750533, 41.195497112288628 ], [ -1.699106744103439, 41.202130878476403 ], [ -1.705816283465232, 41.199963595478373 ], [ -1.714229605618167, 41.206390264139102 ], [ -1.727064501362502, 41.211252800084175 ], [ -1.726336077659919, 41.214370378308935 ], [ -1.729574881932687, 41.218369509709909 ], [ -1.739248740740818, 41.222763489243391 ], [ -1.741580842014725, 41.228067459461435 ], [ -1.76000543139405, 41.23739209149916 ], [ -1.764865067160642, 41.249280220763644 ], [ -1.758008787426363, 41.270356207811794 ], [ -1.764466945877232, 41.271668763019804 ], [ -1.76147604802138, 41.274519076908341 ], [ -1.763502419558664, 41.276594520894648 ], [ -1.763412256441528, 41.282007054111489 ], [ -1.746384876253146, 41.282597538448066 ], [ -1.748099530691987, 41.284102497859379 ], [ -1.749196758266393, 41.286051006574979 ], [ -1.741075245556075, 41.289835624703542 ], [ -1.737526404272656, 41.300461703636927 ], [ -1.731833096491511, 41.307028617050314 ], [ -1.733972403369292, 41.310060591498932 ], [ -1.748414986908344, 41.310705039782832 ], [ -1.752434000091157, 41.312946500560329 ], [ -1.748825367602864, 41.317978488111066 ], [ -1.75114818382143, 41.320850035388325 ], [ -1.743396140952015, 41.321972677115127 ], [ -1.752728014960029, 41.328226289844281 ], [ -1.761970931386587, 41.347475878875692 ], [ -1.758409589186431, 41.351842139647651 ], [ -1.756975134585889, 41.359383862268253 ], [ -1.750274757224747, 41.367165755799981 ], [ -1.746850465328621, 41.369281289742467 ], [ -1.74322185095501, 41.368953445503934 ], [ -1.742666105184796, 41.370487682902038 ], [ -1.731185896732298, 41.365632759382272 ], [ -1.721267844450535, 41.358623363574161 ], [ -1.711826996655003, 41.357833459229681 ], [ -1.711757419364215, 41.351157675186464 ], [ -1.705881912230762, 41.34477333639942 ], [ -1.702027056888634, 41.340293927461779 ], [ -1.69671779932535, 41.335072226410801 ], [ -1.692781952321049, 41.324515932439262 ], [ -1.697017794202489, 41.321816699282778 ], [ -1.699476799662457, 41.321934609567386 ], [ -1.698224708367186, 41.318209387780122 ], [ -1.69094356810465, 41.314280625021276 ], [ -1.688830755831397, 41.315382482818478 ], [ -1.680563042887662, 41.308289223153125 ], [ -1.675214751893212, 41.308119684596036 ], [ -1.670288008545672, 41.310134602770908 ], [ -1.65761306959334, 41.319454272619026 ], [ -1.636312680632242, 41.326779060666382 ], [ -1.607524333608543, 41.326911695553548 ], [ -1.603393775022274, 41.32896937108395 ], [ -1.591219073389838, 41.327217662127389 ], [ -1.584022677968746, 41.329106198350566 ], [ -1.576879743397183, 41.334046317087214 ], [ -1.573067097533293, 41.336577857515856 ], [ -1.571253875046476, 41.339707921938086 ], [ -1.5671651127309, 41.341404495997295 ] ] ] ] } },
{ "type": "Feature", "properties": { "codatzbs": "20105", "n_zbs": "GRANEN", "ccaa_cd": "ES24", "area": "Huesca-Jaca" }, "geometry": { "type": "MultiPolygon", "coordinates": [ [ [ [ -0.298055998181032, 41.887495824466022 ], [ -0.277284069777275, 41.87175810679706 ], [ -0.284905600549246, 41.857376350442152 ], [ -0.293641338184738, 41.847045897797067 ], [ -0.301828952186754, 41.840520358642813 ], [ -0.311544761112633, 41.839442499369227 ], [ -0.314199697220691, 41.836145538648907 ], [ -0.31812699407302, 41.83553487758023 ], [ -0.319710779121591, 41.83250087998389 ], [ -0.325591620102067, 41.830080377150082 ], [ -0.329605524775987, 41.817817800230273 ], [ -0.335646164161301, 41.816147999227304 ], [ -0.346569415153124, 41.819544054104412 ], [ -0.343378646193532, 41.821298431074105 ], [ -0.346830301499343, 41.824593422028492 ], [ -0.353331708620679, 41.82431122742117 ], [ -0.35085797634539, 41.826487612882993 ], [ -0.356255472165304, 41.829331811807634 ], [ -0.355293927823191, 41.834551085271059 ], [ -0.363563133806275, 41.837280993360068 ], [ -0.367323575758735, 41.830450767453897 ], [ -0.360303827447977, 41.819896729269409 ], [ -0.368795938313552, 41.820082695096822 ], [ -0.376569034915807, 41.816063904056819 ], [ -0.396113573032121, 41.788293311573199 ], [ -0.400458154806865, 41.778458240205715 ], [ -0.422420468311242, 41.754619215688855 ], [ -0.429060992256406, 41.753678316896448 ], [ -0.432303346313938, 41.748374287813192 ], [ -0.430948737109161, 41.73861747436024 ], [ -0.433987062642525, 41.734488638882901 ], [ -0.450791825928957, 41.733070634368623 ], [ -0.451835748121498, 41.723394353851717 ], [ -0.459299355506881, 41.715202068311491 ], [ -0.464008922597728, 41.715261142366259 ], [ -0.466502670704747, 41.721845530935241 ], [ -0.473731433671828, 41.722662269509229 ], [ -0.477968735960113, 41.724970902599992 ], [ -0.481885100425325, 41.724426457396689 ], [ -0.489064096610546, 41.731779495450603 ], [ -0.506507891082092, 41.729025467969478 ], [ -0.519005612019541, 41.729485240981802 ], [ -0.519262669729963, 41.731553225503156 ], [ -0.510911330436635, 41.741702482916267 ], [ -0.5036278818396, 41.746263597722908 ], [ -0.50491476745904, 41.752775885792637 ], [ -0.50033328698206, 41.761430161144276 ], [ -0.504632878511574, 41.764702804419379 ], [ -0.507386685377079, 41.774975479637192 ], [ -0.506192802969738, 41.778462009018718 ], [ -0.511651390503177, 41.784470365231691 ], [ -0.508476034097695, 41.791579292016458 ], [ -0.512075368029859, 41.798393833771833 ], [ -0.510814692525169, 41.808570319122083 ], [ -0.516085365006918, 41.813286603233763 ], [ -0.517954720704929, 41.824728563976592 ], [ -0.515514375935778, 41.828674431079783 ], [ -0.516388727371048, 41.836888839363915 ], [ -0.522477495045647, 41.842631167143381 ], [ -0.528678894344144, 41.853607991148394 ], [ -0.531671793086722, 41.853465294230737 ], [ -0.538840138272505, 41.858149199069111 ], [ -0.542421629083852, 41.858054858146751 ], [ -0.545429551302325, 41.862243924372663 ], [ -0.542179033887319, 41.866587291660245 ], [ -0.542996073553117, 41.875763776684366 ], [ -0.537322575057199, 41.87853313432197 ], [ -0.537452667231757, 41.883615231070486 ], [ -0.539635166622301, 41.893316410358011 ], [ -0.543497421948083, 41.893183043709321 ], [ -0.545722179488547, 41.89614850746662 ], [ -0.549677053611247, 41.896115959415354 ], [ -0.552493754021572, 41.898427535735031 ], [ -0.552000447265257, 41.905657832811549 ], [ -0.54805993996926, 41.91002262600491 ], [ -0.530260286884701, 41.911694233822587 ], [ -0.513232868666865, 41.92046751890183 ], [ -0.486202484566067, 41.92403024282374 ], [ -0.480965914731252, 41.923185995229886 ], [ -0.477935301888955, 41.925118676881389 ], [ -0.474666526374873, 41.933998560798805 ], [ -0.475326647713208, 41.944775097971103 ], [ -0.481434246000018, 41.948052338785644 ], [ -0.48466570246332, 41.962199311041559 ], [ -0.482281531125794, 41.967892713399429 ], [ -0.485088728875757, 41.976897002518022 ], [ -0.48350633729136, 41.983364499116647 ], [ -0.494692571035202, 41.988364296808719 ], [ -0.505690637092737, 41.999149707618585 ], [ -0.503858313523448, 42.007413182631353 ], [ -0.495657799736238, 42.010224385374713 ], [ -0.493698516197171, 42.011532452957297 ], [ -0.492964558404501, 42.023449010815838 ], [ -0.490581536537242, 42.026611922512373 ], [ -0.485390476546057, 42.02715561893131 ], [ -0.472699144040646, 42.024328158245659 ], [ -0.468481792390167, 42.024991579297783 ], [ -0.455411720406429, 42.035923536239565 ], [ -0.446340943415401, 42.037694153996888 ], [ -0.431388464974582, 42.035514144725333 ], [ -0.426673767732583, 42.034102644181509 ], [ -0.415838620300535, 42.035579140267686 ], [ -0.407105562727857, 42.028132545968042 ], [ -0.406469155732439, 42.017941672600138 ], [ -0.410272651675063, 41.998026005222634 ], [ -0.398506480760036, 41.994346690490062 ], [ -0.393081317607521, 42.000671551355175 ], [ -0.389869919217226, 42.001255987283152 ], [ -0.389978613363476, 42.003617917039861 ], [ -0.37737315603922, 42.008616745744852 ], [ -0.356491540052993, 42.011334411643709 ], [ -0.347036782116666, 42.017131927442975 ], [ -0.34543845154652, 42.02999997789496 ], [ -0.320271519502949, 42.031873329953505 ], [ -0.310499246717127, 42.05563539738538 ], [ -0.299680145154345, 42.040621111831257 ], [ -0.297275271292089, 42.042347473722714 ], [ -0.280521915601637, 42.042266676986117 ], [ -0.276470398793537, 42.044629089825676 ], [ -0.254956514407145, 42.039496301124011 ], [ -0.235371305413269, 42.040385695232438 ], [ -0.233222890493334, 42.039226254590048 ], [ -0.210138627455956, 42.027590287289456 ], [ -0.205612817359213, 42.01648437345397 ], [ -0.195799844743609, 42.001259691644151 ], [ -0.189713969824303, 41.997166320236275 ], [ -0.186215654435278, 41.989984207587597 ], [ -0.170174716282426, 41.985041834654965 ], [ -0.168285382728732, 41.981645116692675 ], [ -0.142645616790624, 41.988204761898871 ], [ -0.120954908120198, 41.987653376714441 ], [ -0.12060712375855, 41.985195114400923 ], [ -0.122855780777894, 41.984044780861801 ], [ -0.120938926163936, 41.97756681562894 ], [ -0.120792439043961, 41.973321515468477 ], [ -0.117559893553311, 41.971412229520787 ], [ -0.123436827316357, 41.964175215068067 ], [ -0.129060843034582, 41.960930001989276 ], [ -0.130285602164265, 41.956494007882512 ], [ -0.127596372315985, 41.952707369879228 ], [ -0.122152975119237, 41.948473455416824 ], [ -0.121091576377453, 41.94177373574859 ], [ -0.118536078444613, 41.939593259486742 ], [ -0.119487497364307, 41.935609693558341 ], [ -0.123423759729997, 41.93309684250719 ], [ -0.12061682442255, 41.929811473117098 ], [ -0.124603951811058, 41.928038338624624 ], [ -0.125800788148677, 41.924484036935439 ], [ -0.125902607299783, 41.921947087152034 ], [ -0.122378819367197, 41.919058060646016 ], [ -0.12487678976805, 41.912573621916358 ], [ -0.118619202086, 41.905077067979605 ], [ -0.111513949463143, 41.900638746347376 ], [ -0.113908552881936, 41.895115602384799 ], [ -0.109314978283654, 41.894342514962382 ], [ -0.111387029858369, 41.889288581350009 ], [ -0.115154764566804, 41.886447515626507 ], [ -0.119924415133815, 41.882487815851917 ], [ -0.124080906151394, 41.884122976680622 ], [ -0.128789487634336, 41.882854040403949 ], [ -0.139145304734596, 41.875746156716012 ], [ -0.142968977886492, 41.869978687145569 ], [ -0.149367701422535, 41.866976850844239 ], [ -0.158725706678444, 41.870586080966071 ], [ -0.162006329742851, 41.875953581012119 ], [ -0.170039366656444, 41.885598856881622 ], [ -0.182956428587519, 41.908394778291466 ], [ -0.187931205366467, 41.908769004654637 ], [ -0.201643031452486, 41.900395749000587 ], [ -0.218062530722543, 41.894256872383011 ], [ -0.227748187770258, 41.887412814193553 ], [ -0.229062997682333, 41.872891356694353 ], [ -0.232198153043925, 41.864744852091754 ], [ -0.243917041527205, 41.872114388416612 ], [ -0.250274323121471, 41.869412025201939 ], [ -0.258760343362288, 41.871578339507607 ], [ -0.255903463916032, 41.877516829076875 ], [ -0.264728265811243, 41.872621307930096 ], [ -0.265518210757686, 41.890822680652413 ], [ -0.285063076431808, 41.890359172678899 ], [ -0.290494280764869, 41.895026403818157 ], [ -0.295134632015466, 41.893604943088341 ], [ -0.298055998181032, 41.887495824466022 ] ] ] ] } },
{ "type": "Feature", "properties": { "codatzbs": "20513", "n_zbs": "SAGASTA-RUISENORES", "ccaa_cd": "ES24", "area": "Zaragoza II-Miguel Servet" }, "geometry": { "type": "MultiPolygon", "coordinates": [ [ [ [ -0.882429002459852, 41.637904480667572 ], [ -0.883222317839806, 41.637450779043398 ], [ -0.884519606096395, 41.63672263687419 ], [ -0.884630326868348, 41.635916947221176 ], [ -0.884692542441218, 41.635501732431948 ], [ -0.887810336878564, 41.635062522098444 ], [ -0.889546969745136, 41.636025278599242 ], [ -0.890060971104201, 41.635633656518891 ], [ -0.890205263138156, 41.635639978027207 ], [ -0.890746625203355, 41.633856391914485 ], [ -0.890988405428841, 41.633786866684154 ], [ -0.891251668434843, 41.633683467207192 ], [ -0.891581789180099, 41.633482203340016 ], [ -0.891733590234751, 41.633313723477528 ], [ -0.891792257683061, 41.633171281931816 ], [ -0.891667826108356, 41.632211521117007 ], [ -0.891687078834423, 41.631802074089471 ], [ -0.891890985294035, 41.631241811626957 ], [ -0.892121092184623, 41.630472679962118 ], [ -0.892319333624069, 41.63012766765312 ], [ -0.892426136398819, 41.630032691270991 ], [ -0.892817449820402, 41.629846349409725 ], [ -0.893652434804283, 41.629792022197279 ], [ -0.894171876192216, 41.629772728504307 ], [ -0.894927420453377, 41.629746971946453 ], [ -0.895665052145802, 41.629727347250984 ], [ -0.896066495679181, 41.629601272218061 ], [ -0.896290454219752, 41.629416698612914 ], [ -0.896743957596856, 41.62909769077973 ], [ -0.8971285135906, 41.628829751767768 ], [ -0.897323677820349, 41.628706514977111 ], [ -0.900263668309552, 41.630310183763541 ], [ -0.900184075961297, 41.630459492266894 ], [ -0.899698883155535, 41.630734233850532 ], [ -0.899398307622329, 41.631142832422483 ], [ -0.89870013973662, 41.631307507099798 ], [ -0.898400111999092, 41.631498878296675 ], [ -0.898543286051239, 41.631745439529929 ], [ -0.898567569891471, 41.632032646920123 ], [ -0.898594804015602, 41.632428129751965 ], [ -0.898618297953706, 41.632926610313248 ], [ -0.898221457729345, 41.633390135681928 ], [ -0.898019648329915, 41.633783506511108 ], [ -0.898277854014525, 41.633942396179535 ], [ -0.898694184797368, 41.634198588001524 ], [ -0.898744497827714, 41.634511457106775 ], [ -0.898585593442385, 41.63474678977208 ], [ -0.898584682056501, 41.635007700135858 ], [ -0.898853878531649, 41.63563663179297 ], [ -0.898958847308139, 41.636290777327517 ], [ -0.898885526274223, 41.63704383884572 ], [ -0.898351396016281, 41.637435407092013 ], [ -0.897998728873238, 41.637472676263684 ], [ -0.894691829540453, 41.637876072068821 ], [ -0.894247149410769, 41.63786791798195 ], [ -0.893791667213454, 41.637825978872442 ], [ -0.893384066030399, 41.637789136283807 ], [ -0.892772026486517, 41.637860197762848 ], [ -0.892135346712687, 41.638170181741152 ], [ -0.892122784417554, 41.638613652604647 ], [ -0.891671638313715, 41.638859772322412 ], [ -0.890579237905468, 41.639952092090439 ], [ -0.8897108333062, 41.640858012402283 ], [ -0.889728172220817, 41.641167401753556 ], [ -0.889850379698953, 41.641417770051788 ], [ -0.890205056513989, 41.642144394864751 ], [ -0.890206503548662, 41.642326842804401 ], [ -0.890139007656964, 41.64357490107264 ], [ -0.890587133292322, 41.643713746836873 ], [ -0.891422306867639, 41.644167806142484 ], [ -0.891880874581678, 41.64438832485223 ], [ -0.892502162442565, 41.644717956480086 ], [ -0.892754808906522, 41.644923883920512 ], [ -0.892989366153692, 41.645195036522409 ], [ -0.89344092657873, 41.645998517752851 ], [ -0.893770216390156, 41.647608521627674 ], [ -0.893770655299615, 41.647615835747061 ], [ -0.893722821618152, 41.647638819790693 ], [ -0.893694686449677, 41.647649095601395 ], [ -0.893625972006601, 41.647674193412286 ], [ -0.89353471969111, 41.647707522420937 ], [ -0.892925124458471, 41.647921907965845 ], [ -0.891564608554508, 41.648345483831115 ], [ -0.891021872700341, 41.648405707797863 ], [ -0.889338676863245, 41.648614856708605 ], [ -0.889185519993043, 41.648728864529893 ], [ -0.887780987046498, 41.64977434876085 ], [ -0.886949625971289, 41.6487842946147 ], [ -0.886345590023621, 41.64790457435393 ], [ -0.885777811226224, 41.646864392742074 ], [ -0.885741685673461, 41.646797452778813 ], [ -0.88563435497507, 41.646638565600369 ], [ -0.885677702571589, 41.646364436376302 ], [ -0.885333605762375, 41.646307114400095 ], [ -0.885089699487329, 41.646045126594224 ], [ -0.883957885539569, 41.644904480976194 ], [ -0.883040938261345, 41.643843097418944 ], [ -0.881823635876829, 41.642712566761972 ], [ -0.882496738010887, 41.642170020135616 ], [ -0.883873339755231, 41.641101539484509 ], [ -0.880640725539172, 41.639427069456552 ], [ -0.881117177250964, 41.638927563971585 ], [ -0.881313906837675, 41.63870933721843 ], [ -0.881277245359495, 41.638610877575545 ], [ -0.882429002459852, 41.637904480667572 ] ] ] ] } },
{ "type": "Feature", "properties": { "codatzbs": "20524", "n_zbs": "VALDESPARTERA-MONTECANAL", "ccaa_cd": "ES24", "area": "Zaragoza III-Clinico" }, "geometry": { "type": "MultiPolygon", "coordinates": [ [ [ [ -1.037885010719361, 41.608121736880172 ], [ -1.038488608125776, 41.609983998118281 ], [ -1.043056166818026, 41.614903011153558 ], [ -1.043089046746525, 41.615997855783171 ], [ -1.044533992566638, 41.616040462986831 ], [ -1.048077560434263, 41.616537553125411 ], [ -1.048491902983768, 41.616927392406225 ], [ -1.050060368678206, 41.617053056884423 ], [ -1.059153846576666, 41.614991421092327 ], [ -1.060512271341447, 41.615512497169597 ], [ -1.05972709809509, 41.615921075134736 ], [ -1.05755333014107, 41.616720573661773 ], [ -1.054754725911548, 41.617482173545135 ], [ -1.051866511882941, 41.61813234339369 ], [ -1.048974145811566, 41.618672649935355 ], [ -1.046986788816067, 41.618741626167989 ], [ -1.044770907866653, 41.618412833134862 ], [ -1.041023442253006, 41.617856677875302 ], [ -1.036523192505676, 41.617266142915703 ], [ -1.034837485620557, 41.617545546315391 ], [ -1.033684035445842, 41.618038390411954 ], [ -1.026577832298128, 41.621256807653786 ], [ -1.020826997122883, 41.622377910998978 ], [ -1.005616697813796, 41.62601844990045 ], [ -0.993974492624816, 41.629141525249587 ], [ -0.980795632454313, 41.632726002059755 ], [ -0.975932590198316, 41.634020168657891 ], [ -0.972574612605687, 41.635046983154652 ], [ -0.964416930335573, 41.636843851755714 ], [ -0.957126985441504, 41.638497637967994 ], [ -0.954770064594489, 41.640139646271322 ], [ -0.950190996185092, 41.640705911506238 ], [ -0.946835812017965, 41.641061269301339 ], [ -0.944381098743028, 41.641748489819754 ], [ -0.943271536581019, 41.640788207741515 ], [ -0.942335441354044, 41.64041985045867 ], [ -0.940922256671529, 41.639573034972038 ], [ -0.940271995639586, 41.639146743310896 ], [ -0.939372928741441, 41.638413200631291 ], [ -0.938719602134353, 41.637830887904457 ], [ -0.938308226902272, 41.637464220083828 ], [ -0.937607868926308, 41.637145057896745 ], [ -0.936244841501552, 41.636428225647592 ], [ -0.935523485425681, 41.636066041171276 ], [ -0.934928739770936, 41.635685129863084 ], [ -0.93417084179278, 41.635161593505231 ], [ -0.933004195346662, 41.634015433998933 ], [ -0.932276948251143, 41.633792453596477 ], [ -0.931947405672761, 41.633805811360283 ], [ -0.929065276885214, 41.634815292922106 ], [ -0.928163815636113, 41.634823179663393 ], [ -0.927649051451693, 41.634770488822731 ], [ -0.926513307470074, 41.634748254846414 ], [ -0.92551651142195, 41.634766274622301 ], [ -0.924447538593778, 41.634978615735527 ], [ -0.923758974825146, 41.635180100915889 ], [ -0.924209250367047, 41.634324908177668 ], [ -0.924494176982284, 41.632996227016086 ], [ -0.924473842164133, 41.631732378697947 ], [ -0.92403358073369, 41.630365310000037 ], [ -0.922898737390564, 41.628894665734919 ], [ -0.921795741546776, 41.627818811747254 ], [ -0.920296334002188, 41.626491690337403 ], [ -0.919762374101541, 41.626408353189717 ], [ -0.916922743860552, 41.624851236438332 ], [ -0.915057750994164, 41.623772776097191 ], [ -0.913089732392251, 41.622537132630839 ], [ -0.909404400373578, 41.620640999993775 ], [ -0.910473652021453, 41.619868478193816 ], [ -0.91145996287036, 41.619300346544833 ], [ -0.911731977695962, 41.618752920183567 ], [ -0.911578695826573, 41.618337929788659 ], [ -0.909546816208016, 41.617253918869345 ], [ -0.907883269739365, 41.616299946009718 ], [ -0.910176654222089, 41.614376427948123 ], [ -0.911596163987162, 41.613304018203564 ], [ -0.911951976813031, 41.613052390347605 ], [ -0.912021547109138, 41.612667609863067 ], [ -0.911704614197739, 41.612452147369332 ], [ -0.911522736959623, 41.612198245248599 ], [ -0.911629283059919, 41.612031371630174 ], [ -0.911822763173555, 41.61193956852501 ], [ -0.912180059660052, 41.611999124637279 ], [ -0.912620321346988, 41.612020782108395 ], [ -0.913056604230702, 41.611956004407304 ], [ -0.913660802183104, 41.611658399104186 ], [ -0.914101906886645, 41.611370915885693 ], [ -0.914439924818635, 41.611129220113021 ], [ -0.914634933088824, 41.610989779917283 ], [ -0.914729680749076, 41.610808484978214 ], [ -0.914887429860141, 41.610531907036581 ], [ -0.915859964836273, 41.609913334657925 ], [ -0.9203649509547, 41.606180226726366 ], [ -0.921047045497545, 41.603122197264348 ], [ -0.921202734167707, 41.603328035512142 ], [ -0.921661248629352, 41.603435419259391 ], [ -0.922037191299503, 41.603311630426113 ], [ -0.92239079684367, 41.602948749511832 ], [ -0.922667579909204, 41.602737611409928 ], [ -0.922866649435688, 41.602331390442622 ], [ -0.922983378599877, 41.602058810283914 ], [ -0.92321767525077, 41.601788591576799 ], [ -0.923596203301624, 41.601470949627824 ], [ -0.923982890806744, 41.601198731701452 ], [ -0.924400588809083, 41.600895567507067 ], [ -0.924848912211385, 41.601196710355381 ], [ -0.925526333483625, 41.601529978848269 ], [ -0.926075789516737, 41.601766788221987 ], [ -0.926300432754079, 41.601869124674224 ], [ -0.926710128181028, 41.60221619483444 ], [ -0.927131901735168, 41.602534556750676 ], [ -0.927224606201469, 41.602824439609329 ], [ -0.927282222473649, 41.602855857126421 ], [ -0.927367750651524, 41.603038668043318 ], [ -0.927633190756575, 41.603367707492197 ], [ -0.927432123349414, 41.603539471994935 ], [ -0.927306314848515, 41.603608401790929 ], [ -0.927081577307856, 41.603731535507144 ], [ -0.926770529370017, 41.603514275917966 ], [ -0.926464478511127, 41.603328574657361 ], [ -0.926327356973831, 41.603406734547761 ], [ -0.926388556082734, 41.603637957058211 ], [ -0.926556851477977, 41.603943017756485 ], [ -0.926672103839044, 41.604151928847173 ], [ -0.926869986098893, 41.604220162501221 ], [ -0.927099367082583, 41.604299256721099 ], [ -0.92713836276328, 41.604490458351094 ], [ -0.927182330868368, 41.604706035902119 ], [ -0.927480014818539, 41.604778934530088 ], [ -0.92765235614244, 41.604716069338039 ], [ -0.927894988176906, 41.604627564169846 ], [ -0.92804457429862, 41.604572998343187 ], [ -0.928347158056245, 41.604492867553653 ], [ -0.928541191479999, 41.604428822216967 ], [ -0.928711880627669, 41.604157208869047 ], [ -0.928832570140475, 41.60394772219248 ], [ -0.928929279320801, 41.603737806806059 ], [ -0.928875833276059, 41.603534199926685 ], [ -0.928593794492269, 41.603159853724861 ], [ -0.928237404095641, 41.602860698987435 ], [ -0.927834750891368, 41.602506731594424 ], [ -0.927467528326964, 41.602171334794157 ], [ -0.927213112746738, 41.60186954055812 ], [ -0.927852880623449, 41.601565845923325 ], [ -0.928272094917828, 41.601402269108348 ], [ -0.928791847719119, 41.601096391102892 ], [ -0.929196682172933, 41.60063089942583 ], [ -0.929688772434732, 41.600252451671594 ], [ -0.930213203536739, 41.599987211660874 ], [ -0.930737727215519, 41.599906592499963 ], [ -0.93115874815163, 41.5998736340227 ], [ -0.932054859428932, 41.599804221735646 ], [ -0.932718885706058, 41.599676582770066 ], [ -0.932992389351007, 41.599753553407695 ], [ -0.933578526826897, 41.599998261386183 ], [ -0.933980596253295, 41.599807390436347 ], [ -0.934212229253993, 41.599316168392164 ], [ -0.934368502276104, 41.598931677643023 ], [ -0.934733922562668, 41.598384353175192 ], [ -0.934977896050946, 41.598062012330736 ], [ -0.935068582482829, 41.598237271913469 ], [ -0.934978349041777, 41.598529695182869 ], [ -0.934995792813401, 41.598825867192595 ], [ -0.93494365181597, 41.599144663489994 ], [ -0.934806339342486, 41.59987624873321 ], [ -0.934397957713328, 41.600265194706573 ], [ -0.933895483336199, 41.600593926320172 ], [ -0.93334142639382, 41.600660504485838 ], [ -0.932921799413581, 41.60083755734788 ], [ -0.932315719764122, 41.601029291564956 ], [ -0.931732171196173, 41.601266506048923 ], [ -0.93129000080392, 41.601398135828781 ], [ -0.930355125621764, 41.601552431712008 ], [ -0.930114554488488, 41.601570600031565 ], [ -0.93000355621318, 41.601852328952738 ], [ -0.930086303188242, 41.602078948087097 ], [ -0.930265495722642, 41.602251172467753 ], [ -0.930838309689139, 41.602370265627705 ], [ -0.931092373629272, 41.602700551417989 ], [ -0.931042366876757, 41.602951839170167 ], [ -0.930838122143563, 41.603146299531566 ], [ -0.930307294794994, 41.603235789523787 ], [ -0.930060830305075, 41.603516337692803 ], [ -0.929921572749213, 41.603665625351042 ], [ -0.92964254349239, 41.60436163253997 ], [ -0.929324410154166, 41.604726403544895 ], [ -0.928833758532285, 41.605222176964169 ], [ -0.928360725951066, 41.605380281246873 ], [ -0.927931341759426, 41.605182010095596 ], [ -0.927596320942453, 41.604893664751486 ], [ -0.927402718405696, 41.604944178453223 ], [ -0.927079971469805, 41.604717688618464 ], [ -0.926482035408166, 41.604652851885206 ], [ -0.92608095674784, 41.605186027179101 ], [ -0.926241586282268, 41.605603210652781 ], [ -0.92682889860948, 41.606374854635057 ], [ -0.927227899982758, 41.606467640815659 ], [ -0.927278363955857, 41.606765781668393 ], [ -0.92695391974433, 41.607340826594445 ], [ -0.927124079581626, 41.60802388912704 ], [ -0.927593714089217, 41.608721410434725 ], [ -0.927713227170209, 41.609176700974359 ], [ -0.928057568364938, 41.609414237628371 ], [ -0.928859830485728, 41.608667507069697 ], [ -0.929486158216029, 41.608084517174198 ], [ -0.930384254578607, 41.607209050095101 ], [ -0.931987289489074, 41.605675303043739 ], [ -0.933641260497524, 41.604047858898937 ], [ -0.934945123491789, 41.602670782642974 ], [ -0.935549167465029, 41.602031312836665 ], [ -0.936599122545627, 41.600849670255599 ], [ -0.936865054374731, 41.600223941758273 ], [ -0.937126622237796, 41.599170425384237 ], [ -0.937229098578323, 41.598056841893602 ], [ -0.938073534443844, 41.597129428336089 ], [ -0.940890490495441, 41.594572546551646 ], [ -0.94421999293944, 41.591547459650521 ], [ -0.950575078160822, 41.586050600396177 ], [ -0.953094179493353, 41.583509852937425 ], [ -0.954281056116721, 41.582202520896686 ], [ -0.955973264571866, 41.579974931990449 ], [ -0.957429555460481, 41.578298553850054 ], [ -0.959219804774617, 41.576030756377584 ], [ -0.96024539830774, 41.574504366247226 ], [ -0.961149402222307, 41.572457903775828 ], [ -0.962007252232129, 41.570338499525064 ], [ -0.962928022310324, 41.568517501100104 ], [ -0.964457139309187, 41.566419042498367 ], [ -0.966559337448707, 41.564015464777206 ], [ -0.967972656430132, 41.562665548160915 ], [ -0.96954119253489, 41.561074841414246 ], [ -0.970336176246739, 41.560209363759242 ], [ -0.972414659847366, 41.55816557597548 ], [ -0.973565605082521, 41.55644055711069 ], [ -0.97461436116085, 41.554640016459807 ], [ -0.976098068866186, 41.552092541847465 ], [ -0.976934917991034, 41.550877796781386 ], [ -0.979001002367188, 41.549572184408206 ], [ -0.980748045021933, 41.548558072665124 ], [ -0.98181249500318, 41.547953451198303 ], [ -0.982172985319784, 41.547844569910787 ], [ -0.982144317493731, 41.548393460765361 ], [ -0.983391109479465, 41.548973735622582 ], [ -0.985151627827808, 41.549776532947241 ], [ -0.986825773975941, 41.550529117600711 ], [ -0.989753258480775, 41.551913233171234 ], [ -0.994665785263127, 41.554255386690116 ], [ -0.997608798837683, 41.555635153260241 ], [ -0.999954237774786, 41.556954956494529 ], [ -1.001981446054001, 41.55829171458921 ], [ -1.004296032272793, 41.560007842578152 ], [ -1.006368890371717, 41.561650852885137 ], [ -1.007887212771059, 41.562849412633902 ], [ -1.010744776828404, 41.564617837311282 ], [ -1.012888166249353, 41.565897831048261 ], [ -1.015451799290081, 41.567554349379037 ], [ -1.01703443756467, 41.569233874615449 ], [ -1.018852073034807, 41.570292503209025 ], [ -1.020399100678915, 41.571080215735243 ], [ -1.022848105750923, 41.572185204155254 ], [ -1.024521647327149, 41.572957052127194 ], [ -1.026259584045698, 41.573783972252642 ], [ -1.02765549585743, 41.574618573208625 ], [ -1.029775402416997, 41.575902329855346 ], [ -1.031048948902943, 41.576424039634198 ], [ -1.032009404288164, 41.577579865124513 ], [ -1.032553574178457, 41.57821071687129 ], [ -1.032705411044519, 41.579149925020872 ], [ -1.032976065273131, 41.579519338157461 ], [ -1.033441263882155, 41.579801977535226 ], [ -1.033965269567469, 41.579928035487576 ], [ -1.034426858997428, 41.581516618302125 ], [ -1.034525268950544, 41.58242346858097 ], [ -1.034557923905629, 41.583266903093708 ], [ -1.034725046960929, 41.583948430673551 ], [ -1.035440437303495, 41.584681799239753 ], [ -1.035991086498699, 41.585312628106919 ], [ -1.03621518572783, 41.585935346984215 ], [ -1.036499257886201, 41.586753414505338 ], [ -1.036474455232363, 41.586978139740381 ], [ -1.036455871290332, 41.587194004156252 ], [ -1.036274659922814, 41.587328389638145 ], [ -1.03530927866965, 41.587620217410219 ], [ -1.034644841330465, 41.588563565805167 ], [ -1.033799896215159, 41.589918128253792 ], [ -1.032738582102683, 41.592471342223718 ], [ -1.032403787824543, 41.594208407466567 ], [ -1.032521629850063, 41.596254940603195 ], [ -1.033366010986012, 41.598277903005396 ], [ -1.033915158683331, 41.600147175157993 ], [ -1.034946706138557, 41.601427880175606 ], [ -1.035651473212921, 41.604612639526266 ], [ -1.037127420531325, 41.606394143010334 ], [ -1.037885010719361, 41.608121736880172 ] ] ], [ [ [ -1.038002900788561, 41.608390562645162 ], [ -1.037885010719361, 41.608121736880172 ], [ -1.037775301980873, 41.607783244630639 ], [ -1.038002900788561, 41.608390562645162 ] ] ] ] } },
{ "type": "Feature", "properties": { "codatzbs": "20254", "n_zbs": "MEQUINENZA", "ccaa_cd": "ES24", "area": "Zaragoza I-Royo Villanova" }, "geometry": { "type": "MultiPolygon", "coordinates": [ [ [ [ 0.38602420100192, 41.278959205093088 ], [ 0.378900917201726, 41.267470296194226 ], [ 0.377125747860849, 41.261749746811518 ], [ 0.378212692867803, 41.253900780837306 ], [ 0.374069966206556, 41.249465495746833 ], [ 0.37448642072976, 41.245040437624901 ], [ 0.381672478431578, 41.236544019635481 ], [ 0.364965842229302, 41.238790152444444 ], [ 0.364544293297387, 41.227788363046585 ], [ 0.36122493145859, 41.225633963000853 ], [ 0.350604005734329, 41.227177662858018 ], [ 0.340668387840796, 41.231177034824526 ], [ 0.332516457947059, 41.223119091396732 ], [ 0.327336391030258, 41.223052954418868 ], [ 0.322765393943919, 41.225355513656957 ], [ 0.315977440245051, 41.23548484198006 ], [ 0.315605944724293, 41.241817645633503 ], [ 0.308317394410125, 41.253428973152893 ], [ 0.299148947168649, 41.253359189416038 ], [ 0.297429554348978, 41.249310756815959 ], [ 0.301225007674604, 41.242222303110367 ], [ 0.300236105967458, 41.238459255609925 ], [ 0.293807191645769, 41.232798730263994 ], [ 0.285135417031104, 41.231632727376116 ], [ 0.273678895264308, 41.240388986932714 ], [ 0.267733580964527, 41.249410864692415 ], [ 0.252293725240873, 41.255207007063873 ], [ 0.248894738180082, 41.258860408974797 ], [ 0.245940437163166, 41.256323091897229 ], [ 0.227096114383217, 41.253413074326865 ], [ 0.198064324024706, 41.264229647227523 ], [ 0.194148798307733, 41.26201484321868 ], [ 0.188194688470071, 41.262783501517923 ], [ 0.184006424891225, 41.259369168955743 ], [ 0.172493146846286, 41.263145637085906 ], [ 0.165387749138844, 41.260351384795868 ], [ 0.161320172253629, 41.254465199286486 ], [ 0.155398120483249, 41.255150145432914 ], [ 0.139599968053561, 41.26242709715612 ], [ 0.130486970736176, 41.264044399167098 ], [ 0.128177985178911, 41.261684631822085 ], [ 0.124685660370062, 41.26328353522721 ], [ 0.117539476708337, 41.266863763271679 ], [ 0.099322832627327, 41.284224448427139 ], [ 0.096674284860152, 41.289816468113116 ], [ 0.098483615740832, 41.29751299198854 ], [ 0.08967433869452, 41.305432133501512 ], [ 0.090198467030412, 41.307678560580101 ], [ 0.096679544148644, 41.315150327005064 ], [ 0.106903980309217, 41.312118717219917 ], [ 0.113850849748591, 41.313020597949077 ], [ 0.117976711808094, 41.316628250726531 ], [ 0.118550848599818, 41.31989992698977 ], [ 0.116861834423227, 41.329320954497213 ], [ 0.10665883619103, 41.350932257488608 ], [ 0.118272723927061, 41.362875013836081 ], [ 0.118002965539403, 41.368736182198894 ], [ 0.121620686087799, 41.379382076235053 ], [ 0.131313098627905, 41.38899795251934 ], [ 0.156905208310327, 41.397402978963846 ], [ 0.164901376094396, 41.406900432880867 ], [ 0.171643403059194, 41.405579912717059 ], [ 0.176233677406214, 41.396438244132426 ], [ 0.183005153124159, 41.394521805078192 ], [ 0.18948950711574, 41.396278381111728 ], [ 0.199600696426143, 41.403445125594587 ], [ 0.219456265505073, 41.40368323397238 ], [ 0.219613269493789, 41.407830567257157 ], [ 0.225259079093571, 41.414588672183356 ], [ 0.230622594422476, 41.41756304009045 ], [ 0.234924316880317, 41.424682741363668 ], [ 0.240951618638781, 41.428466466963187 ], [ 0.245468683103361, 41.428825299517776 ], [ 0.309235556928995, 41.418955790992271 ], [ 0.335323627709317, 41.408340377791014 ], [ 0.320347979464039, 41.394977290951353 ], [ 0.360317152865455, 41.370626053579208 ], [ 0.374089499301477, 41.350518248285788 ], [ 0.367083521026508, 41.341898079505953 ], [ 0.359553233794238, 41.342091373595878 ], [ 0.348877478350279, 41.32988491967803 ], [ 0.351535622897956, 41.325340625918336 ], [ 0.368673477574237, 41.318742866560704 ], [ 0.370501821353863, 41.311574766937838 ], [ 0.366007400921828, 41.304087597458256 ], [ 0.369907069585704, 41.296561623227092 ], [ 0.38602420100192, 41.278959205093088 ] ] ] ] } },
{ "type": "Feature", "properties": { "codatzbs": "20518", "n_zbs": "SAN JOSE CENTRO", "ccaa_cd": "ES24", "area": "Zaragoza II-Miguel Servet" }, "geometry": { "type": "MultiPolygon", "coordinates": [ [ [ [ -0.8753659416785, 41.643744149194163 ], [ -0.875103085892988, 41.64334296921222 ], [ -0.874319193730365, 41.643397513068166 ], [ -0.873544515724017, 41.643334805350577 ], [ -0.872929592991698, 41.643237338964298 ], [ -0.87243118036274, 41.642992493799134 ], [ -0.872100149078668, 41.64291537168274 ], [ -0.87049609041516, 41.642383316152952 ], [ -0.869846654979178, 41.642167560752526 ], [ -0.86968021751669, 41.642328413803433 ], [ -0.869274591226275, 41.642552549187272 ], [ -0.868799230144342, 41.642784878878452 ], [ -0.867843461632874, 41.641687213413249 ], [ -0.868701192183437, 41.641247319408322 ], [ -0.869087984535947, 41.641048979827076 ], [ -0.868957889799957, 41.640136735547969 ], [ -0.868940082278343, 41.639439480931934 ], [ -0.868951992134911, 41.638125939606745 ], [ -0.869056210758024, 41.6371655318774 ], [ -0.868808227517168, 41.634276548683637 ], [ -0.870061427928806, 41.633956944786462 ], [ -0.876929959521862, 41.637527324078732 ], [ -0.876633445651916, 41.637730219280392 ], [ -0.876129180797832, 41.638156037595401 ], [ -0.875708097780935, 41.638485491793645 ], [ -0.875385343128038, 41.638737799064785 ], [ -0.874964285898197, 41.639080920108789 ], [ -0.874268670780331, 41.639647766815564 ], [ -0.873980473363379, 41.639882610814368 ], [ -0.873736233686593, 41.639970071033787 ], [ -0.87369822565327, 41.640119453738905 ], [ -0.873670373326955, 41.640231935616335 ], [ -0.876179074381595, 41.643408178699872 ], [ -0.8753659416785, 41.643744149194163 ] ] ] ] } },
{ "type": "Feature", "properties": { "codatzbs": "20504", "n_zbs": "SASTAGO", "ccaa_cd": "ES24", "area": "Zaragoza II-Miguel Servet" }, "geometry": { "type": "MultiPolygon", "coordinates": [ [ [ [ -0.203670755278802, 41.289855309473012 ], [ -0.200815589590546, 41.269503458511039 ], [ -0.212337176632384, 41.237477151148724 ], [ -0.210438499370661, 41.223209945662894 ], [ -0.21088081394507, 41.192319395626178 ], [ -0.216171805273959, 41.190421004909545 ], [ -0.222111181193639, 41.188970425259932 ], [ -0.224924020298839, 41.190119030935307 ], [ -0.246050093241613, 41.212035098935381 ], [ -0.268308288872994, 41.215123421651725 ], [ -0.278255635318815, 41.226914600625776 ], [ -0.314432984341255, 41.256459421471071 ], [ -0.317723032778419, 41.25772506068494 ], [ -0.323887502968747, 41.254950454919893 ], [ -0.32271505842852, 41.245673446007565 ], [ -0.336846460572785, 41.241498128248594 ], [ -0.37757487545073, 41.265571586666191 ], [ -0.385489677915862, 41.265553523608752 ], [ -0.397777697360494, 41.269632924560085 ], [ -0.40058139813201, 41.270876197721861 ], [ -0.405496292094171, 41.272473193799947 ], [ -0.428388539637226, 41.294179706793592 ], [ -0.425363592565986, 41.297912864444704 ], [ -0.426621083025902, 41.302984650984534 ], [ -0.424360028696861, 41.305203694191633 ], [ -0.426233515007371, 41.308587015637563 ], [ -0.420395033728737, 41.311851740799717 ], [ -0.42386592618875, 41.312289803367676 ], [ -0.423908212200298, 41.313641730490367 ], [ -0.442981876987906, 41.313121617881471 ], [ -0.458897657612364, 41.318544972003401 ], [ -0.459410483718131, 41.316106555385552 ], [ -0.469799905224488, 41.318361978653584 ], [ -0.474353441995208, 41.324190248482985 ], [ -0.479567931007294, 41.346046511061964 ], [ -0.458720819671865, 41.346137258065923 ], [ -0.443938473671439, 41.350366974844427 ], [ -0.43140619852826, 41.348700781480751 ], [ -0.427901338342011, 41.339669895362739 ], [ -0.421498647151163, 41.333239995662815 ], [ -0.412652750257208, 41.333932996378039 ], [ -0.410407595373939, 41.339628632323276 ], [ -0.396501980921073, 41.353004590078669 ], [ -0.398500921050788, 41.365532879856204 ], [ -0.387977869278273, 41.367987280190135 ], [ -0.375302094413706, 41.378164107442075 ], [ -0.37075052585263, 41.378060130911337 ], [ -0.36021789591912, 41.378017021648567 ], [ -0.358064905147529, 41.385118659955026 ], [ -0.352876144347033, 41.388917130988169 ], [ -0.327156721121602, 41.393752993964249 ], [ -0.310985452821599, 41.405957787674289 ], [ -0.296561154284457, 41.421182537092342 ], [ -0.288909808743192, 41.424766954431234 ], [ -0.281311859688034, 41.431351230591623 ], [ -0.260012010046008, 41.430746501904665 ], [ -0.225584997247173, 41.438566838274774 ], [ -0.211376215392064, 41.446724877533761 ], [ -0.204662334419119, 41.446976098823768 ], [ -0.158963164687051, 41.418693049752321 ], [ -0.144475777011402, 41.412921422206388 ], [ -0.139468656347866, 41.40053059268633 ], [ -0.142794911636211, 41.38768033588704 ], [ -0.148882530762369, 41.37754637657661 ], [ -0.14730318999514, 41.371554130714166 ], [ -0.14156603175254, 41.357596023273544 ], [ -0.142197337021746, 41.350821038227316 ], [ -0.140337716721357, 41.348253032210039 ], [ -0.146133337260103, 41.332410902235715 ], [ -0.141383608485337, 41.307417602560839 ], [ -0.135759261501059, 41.302477308194504 ], [ -0.135194303551764, 41.291925845299964 ], [ -0.138247184203284, 41.285193099849991 ], [ -0.136997244580112, 41.280739890667881 ], [ -0.140127498536071, 41.278503152741585 ], [ -0.139838290442168, 41.275559864457385 ], [ -0.130741476656189, 41.264931054660337 ], [ -0.130005069371583, 41.259400756215427 ], [ -0.139845943439972, 41.256250417484601 ], [ -0.143338011391877, 41.26785639706565 ], [ -0.155345557913158, 41.270351502750422 ], [ -0.161701227998966, 41.281253049955481 ], [ -0.170023779001152, 41.287032980519186 ], [ -0.181941861208505, 41.293098647621484 ], [ -0.193084437934184, 41.295577652757963 ], [ -0.203670755278802, 41.289855309473012 ] ] ] ] } },
{ "type": "Feature", "properties": { "codatzbs": "20912", "n_zbs": "VALDERROBRES", "ccaa_cd": "ES24", "area": "Alcañiz" }, "geometry": { "type": "MultiPolygon", "coordinates": [ [ [ [ 0.253845836017147, 40.870331162065256 ], [ 0.254627864106507, 40.866436328585266 ], [ 0.251993531854243, 40.862791124523788 ], [ 0.253745799881196, 40.860057682915681 ], [ 0.251168880906461, 40.85636581040459 ], [ 0.256126630861663, 40.853208681493307 ], [ 0.255485665703, 40.851020234397623 ], [ 0.257977669920458, 40.848626189649657 ], [ 0.255770594947186, 40.846427982329132 ], [ 0.259256580941739, 40.846167358384825 ], [ 0.260328918347663, 40.839256129236901 ], [ 0.262678008723014, 40.839036568471059 ], [ 0.262027051199745, 40.837370790468768 ], [ 0.266681099935755, 40.834104754563413 ], [ 0.266980444429454, 40.831268217844951 ], [ 0.278587857721781, 40.821148692879873 ], [ 0.272286186876872, 40.818851092650597 ], [ 0.272556945192992, 40.817366300542311 ], [ 0.264966775635925, 40.813438670643059 ], [ 0.258125579557371, 40.800338829112349 ], [ 0.250196450364043, 40.798635347195855 ], [ 0.244763129795709, 40.792204717877041 ], [ 0.233933007532699, 40.787105222272338 ], [ 0.233173101468807, 40.77950700842306 ], [ 0.235113998963876, 40.776777641706985 ], [ 0.229767480199674, 40.771334600119481 ], [ 0.230330091296994, 40.767545082246755 ], [ 0.223806672295938, 40.765665171628811 ], [ 0.212351966860965, 40.76763313048103 ], [ 0.201877133270099, 40.757711144690546 ], [ 0.196571618182687, 40.758713992736652 ], [ 0.190490011558184, 40.750434323044374 ], [ 0.185363589177846, 40.753196979581602 ], [ 0.184454486938716, 40.755734858102421 ], [ 0.181627691007937, 40.753336152067504 ], [ 0.175586277847682, 40.755051790856704 ], [ 0.175722042862662, 40.741241002896935 ], [ 0.159545640494155, 40.750719061262444 ], [ 0.171088535211538, 40.732947372730266 ], [ 0.162208805134496, 40.722707602157399 ], [ 0.14171174259122, 40.718575356156578 ], [ 0.124159381164373, 40.720907560789065 ], [ 0.116889696089129, 40.72519328176292 ], [ 0.112243073994768, 40.724814419019935 ], [ 0.11286563595653, 40.727247472486738 ], [ 0.073052002892389, 40.714417885312088 ], [ 0.042540264441087, 40.691115745624636 ], [ 0.026803867340233, 40.695060441650924 ], [ 0.024864660471621, 40.707378523988112 ], [ 0.028730954259668, 40.713293635006856 ], [ 0.019101719300057, 40.719706764862529 ], [ 0.016461612830339, 40.723369549827694 ], [ 0.018283600171903, 40.725960873378853 ], [ 0.014918300402382, 40.728777944186128 ], [ 0.013803416366163, 40.728735045533057 ], [ 0.011283750120113, 40.729044089803175 ], [ 0.009350336078841, 40.729752011304655 ], [ -0.017349661912691, 40.731310311547119 ], [ -0.022271950129725, 40.730320712944085 ], [ -0.031047992110624, 40.722539897013647 ], [ -0.043299485050426, 40.72631320107218 ], [ -0.053347752510745, 40.727993438670829 ], [ -0.064332081925162, 40.727517050964735 ], [ -0.07948744018726, 40.733450032518839 ], [ -0.08610722214304, 40.738310114287998 ], [ -0.101672201195011, 40.742818475392667 ], [ -0.10711362846405, 40.743504502986276 ], [ -0.112537572290365, 40.748423130204415 ], [ -0.12647465560921, 40.753427881529269 ], [ -0.132777480466774, 40.758070206677282 ], [ -0.137660311889088, 40.766009561570826 ], [ -0.143475607290343, 40.768801805988538 ], [ -0.146813602019557, 40.775234305905194 ], [ -0.144167546732772, 40.785553740214695 ], [ -0.14004939485071, 40.790666685912342 ], [ -0.132001164984883, 40.79207903441479 ], [ -0.125209384271645, 40.794026526088878 ], [ -0.11563624714044, 40.792049095364682 ], [ -0.111786651542643, 40.798014373781896 ], [ -0.10627805043378, 40.799317317332068 ], [ -0.096159570294551, 40.79978339594895 ], [ -0.092187134812066, 40.801727858413784 ], [ -0.085112365308661, 40.798991240117651 ], [ -0.068370599201044, 40.80236764616852 ], [ -0.069888915977068, 40.80476599900377 ], [ -0.065111186980447, 40.809355055725391 ], [ -0.06309205670395, 40.808907325242224 ], [ -0.056416626349723, 40.813501679148345 ], [ -0.046645330699315, 40.824519177584648 ], [ -0.038835899041388, 40.827624351777757 ], [ -0.034876403009582, 40.826540762739484 ], [ -0.025205192681774, 40.833605083143212 ], [ -0.032456797659726, 40.837718951554962 ], [ -0.034594719543367, 40.851202961833877 ], [ -0.026386127486753, 40.874534936145736 ], [ -0.026800530905189, 40.881444776087989 ], [ -0.031436064817458, 40.885788361574846 ], [ -0.033070868843738, 40.890631031329164 ], [ -0.032476375874799, 40.897821026052178 ], [ -0.028303561194178, 40.900352528371009 ], [ -0.029257232659638, 40.905033508119104 ], [ -0.020144866717017, 40.913912953652101 ], [ -0.016834316289489, 40.921257762831814 ], [ -0.018760761143545, 40.924892249015109 ], [ -0.011424744880219, 40.929574756501964 ], [ 0.000678533392979, 40.928575614851269 ], [ 0.007990788769114, 40.933743829381655 ], [ 0.01726621973894, 40.935833949385206 ], [ 0.020912815373888, 40.938971798437954 ], [ 0.026705976357885, 40.938648559345225 ], [ 0.031809122473021, 40.944530769635584 ], [ 0.031000903488681, 40.947893408546712 ], [ 0.040694778640692, 40.951276638352468 ], [ 0.046230754700274, 40.962640676224758 ], [ 0.053442726951242, 40.96290004411297 ], [ 0.075707301626244, 40.958020579661316 ], [ 0.078743066869286, 40.958921162888849 ], [ 0.081956633915914, 40.957259055749525 ], [ 0.083036765240709, 40.953411470742701 ], [ 0.105163351224088, 40.955329946356798 ], [ 0.110999430270914, 40.960198020465874 ], [ 0.111959675135932, 40.969502712488499 ], [ 0.120835703764951, 40.973027266759829 ], [ 0.15146761222827, 40.963493000859771 ], [ 0.153419376171687, 40.964808539374289 ], [ 0.15587210071461, 40.96366964206657 ], [ 0.159581644074467, 40.960487764210576 ], [ 0.156071546441853, 40.954396626513471 ], [ 0.168020539645775, 40.946908560725248 ], [ 0.168590229207214, 40.942182531148084 ], [ 0.175730195371996, 40.93701441676621 ], [ 0.175734530790206, 40.932150859777316 ], [ 0.173430637498968, 40.929917744282044 ], [ 0.174834338394322, 40.924763406770481 ], [ 0.179894163561285, 40.922813575685119 ], [ 0.185427881909871, 40.917635171988508 ], [ 0.190566241334193, 40.916592344030704 ], [ 0.199260894904723, 40.907813120584571 ], [ 0.195450312279456, 40.902641137161311 ], [ 0.200585348870394, 40.896392259325147 ], [ 0.201405600058653, 40.886579548128502 ], [ 0.210430684547279, 40.879096336381956 ], [ 0.210106715580352, 40.877060879777467 ], [ 0.217912992843485, 40.874096206390959 ], [ 0.221382173334474, 40.870766008246463 ], [ 0.222794517459627, 40.861485959018289 ], [ 0.227761163291246, 40.860185087477603 ], [ 0.251530371646093, 40.871504260710793 ], [ 0.253845836017147, 40.870331162065256 ] ] ] ] } },
{ "type": "Feature", "properties": { "codatzbs": "20603", "n_zbs": "SOS DEL REY CATOLICO", "ccaa_cd": "ES24", "area": "Zaragoza III-Clinico" }, "geometry": { "type": "MultiPolygon", "coordinates": [ [ [ [ -1.157302716240132, 42.610580410804936 ], [ -1.14671476919248, 42.607077658347251 ], [ -1.143994384993674, 42.600982008177603 ], [ -1.139685980089437, 42.598705807635703 ], [ -1.130975791051601, 42.600986480328679 ], [ -1.123856084637816, 42.610361624768188 ], [ -1.117526915067454, 42.612040816819828 ], [ -1.106739326035848, 42.610764398203521 ], [ -1.099643053555768, 42.604379117428635 ], [ -1.096239359103799, 42.599261655680849 ], [ -1.092566286293884, 42.598597221322088 ], [ -1.084012930311182, 42.604451928453742 ], [ -1.076418539502459, 42.606431888652061 ], [ -1.073190919442418, 42.612267055761933 ], [ -1.068135541163603, 42.613316596040747 ], [ -1.063196253346893, 42.607073563675257 ], [ -1.053584407047592, 42.600597943486768 ], [ -1.033584883434341, 42.598554303293767 ], [ -1.032890082710694, 42.589257930121455 ], [ -1.035224167464274, 42.583237407183717 ], [ -1.033122177559199, 42.572575078139224 ], [ -1.01196369537506, 42.574335056906726 ], [ -0.967206212225521, 42.574855222781196 ], [ -0.963423252917948, 42.575409347814933 ], [ -0.961505529253354, 42.568450235092769 ], [ -0.946479607614335, 42.567092137829228 ], [ -0.940948889281248, 42.570784102032839 ], [ -0.93032043962881, 42.570547520632431 ], [ -0.92125351539147, 42.571355871423116 ], [ -0.922892839081088, 42.564181338673308 ], [ -0.919389863863672, 42.56328035009178 ], [ -0.918251119266971, 42.555398036974218 ], [ -0.907912004115595, 42.559343045851783 ], [ -0.898994260723222, 42.560098341844089 ], [ -0.8946961172447, 42.549177125389136 ], [ -0.897909364102188, 42.539078180129145 ], [ -0.91609599576365, 42.537438282211184 ], [ -0.927452097158885, 42.522866631462591 ], [ -0.928905914789165, 42.51386961921304 ], [ -0.93286699245285, 42.51039306205864 ], [ -0.933072941637343, 42.505993068470382 ], [ -0.92631015181534, 42.502917156069707 ], [ -0.912900548828777, 42.503952403580492 ], [ -0.912028927804488, 42.507835848980456 ], [ -0.899593649231505, 42.512084158156384 ], [ -0.892641500894755, 42.509966253021354 ], [ -0.891054550048248, 42.505038157115258 ], [ -0.893540061902173, 42.50060824615003 ], [ -0.892732120003787, 42.493866415033231 ], [ -0.889937653497679, 42.490482956930322 ], [ -0.896667493695478, 42.479196902637739 ], [ -0.882434586966291, 42.471955620877665 ], [ -0.876894134622178, 42.466728987120177 ], [ -0.877366248901167, 42.461757782724241 ], [ -0.881546642773519, 42.45717032503029 ], [ -0.895943487441385, 42.460506465617804 ], [ -0.896072569396813, 42.457014733143872 ], [ -0.903406311535544, 42.453357945889074 ], [ -0.90601530744247, 42.449875535189946 ], [ -0.89592740668775, 42.443918258174023 ], [ -0.905279313756804, 42.43657008133075 ], [ -0.908066045119158, 42.437584559811789 ], [ -0.913631585576194, 42.43253489430159 ], [ -0.936961685259157, 42.444349236771295 ], [ -0.934751013935075, 42.446866974566959 ], [ -0.954961763116537, 42.455037233188733 ], [ -0.96688031673779, 42.456140791931858 ], [ -0.968254831782111, 42.458389604048179 ], [ -0.986891846176601, 42.457845043861546 ], [ -0.983851012134077, 42.451037424660967 ], [ -0.986435336505295, 42.450839772145628 ], [ -0.989273929732439, 42.442694608978925 ], [ -0.997676940065299, 42.445705546850611 ], [ -1.004621295179555, 42.441062774257823 ], [ -1.012795227748985, 42.442248452671066 ], [ -1.012802876939668, 42.442249561524235 ], [ -1.015037569681134, 42.446178679793761 ], [ -1.019577071539001, 42.448751779086805 ], [ -1.025357550995551, 42.446284965126885 ], [ -1.032214417369134, 42.447483544466664 ], [ -1.035011162212235, 42.446315867849179 ], [ -1.044664166642352, 42.451055757340548 ], [ -1.054008750461391, 42.448918459568752 ], [ -1.056163357592304, 42.448450736818693 ], [ -1.064624095883699, 42.454060257938281 ], [ -1.069021278545699, 42.466489971625307 ], [ -1.087122382795153, 42.474808462046035 ], [ -1.084789923152582, 42.483477807362931 ], [ -1.097010230016938, 42.486121865091008 ], [ -1.102499554456195, 42.484447837634242 ], [ -1.10173081618994, 42.482913219854936 ], [ -1.117929625529307, 42.46163930706112 ], [ -1.125225674132575, 42.455977386615018 ], [ -1.129012608220853, 42.446835623736987 ], [ -1.144622782260593, 42.441983263586408 ], [ -1.153680097666087, 42.441598338679974 ], [ -1.161081954707803, 42.433378113554213 ], [ -1.16625853892239, 42.432623631072701 ], [ -1.182469418181867, 42.424011402421634 ], [ -1.187880690226791, 42.426465536058004 ], [ -1.194662786060646, 42.426068280932114 ], [ -1.198063775713837, 42.422762686700089 ], [ -1.211433367510162, 42.41723555779447 ], [ -1.215795605114901, 42.410414312597474 ], [ -1.225763551191604, 42.40255406657873 ], [ -1.227789628963843, 42.396623633367398 ], [ -1.23576654214856, 42.389884352968537 ], [ -1.249238206318339, 42.396917273667725 ], [ -1.268384021287605, 42.393038560413125 ], [ -1.275838251560319, 42.38480266726765 ], [ -1.283575315430958, 42.385288043398958 ], [ -1.300471407648884, 42.380838820786813 ], [ -1.318766971890669, 42.372102963901703 ], [ -1.328729112962547, 42.355497973080823 ], [ -1.332246487760155, 42.359313558782915 ], [ -1.329434229548969, 42.36142499178132 ], [ -1.333463534297608, 42.365184969992647 ], [ -1.335867123398101, 42.372118318394826 ], [ -1.343226987166995, 42.373044471349999 ], [ -1.350261281183712, 42.370183018183667 ], [ -1.359367999333148, 42.377725468014368 ], [ -1.356850625914728, 42.381570895576601 ], [ -1.342592131799488, 42.408256631507797 ], [ -1.341155142338313, 42.424049723071398 ], [ -1.314854244868986, 42.449332126354143 ], [ -1.289485226152842, 42.45748452292753 ], [ -1.281009442141577, 42.464562123699459 ], [ -1.281443995629088, 42.467792609139799 ], [ -1.272428720706304, 42.482011943324089 ], [ -1.274761041603983, 42.495870554742488 ], [ -1.281878593782716, 42.499030388200516 ], [ -1.286379967960266, 42.498638522370321 ], [ -1.287140644374273, 42.508663973573285 ], [ -1.293124562314546, 42.511067762539142 ], [ -1.28884213155162, 42.515002324297484 ], [ -1.287786451256597, 42.522902391409183 ], [ -1.264419172875335, 42.55691553999204 ], [ -1.256618502911001, 42.555338236948209 ], [ -1.253373783957344, 42.552010870733817 ], [ -1.24010432782744, 42.548736927036998 ], [ -1.231873622276804, 42.543468049577356 ], [ -1.225815858275654, 42.542356804926378 ], [ -1.217971139122081, 42.549277295131134 ], [ -1.206399241885219, 42.551023825598136 ], [ -1.202440114601892, 42.549773025033026 ], [ -1.200616458790742, 42.552626170301046 ], [ -1.203697966085379, 42.558573044272173 ], [ -1.204170897148743, 42.568414331219856 ], [ -1.201570492965634, 42.57835153678085 ], [ -1.19751910225004, 42.578981218313267 ], [ -1.170332386353044, 42.596939139279762 ], [ -1.161323492669639, 42.596155535206961 ], [ -1.157684970495251, 42.599266929256359 ], [ -1.169138828374111, 42.605232003294311 ], [ -1.174903990559501, 42.606098405056365 ], [ -1.179688925100744, 42.607975700343893 ], [ -1.179425656492575, 42.610736126767947 ], [ -1.178428785252163, 42.615240924957284 ], [ -1.172734443889211, 42.616924263191429 ], [ -1.161840599491808, 42.614219426500156 ], [ -1.157302716240132, 42.610580410804936 ] ] ] ] } },
{ "type": "Feature", "properties": { "codatzbs": "20705", "n_zbs": "DAROCA", "ccaa_cd": "ES24", "area": "Calatayud" }, "geometry": { "type": "MultiPolygon", "coordinates": [ [ [ [ -1.345373765858204, 41.256418194016454 ], [ -1.326234766615461, 41.236991897073537 ], [ -1.322157569539216, 41.23824761912752 ], [ -1.31914134225279, 41.242328953145254 ], [ -1.315729989078459, 41.242729455685883 ], [ -1.310367058588758, 41.250325169867217 ], [ -1.297252297777129, 41.250257991372543 ], [ -1.29017790595613, 41.253341695496033 ], [ -1.291213803698117, 41.257104166627308 ], [ -1.288034846545671, 41.260452620612483 ], [ -1.282925674069029, 41.259547923940879 ], [ -1.273168809098308, 41.252024953080195 ], [ -1.257741429162064, 41.248693965406467 ], [ -1.256979429881976, 41.24234131892775 ], [ -1.250658219883608, 41.231022262409134 ], [ -1.244286181896906, 41.23416785634678 ], [ -1.236975757405065, 41.241126948497296 ], [ -1.237432792864088, 41.248988236340182 ], [ -1.231457796023859, 41.251481690823006 ], [ -1.224084580825094, 41.244333474999451 ], [ -1.212519930086944, 41.243487978246065 ], [ -1.208708423058211, 41.24584263432272 ], [ -1.205510089450209, 41.24322572727926 ], [ -1.196259157329304, 41.241576958495273 ], [ -1.189836304140117, 41.226109698524127 ], [ -1.189428628546195, 41.219699146675815 ], [ -1.184755384669594, 41.216139718301889 ], [ -1.185270821012531, 41.21173426523147 ], [ -1.192634518744416, 41.202482515520828 ], [ -1.190315638697839, 41.195312298766609 ], [ -1.194210677945496, 41.190266256116807 ], [ -1.181182344197908, 41.189241499158832 ], [ -1.175706957585014, 41.185461898284345 ], [ -1.180160987319936, 41.179191156538771 ], [ -1.179537461789491, 41.172002461787862 ], [ -1.173100653139828, 41.160407120852909 ], [ -1.157237256637834, 41.141256949323193 ], [ -1.155968200051592, 41.129139649906534 ], [ -1.154397119064086, 41.127817411158915 ], [ -1.16656035186762, 41.126516496257693 ], [ -1.173628205940232, 41.123800504650099 ], [ -1.176652138401711, 41.128162904695074 ], [ -1.190915304182746, 41.1206595062689 ], [ -1.190078101313823, 41.117313558656562 ], [ -1.196504226195673, 41.116216438615929 ], [ -1.19703407407913, 41.113396340806837 ], [ -1.203209528867458, 41.110115017132024 ], [ -1.223727023864676, 41.109766759084181 ], [ -1.226673709943891, 41.103380872727435 ], [ -1.241595423197295, 41.09308885804689 ], [ -1.256489627544709, 41.086811803335991 ], [ -1.252940266663723, 41.077435238063444 ], [ -1.263439555923276, 41.061596584085471 ], [ -1.270565374671761, 41.054885076136671 ], [ -1.28113788351936, 41.056034109493758 ], [ -1.295952915293992, 41.068486434513133 ], [ -1.304493152991673, 41.079808922015246 ], [ -1.310407333326479, 41.094298857711166 ], [ -1.322734984511309, 41.096938120649213 ], [ -1.345020212044344, 41.086226171174566 ], [ -1.355436674172387, 41.088636244777518 ], [ -1.360356787422357, 41.088039775009001 ], [ -1.377782927777355, 41.073180737386039 ], [ -1.396953125859489, 41.066053782746181 ], [ -1.404858995304364, 41.066415768769041 ], [ -1.40965544488516, 41.058014891854633 ], [ -1.404464377789548, 41.050737011570057 ], [ -1.416432598771269, 41.04387612127119 ], [ -1.412692440606052, 41.041086335613549 ], [ -1.410787629181797, 41.03520500832245 ], [ -1.414443408790634, 41.032571082055817 ], [ -1.421945268776532, 41.027269455814043 ], [ -1.43967988440568, 41.026276883463765 ], [ -1.457573132687924, 41.018464873863891 ], [ -1.476038794146084, 41.015044418438585 ], [ -1.471314873019896, 41.010523013196703 ], [ -1.464203787916988, 41.010518523819478 ], [ -1.458985046825557, 41.006872781553149 ], [ -1.44717542220224, 40.988212270639558 ], [ -1.446555258534038, 40.976646920416677 ], [ -1.471087175884252, 40.958112506742509 ], [ -1.472630203877276, 40.948908994827661 ], [ -1.50497996874336, 40.964232033881878 ], [ -1.507708325978887, 40.960754316234492 ], [ -1.514853590142856, 40.954757252942926 ], [ -1.557569194412162, 40.93943680621382 ], [ -1.575593814809396, 40.938687990457794 ], [ -1.583210074780825, 40.941934698882214 ], [ -1.589197932901872, 40.936324105070646 ], [ -1.617086161135217, 40.943841328775378 ], [ -1.631722337516367, 40.950735887629932 ], [ -1.653720997736592, 40.969109880591034 ], [ -1.656695724833093, 40.969513924535271 ], [ -1.660651207701414, 40.978432758343118 ], [ -1.674419815245383, 40.98414084687942 ], [ -1.678854985446121, 40.989434301162468 ], [ -1.69148616029483, 40.995739813892385 ], [ -1.714409927859297, 41.012185043549763 ], [ -1.729461900235244, 41.024125323628752 ], [ -1.737327636039916, 41.031409052568378 ], [ -1.746771076200142, 41.034007263794649 ], [ -1.748249535497205, 41.041364792127403 ], [ -1.759017191170511, 41.048309183964264 ], [ -1.757388559555789, 41.055182685504818 ], [ -1.741957788220058, 41.067491088449096 ], [ -1.734857638572843, 41.076520291075745 ], [ -1.733583933943216, 41.082100090175139 ], [ -1.723402741089196, 41.093923054900188 ], [ -1.719654265504041, 41.094421993753969 ], [ -1.717422101601223, 41.097873605339863 ], [ -1.699176821580328, 41.102250014120287 ], [ -1.691447002660911, 41.104103075605671 ], [ -1.664789266409314, 41.113317526345263 ], [ -1.656234933607972, 41.116272525074336 ], [ -1.64890822189002, 41.116925435287527 ], [ -1.644487576429152, 41.117585104215166 ], [ -1.635041721338233, 41.121217130451896 ], [ -1.618926678639997, 41.126091013143771 ], [ -1.617654836729758, 41.129584647897914 ], [ -1.617400197423666, 41.129478096087674 ], [ -1.615033501033241, 41.128152641219863 ], [ -1.610598313195355, 41.12945037273817 ], [ -1.59998036266161, 41.118953915943429 ], [ -1.588978417230302, 41.120432076378115 ], [ -1.585956451599494, 41.116936053779462 ], [ -1.565889857534844, 41.11677802654436 ], [ -1.565648517005686, 41.114189805635661 ], [ -1.560268254557343, 41.112402208915235 ], [ -1.551844645092272, 41.099541818663781 ], [ -1.546263522868681, 41.100993780738087 ], [ -1.538836113875781, 41.107295306378546 ], [ -1.53788301211079, 41.113750659699058 ], [ -1.529844382580439, 41.121719173383113 ], [ -1.512151917923785, 41.127671231309428 ], [ -1.525928802865894, 41.127956530612209 ], [ -1.528326359050357, 41.135814754558965 ], [ -1.525003818783137, 41.161263796820933 ], [ -1.514462705522916, 41.168334335259217 ], [ -1.509544343121133, 41.168126691365487 ], [ -1.504414033701248, 41.17147406760207 ], [ -1.497658389400137, 41.171323000522484 ], [ -1.496880196218321, 41.17303329742947 ], [ -1.49128822119528, 41.173077244309496 ], [ -1.48458981163296, 41.17561049015513 ], [ -1.462165903618788, 41.177628212237757 ], [ -1.449896926179477, 41.187290881560209 ], [ -1.449308636341825, 41.187967480962456 ], [ -1.447856572670914, 41.19542414539572 ], [ -1.449600504845663, 41.205409960176858 ], [ -1.436698067403377, 41.219332180449975 ], [ -1.420647859021016, 41.241352421862359 ], [ -1.416602516785073, 41.244314346190187 ], [ -1.403258350943066, 41.248318419177501 ], [ -1.398842235210495, 41.245888167155407 ], [ -1.39598193211195, 41.246704054456934 ], [ -1.392425916911674, 41.250581677137845 ], [ -1.392460594147435, 41.254032004509021 ], [ -1.385604521218944, 41.25714265234128 ], [ -1.386209255315158, 41.260700030504502 ], [ -1.373393155797059, 41.264861102413185 ], [ -1.374240597097496, 41.271601629375539 ], [ -1.364373528657914, 41.266084472010064 ], [ -1.351855105858943, 41.264960143135006 ], [ -1.345373765858204, 41.256418194016454 ] ] ] ] } },
{ "type": "Feature", "properties": { "codatzbs": "20413", "n_zbs": "ACTUR OESTE", "ccaa_cd": "ES24", "area": "Zaragoza I-Royo Villanova" }, "geometry": { "type": "MultiPolygon", "coordinates": [ [ [ [ -0.888688084472938, 41.669224168729407 ], [ -0.888797834497843, 41.669172174716891 ], [ -0.889154315911331, 41.668917669857528 ], [ -0.88959301995342, 41.668718685185162 ], [ -0.890213753437594, 41.668460028906928 ], [ -0.891649232148378, 41.667883252982094 ], [ -0.893374989043881, 41.667239767116776 ], [ -0.893945354499794, 41.667052182641228 ], [ -0.89488005670693, 41.666736242177194 ], [ -0.895477339656185, 41.666459123515473 ], [ -0.896170017004755, 41.666201752565108 ], [ -0.896292047080756, 41.66614097420608 ], [ -0.896821409853881, 41.666474734518673 ], [ -0.897978777545178, 41.66669395847979 ], [ -0.899006807024557, 41.666829787838033 ], [ -0.899507216319638, 41.666946960735785 ], [ -0.901059665556783, 41.667200382248069 ], [ -0.901918859127358, 41.667360106828959 ], [ -0.902848564059692, 41.667197042763455 ], [ -0.904309686662849, 41.666935643236449 ], [ -0.905299953515651, 41.666755660891425 ], [ -0.906544509603488, 41.66650828799439 ], [ -0.906845336148499, 41.666486763232406 ], [ -0.908183481518046, 41.665944013959113 ], [ -0.909656201617347, 41.665322680574995 ], [ -0.911625165812517, 41.664575319759784 ], [ -0.917216038292246, 41.664307731737026 ], [ -0.918050442160252, 41.664509223050516 ], [ -0.919538284900873, 41.664905395457232 ], [ -0.920257931784719, 41.665129407402048 ], [ -0.921431493920919, 41.667278054972243 ], [ -0.920703255726281, 41.668776920394123 ], [ -0.919122252311155, 41.670541647743228 ], [ -0.916323054053637, 41.672266683011806 ], [ -0.912943317264282, 41.67308442885809 ], [ -0.908802720155896, 41.674222282229593 ], [ -0.905718355650847, 41.675326500216933 ], [ -0.903415876808665, 41.676181178139885 ], [ -0.901175125424948, 41.678742376116965 ], [ -0.900639504935604, 41.680068808864398 ], [ -0.900552048226864, 41.680594665010233 ], [ -0.896768134447389, 41.680121069994541 ], [ -0.894759868311095, 41.679855722180477 ], [ -0.894806171430402, 41.679874152197769 ], [ -0.893470180967349, 41.679849662473046 ], [ -0.890519240151249, 41.679725187472506 ], [ -0.889957295261545, 41.679697285105178 ], [ -0.889971651052851, 41.679258003159326 ], [ -0.88961272125752, 41.678759119082777 ], [ -0.889479560129227, 41.678528109690298 ], [ -0.88939740646963, 41.677454108850981 ], [ -0.889404409317359, 41.676522400552869 ], [ -0.889388658273229, 41.674851837117579 ], [ -0.889434133418197, 41.672742852947252 ], [ -0.889382885078295, 41.671440854687127 ], [ -0.889321300540934, 41.670455139999987 ], [ -0.889078447501212, 41.669993550306685 ], [ -0.888813312334625, 41.669496386669344 ], [ -0.888680746232549, 41.669247804641664 ], [ -0.888688084472938, 41.669224168729407 ] ] ] ] } },
{ "type": "Feature", "properties": { "codatzbs": "20102", "n_zbs": "AYERBE", "ccaa_cd": "ES24", "area": "Huesca-Jaca" }, "geometry": { "type": "MultiPolygon", "coordinates": [ [ [ [ -0.701234380740439, 42.489616406073289 ], [ -0.695974941131717, 42.484395718805089 ], [ -0.688692345843268, 42.485248569627672 ], [ -0.683789409669045, 42.482934248234137 ], [ -0.681368585399748, 42.469422454252339 ], [ -0.670431453241263, 42.46718334587645 ], [ -0.672992538573697, 42.458464249334831 ], [ -0.659723916112111, 42.447702880245544 ], [ -0.656302275788478, 42.435115517918575 ], [ -0.647358263561278, 42.42689949090493 ], [ -0.634311401747669, 42.427657499815858 ], [ -0.631066067756661, 42.425068932911813 ], [ -0.631244468177495, 42.42194778892113 ], [ -0.623552678605548, 42.415142593093684 ], [ -0.614233174304108, 42.421263307190245 ], [ -0.614233180185958, 42.42126328029687 ], [ -0.614714523453096, 42.418964662888243 ], [ -0.613867443010369, 42.411293268639341 ], [ -0.614893880086879, 42.402687960401856 ], [ -0.610173840729665, 42.393314306439777 ], [ -0.610496068314078, 42.384823977089859 ], [ -0.610195752712406, 42.382517678966991 ], [ -0.579858933382967, 42.391534650904781 ], [ -0.568464310610265, 42.390888157736114 ], [ -0.565785235432832, 42.384455463450045 ], [ -0.553455487808453, 42.380401676191973 ], [ -0.530550871103666, 42.362656160165571 ], [ -0.538448624493672, 42.354135922616486 ], [ -0.555678097978424, 42.345967700849933 ], [ -0.554487947205575, 42.339404400602497 ], [ -0.560116743475717, 42.332905434863662 ], [ -0.565069867737454, 42.331930178420279 ], [ -0.577918838526065, 42.336146740406832 ], [ -0.577759907307702, 42.331118409935172 ], [ -0.593558441582106, 42.31211661152394 ], [ -0.604010020875919, 42.285445316920971 ], [ -0.616617673089462, 42.281412630076311 ], [ -0.620967915727085, 42.274415693957152 ], [ -0.618808031386937, 42.264473753580425 ], [ -0.613227950971598, 42.259413698018975 ], [ -0.625768471227472, 42.245706624067111 ], [ -0.635833670893627, 42.241024645913853 ], [ -0.637497743544116, 42.235403451559939 ], [ -0.621465064159953, 42.227984562563847 ], [ -0.617850767775959, 42.221632666577719 ], [ -0.620737918071031, 42.213794733356892 ], [ -0.616517645668212, 42.21133854950773 ], [ -0.628763006609581, 42.192932920234718 ], [ -0.645546104774482, 42.195917439652952 ], [ -0.650913371427748, 42.186706729740571 ], [ -0.657723716998934, 42.186900080021772 ], [ -0.682104229101569, 42.195716763539131 ], [ -0.688753095219536, 42.177443505438781 ], [ -0.69470338673916, 42.168962830197593 ], [ -0.735116369643081, 42.173946780903442 ], [ -0.751262619681996, 42.173039856527851 ], [ -0.759196787967719, 42.171204871782258 ], [ -0.757166061651429, 42.166320094073917 ], [ -0.768503746603334, 42.163020045050949 ], [ -0.776411718170188, 42.167757631151929 ], [ -0.780738439761075, 42.167958499034043 ], [ -0.789997535089568, 42.164535037908593 ], [ -0.787558075104123, 42.159507848919382 ], [ -0.803511944619845, 42.156338305959586 ], [ -0.815248967729885, 42.156436456850031 ], [ -0.813549674919371, 42.172038022743223 ], [ -0.819191285352728, 42.183663784252111 ], [ -0.818471059956089, 42.187000162483464 ], [ -0.8219379522355, 42.204167947731854 ], [ -0.822107784454803, 42.207332160582624 ], [ -0.828405190326649, 42.210558568418854 ], [ -0.838092296327314, 42.228780047877379 ], [ -0.83723051469924, 42.232726294774295 ], [ -0.823767858484554, 42.251041197982282 ], [ -0.812741142881362, 42.264600936533526 ], [ -0.827895320638218, 42.274164862518916 ], [ -0.831981255118276, 42.27382794719535 ], [ -0.836060099408749, 42.276174418677307 ], [ -0.843578033081762, 42.282944220269322 ], [ -0.857580695133387, 42.274858557774408 ], [ -0.867920872279332, 42.281076138188311 ], [ -0.876605396914482, 42.281759643795489 ], [ -0.890821048755794, 42.263155218377143 ], [ -0.889476941643665, 42.256565427686141 ], [ -0.88673873525196, 42.255794499288299 ], [ -0.890564361324681, 42.249038691359132 ], [ -0.886151117297658, 42.244715692409137 ], [ -0.888914996505626, 42.240705070053572 ], [ -0.89384627757429, 42.240750746221018 ], [ -0.897808699262851, 42.244785977122049 ], [ -0.895482655322653, 42.24767009627584 ], [ -0.900725321849454, 42.250765126318136 ], [ -0.909599645124973, 42.251827844697061 ], [ -0.91765739933471, 42.255612760726812 ], [ -0.918056851898071, 42.25931240427883 ], [ -0.906140926269186, 42.270262395736772 ], [ -0.903100702801111, 42.276015462377416 ], [ -0.893088809021529, 42.282063785695826 ], [ -0.891567303712708, 42.286592634103229 ], [ -0.888685265781504, 42.286818796319828 ], [ -0.892100573710013, 42.293149548689009 ], [ -0.888274742548985, 42.3027331648764 ], [ -0.884625966355865, 42.305907874117842 ], [ -0.887171744218022, 42.308143192513626 ], [ -0.882688732274586, 42.310131786398593 ], [ -0.879248440751978, 42.31900170853902 ], [ -0.87214178785967, 42.322472212795631 ], [ -0.868581260237905, 42.328367788112885 ], [ -0.865961886105056, 42.32902142822595 ], [ -0.865824683099253, 42.332720214162791 ], [ -0.855307855205255, 42.340034526222723 ], [ -0.849617064091584, 42.359190653846866 ], [ -0.846551612698238, 42.36432929213646 ], [ -0.842410747066987, 42.366457754848973 ], [ -0.84166007589098, 42.372774450270121 ], [ -0.845016088614177, 42.375142992995322 ], [ -0.842996663207942, 42.378076834152324 ], [ -0.84382475723885, 42.384756463339684 ], [ -0.841566991340391, 42.386479032177007 ], [ -0.832776711625093, 42.382107619731897 ], [ -0.821318586886167, 42.384673010987335 ], [ -0.814993065847899, 42.395079959231111 ], [ -0.8222443359275, 42.397946631136413 ], [ -0.827663369103379, 42.394420315783606 ], [ -0.835080941574519, 42.395641306905354 ], [ -0.84021774906923, 42.398899140214475 ], [ -0.840304945420367, 42.402025668130257 ], [ -0.842571689251491, 42.403248110893436 ], [ -0.841733303886275, 42.407500933277696 ], [ -0.883865458135005, 42.421173538453772 ], [ -0.905279313756804, 42.43657008133075 ], [ -0.89592740668775, 42.443918258174023 ], [ -0.90601530744247, 42.449875535189946 ], [ -0.903406311535544, 42.453357945889074 ], [ -0.896072569396813, 42.457014733143872 ], [ -0.895943487441385, 42.460506465617804 ], [ -0.881546642773519, 42.45717032503029 ], [ -0.860480287785746, 42.446539751389864 ], [ -0.84930153681466, 42.443466785039782 ], [ -0.851019809043953, 42.434817786609862 ], [ -0.847905679679528, 42.434165011475102 ], [ -0.839030570682147, 42.426397421702568 ], [ -0.834216108191062, 42.42607233707345 ], [ -0.828651680041681, 42.430919976334266 ], [ -0.822465243829477, 42.441419923855399 ], [ -0.808470988507425, 42.433048287741613 ], [ -0.804077243626917, 42.432153663186057 ], [ -0.800328577633252, 42.434017879775659 ], [ -0.78548134430035, 42.430327903460309 ], [ -0.785167474711329, 42.433023438869924 ], [ -0.780870855500083, 42.43593010547545 ], [ -0.782945835009615, 42.439833510808576 ], [ -0.79024710866819, 42.443108512015044 ], [ -0.820917428490839, 42.447135928452248 ], [ -0.825694936108633, 42.45138722907955 ], [ -0.82129040137991, 42.458471806206894 ], [ -0.816082734540958, 42.456094313168016 ], [ -0.802739321629777, 42.455127723933884 ], [ -0.796207725952077, 42.452732933914184 ], [ -0.778691576279393, 42.462507665490563 ], [ -0.74978929208061, 42.452785187512703 ], [ -0.742498804238394, 42.451948403290132 ], [ -0.731310826912422, 42.454320852228896 ], [ -0.713579579256906, 42.472384208934763 ], [ -0.713935619488768, 42.478640964282668 ], [ -0.718405527900314, 42.483854115221639 ], [ -0.714739706390967, 42.488968009640487 ], [ -0.7074037784274, 42.488938560132446 ], [ -0.701979398981425, 42.506813275078066 ], [ -0.691599203644503, 42.507099922109276 ], [ -0.683100104147883, 42.50522632567521 ], [ -0.681059016091725, 42.496900192198851 ], [ -0.690687909099884, 42.496482396158228 ], [ -0.692867898815573, 42.493455532708616 ], [ -0.691455478492764, 42.491166680831896 ], [ -0.701234380740439, 42.489616406073289 ] ] ], [ [ [ -0.711087524223139, 42.143309589333612 ], [ -0.716391140016718, 42.135139128070392 ], [ -0.731320672510143, 42.138218190235193 ], [ -0.753193802165348, 42.131480251532373 ], [ -0.752386474354943, 42.134121128797865 ], [ -0.758346280879788, 42.146269439824799 ], [ -0.755021995648084, 42.152670562072799 ], [ -0.704431262449716, 42.150696303659181 ], [ -0.711087524223139, 42.143309589333612 ] ] ] ] } },
{ "type": "Feature", "properties": { "codatzbs": "20706", "n_zbs": "ILLUECA", "ccaa_cd": "ES24", "area": "Calatayud" }, "geometry": { "type": "MultiPolygon", "coordinates": [ [ [ [ -1.515297600399214, 41.626047486455072 ], [ -1.520199789205136, 41.623750930949022 ], [ -1.525462899923768, 41.612974299483952 ], [ -1.536803109089483, 41.606138832385433 ], [ -1.56635622327341, 41.595486716393154 ], [ -1.57895316816658, 41.580241180984729 ], [ -1.593341023436012, 41.567303900344179 ], [ -1.59074018138519, 41.565569797422697 ], [ -1.590707583634146, 41.560444363471973 ], [ -1.596736911769805, 41.545602428866516 ], [ -1.578399361801456, 41.539846869853591 ], [ -1.57159863521555, 41.532376768648028 ], [ -1.565417727183547, 41.53055244154416 ], [ -1.563977380373979, 41.526850601986233 ], [ -1.566359093766992, 41.521034753875604 ], [ -1.575152981097141, 41.517343036998533 ], [ -1.573923592511409, 41.510023093467247 ], [ -1.579478271798348, 41.507524806731524 ], [ -1.591496970199919, 41.511374537636854 ], [ -1.616990413887011, 41.506613016124916 ], [ -1.623568864464218, 41.509997517903528 ], [ -1.63463402544312, 41.507472334304069 ], [ -1.665418492659051, 41.506221423906865 ], [ -1.669314872556306, 41.510211714100045 ], [ -1.676829818161606, 41.513072606173132 ], [ -1.692403142414331, 41.524041353926073 ], [ -1.699480160235709, 41.53393035780568 ], [ -1.709771552360478, 41.534217490325403 ], [ -1.713698776497694, 41.53021721479702 ], [ -1.722511343698588, 41.527045907222487 ], [ -1.727017035181333, 41.529545859846614 ], [ -1.730639112868153, 41.529432722730924 ], [ -1.736775425182296, 41.541795051370414 ], [ -1.73960177825446, 41.541330687733435 ], [ -1.74773132321752, 41.544995336925254 ], [ -1.753920513157803, 41.544855457925152 ], [ -1.76234805179888, 41.549305854203453 ], [ -1.769774967265282, 41.547142793206937 ], [ -1.782477418340985, 41.539829086725078 ], [ -1.799414177213885, 41.539989170164503 ], [ -1.803845090854466, 41.550654771987375 ], [ -1.810936320466576, 41.553007208700379 ], [ -1.817460544138053, 41.552281849352163 ], [ -1.831943573859506, 41.559041141335655 ], [ -1.83571344104824, 41.56347486551379 ], [ -1.838008071165003, 41.573288810254432 ], [ -1.859876509053158, 41.592251518475436 ], [ -1.865010626000306, 41.606695686675117 ], [ -1.87232258680942, 41.610631618447535 ], [ -1.867361293770366, 41.616383380197234 ], [ -1.880910577439557, 41.621343882976682 ], [ -1.907560782020811, 41.621204024839535 ], [ -1.899981273486477, 41.626454910317456 ], [ -1.897537178056401, 41.632520192622316 ], [ -1.878454609292733, 41.641153468654039 ], [ -1.873621060403761, 41.638088830873606 ], [ -1.858629300372215, 41.661638409121714 ], [ -1.834226803367621, 41.660753923636314 ], [ -1.828786519208134, 41.662707207783072 ], [ -1.812753025251188, 41.660669260700452 ], [ -1.805862486552766, 41.664371743430948 ], [ -1.808717153010247, 41.684784182539978 ], [ -1.811712301092523, 41.686562453070735 ], [ -1.799907739557928, 41.697185101046614 ], [ -1.786499886206274, 41.699539143944527 ], [ -1.787831659986119, 41.702858781580225 ], [ -1.784630809733007, 41.717100864407726 ], [ -1.775009957850609, 41.724897731551756 ], [ -1.760742995848359, 41.718430949013381 ], [ -1.743707297670272, 41.725280305573548 ], [ -1.731701277724307, 41.723202867672704 ], [ -1.730314514898506, 41.725250149289096 ], [ -1.727007281778327, 41.725294598145645 ], [ -1.713992685291966, 41.717755018824612 ], [ -1.706374712009749, 41.715778087904681 ], [ -1.697806364174548, 41.704332631502659 ], [ -1.690200757658076, 41.703030325718572 ], [ -1.683363802960801, 41.704132025219089 ], [ -1.674247468411254, 41.69272364035043 ], [ -1.663372927655148, 41.695596874112574 ], [ -1.661035137524947, 41.694173607274202 ], [ -1.640424037530787, 41.693697452493296 ], [ -1.632260515078532, 41.691619016523639 ], [ -1.623449491187636, 41.696827837456034 ], [ -1.61837350757212, 41.695920263715628 ], [ -1.616186220361984, 41.698731149196689 ], [ -1.621157649282127, 41.712976660386161 ], [ -1.619525189928417, 41.717361393468991 ], [ -1.619472084318742, 41.710857808254353 ], [ -1.615887393355887, 41.706500391793263 ], [ -1.607064568804267, 41.70430425246898 ], [ -1.599229720208898, 41.698705783513084 ], [ -1.599587739056134, 41.696053133848288 ], [ -1.592756525974338, 41.689133527484557 ], [ -1.580655465219343, 41.684256071350013 ], [ -1.572691748517522, 41.685238297895395 ], [ -1.568744014053014, 41.675245593896719 ], [ -1.5652676042881, 41.672203031260473 ], [ -1.551138276071445, 41.66908948647832 ], [ -1.547185454120038, 41.663248182989392 ], [ -1.534907056466219, 41.654373635473959 ], [ -1.525740010090856, 41.644537988908823 ], [ -1.520490440058649, 41.644632617121786 ], [ -1.513047298985743, 41.638294802322605 ], [ -1.515297600399214, 41.626047486455072 ] ] ] ] } },
{ "type": "Feature", "properties": { "codatzbs": "20707", "n_zbs": "MORATA DE JALON", "ccaa_cd": "ES24", "area": "Calatayud" }, "geometry": { "type": "MultiPolygon", "coordinates": [ [ [ [ -1.474335975761489, 41.598688560884938 ], [ -1.46164192744178, 41.58904404102001 ], [ -1.456232458436691, 41.589998367949448 ], [ -1.45055154205832, 41.586238041322645 ], [ -1.456910007297697, 41.577163589121973 ], [ -1.459849910376395, 41.547326883690182 ], [ -1.456443922371393, 41.529222165377753 ], [ -1.448262908585686, 41.517447995984853 ], [ -1.446904666431602, 41.508098386847621 ], [ -1.444698833453765, 41.508140613492216 ], [ -1.448814312108563, 41.500882448350069 ], [ -1.444705509313644, 41.488838570903795 ], [ -1.433290205675932, 41.482856061126547 ], [ -1.424745886420578, 41.472147020765341 ], [ -1.437342671798337, 41.465734777743002 ], [ -1.447568421178198, 41.45873056087256 ], [ -1.45316321255424, 41.451032856730748 ], [ -1.439194924358123, 41.446421651551582 ], [ -1.424695008872116, 41.446548245487904 ], [ -1.417214277449948, 41.439113713480268 ], [ -1.415162738183657, 41.429961213878663 ], [ -1.418226595153845, 41.424536090246413 ], [ -1.410704696679546, 41.417451851735677 ], [ -1.412921348729186, 41.414870375091908 ], [ -1.41044656897384, 41.40988228771797 ], [ -1.411046234802029, 41.399018976960718 ], [ -1.407650165529047, 41.39799016648886 ], [ -1.405516864768569, 41.394240691003581 ], [ -1.399682076399296, 41.392196146289592 ], [ -1.398173635450396, 41.389328833288161 ], [ -1.400869459962046, 41.386204830657896 ], [ -1.397578660460161, 41.381898607155989 ], [ -1.397461109642214, 41.376943031783725 ], [ -1.390196066142593, 41.373328793169541 ], [ -1.381463143011027, 41.383132237096355 ], [ -1.374436416246828, 41.385798343472722 ], [ -1.363252705540585, 41.386324266669398 ], [ -1.356283496341425, 41.385243140538876 ], [ -1.351710687192297, 41.374732877538676 ], [ -1.3613822585481, 41.373651623273567 ], [ -1.369384200988776, 41.370207480816838 ], [ -1.380019831180086, 41.360332680863195 ], [ -1.372067556605403, 41.355140414279319 ], [ -1.368743860499848, 41.348455021137646 ], [ -1.357658546383808, 41.347225415996348 ], [ -1.345752907952214, 41.339227563919884 ], [ -1.34322449116889, 41.333363616386599 ], [ -1.344484708918865, 41.330787660428747 ], [ -1.341768427910047, 41.328109335666589 ], [ -1.340162847035633, 41.313215281173569 ], [ -1.335880635417539, 41.301687184715838 ], [ -1.333076920891243, 41.299214689655045 ], [ -1.319775264544363, 41.300462393195652 ], [ -1.317778964124144, 41.296343863655657 ], [ -1.319380996635616, 41.289765022477894 ], [ -1.310570784440621, 41.279926179113239 ], [ -1.313144411243039, 41.27874792184997 ], [ -1.313082142071248, 41.275603473732637 ], [ -1.301288316214338, 41.265377845759019 ], [ -1.297415199557542, 41.264663129253833 ], [ -1.294432925398629, 41.25816070465239 ], [ -1.291213803698117, 41.257104166627308 ], [ -1.29017790595613, 41.253341695496033 ], [ -1.297252297777129, 41.250257991372543 ], [ -1.310367058588758, 41.250325169867217 ], [ -1.315729989078459, 41.242729455685883 ], [ -1.31914134225279, 41.242328953145254 ], [ -1.322157569539216, 41.23824761912752 ], [ -1.326234766615461, 41.236991897073537 ], [ -1.345373765858204, 41.256418194016454 ], [ -1.351855105858943, 41.264960143135006 ], [ -1.364373528657914, 41.266084472010064 ], [ -1.374240597097496, 41.271601629375539 ], [ -1.373393155797059, 41.264861102413185 ], [ -1.386209255315158, 41.260700030504502 ], [ -1.385604521218944, 41.25714265234128 ], [ -1.401931292192205, 41.269467337208162 ], [ -1.406757880861725, 41.270308903398053 ], [ -1.426245456885572, 41.281584005654061 ], [ -1.424497803768592, 41.288216520467344 ], [ -1.427694951186316, 41.296808174469106 ], [ -1.431573682070346, 41.306399896501539 ], [ -1.434921147865462, 41.308282947397927 ], [ -1.434785122348568, 41.311469668765433 ], [ -1.429497145862121, 41.313289135293466 ], [ -1.430248289425102, 41.316334858041785 ], [ -1.424093104039917, 41.318421500309064 ], [ -1.423159738736903, 41.321948580908909 ], [ -1.42528033960969, 41.326174971519173 ], [ -1.427358103168564, 41.332193270873894 ], [ -1.43657626204107, 41.339488658733785 ], [ -1.434680016169648, 41.341318358394005 ], [ -1.441505228265286, 41.349805778419309 ], [ -1.443219937551095, 41.356602509811431 ], [ -1.455664164341522, 41.363192335898013 ], [ -1.435326454999382, 41.388678183393814 ], [ -1.439332694230659, 41.396199578751208 ], [ -1.443833115269361, 41.398584378238908 ], [ -1.447606586868537, 41.399364975626504 ], [ -1.457611177534059, 41.408299584210042 ], [ -1.467817924434174, 41.41434466530832 ], [ -1.467225236801342, 41.41563380947305 ], [ -1.473731496248182, 41.419845669852684 ], [ -1.478028720970578, 41.429008805353185 ], [ -1.484799198000512, 41.43120588958881 ], [ -1.492623001064416, 41.441180597157569 ], [ -1.495013201003915, 41.441346976379045 ], [ -1.498422510571617, 41.44922769409623 ], [ -1.508549777667318, 41.455529363689671 ], [ -1.509423603907571, 41.459197657093455 ], [ -1.51376658110234, 41.459343914759224 ], [ -1.516761688137246, 41.459265510725217 ], [ -1.524698326822032, 41.458286683648971 ], [ -1.528426007740449, 41.459694512448969 ], [ -1.530632151431575, 41.465397234925277 ], [ -1.526071652417556, 41.473247150002109 ], [ -1.526696895117652, 41.482649564782776 ], [ -1.531601610566329, 41.49088170093615 ], [ -1.538082854808128, 41.489262011386778 ], [ -1.544068693176775, 41.489959405728357 ], [ -1.556976113295274, 41.494544588390703 ], [ -1.567149447654358, 41.496067887515487 ], [ -1.570403183963222, 41.499558124594046 ], [ -1.568875044575535, 41.504754248264192 ], [ -1.57392359251135, 41.510023093467346 ], [ -1.575152981097134, 41.517343036998689 ], [ -1.566359093766961, 41.521034753875732 ], [ -1.563977380373969, 41.526850601986176 ], [ -1.565417727183515, 41.53055244154411 ], [ -1.571598635215495, 41.532376768648113 ], [ -1.578399361801492, 41.539846869853633 ], [ -1.596736911769733, 41.545602428866488 ], [ -1.590707583634149, 41.560444363472087 ], [ -1.590740181385137, 41.565569797422768 ], [ -1.593341023436005, 41.56730390034425 ], [ -1.578953168166511, 41.580241180984814 ], [ -1.566356223273447, 41.595486716393268 ], [ -1.536803109089483, 41.606138832385462 ], [ -1.525462899923755, 41.612974299484058 ], [ -1.520199789205096, 41.623750930949129 ], [ -1.515297600399208, 41.626047486455072 ], [ -1.503973370911179, 41.621036917820504 ], [ -1.493824044834574, 41.611519192254804 ], [ -1.478281024910913, 41.604415226688701 ], [ -1.474335975761489, 41.598688560884938 ] ] ] ] } },
{ "type": "Feature", "properties": { "codatzbs": "20408", "n_zbs": "AVENIDA CATALUNA", "ccaa_cd": "ES24", "area": "Zaragoza I-Royo Villanova" }, "geometry": { "type": "MultiPolygon", "coordinates": [ [ [ [ -0.844464021307463, 41.663831062998177 ], [ -0.845656461710502, 41.662430494115824 ], [ -0.845395599154595, 41.662684968021111 ], [ -0.845926140821172, 41.66190014987351 ], [ -0.846359560171059, 41.660671752064481 ], [ -0.846340169803801, 41.659701690111163 ], [ -0.846563503315439, 41.658849946432291 ], [ -0.847283520487061, 41.658729209585729 ], [ -0.848480314026505, 41.658268376942267 ], [ -0.84915770160884, 41.656181863278888 ], [ -0.849294021494085, 41.655594226480495 ], [ -0.849319129491853, 41.65457908392731 ], [ -0.848366537001135, 41.653084625226079 ], [ -0.848201518034625, 41.651591474847798 ], [ -0.847904307267207, 41.650548647028693 ], [ -0.847693452636489, 41.649648911455991 ], [ -0.853788874607309, 41.650754454928624 ], [ -0.858011097117615, 41.651825608191402 ], [ -0.857999058199429, 41.65189641777593 ], [ -0.858230772091008, 41.651939603137627 ], [ -0.859025206983577, 41.652102291636602 ], [ -0.861664059733723, 41.652837353890014 ], [ -0.864532761655027, 41.653664719475536 ], [ -0.865192916927217, 41.653880015248362 ], [ -0.866770908741973, 41.65434621474926 ], [ -0.870769438044741, 41.655527405390544 ], [ -0.871803431063661, 41.65582519029833 ], [ -0.874484906931013, 41.656794245721969 ], [ -0.87500870463713, 41.657070420336147 ], [ -0.875049754841469, 41.6570263597606 ], [ -0.875393213764745, 41.657109087468946 ], [ -0.874985094883933, 41.657842307761101 ], [ -0.874748510568338, 41.658267199994 ], [ -0.873811591997933, 41.658301317119182 ], [ -0.873036392048977, 41.658493616528965 ], [ -0.870709355168912, 41.6596116426553 ], [ -0.867540654101519, 41.661050877898518 ], [ -0.864988930991991, 41.662086452537693 ], [ -0.865889588724859, 41.663197782075933 ], [ -0.866944480038153, 41.664526379582057 ], [ -0.868702948455984, 41.665616793828896 ], [ -0.867957129821192, 41.66727279864503 ], [ -0.867509719643387, 41.668266174721346 ], [ -0.867509039237719, 41.668281690120352 ], [ -0.86632340697348, 41.670916065501302 ], [ -0.864153439993223, 41.675736930994873 ], [ -0.863200262828481, 41.678413468828069 ], [ -0.862606281511722, 41.679331901429563 ], [ -0.862488793061283, 41.67932798620788 ], [ -0.856959566898585, 41.679143573490258 ], [ -0.853632075451657, 41.67873087949696 ], [ -0.846337197454186, 41.677640489660973 ], [ -0.843886189016447, 41.677203268789839 ], [ -0.843725128801596, 41.676703855731162 ], [ -0.843503800368726, 41.675678188627174 ], [ -0.843131568792004, 41.673953153135962 ], [ -0.842555026517678, 41.670978242086825 ], [ -0.841640948149252, 41.670863245499497 ], [ -0.841873347182927, 41.669867379392883 ], [ -0.842214266456433, 41.668197563818573 ], [ -0.84248867388078, 41.6672304382638 ], [ -0.842726217254351, 41.666803651815925 ], [ -0.843329772989563, 41.665609008603738 ], [ -0.844464021307463, 41.663831062998177 ] ] ] ] } },
{ "type": "Feature", "properties": { "codatzbs": "20508", "n_zbs": "MADRE VEDRUNA-MIRAFLORES", "ccaa_cd": "ES24", "area": "Zaragoza II-Miguel Servet" }, "geometry": { "type": "MultiPolygon", "coordinates": [ [ [ [ -0.876633445651916, 41.637730219280392 ], [ -0.876929959521862, 41.637527324078732 ], [ -0.877034105341358, 41.637600937456277 ], [ -0.880640725539172, 41.639427069456552 ], [ -0.883873339755231, 41.641101539484509 ], [ -0.882496738010887, 41.642170020135616 ], [ -0.881823635876829, 41.642712566761972 ], [ -0.883040938261345, 41.643843097418944 ], [ -0.883957885539569, 41.644904480976194 ], [ -0.885089699487329, 41.646045126594224 ], [ -0.885333605762375, 41.646307114400095 ], [ -0.885677702571589, 41.646364436376302 ], [ -0.88563435497507, 41.646638565600369 ], [ -0.885741685673461, 41.646797452778813 ], [ -0.885388165550612, 41.646929525384778 ], [ -0.884680522390261, 41.647325269013677 ], [ -0.883923453629179, 41.647644945044568 ], [ -0.883354936670974, 41.648027663206477 ], [ -0.882872032787187, 41.648221318366183 ], [ -0.882281896760964, 41.648293847264334 ], [ -0.882051642668696, 41.648296226420747 ], [ -0.880590884941342, 41.647790559736997 ], [ -0.879741218514861, 41.64731437235892 ], [ -0.879270811146525, 41.646968648758268 ], [ -0.878263497841096, 41.645961948352713 ], [ -0.87740956604668, 41.644978969639503 ], [ -0.877013322015703, 41.644473151969258 ], [ -0.876179074381595, 41.643408178699872 ], [ -0.873670373326955, 41.640231935616335 ], [ -0.87369822565327, 41.640119453738905 ], [ -0.873736233686593, 41.639970071033787 ], [ -0.873980473363379, 41.639882610814368 ], [ -0.874268670780331, 41.639647766815564 ], [ -0.874964285898197, 41.639080920108789 ], [ -0.875385343128038, 41.638737799064785 ], [ -0.875708097780935, 41.638485491793645 ], [ -0.876129180797832, 41.638156037595401 ], [ -0.876633445651916, 41.637730219280392 ] ] ] ] } },
{ "type": "Feature", "properties": { "codatzbs": "20702", "n_zbs": "ARIZA", "ccaa_cd": "ES24", "area": "Calatayud" }, "geometry": { "type": "MultiPolygon", "coordinates": [ [ [ [ -1.948278599460825, 41.214656869398915 ], [ -1.961583526058611, 41.197798110703786 ], [ -1.96011177228378, 41.180021573336795 ], [ -1.962789275240685, 41.178072970919018 ], [ -1.961761495990792, 41.171433993078587 ], [ -1.982446144201596, 41.165168992864281 ], [ -1.98744132657625, 41.161249584436192 ], [ -2.008072991849652, 41.156546979197472 ], [ -2.038043731109815, 41.155188756170602 ], [ -2.047255930033204, 41.15276111869634 ], [ -2.051331978910306, 41.146957701582814 ], [ -2.076974750694299, 41.163235994606701 ], [ -2.07953476996764, 41.171093311092427 ], [ -2.106394957733857, 41.175331332087907 ], [ -2.145880224772637, 41.184503625605544 ], [ -2.148641726631795, 41.218915837851931 ], [ -2.158334274911751, 41.264989575207494 ], [ -2.163150216504746, 41.283301243570065 ], [ -2.173310403807041, 41.288193767673043 ], [ -2.172568228780612, 41.295898951637703 ], [ -2.168714531070774, 41.301212804265163 ], [ -2.166812537133656, 41.311755922942943 ], [ -2.170126129386869, 41.318940993077028 ], [ -2.168692741289004, 41.322677774546449 ], [ -2.156752397164649, 41.334075603661098 ], [ -2.156424940045328, 41.338153620236923 ], [ -2.162131325559043, 41.347977524095498 ], [ -2.162776589545871, 41.355458506501215 ], [ -2.155691368114176, 41.357010121173147 ], [ -2.149476028896574, 41.355991555182378 ], [ -2.13133039351942, 41.368448510455259 ], [ -2.12544212126907, 41.369746028515884 ], [ -2.119794512414536, 41.379782396322021 ], [ -2.115672383747436, 41.382155755016036 ], [ -2.119122423083132, 41.384389057026915 ], [ -2.120349466647233, 41.390073182630687 ], [ -2.119088652131441, 41.390441863980918 ], [ -2.120171064006992, 41.394431456282753 ], [ -2.117921152397545, 41.396287764580734 ], [ -2.115705729660457, 41.408818224433695 ], [ -2.116255586213479, 41.425621344296353 ], [ -2.110280447070271, 41.435510439946825 ], [ -2.103033719608653, 41.439372402536883 ], [ -2.10116011501525, 41.445897174168117 ], [ -2.046739008172185, 41.434443020791491 ], [ -2.035263099123429, 41.426997278558574 ], [ -2.03441118667718, 41.404525593290202 ], [ -2.04321538438337, 41.397258127662006 ], [ -2.041995286672378, 41.389105175990991 ], [ -2.037924192967569, 41.389404506430516 ], [ -2.033829511019863, 41.386451739788235 ], [ -2.024753704028166, 41.383907178520573 ], [ -2.027837855085027, 41.381600366698919 ], [ -2.01500672057888, 41.374384349694047 ], [ -2.012779457396284, 41.370627107454155 ], [ -2.014252289548685, 41.364946987302289 ], [ -1.999429033693189, 41.354631573832485 ], [ -1.991379916500682, 41.344031507728772 ], [ -1.981974378134695, 41.338589225464105 ], [ -1.993874752934569, 41.329488161072824 ], [ -1.990926472437802, 41.311456309801031 ], [ -1.987020330109776, 41.306801065012557 ], [ -1.98836717993501, 41.303128840296708 ], [ -1.983939921083508, 41.301315351767805 ], [ -1.984775459334917, 41.299809488313755 ], [ -1.991500024273164, 41.302147508205394 ], [ -1.997246265008324, 41.292739683578674 ], [ -2.007424357949253, 41.274452409313483 ], [ -2.013006192175117, 41.247891807006134 ], [ -2.016678336947343, 41.243374376876751 ], [ -2.015467017996537, 41.235022893294207 ], [ -1.998767589333096, 41.215061921451166 ], [ -1.971056090992099, 41.212043279686782 ], [ -1.950907622284346, 41.217356134034844 ], [ -1.948278599460825, 41.214656869398915 ] ] ] ] } }
]
}
